GLCM_Pan,Mean_G,Mean_R,Mean_NIR,SD_Plan
0.003091407391558982,0.21222578295905278,0.2676651691147641,-1.0610987214531504,-1.0148290830892064
-0.7464049154345493,-0.16639609341080777,-0.24910744352876382,0.6115852016400412,-0.8019910909641185
0.7003888607525879,-0.2769034525910533,-0.37308584150176577,-0.15480096347307137,0.24901391550971852
0.4823461353636129,-0.26455967969622207,-0.3197155164025577,0.21698354511048865,-0.7577565912910149
-2.9281216364462317,-0.17711597088410058,-0.15280036325277874,0.29321057517502597,-0.3019112163929425
0.7091654324780797,0.5690325038761458,0.035552972640191735,1.8882141825461904,0.178092452179901
-1.2034410875631192,0.11679250498850252,0.008273039299315261,0.2557014611896832,-0.8391778262960684
-0.563310403709173,-0.05704201653644997,-0.14942864225334546,1.2281812757050132,0.40585709175749934
-1.0477256581029117,-0.9221105492616489,-0.5820073898456142,-2.4138136709687,-0.8817169818618912
-0.7037599157115502,0.32759509528646674,0.15033160391975817,0.7643748080624382,-0.17164791125510812
0.5191771260713831,-0.26682875491871677,-0.2673684802885242,-0.6239376013634722,0.17573862325549358
0.022104864052087624,0.5522889934494134,0.15531556286514148,2.4255322201380185,-0.7480195181477687
0.6868012809194805,-0.4956683163332189,-0.4433493092141931,-0.7212889845158641,-0.6358611868436789
-0.41218552150195176,-0.42976738920456536,-0.38504676078763617,-0.6920570511134916,-0.7526735337621365
0.1452946389786639,-0.37870129896023524,-0.32775499227802474,0.7996815100785641,-0.6321157305776861
0.6346396225296648,0.07559212672597375,-0.029882215021266315,0.5286912560667327,0.38515166906638093
0.555500451395218,-0.6081378197941488,-0.4408133670539137,-1.2937193540786236,0.0029692691187136896
-1.528784015752706,0.9474121883519436,1.134820700791051,-0.6586146510631026,-0.4598356819032384
-2.124784579290598,0.22447630829020873,0.2670294252245376,0.7989084940697012,-0.20416182260426127
-0.22201005224646625,0.7205449188374199,1.1068479538864042,-1.433113045606913,-0.07310904579774515
-0.9821957732621408,-0.378757533044157,-0.2901761935846665,1.0333555597282924,0.7687000747517034
-1.3577048420991082,0.20405604366442273,-0.053009389464900684,1.1733740950221854,0.1875472078745922
-0.23261269842525323,9.89319544290656,9.619557977036276,2.6640047316509006,1.6804251786085491
-0.6664520473547344,-0.06648201976936935,-0.15861534916485628,0.5528118784381235,-1.2516854576586123
-0.9176083475001833,-0.3589291156483343,0.289783168578509,-0.5592460425473194,0.38331689353396337
0.8832959143031789,-0.28703965005596194,-0.3434320331738933,0.4464722996644147,0.022521719632948994
0.9391857680430803,-0.18626807955633568,-0.18245417158065114,0.3377296507712814,-0.005744475244318345
0.14921442706744992,-0.14257415029323234,-0.22710300122905647,-0.2890804231264691,2.4140129624024693
-0.7315879673193173,-0.7284034275143578,-0.45710901677673654,-0.7346331213931427,-0.3797486895238507
0.17091859886063235,0.29900644233503254,-0.004268505303188223,1.234883521945801,-1.4152331455237266
0.17480206185213587,0.7974197823677918,0.9881763589618364,-0.8138695900483665,-1.2310604503386322
0.3183160978642539,-0.2118652419734773,-0.2614546806047749,0.1102915646057811,-0.09906430634594954
-0.4777733640690741,-0.06349728407999274,-0.11479963919518886,0.5572404709033131,-0.17124660208792347
-0.5040785671880335,-0.3946015130550221,-0.4132966897626279,-0.017509960690798552,-0.09729622375260298
0.14597972145358262,0.21435799581240625,0.20909720815627136,-0.11175359143215098,-0.5485046641055945
0.33439379264848895,-0.46667024302030125,-0.5190686817744751,0.6773301328387298,0.38248519899738076
-2.152299290018577,-0.1395037662407109,-0.2959859241146202,0.9153248185219566,-0.47104326238219385
-0.5242218672706626,0.3094044514480997,0.03879247514864432,2.2919591455389536,-0.4992460269965468
-1.0543746275350863,-0.08175691944802026,-0.21694942988415683,0.9017606043466393,0.9280353598162668
-0.8494107091228041,0.1411209233074618,0.2357168357760962,-0.3960060265022836,0.06721817586531313
0.9732051076235955,-0.5047541507656801,-0.4718289644736443,-0.8978317928288535,-0.2325232108564323
0.22090813456351455,0.3080126310051717,0.12628738103017295,0.7344173765725482,-0.5951738878795612
-0.48807588520631073,0.10305657390849744,-0.09877797740327655,0.9331815061833758,2.47369700136261
-1.6148438562339404,-0.37592333828487545,-0.3022797949217342,0.24824998659895386,-0.294798678333986
-0.43614842032985124,-0.647268528926474,-0.37190574072543187,-1.5005893612412526,-0.9820213389638888
0.7684555220515641,-0.5770334937250421,-0.4937183705496748,-1.4313415537752967,-1.103993896106207
0.3090741662034905,-0.9218201983937219,-0.7406188818927977,-2.000760928664588,-1.5903405909705144
-0.25836505128317405,0.7207263938868441,0.2802380414592103,1.3467347969521912,-0.35589132974393617
0.5979509789510719,0.24946146640608205,0.27529798226270646,-2.0183983043145823,-0.430444439518541
0.7253980257462429,-0.32148306483794664,0.08200943345375412,-0.07434775287537594,-1.1914314099818104
0.02121800009167114,-0.2880631165241092,-0.2756518751271209,-0.9003667282092687,-0.28508674698935366
-0.07941344643515909,-0.33063517351018173,-0.40848886479178154,-0.306263939172606,0.9049719818750152
1.238743562189395,0.31562162606029,0.02209662965055108,2.3544561110641293,-0.13814617671920237
-0.2761261042340342,-0.3421491137071378,-0.39668785702844295,-1.967254761107082,-0.39905807066446647
-0.07110629537736073,-0.43426063528278647,-0.5068305961529365,-0.2887261209337126,3.4260263019026604
-0.8166761114483164,-0.29805317906003786,-0.3280578848106171,0.5089901894010967,-0.2649700454222615
0.26791893845795445,-0.595090268818719,-0.49634080622952087,-1.1419802055722397,-0.5403605446149701
0.9807625736452553,-0.7582669499801599,-0.6434738513922303,-0.7338007063882517,-0.7961047433734272
-0.2492284771708201,2.0524902475631963,2.4499552322520546,-0.6092169115665401,-0.5550295366122223
0.6005731046215845,0.1986571724579898,-0.02054563531116115,0.6978607064201228,-0.08027167553180217
-0.43138850361922376,-0.16681401873611662,-0.13251090633994772,1.541584364361717,-0.11059681098561501
-0.6721211251383367,-0.7545575115428668,-0.5783518624768115,-1.9929382454243196,0.7080616070548774
2.1512547394099877,1.4540255570180112,2.321477597793879,-1.050824040769266,0.8353906147957322
-0.9604352680355748,-0.556223106101542,-0.15148914541285574,-1.4129179864319006,-0.027253379919376583
1.024683455494459,-0.40142458190421676,-0.40848886479178154,-0.33584793630438803,-0.20545326659564592
0.30045323127691237,-0.6316213758852959,-0.4157510161532159,-1.9590500021473556,-0.22770107145896848
-1.3665512584222144,-0.1741810368240558,-0.2772894301683928,1.4065337827838267,0.7094335623784638
-0.2623965464292434,-0.47022198653265707,-0.4106981865265257,-1.2999353180726714,-0.20455315182085113
0.21303946877552135,1.5743846118768585,1.3165037766679646,-0.2558187965290977,0.9577105509875977
2.7094406551851105,0.39693618817100684,0.7485718442704132,-1.4366560420249228,-1.3426046308368917
-1.406704149743623,0.3053407060430655,0.21511340911805235,-0.04563507919542081,0.29771876132182135
0.2342779114759383,-0.6526540746661186,-0.41343767246870705,-0.7036678138099226,1.1583845187147124
1.1029463205727785,0.010945052332848777,-0.2483323376041907,0.9812852352989998,1.4205336386505336
-1.975233858463666,-0.19630587121236073,-0.32588181044841136,0.4606170220008275,0.4225418418527618
-1.3480506353505168,-0.11442896826242406,-0.1921370557972407,1.4974740921199163,0.8753099373693718
-0.3306712648910939,-0.35911702315234895,-0.35196825280281163,0.18320062440378498,-1.2849743505558724
-0.7839115381854233,0.3205039205018056,-0.0437144279755078,2.2559470533410937,-0.3654904108779975
0.2420183319509727,0.3867128225028473,0.5815249132006105,-0.6094597051222393,-0.09637509350492109
0.4279375629788445,-0.45916485807503504,-0.09737933769784277,-0.26477548147408125,-0.16327492462824852
-0.2705525644095379,0.5916419983871415,0.5082726121193013,-0.8907749956771605,-0.8393529552367932
0.0010936008726678836,-0.22966243144743423,-0.2446052646589881,0.3847448553392303,0.9546182057191793
-1.3296482081718732,0.008102106979017849,-0.13793984195139392,1.2000397800668516,-0.23719238831881934
1.1722594052300432,-0.2925506056322315,-0.28049332510275415,0.4490886679179542,1.018337407395751
-0.7026007611845325,0.45707415795228024,0.5501137932046839,-0.15734232726104463,-0.00518099187996921
-0.28819002343184896,0.3210538416375325,0.3113726087718725,-2.4468343725851875,-1.8897379572799322
0.5508731360559603,-0.7026604986143224,-0.5448413274651098,-1.3935907558998448,-0.719831243653991
-1.1900848956464252,0.1906528194003484,0.01889273471618973,0.13805872029667682,-0.6856857063436611
-2.9281216364462317,-0.06581454898019178,-0.2708104408861646,0.3235031703149329,-1.358142934107584
-0.07736004479787002,-0.04916161488300875,-0.15346708872205328,0.4731015698210276,0.31806145119324647
-0.9823539941635031,-0.36432410281894057,-0.4412694366672741,-0.29333201117521435,1.8292985966179238
0.012945992827175396,0.38988561921544124,0.4719769448673894,-0.5350278397552473,-0.1328183225175629
-1.6109005897286215,-0.477525140632304,-0.3208753194455387,-0.14088666255876356,0.2410834053462466
0.8595681687981163,-0.2714815381523068,0.15577413429214762,-0.6649920395136093,-0.5825471392338208
-1.6729861613311814,-0.4496125555453946,-0.36521850299287334,-0.716011147117663,-0.556135583829097
-0.45550320000811334,0.070305815798907,0.05751982479650371,-1.6318041286104288,-0.7351055580392396
0.22341279431985478,0.029708507020054002,0.2988847666220304,-1.4765400253179612,-0.017438578314767618
1.4614161870200741,-0.3267971934445297,-0.37046339008724255,0.1598168646261311,0.9597845574510981
-1.5325217353660996,5.24103724739818,7.171062401445329,1.731885635724838,5.622168648275865
-0.7525169822093677,-0.2858587342936015,-0.26661452176986306,-1.207920374140952,-0.12569781969034327
-0.8611285062554811,-0.22147588180011585,-0.2982546442551066,-0.015684905173586627,1.900582888728498
-0.346197881370256,0.3129851640339908,-0.0432065126013737,2.0092100777578126,-0.5645601975080716
0.8539055881863855,-0.41545453296109164,-0.19725082582802078,-1.1598773832729312,0.3356847964497315
0.4565846273998747,-0.30021775376130483,-0.3081509378960882,0.5391921618511216,-0.05354469611164658
0.4398637126003902,-0.5570759973836513,-0.5068305961529365,-1.4972412323047366,-1.6005537269493424
0.655608580260423,-0.0838756379634625,-0.12324826387714917,0.4682002215500022,0.45091119487319625
1.1183121320481308,0.2850864877868395,0.4254490171508122,-0.6782023468942541,-0.8815597976400238
0.5048106239287192,-0.5715506628666933,-0.4578283118019276,-0.9477836636078804,-0.42815643988363367
-0.8325005641925728,-0.05557993035447978,-0.24458597394496426,1.0770979076756066,-0.8711199056683556
0.07961229209341562,-0.30760729311626955,-0.2668767716317184,0.40162617883364027,0.2958759250600772
-0.6238558502522682,0.07368769031355703,-0.11004309353674341,2.0281144045295503,0.8385509004970445
1.7076670485712797,-0.6491875189593,-0.5619019657151831,-1.774657629901779,-1.6415553943571946
-2.0678528154433558,-0.6842776180304273,-0.545043376452695,-0.2167527388143906,-0.6058343943360108
-0.3578625936554852,-0.3986325895737375,-0.39579721137052837,-0.8037303204534517,-0.6661256749054161
0.06420543030488111,0.07396872256588426,0.1090301851947933,-0.021994648664798506,-0.24499939659368092
-0.16405490999801417,0.020265863256849575,0.04613090822426089,-0.22859646113353008,-0.7241084201723442
1.9522558154274408,1.9222591250275587,1.8140342639703197,-1.0603901234450261,0.16830595908899806
0.14767371135599638,-0.21479795000508395,-0.24720842535948745,-0.1316829303399845,0.13378646151455584
0.34777796670312866,-0.5297303894158807,-0.45274264390430125,-1.0658706916446803,0.5975636900309876
0.707280957309441,-0.46456572503110183,-0.43786366582677466,-0.07015562759654313,0.28733711771564385
0.5454424601811338,-0.33831113364148574,-0.2668767716317184,-2.069611845737715,-1.1772654458789584
-0.20857426997435202,0.7463394762452981,0.830233181586307,-0.6072844480730445,1.0309286504480295
1.063791852606076,-0.29801234295213946,-0.31408080268507277,0.6164644522600855,-0.8248790520814557
0.805822529438705,-0.22491626248288688,-0.3337491489573038,0.3965532596811312,-0.03174992342868712
-0.7492629327428845,0.017981344002570898,-0.10515925434122438,0.7829408653959841,-0.5547498101123793
0.22597039126064608,1.045190533550288,1.0429822845227934,-0.07335015713222848,-0.0869687021861893
0.4906871012477415,-1.079314611900683,-0.7762344177306155,-2.3491713838557158,-1.4981685501483415
1.2117489205371048,-0.44500697946661194,-0.5068305961529365,-0.42839092799980966,-1.1467161453810177
1.1319742816947562,-0.230980040707813,-0.24530940719021108,0.9152808336738135,0.49095449914076345
-0.8821371853324522,-0.07467142487385635,-0.23328929404939983,1.1756203834239418,0.2648057479099419
0.42444703122254895,-0.6643609270930945,-0.5679396917151245,-1.0658034867251889,0.20167248448655786
-0.3120520684327477,0.5586703414968924,0.7354088271297383,-0.5539822417810977,-0.4664407778588778
-0.9155956270185888,-0.19790503469035567,-0.26261530185096077,-0.48815237014563695,-1.1536977925494816
0.3251194489598681,-0.6742353896694457,-0.6180775162371531,-1.028391296289517,-0.023471650371414014
-2.1523782158905123,0.19687386269644466,0.03339330954611552,2.2771098301943633,-0.9659401839574809
-0.053359196579723274,0.18271598408802162,-0.0043699152965678365,0.844960968077162,-0.38176137686783196
0.5594832915837521,-0.07802629536076455,-0.2597246528666695,0.9661699956107994,2.4969395386092503
0.8066746925948111,0.10497556394132346,-0.058392301146070004,1.0890555110203068,0.9617902396374507
0.8475421251590515,-0.3072583900244612,-0.3494838259750886,0.6293279381246266,0.2379734992032247
0.848910665815919,-0.5349010082718486,-0.47186465072112066,-0.878280250412828,-0.851261723206093
0.18103351416008898,-0.775840861125817,-0.47536124211736686,-1.9564132007412207,-1.1840967220610574
-0.8626243324158236,-0.1928943367877636,-0.32369643689208816,0.6094227503868551,-0.22986959956992944
0.7226291230566415,-0.5463964033491275,-0.41994781641143053,-0.08936340964292036,-0.8197315087179655
-1.3102009914574433,1.3839824208198617,1.8361611535265796,-0.4812435347833843,-1.3244056151610042
1.0495252444809333,-0.47634606710037475,-0.4078106530082839,-1.006512185655933,-0.3165568898517858
-0.005671431675205168,-0.7069107391467064,-0.5502583047220225,-1.63307960630053,-0.008201366350829041
-0.2918303592986739,0.10906384171493691,0.05089528975186086,-0.5020220357181793,-0.9547409520910424
-0.6269138770901386,-0.23068081642997426,-0.31459389476794564,-0.17060579655181243,-0.2622968580788224
1.0448710544762092,-0.19545297993025135,-0.27255873658428764,0.9236862826706895,-0.5631454435502039
1.9632151415756556,0.21563731738365033,0.07535245350510068,1.2078343709109944,-0.4430328996999802
-0.2578201009924778,0.2634472653402814,0.3806670249308055,-0.6418914102736037,-0.8977658939509927
-1.2371752160647893,-0.17071933232404063,-0.1685350402705635,0.9336066675392054,-0.5860679506503688
0.10191494201373427,-0.4755045976469407,-0.3393854518771675,-1.3499425956025561,0.545130852866432
0.6269994652296412,-0.6645394392219082,-0.520870774333322,-1.2316965856490736,-0.5245649697332733
-0.2526294513193908,-0.11494069382053757,-0.26766350548260764,0.7906468743145504,-0.9452335137725384
1.145877417352606,-0.03223222340573654,-0.2767109447678339,0.295602095843966,-0.45594772345808016
-0.7262422714993033,-0.6810078585894548,-0.5291452318753725,-1.2006926693561741,0.6883705887650762
1.3372503596828502,-0.5169904295148325,-0.48847346772062844,-1.1075119388157024,-0.326655736204091
0.5346417240917729,-0.7621394718664029,-0.580938486031765,-1.673115065324045,-0.7521720412447508
1.369486816236714,-0.234685671868881,-0.278677779395057,1.056902842123206,-0.10115836867170375
0.8178554394071351,-0.3041733141842484,-0.3718436359552427,0.2234788706056108,0.4636792941653407
-1.1438603972113957,0.314145477519359,0.011102527594038538,-0.2536504844559256,-0.0393343979974987
1.0073788288675483,-0.3918600899498876,-0.3790799981810448,-0.2387699135305395,-0.30915119074410885
2.1924965715033062,-0.22700971173757695,-0.3957044397148314,0.4072063937278337,-1.237528801778911
-0.38073692086896777,0.059424804570537566,0.060445924008115985,1.2341271126564632,-0.2542136738634642
-0.5957891014097341,2.236973490411025,2.898415760357547,1.5954378639982685,3.207889531778146
0.1944301657379792,1.1883382858853568,1.3432628764648753,-0.9786155434699391,0.5269932522711278
0.5867850722699517,-0.3860117452220068,-0.4266586718941928,-0.2859929571880906,-1.121094829333483
-0.2953756740268824,-0.12186691222197675,-0.27337190469256684,1.7197063097158791,0.9467063120020098
-0.9192896383848495,-0.06773353901301779,-0.20656051497510247,1.2737340494404348,0.3985408283609213
-0.781108673006495,-0.051997820743844396,-0.25743596542104763,0.3738845390739359,-1.6143152151699172
-1.0044008917728908,-0.6108077183027798,-0.5540346272062908,-0.481110674649795,-0.7259899287426426
-0.7361150194835621,0.33245812306805295,0.49569311547583084,-0.6644454080399625,-1.1216182009733264
0.05710247098820814,-0.339357858268831,-0.3120066890299425,0.2865143173019942,1.6540472095760195
0.5725716228237573,-0.2770395473641811,-0.3420070693538086,-0.07818184518920869,0.9681296194085054
0.5007431728428644,-0.5003785618043517,-0.47303680548556054,0.1517485052505837,0.4925169371752206
1.2342161408676584,-0.3889724705080927,-0.3888205185195505,0.11209274318063517,-1.254492414724446
-0.4329786126031971,9.817725909508948,8.584903787447685,1.1409879052921927,-0.7678440182767744
1.1850648141676565,-0.29295317903727813,0.12970861905818096,-0.23901147625026764,-0.024386831033164448
0.7222526562456033,-0.24345820431262283,-0.3337491489573038,0.44057380206743296,-0.05246091186148297
-1.132254307136004,0.2782802139384125,0.33633106360022186,0.488435630461741,0.2424956643164657
-0.5987114997847928,-0.37913328664450446,-0.3509142497280983,0.08174217120232459,-0.2584831734967442
-0.1534608282730578,0.2146986395711141,0.03936753038961328,0.7458070415887883,1.0630719601702894
0.6093300371684649,-0.2193337516062729,-0.33768281821175,0.7061464773453363,-0.17470657419026872
0.8878011123438576,0.045688873490532494,-0.09855714121133206,1.1810940895536233,1.613088820607765
0.664699009686193,-0.4944401627122101,-0.4029817278355569,-0.4259675203886171,1.3048870267303927
-0.5945643106805176,-0.46634221854005015,-0.47112497928919156,0.2558047366182509,-0.642920370551379
0.7130772467650209,-0.9172732973541835,-0.7073890220497391,-1.2948305374874631,-0.5819181144631621
-0.3723078740070854,-0.34615396914604457,-0.3611137977992439,1.1547818903959925,-0.5427835614660966
-1.1566418847434836,0.5636141817867408,0.13829116157623983,2.306870978422524,-0.3793165768553112
3.496244181884546,0.5005007335240098,0.60858317641166,-1.3310748303988054,-1.5655178628926858
-0.22541110022653527,-0.5569224781810255,-0.5054144752213358,-1.0202125762068337,0.1481428123672153
0.4992773961024247,-0.7556274943294096,-0.6722195328360213,-1.180355885477626,-0.7124184434276215
-0.6521600411940954,-0.14294858362843751,-0.2293630043584749,0.6931583836878614,1.2874370831154913
0.846036405577906,3.6214375694840624,2.195957783656184,-1.094016351717501,1.66488668341573
0.9779476001005684,-0.28613534519289247,-0.26783361307584697,0.6566786248401492,0.943770287305888
0.35122744814623685,-0.17912633554632976,-0.3187637415244288,1.03078591859993,1.0346563539172908
0.017253617777771686,1.0878182873030733,1.2738103582712674,-0.8366500807655448,-0.515716591998276
-1.0123885739365228,-0.20963780115873532,-0.3035220004682572,0.23438755936230274,0.05584890099451008
2.858422061326831,0.08770465364588934,-0.01905560860160804,0.9484872384645918,-1.2213049526712112
-0.2523316888857939,-0.4369305337914174,-0.15451065970590377,-1.0248985728246622,-0.6776308306420092
0.8935384104321071,0.2054027141098581,-0.01497625197265417,1.4506475307023334,0.0945289823952611
0.503784587593563,-0.4216999704584851,-0.32659703019225483,-0.8887803972879917,-0.6414947729933459
0.3861583852391807,-0.4823101499551159,-0.5225652731707212,-0.3375918267987912,0.6333528484354203
-1.5223601585595685,0.3346146994188632,-0.04134640628836222,-0.6277906090114497,1.1992921442804223
-1.5040966084296712,-0.018223596166106724,-0.14493302474388634,0.9810119195621763,-0.8729113068001115
-0.8331528654821403,-0.3562217123985018,-0.3215110633357652,-0.6361166403899507,1.7594776147633033
-0.52100606252042,0.2981203755532356,0.36825400117018325,-0.3155576372102562,0.3468349922127671
0.6304028019861653,-0.4854336977075069,-0.5540346272062908,-0.7393949068953173,-0.9874189568586281
0.24178842066453232,-0.738283478189685,-0.5779176168604745,-0.5421134308157934,-1.0665577579704522
0.7513479516942461,-0.11187030976801611,-0.21442785348399487,-0.4901453040364203,1.0893192302344537
0.659531247777651,-0.13652643017690094,-0.27367128839218435,0.7007353589059082,0.7440546827190581
-1.092869115736375,-0.48799235620191483,-0.4242235418095663,0.09040962244891244,-0.7765985460917558
1.684955372149075,-0.6415115588279959,-0.5619019657151831,-0.7542754778207034,-0.7634470823512846
1.3485679162619628,-0.0811664692427999,-0.23934108685059505,0.4319187739735472,0.7071993969001298
0.5303476841369097,-0.5149678754279151,-0.4857011749768651,-0.4840564158846379,0.011065408077632405
0.7049320820150111,-0.22498972142134344,-0.23271595388822572,-0.32128436622671175,-0.03175932761290118
0.776749826428616,0.0037206228803086704,-0.14585858565010354,0.9653685619590018,1.156941744126329
0.9779151142412105,-0.4904163476517793,-0.27453707326041077,-0.7416885282741535,-0.2243285198853905
-0.17431682381105662,-0.7746727795687959,-0.3583773329150499,-1.8026626813140432,-1.3983335386074867
-0.9203663231280026,-0.1794187589234919,-0.30700019802706957,2.4586528235445835,-0.32600512019416517
-0.08740917623213122,-0.5705089276134334,-0.4211327949376397,-0.9202014585594388,-0.7117637010919684
1.1718961542572452,-0.23523395034914,-0.3326252367126005,-0.16300046108732608,1.2195345548405825
-2.4932079653815498,2.0373985269971193,1.8691056335325664,-0.2249522364286453,7.407290759769398
-0.28220531599200505,0.3153422671672711,-0.027684300927360066,2.107594731764344,-0.7979633172495709
-0.9153154364816432,0.19461981700388714,0.19111472238375657,-0.3759596816485486,-0.45643971583018794
0.5970953457145349,-0.6223216584997359,-0.5815703119874142,-1.5865246706118308,-0.23254365056293905
-0.079993762013653,-0.2295683702319849,-0.23034983609699938,0.16710531403589987,-0.12300025823679801
0.6850528772026465,-0.6079480393558625,-0.4568498509115767,-0.532567443291042,-0.38238617935170066
-0.5244581280659778,2.320711245671753,1.9320443416037056,-0.08522945252414459,1.3231778771439644
0.09213145631120495,-0.44010898001066767,-0.4483875055912566,-0.641608279735955,-0.7088894753206837
0.460156890625047,-0.025341299068981422,-0.13492004273814073,1.0551635561032653,0.596451597267118
-1.5448459105962542,-0.03392979269261505,-0.19334741435747965,0.6987879531912726,0.6890130480846125
-0.4305511067628265,-0.3094134004794047,-0.36498710883264973,0.06756356580107353,-0.6103536806173496
0.27715931965725044,0.13139858290899267,0.2339095822431875,0.02621875240000888,1.5246051392188555
-0.08310945125187934,0.041648892858065,0.021592301782776928,0.9731996187103054,0.8389767756964623
-0.5175250550274367,0.133017581067967,-0.04544925479010358,1.3691891544013994,0.5564203840935408
3.542901554395496,-0.234685671868881,-0.28654511790394943,0.10029457454719758,-1.6110949538039723
-0.07029732364789945,-0.6924520243088176,-0.5711997279770853,-1.0566216672131257,-0.7747835385384011
-1.1521793613089604,0.1260844543024096,0.13829116157623983,-0.6208817672718081,-1.0290053150258434
-2.9408114252571376,2.1295100485727683,1.2554532298389598,0.0237659131411169,2.848285042751934
0.6784198553741554,0.1913301154184941,0.2676651691147641,-1.718324034048099,-1.6029278036581296
-0.7867984236096865,-0.3491272523029049,-0.35234467348110826,-0.08493956833212678,-0.3110268456895392
-0.5139131442875479,-0.09977485418343264,0.11754999355558235,0.11024716522738912,0.2209761079633688
-0.6554958221294586,-0.4803163960706108,-0.32588181044841136,-0.04638535981445706,-0.22796381285058775
-0.2757017946119468,0.09374307049854197,-0.08325309083416994,-0.2770342442335798,-0.1571575027968638
-0.12399526785925717,-0.5303770122973419,-0.44286571965072835,-0.4079555560732051,0.057915902300382203
1.4700470891989545,-0.5745213669009496,-0.4310180585700322,-0.3449630929749787,0.43878545893952436
0.630939409317527,1.008819869402376,1.3764892117402818,-1.3306932776252,4.425572188122373
1.0209845712492938,-0.31656257481881767,-0.41841669072550697,-0.8055982702853818,0.37421201187646885
-0.4399233510185067,0.39120031161096963,-0.015424532920890938,1.171499608367093,-0.15254024026978227
-1.0374058603950171,0.37132487128338304,0.444183950912994,-0.12226547270206342,-0.27080802863699366
-0.054929814048082955,0.0022552820912427325,0.04299245381161653,-0.8465671175051247,-0.6878566334812074
0.147739938210184,-0.4400176053812645,0.04009511758959258,-0.6235685418938415,-0.2947975268012249
1.0443340041558573,-0.41890871502017835,-0.3631661503960585,-0.09906813674359462,0.21381770051610208
-1.522128549148661,0.10423748967085796,0.49171622306361634,-1.7275630714893404,-0.884572111381557
1.0946834684141034,0.28654857396880967,0.03938748196007199,0.32654002529856796,-0.6267052539004497
-0.5872597175413415,-0.659422137585012,-0.530807254339407,-1.0880254712714257,-0.2550405703468765
0.7409600075132016,-0.48157112386559386,-0.4617446886463311,0.005093653157705361,0.4526271706091106
-0.15387384167586934,-0.15940115981427297,-0.24897228265318108,0.33519126522371495,1.0612032144214243
1.9023880278656458,0.05141830224405914,0.04817437072856055,-0.12871164766439727,-1.05550246769913
1.0772371591415024,-0.2615515323284452,-0.23776761914881667,1.2246281583715326,1.1770867542071275
0.5707414876380403,-0.3226103102870693,-0.3264380942196981,-0.5183121051519546,0.0672203829697718
-1.0218967419810092,-0.46044919972420495,-0.4485197398169143,0.5909783481153906,0.5153043310981027
-0.5883265826951901,1.9909743201229926,3.2645826688858635,1.653724362875427,3.451261086786775
-1.1934659352903911,-0.6543048205961961,-0.6091059967685376,-0.5023686340256878,-0.5440716468202619
0.4554651203875684,0.35629084323365257,0.12597061051245106,0.2122598581269177,1.1907532409749249
0.942106320630674,0.5342452981917999,0.05277660640949244,2.0772849942042817,-0.4836369044610575
-0.9140377085679767,0.566599270570283,0.08103441845766987,2.3017926895089387,-0.9743796716012844
-0.7389205425964384,-0.6467635275094356,-0.5879884080695834,-1.0120562343802233,-0.13642789791776583
-1.2853707940162393,0.0846342695933679,-0.09300859058519659,0.7775732279910119,-0.7743532491300662
0.32183320896002254,0.021259623759288603,-0.12993591071131022,0.666686386307826,-0.5624730443788832
0.5363572727917615,-0.337576206514674,-0.35919245212327905,0.35240495269461125,0.42802265798947875
-1.5221252267312266,-0.19431580178871896,-0.26323449286096456,1.2392489144914454,-0.42715930847373024
-1.9738495178661126,-0.25617836023653245,-0.24878189306126583,0.5007945692390195,-1.2234799101734206
1.7914624769924108,0.3304568927983801,-0.011188270092715644,2.292123267630727,-0.8027933254542343
0.17233985520745376,0.4615239120403972,0.6032508674517805,-1.1818793734271793,0.7034184350406749
-0.6765889644407549,0.10653247893475591,-0.2351847561816702,0.7564436199350737,0.49678969948465657
-1.5674301538519892,-1.0444994657214588,-0.6602436970763381,-1.8591580268709933,-1.5319497233008998
1.1617377522051515,0.06467677325197717,0.14379829853246442,-1.6923893188902426,-1.165603009959435
-0.3633597917104948,0.23174736152458647,-0.03576155576234668,2.0798831869007377,-0.0804104352294942
0.25851908122182,0.8866719780906888,0.8399665426467692,-0.21589449538627498,-0.7807310133264852
0.18510657643983314,-0.07263761782938645,-0.26032065096274903,0.295867822488533,0.6509902040071633
-1.0060855789064893,-0.2207958377882431,-0.3142681240149695,0.08753979764618414,0.02227097337425615
-0.7361150194835621,0.33245812306805295,0.49569311547583084,-0.6644454080399625,-1.1216182009733264
0.4184177295575895,-0.13058046258806974,-0.34014136149577884,0.9355331681745,0.5494792324938361
-0.350063329476117,0.18190204062761875,-0.031797282561100794,0.8381306893858427,-0.9941639640447206
1.440857289432187,0.19670328751040683,-0.09772899369053198,1.497580384053221,0.34265684751185416
-0.016359057908806783,0.3030165327787487,0.13824183336378906,0.32222369400227346,1.8807023473384599
-0.6173285551296815,-0.25003759213148913,-0.29001599883794865,-0.4259337584941598,0.2466291871228924
-1.4194980409674645,-0.41686179743580415,-0.5152224186508626,-0.28957643726798393,-0.13613243380352355
1.5181723057323,-0.6303465217228482,-0.4696395471053277,-1.261277859635988,-1.5309485615263334
-0.05582465181034219,0.5691966926633544,0.7061699579695021,-0.44816083219638064,0.3368187683360588
-0.41938881782513493,-0.15280876891894435,-0.3127695848451498,-0.03150478888907061,0.7247668928177101
0.7878696622546484,-0.40473771051993074,-0.08078395811250823,-0.07876286991876952,-0.3147087757315544
-0.30295506800360994,-0.17080187959929238,-0.314461487460841,-0.0924671315444591,-0.16688258080718366
-0.3637607705790449,-0.20459590815416898,-0.25192882846482284,0.5867617655518503,-0.4985990575070299
-1.1959545736115507,-0.6445819428805174,-0.4045551955373353,-0.651599523767545,0.5127936058350183
-0.6237897710610784,-0.4713169929492281,-0.4905533402675475,-0.8493498782007264,0.4399730730602983
1.3764677320863064,0.18926351667234315,-0.00453129014406221,1.857019811924605,0.4879473672966543
2.1610605222250734,0.13376041443371367,-0.08986165518163958,1.2801114378909415,0.5038911060602572
-0.02476137776821828,0.4764966552244392,0.564786222176998,-0.6485875533536437,0.06787176666820538
1.1112212072657162,0.73667218783289,0.8177431208470052,-0.75108678359545,-0.610723418594672
0.47804840383382174,-0.31221286919505215,-0.4077021309408923,0.2179573914590469,0.6712993075063942
0.3688045130027467,-0.04243776549447127,-0.16495897302070056,1.5885451315418528,-0.09982498969560838
-0.5925157819221323,-0.31656257481881767,-0.41484325116670584,0.02474704884467384,1.138528255473718
1.8132692007370592,-0.4790370744993667,-0.4255347596494893,0.557872195871055,0.7417406776359665
-0.5564556658905784,-0.30575938247425927,-0.2877106483693647,-0.5835031856732703,-0.1316279255259499
-0.15386512955904308,0.01456980957797335,-0.14274765118756313,1.250350289662781,-0.2662351001212082
-0.5955595592807854,0.09190622859104101,-0.09176638503867353,1.8525324008057364,0.9474885865909362
-0.5542926983094623,0.14761051774471234,-0.003320931583823251,0.3266918645401863,0.34516997180152387
-0.6215220365835395,-0.5489485065735834,-0.4799890938524839,-0.12854112905200785,1.117095543883008
1.6630032741838068,0.18162228258467358,0.010562607886850128,1.3483870061102292,0.18674852394382274
0.5731881158365328,-0.2915780768355153,-0.3059820700159568,0.19038188266847786,1.092503122357366
-0.30862850184562535,-0.5989825946821005,-0.5893313312836975,-1.34564898694131,-0.5029924428731736
0.011628469735798758,1.2063235363825298,1.1376929087338772,-1.3396286302058165,-0.4602784462498166
-0.054921471088748446,3.554234999092104,2.2888110393880576,-0.8138901953904498,-0.5172892019054547
1.53795545576507,0.4020150178957247,0.011585597913161445,1.0354211129413617,-1.2249757512298705
1.0020213200077688,-0.08193406525593047,-0.22517987753458865,1.2692698775250797,-0.4603094416732981
0.7323959228404997,0.0818815167710794,-0.010781339875681414,0.5311531384624472,-0.08642585045047359
-0.32467312011851673,0.8648294501640935,1.5073889165011587,-1.0965286601236939,0.14452911064128554
-0.5771070743461337,0.4015264737372081,0.04370013664516828,2.4818783858243347,0.5304388302139613
0.046505952823800975,-0.6062021422239972,-0.5233520070216104,-0.6626005188446692,-0.11382935536767638
1.4870019760172992,0.572825333944306,0.1540258385940246,2.2163120624253283,-0.8181924851829804
0.3744535824502437,-0.6077373342502583,-0.3195879396412974,0.11560030682841357,-0.11239694457414104
1.186190744520334,-0.01208282806106339,-0.15569884810622475,1.2732305737544327,-0.011922928312032456
0.20611525551680432,-0.2043347412866616,0.2137090891942152,-1.8904035632801173,-0.4252594713403203
-0.07981693557465834,-0.47978701580419536,-0.4135076917814363,-0.10499135947559853,0.027306530176746106
0.03137846942572498,0.030258765898026663,-0.0828402601132544,1.1570895547841968,-0.1572940553900975
0.2635932247902173,-0.30055036846571465,-0.038597054703690556,-1.686711383272822,0.46656465141998127
0.3629732274168608,-0.6558119800160574,-0.4231997178453729,-2.5284562077294965,-1.3714278796872599
1.3549195662495315,-0.040228010091871665,-0.22780232894911184,0.7639681347557263,-0.8459470156701406
-0.8226007938798509,0.15615911172758298,0.09676193619741175,0.06401664091177865,-0.8161868989576915
0.7073510972330516,0.6259249241947011,0.4131852210670264,-0.379134983358056,-0.8664391169172962
-0.11826712487682611,1.0316558507930058,1.0105823187496839,0.20257194182219931,0.04078397364962462
1.0437822613672962,-1.0233905753603727,-0.758585428437493,-1.8033558779290595,-1.691036949016546
0.4702859077407262,-0.3704648709239839,-0.2029765017133455,-0.3825445903192351,-0.9210143807835646
0.5358020599227694,-0.5002738924120015,-0.4731134333626373,-0.9394930586222219,0.43385306028020154
-0.2013489718646029,1.1911900892971796,1.2741720670265522,1.2570208913020757,2.4843719019785713
-0.7336519268608956,-0.10388731123145974,-0.2959859241146202,0.3319213230696021,-0.0839250091769205
0.69280341259298,-0.25003759213148913,-0.31263156025834965,0.11539891527853524,-0.12926968239262582
-0.1329033334836415,5.031759870378306,3.9298448131978048,-0.5484643977459505,-0.8620436204077575
-0.006240081876930436,-0.40969756286261355,-0.38095318001065814,0.297993616512906,0.3712790579343766
1.2001292454659813,0.35859175833877177,0.5347035022882975,-0.5613080435550217,-0.7059756176302101
0.49823164675715875,-0.3572534228478302,-0.3579856338653691,-0.48477938214894106,-0.6139946352852882
0.17082365155351323,-0.40748403088762886,-0.4321823617306401,-0.18357336777325395,0.9808734405516069
0.03744357936747532,-0.17327799081844855,-0.28654511790394943,-0.3780095592408067,-0.20434798706727864
-0.14251737589702687,0.9368246597832353,1.1192668938855854,-0.6092448700375073,-1.4200263046800403
-0.07578145352766864,-0.8866305574716122,-0.5834060295510481,-0.8860748412569719,-1.1557776526378507
-0.5947251156843295,-0.41419539916499293,-0.42498267703696624,-0.10372591341752958,0.08294523454773468
-0.003466380139923752,-0.1692731353795418,-0.2359205096790217,1.0808873710250637,0.661952603969104
0.5629166039286818,0.36522013413519583,0.23915446933755694,0.8569144835158655,-0.15061209462266603
0.680612577049181,-0.30837488912940014,-0.3513719872172228,0.4120213220079662,0.3532640955781112
-0.04723996814954616,-0.4435138517018711,0.05509136621493268,-0.9841235471947073,-0.09035449638651798
0.07890624147291518,0.10075378586910615,1.0878789195995517,-1.5948152755974896,-0.37375524938639254
0.7377441289314639,-0.25003759213148913,-0.2505801463589205,0.9639751791112277,0.028655646767240677
-0.2941286600166061,-0.38177848391343283,-0.3842464793798344,0.4178291969150659,0.10516070053268758
0.7933116343487538,-0.3141544419025842,-0.38280431755776956,-0.8131725351133375,0.06892743432678931
0.5364579051242641,0.6802197842529023,1.0585045748701922,-0.38037420559481633,0.2789052109958504
1.7135565133780144,-0.096518389505408,0.46371288794684745,0.09710588032194421,-1.004511445512324
0.8373952408207297,-0.37353025025049974,-0.24466310533170546,-0.8816356750817317,-0.16645056409970735
-0.12923663977183852,1.944938102329663,2.593973598099093,-0.416273889943847,1.3496317513776523
0.545192688221585,-0.19981487497870515,-0.16988372237646585,-1.7603540595738412,-0.8744559920378376
-0.8728599622153874,-0.2566599806790111,-0.3886662557460681,-0.018624964155319956,-0.12452354415738318
-1.554705885731266,-0.17746487397590893,-0.2922668129159886,0.5162742320354472,-0.5849588326794648
0.4226267894576381,1.3990762753028552,1.3601702117567644,-1.617553962533375,-1.4087584606532626
1.1976990816916648,-0.07147051879526231,-0.26252902861687233,0.23858321133694846,-0.3780759922275342
0.8178014685817071,0.2565757765345786,-0.0732528224474548,1.2751512454566831,0.17783757959548135
-1.7334869398176627,-0.5076087021712299,-0.4578782694014591,-0.7301831200349249,1.5235454411956084
-1.4865274435435059,-0.5775452192831556,-0.5179031513090597,-0.08228769715708335,0.9676282228521829
0.02445041692908434,0.3240835584532784,0.03054509698574117,0.8188699877701022,-0.5876095651340658
-1.1978902140086738,-0.09395973101100005,-0.1790248301939791,0.8496377174817376,0.1056906934859063
0.24605602894291917,-0.5378860970553913,-0.6012386582596452,-1.3489669508304554,0.7670011800850757
0.6429715809709716,-0.4038410816169932,-0.3098557429469343,-1.416460976472522,-0.6151056724774603
0.11022393885899559,-0.8017319974640676,-0.6087313541087441,-1.205652861790432,-0.7752783137813479
-0.19729104504205822,-0.44370797673359164,-0.2833174950766452,-1.2378123417383984,-0.9769454785147664
1.1902128630660886,-0.4620121787261411,-0.43481419101266594,-0.06674394798411744,0.527768617663488
-0.7281313980523487,0.8463453850737472,0.7493211138553235,-0.6033439490329147,0.06804900675232523
0.6205746482270231,-0.5971407634005145,-0.6054601619607777,-0.6177060382772749,0.2265144047770687
0.7024280129106577,-0.4491473463056767,-0.4475474154506,-1.0102084498505737,-0.4539833045289945
0.6692418617911223,-0.006178249249260423,-0.06545273394813635,0.12277895674123096,-0.07663561487809752
2.074381899954608,-0.42548810283904465,-0.4618743738543116,-0.3023919524166,-1.6936315442490515
0.8866014243241441,-0.46885650998489947,-0.4899878359755281,0.05448516194575138,0.10625839913704577
0.6575520467963923,-0.42373360863183257,-0.3710628183429122,-0.4139051429290639,0.40576679239682956
0.6250192306074035,0.0561928108534117,-0.12091693545680922,0.28960231894100225,-0.4926513907968191
-0.4974952339580577,-0.2994827345229717,-0.32659703019225483,0.37096087635790875,0.9752318896336767
0.36807210453726613,2.4156527862843715,3.245015716872335,0.6281120443748177,5.267017328358303
0.1097891451641142,-0.5011511471915677,-0.4332147925631622,-1.1814466229790932,0.2664579095386882
0.9953303404529285,-0.3843668944293101,-0.3101471334306266,0.2836444924992659,-1.1663414303423822
2.955325903155567,-0.019758788192367448,-0.10559633219942437,1.4554896202798764,-1.448231372359915
0.6951508112574407,-0.28951396510044713,-0.2663148233767053,0.8127399718402026,2.6476281560941066
0.1912524580409827,-0.2512728076358184,-0.2894388508849362,-0.05613470312473078,0.12508327286849927
-1.145398602651899,1.008819869402376,0.7519435652698465,-1.11140923104908,-1.554283605238102
0.43513185185920694,-0.527564540505232,-0.4930818556602744,-0.8706782949642206,-0.9138214273534697
0.47974638063715686,-0.13380161784949052,-0.1601388120630723,0.7683662114171804,0.2945382278361287
-0.0060093584440050855,1.2467746334728018,1.1138411366788967,-2.191313673209089,-0.6493301857429774
-0.012405012004701477,0.6518877232967374,0.8502852966310015,-0.9934275447147055,-0.2854857530910164
0.0013509036450663021,-0.09297564221832605,-0.19818884859843594,0.9163550154748634,-1.0046407050647388
-0.12360093382557534,0.3442191984773965,0.4345492934814643,-0.35073908731721365,-0.6170657731586925
0.5917368032137788,-0.2548855596792978,-0.4016566949492121,-0.31423567473573943,-0.40922955954177376
-1.1080225878219343,-0.4831948811198498,-0.398654691655666,-0.03004330191003358,0.498489745684045
-0.4761261833367316,0.1033698758972168,-0.0797465079180174,0.3520061937269661,-0.3769890412622785
-0.008362663628347413,-0.39315711228519473,-0.17361074811763755,-2.156992354237228,-0.5883699606005341
-0.4609190357517358,3.9205674176610215,4.077205303116806,0.3617675010179732,-1.3115319586991077
0.4062985105673702,-0.5063187110154032,-0.4257970095113447,0.44658676740971237,0.8402591033868227
-0.9965523819839984,-0.05909808386530073,-0.14862083966992964,-0.0468835932871529,-0.21510694957478796
0.9477024528937241,-0.8597281440899031,-0.5899995987513197,-1.6261555863763761,-1.4138953523387143
0.9046444397679124,-0.5551570073508253,-0.463953601279473,-0.8263399673114294,-0.7406208241977207
0.8901366241370525,-0.42690901517087065,-0.46272917591797985,-0.29357652662579525,-0.09162770777585454
0.4260067216291266,-0.5784125567222318,-0.5415002261471532,-1.4544911103394944,-0.08018732575706383
0.4926625368225739,0.21819597587805828,0.03380307200501273,1.0006024597085765,1.3307321239778016
-0.7406496024606564,-0.4625404843581382,-0.4389230501610281,0.7256142974057836,-1.0047590250559244
-0.8686842741526768,-0.5969909900664324,-0.5965182551543098,-0.47303264715335674,-0.2594070866152652
0.7629035410246404,-0.2469672080789677,-0.28429730914921963,-0.21347293721773314,-0.4065875595439436
0.1365041130999504,-0.8191958199895216,-0.7102158669187233,-1.4618112936341932,-1.1728650553551856
0.061688662182780046,0.3547903158433446,0.03421014383413976,1.2296412066012687,-1.573973663917269
-1.0395454233910977,-0.6156924229957771,-0.2994189474157145,-0.6991980297927313,0.06117205310404272
-0.0885872316227747,0.05075293466795747,0.00235086876739262,0.05617194292657979,0.24601071806920885
0.667446205915225,-0.2832175438758615,-0.39973327229588124,0.37740238944928506,0.5152559667221436
-1.1774323179107822,0.11707355259275042,-0.1182524881893256,1.6097946918971562,-0.30539057263009695
0.3448550515075815,-0.5929937031242152,-0.5573003122173008,-0.8849517767734492,-0.46439066570016596
0.3911664496163871,-0.07977084152364629,-0.24220193435661475,0.9687789278294063,0.6556881697885732
0.4048531113205276,-0.4977305090782547,-0.037843285001153575,-1.2895953648179959,-0.5486926518288165
-0.5681505014272098,-0.1294153593035795,-0.2550757638683798,0.712523865795843,0.7853391473807819
1.5986721175532697,-0.15792607055584046,-0.28429730914921963,0.8801580746727659,0.573085174287614
-1.1638389053892915,-0.31377131938051045,-0.39168136602557024,0.23953422025746515,0.5291519923536204
0.31838269387593543,0.10065206404544637,0.2207560373780771,-0.4606850983918507,0.3726865188514247
0.1105507909030147,-0.61226980448475,-0.370838032747036,-1.4676319296955824,0.25841857952930886
-0.36400234724225494,-0.6978019382415324,-0.5799968442856358,-1.5617591475881591,-0.41802429504232436
-0.10123190938807447,-0.2017887020707095,-0.2719343531308679,0.9380101012069574,0.3312891080180659
-0.5733582800079591,0.4361932436070933,0.0659116472944299,2.146160789469754,1.1376112515517625
-0.09203302149095699,-0.23852365193453304,-0.36521850299287334,1.48737656253241,0.6826188745463504
-0.06422416607280905,0.46993257327007404,0.23001718504655896,0.9859543956113188,0.1990681012255846
-1.1045275523442288,0.4048811139453117,0.0726805322660337,2.2072393281427107,0.3515675039770057
0.47783613827552895,0.73248530467543,0.8384842888676629,-0.8499363045783043,-1.5104874557026593
0.5305366927731615,-0.14024810409464344,-0.2793929991389005,1.2076411169087788,-0.2755637629785774
0.8801414635282214,-0.547238839973538,-0.49231803149912295,-0.6691404350398368,-0.26622703939188164
0.16044641293975886,-0.5684802788141714,-0.5684206221181732,-0.9131635576097248,-0.8900906402161942
0.4039861818647159,-0.0013364838772378866,-0.1811227818847913,0.5505381991529724,-1.3316988479023637
0.007995221692833204,0.1658219020273537,-0.05994435395242737,0.5315708892928978,1.2502918029629349
-0.7828708093820577,-0.21806947491688616,0.13255263045979165,-0.28715052972051897,-0.22635435389505926
0.5110783275024523,-0.481296309140973,-0.47971339084177805,-0.8464083843065914,-0.17122232393888043
-1.249581418089817,0.7890955106437975,0.6191822279322874,-0.5410315515068849,1.5533827106030402
-0.5981351711072203,-0.1947706791861,-0.3526307613786456,0.05055094463324543,1.1681187130260562
-0.6426412414138194,-0.024876089829263554,-0.17415457002472612,1.055080732959458,-0.34562023328280816
0.6944460157724122,-0.33447315357583374,-0.30585586217159716,-0.4040988750494808,0.07244882150971763
0.18439557910893067,0.4195508716310513,0.21685053319549275,0.4611715805683181,-0.297440582370753
0.3283793311147356,-0.7560977389989735,-0.6219347149612927,-1.5837381536344317,-0.5436498979465708
-0.9496723336734665,0.7706457877990791,0.8566915602360532,-0.993154228977882,-0.4438416595424076
0.9490574823863558,0.11158542532191089,-0.11171537501019377,1.5118232161335565,2.0070751030824243
-1.2377255560548777,-0.240590250680684,-0.26717936520544755,0.23888012978842718,0.026621464145055427
-0.7915723683050362,-0.007966732607934077,-0.08860744407655187,1.6463953596525016,-0.5295914102347393
-0.8809455449460789,-0.41232932720131205,-0.3579131127389941,-0.3616105576349085,1.928149911297753
0.6332281119406507,-0.1201859383609021,-0.1373934867613054,-1.8417530687656893,-0.3249406241177472
-0.7652393307111287,0.14135012747698242,-0.10250243839209434,2.0498407256906357,0.7978580357912487
0.24850716086282362,-0.32234736259681157,0.22791040620193972,-0.23169932846501642,-0.29322597246574383
0.15726279872287974,-0.03771505426408531,-0.16104232868678756,0.9391679033253701,0.603231246397102
-1.3511789497749935,-0.3487285015260041,-0.3101471334306266,-0.553843272109373,-0.4264578331001961
-0.024090913930010567,1.4448797272811635,1.6689069810257755,0.6703245524936825,1.2276789622143969
-0.9332513224210374,-0.48976373752141594,-0.5334585159475497,-0.7106148943707129,1.6913520729770275
-1.1741040677882697,-0.09409439805554355,-0.2078717328150255,0.5967239159373289,1.204069757744463
0.6343629759046494,0.22678033983514123,0.20355748468394294,0.04746413556587679,1.1615885626609408
0.3798371538290076,3.3668748217389823,2.9988554434095143,-0.9647292966874252,5.550695024987182
0.009185459280734826,0.12718102661484737,-0.10716979990120276,1.2340120326818738,-0.34215699850430664
1.0281259967767056,-0.24894101981905137,-0.28204950039449006,0.032876465337245954,0.2602123796876497
-0.8786383106168233,-0.29404643533493924,-0.20996968450583767,1.0790111242107592,-0.5867555116697083
-0.3931800386432638,-0.17327799081844855,-0.15087723955831114,-0.897270697438201,-0.9324604245050964
-0.8135413736834676,2.1909177296232007,2.325411267048325,-0.2121974595276319,2.4191368993443607
0.10586212158847522,-0.22608859652182042,-0.27112513442652025,-1.3972437814007912,-0.1371288934859831
0.6069645497868644,-0.449022089988254,-0.4063707412450325,-0.30565072776353597,1.2059821657771805
1.0326981599865555,0.04088129684493442,-0.1653881048670065,0.3984374846083869,-0.31224344005146343
0.8292094687465247,0.15678829482762585,-0.11346367070831676,0.2071158310931852,1.719149594020596
-0.6146764538707644,-0.13927265843307726,-0.2914516307690513,1.0026607554535893,0.37387854718111563
0.5888483673280448,-0.06939665859082673,-0.21993499044021947,0.6389713211257951,-0.03511777291015792
-0.539827631116255,-0.20858740742244739,-0.26609003778082924,0.9372630347917,-0.06782907616674749
0.37680238391317517,-0.1685543277690061,-0.2244133155396363,1.1118464989188745,-0.2976802931071535
-0.2426162758249172,-0.19175464093130798,-0.18392160329400675,-0.26733647486370526,1.2279531229725618
-0.10744387018041288,-0.08170989651625549,-0.1095648065594339,0.6363338245843188,-0.20002791595358088
0.5236143991334079,-0.734181337632074,-0.32445138669540163,-1.8404606846188054,-0.6114501317278835
0.9768413089265023,-0.6009386288985205,-0.46861781585317797,-0.417184944525721,-1.0222667372309993
-0.04132207821587774,3.278255109778984,1.777967913901266,-0.9339927842922553,-1.6562576848434507
-0.3129598267072496,0.0019811735549539063,-0.07016690612137277,0.5732699538676115,0.6790150568099522
-1.12414266188633,0.03735035518453471,-0.16003831468095964,0.9214471114344432,-0.1963209400740156
-0.4625381605146341,2.2975731691941954,2.835546064579807,-0.5186477598608817,0.3247194216948254
0.34290139622481475,0.669405630637277,0.6477208095571704,-0.053078460880205826,-0.12146161854606664
-2.5589641437653343,0.37939113863544344,0.4687193789497204,-1.315485661465295,-0.1369315015785467
0.8337560862578826,-0.4089751168469752,-0.3152377577515134,-0.13942020121673462,-0.11166130706203263
-1.0556560470236795,-0.38294736377030775,-0.4318214554438832,0.26855279812922556,0.33024850624643726
-0.6941615255758528,0.28609870129743425,0.13768599016345884,0.7994771020239492,-0.41460270736534344
-0.20284590549742382,-0.5184170681129164,-0.4678515056130577,-0.8468055871914545,0.3362858965509375
0.5708337770112104,1.1915808263717032,1.4442693540523772,-0.9595666476794172,-1.2803653406802442
0.4093026404113099,-0.4097706687069041,-0.3839502583502978,-0.595954277713659,-0.3723937538187182
0.28836073928916495,-0.5292714284077096,-0.4989389003640205,-0.38211636143956024,0.9903160091912453
0.3079172266214285,-0.5555408053573906,-0.4381225012637171,-0.4073455461131378,-0.014750996811816788
-0.35319991302842985,-0.47519909443371466,-0.4124225340462277,0.6742595350928027,-0.20733228017829602
0.5726353394069926,0.236988844844487,-0.006033810187167651,0.9430627912833017,-0.08842289614111881
-0.4436575267199714,-0.18010105966764323,-0.21777875750573342,0.54694796541871,-0.5423982777965018
0.4848611315297494,0.3305581540644323,0.30994937576625986,-2.041947117282724,0.08724467403279901
-1.7070178307719523,-0.11059098819677203,-0.24065230469051804,0.7978214363213705,-0.4067405214790204
-0.04235882011832197,2.7853674017582657,1.2700924586427664,-1.022610149017413,-1.2852842088296264
0.8388763006813655,-0.9879885099175891,-0.772692384587142,-1.3249417915867798,-0.907872896993688
1.4469519319733517,-0.49035418772663586,-0.4674939036084745,-0.5536330223669365,-0.5328411316471512
-0.27723904024296847,0.12800344433523564,-0.054567893488835374,0.345071140920794,0.8928577612689528
-0.3955221952713269,0.03279895603235907,-0.0025804734180432474,0.23699577093601365,-0.13456097542910564
-0.8785096961463726,-0.2628308538996893,-0.1951965693352869,-0.35568869966403316,0.6943648925521049
-0.998471188799456,-0.15191880274940098,-0.2311316921980131,0.515656658492676,-0.4603846751470123
0.26909728917459025,-0.8852232929968997,-0.7330165782835928,-2.079177928413475,-1.3193841646348359
-0.3252393338807891,-0.38249253242868736,-0.41461807220390423,-0.19321360672191634,0.17878049300455776
1.4806243373422443,-0.8627598259514424,-0.6178989119183241,-1.793602223504193,-1.4521777710926904
-0.48322995479988856,-0.02758525854992615,-0.23286209756836687,1.5086970458246713,-0.7146600938689014
0.3840292324843917,-0.6701560006576646,-0.5306244960658454,-1.1483514207107266,-0.7515331324845609
0.5210645544999621,-0.5080608315748839,-0.27422277308698045,-0.6075955434590488,1.580441619341534
-0.3336959937231246,-0.08063516998635169,-0.08540493379376816,-0.1168502727340268,0.8878823720532216
-1.4319689193852112,-0.2760177696072629,-0.40031893270916,-0.07091377791292702,2.012556686907648
0.9430330536003001,0.08578566361306332,-0.13706568623499393,0.04449242560526375,0.12765205457494727
1.059804730190625,-0.4206144822324769,-0.5837556855437374,-0.2121974595276319,-0.3918357531489678
-0.18870178382835295,-0.40451628977398324,-0.41930645524150856,-1.1313385699569134,-0.8705023002642428
-9.374534352386398,1.4847293975432274,1.680289509319149,-0.900955412182358,-2.339107207891589
0.9170285661748779,-0.37813017682262556,-0.318014471939519,-0.6492478617764208,-0.21676726789392436
0.3782995390404911,0.7772251909698652,1.0077444596067875,-0.6609833980778856,-1.0366024564550251
1.2034428769517838,-0.25387557219714113,-0.4045551955373353,0.3866393159749493,0.12879044067019127
-0.28033952019249697,-0.096518389505408,-0.2708104408861646,1.3285795901147928,-0.13325475343395587
-1.1172722717900443,-0.4320675060098312,-0.39444004827371315,0.32168106115118494,-0.8348129413657577
-0.4778387787767768,-0.5551570073508253,-0.5038803442121018,0.21349321954369194,1.4486159721303062
0.6146213191740587,-0.5926278054566763,-0.5142838609014286,-0.4156025869033815,0.34019698161237805
-0.6542699239277637,2.062095099715896,2.3897182154289,-0.492663913302402,-0.7126087342163653
-0.6948539173691249,-0.3800171888055446,-0.38724705081777216,-0.24621019580453812,-0.2059205969744573
1.0002032931878149,0.48418468196506975,0.6766907573524957,-0.7004835901339731,-0.5711883241189297
-0.14215855481414255,-0.0630893528547749,-0.12393793050551566,0.2994841907606663,0.6130300225041212
0.9637972765856183,-0.6354237241440179,-0.4243591904601365,0.22982153417600445,-0.05162672233725179
-0.24356574889609167,-0.5854180063841465,-0.43541936242544693,0.18614403789184353,-0.28526504264517105
0.9343372535342065,-0.6099304635232136,-0.5331299916260955,-1.2494341373168485,-0.6834878141472969
0.9422799723152313,-0.46971948747862124,-0.40323236550577324,-0.47440406627530807,0.027614085384978334
-0.01598170511978841,-0.45503087763479955,-0.37169749227510157,-0.19644156015047123,-0.051645338783553554
1.0766603874749379,-0.5503595322687603,-0.47536124211736686,-0.20861017852422184,0.12570289345494393
0.7695124199531082,-0.26238243966073865,-0.364569652116691,0.06636949547454372,0.002364426536034192
0.2428208803400597,0.12708566048617598,0.011729633146582395,0.04095713307250222,-0.4441474874514984
0.31777255037203056,-0.5916178179745196,-0.27998899723498,-0.595903666758916,-0.40653775575203327
-1.3183085759746986,-0.24421445525667917,-0.22686186730375885,0.217066757274991,0.31503435944794744
-0.4098765890482299,0.12578922152383953,-0.08925646803418161,1.2904624304050243,0.2363911972286411
-0.8390144958139245,0.31030749745370695,0.11749890305930558,0.25175755024673224,-0.08784070036940439
-1.2415333417603827,-0.43426063528278647,-0.5068305961529365,-0.4672929975479008,-0.009538295886270509
-0.5042504469166261,-0.42324730585367387,-0.3843737571822315,0.9617272517206391,0.3417041460743103
-0.7866596203924385,0.2975142356855068,0.2589236906241487,0.45742832777557413,-0.9808900539873372
1.2970874272776407,0.045835776015525374,-0.09772899369053198,0.731076269140716,0.18933102808233832
-0.4749411877852254,0.0812667491241638,0.1799119155712807,0.5203793250940952,0.21925802108405892
0.21929373501652327,-0.8391675322090754,-0.6612271143899496,-2.0077170140978704,-1.3939105972338124
-1.4462692685051848,-0.0972494325963931,-0.19813121247651974,0.8018073041029372,-0.1427907881493562
-0.7487521664360113,0.3654140135361924,0.10658696748617974,1.5491991574932757,-0.6709036722137112
0.26134823041423005,-0.4035567947575702,-0.47536124211736686,0.7380334195978699,-1.3134707560242627
0.88535219536891,-0.36837530570512006,-0.40258836091011224,-0.33815088142513966,-0.304726522071293
1.064053806762882,0.4014979038135991,0.44732021820553286,-1.1601324788109513,1.4749842490954315
-1.2837215460019378,0.0534918093543287,-0.08783863202278606,1.8775816283320172,-0.4623314372404303
-0.14090127822556936,-0.03990818353704059,-0.044132750098702545,-0.4700831049949975,0.07432274915600685
2.078576858038436,0.057000813120673115,0.0019239555105459443,0.7890525272019238,-0.3926532454481657
-0.6228753679517082,-0.11187030976801611,-0.17984433937709632,1.0276067139286909,-0.463805207252296
0.3992016792650771,-0.0069655264241672826,0.021592301782776928,-0.3200816162745002,1.4001605291220078
-1.3107017166805157,-0.274600664551662,-0.33060221355374675,0.2354952096979404,-1.1099728461230898
-0.7012559942701945,0.25401711804017063,0.01765863252833073,2.037957763300361,-0.6445685018154622
-1.5437810388928672,3.342311749318809,4.76065512912425,1.379696813840157,2.0560635138369068
0.23815281001361224,-0.0028077044517643935,-0.2350796170698374,0.7295302371229903,2.5584006805026984
-0.3331012071709174,0.3803122538512,0.42875329932454714,-1.6397120902890567,0.5558807950339809
-0.34895113178216836,-0.4294443387464794,-0.41705038578134473,-0.7178868518539493,1.097635407911774
0.3095573933614089,-0.03650633617412916,-0.19785875080927987,0.1321815167997312,0.17575004262203964
0.7825907839408109,0.33428011966865995,0.030569139572224464,2.199534626588778,-0.555567206450514
0.706606949559304,-0.3088866146875136,-0.318014471939519,-0.06073448382809719,1.0458070294856436
0.12002388898569467,-0.806993300113027,-0.6109451130224073,-1.7945766183081575,0.14807304867411542
1.976770161717907,0.3035910323388159,0.2740027508546336,-0.16516421970514478,-1.132671667984444
1.6494312727968932,-0.37797025586925015,-0.33637160037182695,0.5254538067067751,0.2876777794907528
0.6030965175785539,0.19307464622945603,0.14587241218759492,-0.5936232657063376,0.07816493417391808
-0.2895941508710102,-0.1402287146193514,-0.24873818212851057,0.590822038324469,0.4811671424002899
1.3669088418023256,-0.23639143908117957,-0.27255873658428764,-0.16542994634971217,-1.6217924052698354
-0.6918213623982503,-0.15862387673945713,-0.20572608931817227,0.9432693740273794,-1.3555280910906988
-1.687214081751091,-0.2781827741622974,-0.21836152273844106,1.0749721072738458,0.2663505291087314
-0.5787802437659615,-0.5278113993830547,-0.4453670140522146,-0.5254866671587747,1.4382635006874052
-0.37862770261878564,-0.2237200101521839,-0.28204950039449006,0.31257050257766744,0.5445595006948832
2.9218710053813606,-0.2039818313436648,-0.14493302474388634,1.3183757685939819,-1.2870854939509133
0.3735208691292366,-0.7870136509506974,-0.6585828075090487,-1.6014761007002907,-0.9044616731115553
0.8792366585136618,-0.33355203836007724,-0.4130519211269392,0.0074397987078200336,0.5136329772566739
0.6756921506607361,-0.6412272566166528,-0.34132509698250385,-0.4571364133433428,-0.16693027345569886
1.4662368670539987,0.16139387090640844,-0.04423109183006361,0.9567778434502503,1.4791303428011657
0.0029955002749602598,-0.32197229983287545,-0.36431937634404615,0.048182197618461944,0.5334457701359434
-0.7964799480127357,-0.7062966623362021,-0.6078472226071148,-0.708485828746065,1.294830211323861
-1.2466802093548381,-0.31144527318192156,-0.36521850299287334,-0.6674448787725009,0.6494372661179841
-0.09572149549482666,-0.22880620879862754,-0.26813219430693636,0.7577083389708589,-0.005990135566650293
0.11778553944457357,0.6497830210844949,0.1144353614439427,3.0626943707058887,-0.9360142465274577
0.3616717995921632,-0.16944001075279655,-0.3018427170635342,-0.4396576497215013,0.9519427153102183
-0.7665663042343193,-0.18036348539261204,-0.40516038268479326,0.21729512517801503,-0.37434780895295544
2.2816134790129294,-0.6338355986966919,-0.4281572110640125,-0.5342555762782214,-1.3511276046058627
0.25250580099204234,-0.16397379067217185,-0.022870071942967495,0.5411073936410244,0.14915405005343998
0.3033052682338654,-0.6558865442927727,-0.4579100534490348,-1.8315903176264998,-1.0620885633642139
0.5141657392767425,-0.3233508408647767,-0.4220560113769814,-0.6165759459116796,0.7912660865012965
0.6669380237108014,0.8879234973343372,0.7689894601275545,-0.6192874201591815,-0.8649308009226029
-0.623294214042904,0.32969939834878254,0.08777457190903928,0.642372592840269,-0.5618960305045932
0.18112085682285708,-0.7148760215672795,-0.5505548404450996,-0.9691444137308188,-0.5099439582677268
-0.5168387912485424,-0.043917859478909416,-0.2008325418269332,1.2892411732715299,-0.16752005015142235
0.3383419320327126,-0.2438113598863441,-0.23621292291672027,-0.26371103794519507,1.4683557386403199
-0.7174323279364746,-0.3575010339697459,-0.35002640484269276,-0.18404898702650446,0.24669117796985585
-0.9201109399745645,0.15265508198340375,0.22301633946635901,-0.04687592766623589,0.710726061941546
-0.8174523019924276,0.2651878353558156,0.2369207273840811,-0.03876360257471076,0.0372232424306976
2.1727120186720654,0.3048246665953582,-0.021303417356337822,0.6132188143333578,-0.6306240158469628
0.49694793849210916,2.3053593254091447,2.237337938704946,0.24573216175175142,3.606456707536853
0.06549076286289751,-0.3993699116001099,-0.35234467348110826,1.2174970773991687,-0.06370822022069077
-1.6181252233548822,-0.425731783869373,-0.4264089153658895,-0.7103423566752806,2.374177893642504
-0.7378217822352229,0.3260939077635874,0.2416056487927413,0.3648960309605849,-0.5872119024872908
-0.7606634020948525,0.5246251708784391,0.10507351184254726,1.585416257220265,-0.7181666070870014
-1.7831565636373874,-0.5541975123344124,-0.38488684926510436,-1.2397541736155278,-1.0971619481966641
-1.2971365077914658,-0.33959045521272985,-0.3035910127616572,0.3739908310072404,0.20456503882095414
0.033752004440666554,0.15934695332203377,0.29983385087038905,0.21678820570224977,0.09863122189501605
-0.7281313980523487,24.83372079539892,23.261710257050908,6.83694257230667,-0.744962486550686
0.4061815614736904,-0.6505831466784536,-0.4233891318873131,-0.5264287796224025,-0.14471116095033598
0.05504936467691352,-0.6241858268253042,-0.4852516037851128,-0.9556187444912966,0.6291198140062361
0.7248608277628923,-0.32167989180763357,-0.368215581332513,0.4556062186118261,0.12900452980266128
0.6014954077012992,-0.7190909219792191,-0.5483823693239311,-1.651010590537397,-1.2912882046840595
1.482387507358788,-0.019758788192367448,-0.3337491489573038,0.7571655849493901,-0.31126127856745245
0.4954132031320367,-0.022467956913030045,-0.20046718262658006,1.3074966964292547,-0.13922573868257568
1.421902454981493,-0.2630276808693762,-0.2683897237656865,-0.102800720165461,-0.3679796408628775
-0.16170573937758992,-0.11511782427652756,-0.3334465553835747,0.8442414647347878,-0.3284564455589978
-0.5985129668852298,-0.029993406818079448,-0.19318603950998528,-0.04596019845862752,0.6771450635672628
0.20169245342849387,-0.7509386187312821,-0.6502723018219506,-1.4833741176875743,-1.0526605808062144
-0.04946229625548549,-0.0811664692427999,-0.3022797949217342,0.12580412834922447,1.2714610054735183
0.9437201295256785,0.07454586265623651,-0.19888048206142983,1.2148191290827506,0.5325676304446698
-0.9720726626663464,-0.5199081847761032,-0.4944084777489978,-0.8888719383218101,2.030437591658328
-1.8750998885739723,-0.34521949775965927,-0.33060221355374675,-0.07699682437688904,0.6436614656723417
1.749103795820735,0.15218271874884323,-0.1921370557972407,1.4491122318293697,0.4656000508105742
-0.3181834052286846,1.8619726561215857,1.8434704931843904,-0.9719665548001024,-0.25640820742260934
1.148953680570614,-0.24939792366990718,-0.23868547006329496,0.4247442119667271,-0.4410608998468851
-1.9406253435248317,0.043842022131020286,-0.046029345127718495,0.42463033094116615,0.3147260365512082
-0.49165774652629474,-0.17952284494287182,-0.2694769899476155,0.4435926409286959,0.5288620939810562
-0.5286920691810343,0.5269575574200974,0.53358478248701,-0.5379648758548551,0.768844496152137
0.11902768057594729,-0.3624136484537804,-0.30668550448671394,0.06483629476238055,1.0822786629730552
0.8657933454286949,-0.49366588861376554,-0.4521012827343793,-0.42320583058445593,-1.487687970685787
0.7410174484190646,-0.3036641677487391,-0.3447418663622387,-0.40159715948550423,-0.03456551699022782
0.43537387151140816,-0.8211988003781043,-0.6697202682078703,-2.135704778269371,-0.9815082351578304
-1.3777450734097798,-0.2301924257906599,-0.3264574636071071,0.8035183127824888,-0.3258544613246099
-0.6446914682966711,-0.24633196097042112,-0.3228976502786034,0.7754181107345436,-0.7925247239807548
-0.623237585283527,3.0594444512586754,3.3387914180443756,-0.5206188193092797,0.848679686701134
0.8026158797942841,-0.1617640506214925,-0.21180540206947168,-0.75108678359545,-1.1547501975319097
-0.6784629555366007,0.03277067779523519,-0.040287950300052694,-0.01803287465679789,-0.2875060213590071
-0.15024051980140543,-0.07349050911149584,-0.34161648746619616,1.1557523631060604,-0.4051881593562215
-0.17583354428548456,-0.5213796663332744,0.06972378190359056,-0.8062278588279929,-0.5469732214946192
2.8611907425219374,-0.14257415029323234,-0.1606677017616711,0.5275796007311481,-1.2561492784452994
-1.454721793783601,-0.36671218612731066,-0.37151237379998736,-0.4947157678850798,0.6143117744281013
-0.16146490102936548,-0.41480044904638286,-0.392698785976217,-0.008570137560878354,1.1083080054622136
1.4225532058095929,-0.30121065455620954,-0.3101471334306266,0.3654876421549729,-0.9115576099065419
-0.6491759935177583,0.13509537136398947,-0.08678313415375602,0.7843388080765011,-0.2195126179570483
1.985133867703584,-0.3882048744949621,-0.39668785702844295,0.15131368215125138,-1.0808183396818274
0.6970759675817709,-0.22287649889335484,-0.22602712695328842,0.6556179375930614,1.2283772708728387
1.6590189573653036,0.1974545490803778,-0.05253365150526811,0.5393845549058965,-0.5965911368250774
0.8676766392933538,-0.2388725550263414,-0.2593670351274093,-0.33162855406731845,-0.38639351335974215
0.5419218790049344,-0.44291353021192187,-0.38467229120928975,-0.3714002634366858,1.565971650589796
0.10767069797661741,-0.6635294363878312,-0.34575719360084245,-1.3909234514447515,-0.8172196319221202
0.7452802576500482,-0.6903756003336985,-0.4761287796622945,-1.0687896095837004,-1.299244624334652
0.3782995390404911,0.7772251909698652,1.0077444596067875,-0.6609833980778856,-1.0366024564550251
1.0811212866164954,-0.4088203080830474,-0.3921922395189836,-0.48715400911587553,0.00038033558894913207
-0.028286610328825318,2.011300262550686,2.4760146109619843,0.5461195809233197,1.281916251215332
-0.7400179001591809,-0.2567540572463802,0.181561523375148,-0.8613624610112584,-0.1252369187027802
-0.3661887194084077,-0.25170628445635373,-0.3676129117333778,0.06355526874432647,0.6560616502473687
1.189790103905472,-0.5446763742029048,-0.41484325116670584,-0.6426711799368358,-0.1932605498397135
0.6249293038421868,-0.7182711601410365,-0.331501340202574,-1.3780448065278637,-1.0863101913408364
0.9120391811668002,0.3271946097425758,-0.04423109183006361,1.8285668446345196,-0.05902714358644117
0.6916243235613565,-0.11340550179427684,-0.2149523374730287,1.056902842123206,0.9701271449044682
0.7483867917824572,-0.20221045002416368,-0.3452475631469133,0.04093580708552392,0.35609408329916337
-0.4208365058484327,0.037585147453031216,0.10080560657888928,-0.8519995746863083,1.0567593535359263
-0.5357947331717128,-0.22246680219730605,-0.25603910373411665,-0.4661650224752712,0.44570569102740537
-0.04592451234012751,2.8571910690203923,2.913888187513476,-0.33081688470705706,-1.0814679960811195
-0.3832369292409004,-0.5329316178848007,-0.47278648250888466,-1.0287350885461066,0.8290907709828026
1.1963642820296292,-0.34790608380561583,-0.37308584150176577,0.5339569891816548,0.49841998199094517
2.7499820478518178,-0.31144527318192156,-0.47536124211736686,0.9739967922666187,-1.643803282267596
0.873781027592326,-0.4496125555453946,-0.466778683864631,-0.49917993980043446,0.27255834626184944
-0.2792524990395486,0.43696083962022386,0.201229869647379,2.101200200893682,0.8181828769048795
1.534992450065814,0.1260844543024096,0.5788621180742138,-1.4318730006870428,-0.477246185521078
-0.9211303314748546,-0.21666385309764194,-0.30535831594961776,0.9041227954060962,-0.29321599251514907
-1.0846947137129443,0.27919965579485984,0.17224494243953248,0.702789955765619,-0.9740851670976761
-0.612773299332997,-0.1082952006330207,-0.2490405396820843,1.5523298302384063,0.3047978089696475
0.33446828863051276,-0.22986777873286676,-0.28980922944725784,0.2668529626342393,0.30157390108329307
-0.06473397257020162,0.13376041443371367,-0.07450160508897123,1.3608916937231559,-0.04765815659882831
-1.154808500971833,-0.5263721568584351,-0.5068305961529365,-0.8491860239592676,-0.13361307204473252
0.232299005820673,-0.016216040905285493,-0.18911115152930458,1.0463556237438891,-0.8014960278379814
-0.30175065476798846,-0.33969280646512057,-0.38598827665634916,0.04723470263898132,0.9688063368276796
0.8362601553622339,0.3868798820991447,0.1129621708387986,1.7896803295368593,-0.521159215631755
-0.4818954504638474,-0.3541454265906652,-0.37699801718740555,-0.3021081841401064,1.1965598449219224
-0.5515582749296764,-0.029168026177080572,-0.1690426094818032,1.1676842528205276,0.5983748489000004
-0.660955513783212,1.2205147747136844,1.4310191038623155,-0.6408250917925138,-0.31318779287649073
-0.10392166471124656,2.0813471599692996,2.3081339780303933,-0.32761568442305233,1.090774479761081
-0.718917005540538,2.446256286658752,3.3011926363112054,1.2083658178227408,1.985906092493968
-0.4280510983908928,-0.30821329481671594,-0.3093189859098265,-0.8539641291984867,-0.47067160518360335
0.38997170830707567,-0.38518931214969837,-0.3157666631847892,-0.6621449883650379,0.15362382042605863
-0.5925734443224893,-0.0751962763237944,-0.05358447617522383,-0.4079478521879571,1.2081717093610278
1.5352377921354516,-0.2991637369718349,-0.2692369731843862,-0.546372614334184,-0.2822024453064103
-0.14055589447541722,-0.028692392983504532,-0.16502362680856686,1.106552794578209,1.1570091087928431
-0.05899017731007948,-0.9233289544132903,-0.5731410252235086,-1.271754996893622,-1.0253565875117687
-1.7923855009544098,-0.3421491137071378,-0.5166647692890519,-0.45613256775951405,1.170366121131141
0.17043382124124437,0.2909477741835017,0.028287674343353646,1.695826867420909,0.8119551958116347
-0.2545904897520103,0.1801004774328812,0.19598498255300956,-0.8244267507762774,-0.28489722388911687
1.0286530060132566,-0.5524704213048688,-0.48008164522270225,-0.17393312882459153,-1.098840595078912
-2.8992812073305365,1.837823563583214,2.2782072359949708,-0.9455971313359051,-1.3628478090855594
-1.5167534683922292,0.1732367874026717,0.12030867580372526,0.5458007115007939,0.37736548434227946
1.056822749796249,0.2997530522731639,0.38365378132232136,-0.826021097888904,-0.6617630930406275
-0.6027791723651459,0.6864295438876057,0.27111035532119354,1.2324685962612472,-0.6983137024832258
-0.19157478893089086,-0.042260911373046176,-0.09729791074427582,0.1976152697063655,0.23995547900691425
0.5058077183164511,-0.0951227617862544,-0.2836842703979297,0.7531072445254722,0.08317045516356023
0.010536723366944395,-0.0007845055841957922,-0.07474576007225624,0.28316081222701434,0.09657074594145611
0.5801778914659502,-0.3993699116001099,-0.3485302101397486,0.2411768824649927,-0.9260539679507179
0.5474961571444142,-0.3467546897859204,-0.37151237379998736,0.20520261455803349,0.1580939746429313
0.2588535379101901,-0.0431204039808684,-0.10799074093992879,1.4140365953515825,-0.40044749090159343
0.44483523038582323,-0.31071423009093646,-0.23409619975622586,0.5360827832060278,-0.024348254685673136
-0.39485217442211146,-0.13025690551661512,-0.1948814824280057,0.9226810595709549,0.2007409904440275
0.19289823597485237,0.8621882904501945,0.8008486407862399,-2.271301066599583,0.21114940718689693
-0.6620849142163202,-0.06581454898019178,-0.15954378951696785,0.4373851078421796,4.634972567072889
0.6939448475603486,0.1107325340398015,-0.020366826441531035,1.307215338805595,0.18953398573145247
-0.558660938920357,0.07760470206472082,-0.1648084078963174,0.8836224825328999,0.3687972169513786
1.9849690757988496,0.09691580580345412,0.023952503335444734,0.07180890400913788,-0.5147137988856316
-0.3137193313326917,-0.6415701571076383,-0.5775765834707911,-0.5051191889096146,0.878451414702256
-0.2062714655350079,-0.29855544783526994,-0.27372977418665934,-0.2780770875477836,1.166013807100137
-1.6443764556484115,0.6726128156512587,0.9722290435188335,-0.39905494112747897,1.6195745410005213
-0.09436373423674657,-0.06023203810357781,-0.10559633219942437,1.4366473391203736,-0.2685939190209127
-1.4478000907958342,-0.3237268093920082,-0.32745527815018977,-0.08337421282739577,0.19934859541393474
-0.979312284086811,-0.379334872709473,-0.37850555659247953,-0.808837581842767,-0.6411295451860037
3.5459778914450024,-0.3933221761318582,-0.28654511790394943,0.021640119116743895,-1.8668244705197279
-0.7174650352903253,-0.41890871502017835,-0.32588181044841136,-1.0795222887965463,-0.8303201403379202
0.11362011396016092,-0.2406929396753205,-0.3241715139952863,1.6024468307365825,0.8489692971905087
4.157394988697738,-0.41890871502017835,-0.3101471334306266,-0.3174243689609928,-2.2431461444806344
-1.4152351579049824,-0.49676488864565665,-0.4202898725551201,0.33944664144119974,-1.1189538420477212
0.08057867257775625,0.19678408466674915,-0.07647338040477795,1.4426789009273748,-1.5546629393217655
-2.1080646243005963,-0.32241093489861866,-0.29328854416813854,0.6551273697412825,-0.6329355259424059
0.03374513811130219,-0.6398057916156974,-0.5473328191628137,-1.3156037579446214,-0.5806864542142826
0.894162581920732,-0.5544060988750205,-0.5642963744556876,-0.44372438916600876,-0.9474606740932432
0.43526799714250597,-0.45728851567669865,-0.4934269800659823,0.2586663856089853,-0.10637135748044022
-0.3037313323792194,-0.27837960113198434,-0.33738022463802086,0.20944603317217325,-0.8173471641753933
0.29529012075277905,-0.9702619699806813,-0.7329603897519623,-2.026534104572993,-1.1688021598914293
-0.6854898684097814,-0.6694520537059426,-0.532006079381392,-1.2300286562285052,2.289099582510859
-0.5823459359877649,-0.35443064991722445,-0.3467302574969763,-0.6396419204228448,0.0569880547782618
1.050251746426529,0.6523141689377924,0.8358618374531399,-0.4878423589156694,-0.3604222273139477
-0.5032648702426663,-0.15443699358199678,-0.18355449754450484,1.3772216728538549,-0.7418002816281049
-0.8212805390230269,-0.16572386352634857,-0.2091205154565419,0.13552205664399056,-0.3703045855071982
0.13642718067847687,-0.6547498113569281,-0.514583921192158,-0.879882301410703,-0.055596727491626204
0.2801568784978202,-0.2193337516062729,-0.2959859241146202,0.7852260941316196,0.02891071127378702
0.5776563242964439,-0.9024942032923339,-0.7231824051474772,-2.0042436141200213,-0.8942163901764849
-1.3024638195683447,1.5529601474428543,1.6488201552835793,-0.9647292966874252,1.977363254784871
-0.09771103288588161,-0.4603299306556848,-0.2060904414991961,0.4139898878974801,-0.07154631988009776
0.04080306021386848,-0.40794305330348124,-0.33120162607473924,-0.18687011409102441,0.18795590604365922
-1.159158283708092,-0.5273956233265824,-0.4522837105797235,-1.0438089134737085,0.3840781526500026
1.1542064963654688,-0.2310012110058549,-0.33186098771516953,0.03805126327025202,0.6318225573572054
0.7326901413621664,-0.2950698864511662,-0.39773684074118754,0.06117992750988587,1.7796785701440703
0.14859697424519164,-0.34837285894120046,-0.30993449500540826,1.21202850506719,-0.5746329424511291
0.1587804051752889,-0.23822841915596296,-0.33616986607778193,0.8435056161458142,-0.6647114967139292
0.6665494485340044,-0.3697127803503187,-0.3863172730181141,-0.30872793248389774,0.35476387103816076
0.6411478691256299,-0.493061391401505,-0.41479757339932316,-0.5332327898506947,-0.13884947535294148
-1.1639145088437926,0.027832164621717614,-0.1673549394942296,1.3041860792916042,-0.06734303338057084
0.5234645950228785,-0.7199502764197593,-0.5697693042240756,-1.2846948328526924,-0.597219393907229
-2.308464427136368,-0.27416204483783907,-0.3404925752214929,0.34172428108457875,-0.9283736347365507
-0.6578432207939182,-0.2025647262880639,-0.24369838081439102,-0.07748739222866788,-0.5251164579646963
0.8999096995982852,-0.14915353811209864,-0.13706568623499393,-0.09694893693887946,-0.37879570020311637
0.6226496086618849,-0.11954626989932017,-0.15280036325277874,-0.3780095592408067,-0.17663481579844847
-0.5076535621786542,-0.25304776595274037,-0.2516820143211218,0.36526881482507073,2.7990275571756484
-2.9188926991292092,-0.29609335291931344,-0.318014471939519,0.08116240919567741,-0.791037807303202
0.5962425919064421,0.09814395942446295,-0.16884973381091914,1.0757799119367062,0.7802361299507147
0.3049786591481892,-0.3857485672529449,-0.41116375988480497,-0.17954523066103742,1.050839611495168
0.7609363007461438,-0.49008580545660496,-0.4653482601116213,-0.7102135206738035,-0.8590519382948575
0.3244225534451861,-0.6952432797471244,-0.5266862637550641,-1.604745781381477,-0.6904911485160916
-0.18682764506951038,0.5726354153387369,0.5316580870208595,-0.6607842768782958,-0.8157262858533189
-0.8093660547782499,-0.37442750858216817,-0.03640409703304492,-1.340995215267322,-0.41683159498518985
0.6956699205236474,-0.3758052513142156,-0.39547749846820396,-0.1664519611132366,0.9542925138699625
-0.6630826730875382,4.155963523237039,3.442573335311045,0.22146495510682532,-0.17338922071176344
-1.0554809187091523,-0.07165495676529718,-0.203767027621396,2.121372161167726,0.5234843400264425
-1.6782118071345753,-0.1401501588433679,-0.19710589371800985,-0.08532099355796297,-0.6350015676376436
-1.2040042742339527,-0.5186961967271311,-0.4674939036084745,-0.42265127839435374,-0.804300106071913
2.3711341709880474,-0.02129398021862817,0.13829116157623983,-1.0648542953603808,-1.412498926943958
0.16901824991981057,-0.6491875189593,-0.538299950188506,-0.4417834437458739,-0.5322579762648028
1.9052779403813487,-0.6056904166658836,-0.277366561555134,-2.293883341706331,-1.9169421510684304
0.06173480686936512,0.21589318783866698,0.40027353392235665,-0.05818352844789464,1.7591934740545436
-0.15871689265384853,0.9469060815966465,0.9641023503286571,-1.3494750373683073,-0.468919260204656
-1.3018935450736504,0.43615753504056276,0.08010945546917939,1.9464743746959918,0.0523270340062649
0.39284774050105326,-0.048415711133209444,-0.10507184821039056,1.0743343684287952,0.8107683493793685
0.5376889715308559,-0.2679481708885052,-0.3078993246758968,-0.23482200396503008,-0.5274942771549562
-0.6641632709001134,1.3966957297873341,1.438368850170708,-0.65532631014331,0.35077256252770905
-0.20063066521534495,-0.12907089291672721,0.0947942518976296,0.27158254870212656,-0.30090352926606395
0.3748559641172677,-0.7831547462177274,-0.6514114924380382,-1.4395439148369658,0.20313771396377972
0.6378371908997698,-0.3384646528441117,-0.36049809988753795,0.18064966902358245,0.3910948256066116
0.17493008567059962,4.683481632428539,6.222589461023404,1.5087475993829185,5.176905667528627
0.9426909184360848,-0.20973880144214282,-0.2000043943061331,0.7316560311473632,0.8814687184190869
0.12751557114216336,-0.4279081181415611,0.01187116656635735,-1.1872781643747325,-0.013403511559400174
1.9616770099666507,-0.41890871502017835,-0.45962656509958205,-0.4672929975479008,-2.1760047793607016
1.4613681227145288,0.19032012793633743,0.49936058546448964,-1.7397498207784559,-1.1106627102079512
0.32735255646459377,-0.2916535929312875,-0.3057885806926693,-0.12924696565093272,0.5912224869997282
-1.154808500971833,0.05338859839440284,-0.1708489661381219,2.3001184528511924,-0.781273865062201
1.0238041961783915,0.7927558075843301,0.8364446026858475,-1.246987783862011,0.11108735177001161
-1.134246945449997,0.0953806137771934,0.07535245350510068,1.4809991740819033,-0.09402970915409399
0.47835938210565576,0.24789861021950815,0.06235424137150966,0.3002118380280916,-0.37215433096550754
1.11213553654359,0.3468450676787142,0.15591399983615886,0.797725775494613,0.3291874647683026
-0.08919058262881249,0.16200794771691265,0.17947106139059615,-0.573740724074954,0.36118999961053916
0.004031503862419949,-0.16865882829023382,-0.2347460104477063,1.0746240804313247,0.4360009567625287
-1.1771194938514842,-0.03371508073582195,-0.244705179858051,0.47569084692842967,0.8297190280649538
-0.6949736720597505,-0.313306110140793,-0.33112669754278057,0.5244875366956964,-0.2057501701258395
0.9718897994771725,-0.31863127677804454,-0.3498186126979959,-0.6548153537806553,0.18920599081671383
1.2530996540907642,0.007402305045766823,-0.1606677017616711,0.3732958551008465,0.057521982135080314
0.44757194254206223,-0.3923917576524225,-0.33660999646332346,0.318865067884367,0.17102472793755746
0.3917446240814226,-0.40794305330348124,-0.4334020981583817,-1.149977246612745,-0.5670783117730384
0.6552386844527569,0.5250181493333214,0.14239103622402496,2.294250936607304,-0.5982450257529655
-0.08314208477423282,-0.29455816089305276,-0.27828441246961233,0.8697264911008337,0.8939369393880724
0.3150396036222158,-0.22995457849003145,-0.19421521326436464,-1.9161634550883802,-0.34634723429920955
-0.5829241104528015,0.2558269098641686,-0.044768368111512996,1.8032128353368009,0.043611658305154906
-0.5288645395616147,-0.22928006116945324,0.07867668724929411,-0.254683442818031,-0.18276356103531607
0.4099678622131201,-0.6937455310543839,-0.572455717100676,-0.8152495357386752,0.03755977788007973
-0.8575560953673099,0.21339850079599326,-0.10716979990120276,1.3522556447372989,0.5947365811418374
0.3784670627106727,0.6114244521336974,0.28102716698100616,0.8417115356043057,-0.12161534816965083
-0.4917370415557228,-0.6271191335818008,-0.5215818558571097,-0.5949736266916246,-0.696771416272085
-0.7467614477409806,1.2164747940812164,0.9175717477169865,0.16541106513319592,-0.9339919630771352
-0.24015606263069475,0.6738190313782114,0.7460992499198077,-0.40320024362030815,-0.9016509735642485
0.5578530920960741,-0.31144527318192156,-0.36172191159662714,-0.24621019580453812,-0.5067583388456731
0.1861884293878845,-0.40435951596426156,-0.37519408367134777,-0.9096253251008877,0.10558024230192029
0.33001263152535265,0.5823977014337293,0.8226570604796593,0.30549642908066205,2.243893285148592
-0.3111585596374629,-0.38881895130546634,-0.46340288758385034,-0.7499388536743588,-0.6287375173013668
0.5787954704873594,0.11003472785618482,-0.16209812551468086,0.9887807393795912,-0.5687266349592484
-0.057350158233096846,0.6016806804545421,0.15306249872828784,1.3969868450281944,-1.0280070320831791
0.6085917221831039,-0.3221672538682903,-0.3894449177076472,-0.22242152925677314,0.5744686449388096
0.15009900225141334,0.22679305122511886,0.007378648788270511,1.2363625531204652,-0.07737106046807925
-1.2479556484920507,0.5037946261836349,0.11387528561549486,1.2383285489224336,-0.8097395629902997
0.9753770088160338,1.7343402452403205,2.2175995888546622,0.9976167513803144,1.7235041151560582
-0.04133115949019679,0.4525884189630678,0.39456645642526694,-0.528776659822176,1.5539695125057977
0.2222196773035091,0.07087658484235021,-0.08138912952528922,1.6701132690754086,-0.3442251513429395
-0.16482401271826586,-0.43733101933530794,-0.013810721507238843,-1.0901512716731871,-0.7358712313641955
-0.7367653273226679,1.9145831648962546,1.7642077815024424,-0.4364689554962479,4.453749235171729
-2.1654158987225203,-0.5855867086359123,-0.5315565239243171,-0.9665514058511733,-0.42753893044058416
-0.8846330591404669,-0.26874774495154274,-0.39029564448996784,0.3980388978302302,0.7108661650941258
3.0909912817157967,0.317983457585011,0.09108713052288547,0.3490127241169598,-0.6268004472753534
1.6740417476984542,-0.0005688878641073066,-0.24065230469051804,1.3954358769118087,0.16043849534418747
0.2869033793395582,-0.4530240899699917,-0.4428429043690525,-0.34073726957557293,-0.7827619332725145
-0.3283776155575693,-0.38401799133750175,-0.36521850299287334,0.6133844669983598,0.17990755569431954
0.7477800445274848,-0.28312362082769466,-0.3199134901087954,0.4802989628785008,0.5099417389915082
0.5847259117757787,-0.7624393869806529,-0.6082031882052881,-1.8050809104858139,-1.3661888854303388
0.822520482642144,-0.5575877229417648,-0.5167958863526411,-1.0620907624909572,-0.9087614964408733
-0.06710558796618085,-0.15408809049018843,-0.1941038904244638,1.7735618692488992,0.6366030496531494
1.223092982624192,-0.6087142690480897,-0.45724252551123235,-0.698618267786084,0.06811973005605917
0.30600602445031994,-0.47589690061733136,-0.4364218973716351,-0.6967179335756021,1.4373787396827564
0.39020944573236205,-0.5919973942030125,-0.37101094111278454,-2.3553503845063037,-1.0684949239575292
0.435280548497259,-0.2089060365274975,-0.26546658267335344,-0.54827379673733,-0.00882875978340977
0.1819613546021924,-0.12631916867309675,-0.10976139561409416,-0.3686310483141528,0.4711599388635416
0.09380012200962179,-0.490328519315957,-0.37411200993283467,-1.661805583212793,-0.8369765754624845
0.6910739097397698,0.09708638098949195,0.04650555088405431,-0.06339173114160422,1.2858572761285565
0.8546939609277558,-0.31772560559407204,-0.28511469415093965,-0.3516303592401148,-0.3833949220502768
0.3863385340956074,0.28382543500070806,-0.03951068872472822,0.8886992217410913,-1.051484577974113
-0.4445304365271651,-0.0095445569167642,0.007774832220901225,-0.2504617902306722,1.3524987800691814
2.1149799213806904,-0.19033567829335524,-0.33549744465542675,1.1022531592848777,-0.6849660943291425
1.5286957307131561,-0.03971628453375817,-0.16381463716522812,0.5103606519147796,-0.6575966555894505
-1.232289121323163,-0.2944773637367104,-0.3296084428226575,0.4241987794421094,0.585882061898782
-2.38913870278838,-0.05046262871758367,-0.3285042618629346,1.02785029190317,-0.9208155494601771
-1.0387525469283176,0.26808971673153464,0.06202873810804305,1.8564422054752538,0.06515443723559726
1.3813526455239546,-0.22737522560710896,-0.27830313673526363,-0.004780489267157353,-0.39168557408472937
0.3341231263748567,0.5980024831749831,0.14962012902904487,1.4795961486227915,-0.3698926246619749
0.8089879072754477,-0.5489485065735834,-0.543390574509393,-1.4587893298525898,-1.040059069920151
0.47483695514199337,-0.7353563582570537,-0.3349334823617555,-1.4838349987961155,-0.5223201525769009
0.716391395071314,0.08995128436095999,-0.04054688014505744,0.47967141510019357,0.33548078322892005
0.47096368089728524,-0.7223184789913893,-0.6272723894460359,-1.5432164059867886,-0.44369560680389636
2.6193925848159494,-0.20705221539618623,-0.3022797949217342,0.9395588946338825,0.08899212499751281
-0.2373270611012835,0.6043301455573032,0.7029152242936964,-0.47977049835386243,-0.9797058944648458
2.7126048517178774,0.010945052332848777,-0.07884738126919018,1.4637802252655348,-0.15085823475031518
-1.5634417024695648,0.24314284630479646,0.011233644657627632,1.0390461544617875,-1.1312169942241974
0.22385578331107187,-0.6909970000101678,-0.5044871362966158,-1.478991047021145,0.1125426012966387
0.6059855441162746,-0.5825278692274279,-0.5635582450221062,-0.7740789462126891,-0.5570584413759201
0.33082942939365895,0.013736307771155547,0.33829061307198577,-1.0182782760254645,-0.7330609156611424
1.1840798281456855,-0.22996200881943854,-0.1461433833041253,0.07527558859694952,0.2759248522884325
-0.45080855034219175,-0.16860566459036425,-0.29380726926538386,0.25102703315450353,1.3825363202159522
0.28768326145859724,-0.013393360086201093,-0.21823359981428636,1.288355379525308,0.2766428329648732
-1.0961775790172794,-0.33539426879159023,-0.3589246321857594,0.7130340568718838,0.6394697904614879
-0.33109867543612037,0.004804284227805445,-0.13234528312965854,0.2814124065415884,-1.18981571355716
0.2910018396548018,-0.5479785568994717,-0.4602093303322897,-0.6586146510631026,-0.5696726191223533
0.8314760219200867,-0.258963121812568,-0.29532727053465574,1.310811892531812,0.16957811490663702
0.6768474659498301,0.8631214569233564,1.0535743498468246,-1.1170646481078816,0.06527342895422678
0.9547571264103546,-0.4512574063380913,-0.43714846181760836,-0.3402007590173977,-0.3168497630173161
0.7480717527782013,0.27363346400948524,-0.09073581089803956,1.6762181198304829,1.0241809563521604
-1.4338028938088498,0.08770465364588934,-0.08199431667274719,0.6838256177685628,-0.424155631227904
0.34708623939334377,-0.030387045405533098,-0.10216697507807512,-0.4247770724187264,-0.09091135843749178
2.2223539556798375,-0.41567673665497273,-0.45548585896493604,0.34095707487659477,-1.337358919305532
-0.1288766373849764,0.09054142752777501,0.23440952013607383,-0.39658716602483624,-0.7274838505778245
-0.30633780577204206,0.10086344463554216,-0.06794550015467882,0.5767765991714539,-0.6751482219705042
0.7949854682520678,-0.040228010091871665,-0.23934108685059505,1.152563668880807,-0.0724819402483546
0.6379397428512358,-0.8886774750559865,-0.4470388234853543,-1.6305286509203272,-0.8507514022708734
0.6013131177314118,-0.4559107729446512,-0.4424125609526161,-0.6561618118042105,0.954873462147853
0.23880680942764598,0.16567426261018833,0.07713520814589282,0.5341769006675937,0.8113298175613859
-0.08426705531742852,-0.22866530887445743,-0.24643711149207567,0.04377340694441125,-0.18366617079775938
-0.23247101577956222,0.26100241063077995,0.13964261298529745,0.18899114005952203,-0.24951062214569342
0.12202523941651705,-0.6731261059670308,-0.5573491998587953,-1.1362547966751937,0.5395302773225785
-0.6514003889056567,0.12111225901583583,-0.03591754935030092,0.7535675963107719,-0.11980638616329112
0.4815663270760722,-0.14257415029323234,-0.3077869318779588,0.8067497801520798,0.9901193849723162
0.43865472181185944,-0.29983771697520395,-0.28539379585188107,-1.2394236399495264,-1.126861129633847
-1.720861236747486,-0.0274347483236715,-0.05445863189162381,1.7360947121021721,-0.8067319513408735
1.5685857818997766,-0.19354252556509116,-0.32116140734307597,0.5020700469291212,1.1267747525050176
-0.09190846775292616,1.1621665778523866,1.2629669786859086,-0.6809713388081912,0.7603361084648048
0.19757044086522,-0.0367555592476723,-0.12189295747222208,0.06191636281859623,-0.4695400323238614
-1.4787772034791657,0.32532568232172626,-0.03342204530995734,1.7026827449494693,-0.9595968697828265
0.2727128914894051,-0.6363661324731791,-0.5398561254802419,-1.5998751402358404,-1.034486610967877
-1.021769234983038,0.012224373904092858,-0.15804525034714792,1.6433568529252576,0.5845545365475545
-0.5548152038246035,-0.7759646590108145,-0.36293444154229465,-1.8972680630378622,-1.159433481270618
-0.4882990039948872,-0.45612548490144383,-0.3733242533279392,-1.1970852549374258,-0.055087941933421286
1.5191683664790505,-0.6524194973245057,-0.5267059793053672,-1.4195377857947997,-1.223328483615358
1.1351209801623683,0.08945916320502166,-0.23079940728875148,0.9056676284747928,0.29430389091927894
-0.17937103287484912,0.30900402731189014,0.05575832770436258,2.4850768693408596,0.6844436701281732
-0.6037767835733661,-0.4462832153018832,-0.4001001892292588,-0.526610394890696,0.677035092188594
0.7846798461918911,0.43696083962022386,0.1874620272568173,1.0664689247989663,-0.39071943809830817
0.8811222411547759,-0.14257415029323234,-0.28654511790394943,0.9102229077615515,2.6508680894780507
0.5496713069227884,0.1584940620399244,-0.13619153051859395,1.1437061842131715,0.6469953449373652
0.7986386507996371,-0.2039818313436648,-0.3612848337384272,0.11783239278609108,-1.0815046532073425
-0.27130040365821134,-0.6369059827492134,-0.5605033260097494,-0.8167030254725955,1.0224322578936234
-0.08906757935225121,-0.1328047409072382,-0.21621587924158786,1.1713093262278957,0.5901223893687851
0.214061665872755,-0.1858386556427499,-0.30084937116872446,0.4435140268612663,-1.4358742743023594
0.9707967241413447,-0.4670113933923769,-0.4486122911871327,0.09179139207231786,0.6507879180854931
-0.9206321903542306,0.4511755817412996,0.6066891933390296,-0.541105363400811,-1.5066894127739172
1.4725433321644619,0.307748838959299,-0.04737802723362061,1.5666687568079145,0.719869040141215
0.13365835182037386,-0.08615584332814735,0.03640912788608343,0.2228998675081895,-0.1734372012434688
-0.9972348065249692,0.1991482189795094,-0.13619153051859395,1.3408147310274707,0.9787866712666722
-1.1549513649215009,0.3115194855026795,0.1565102654217477,1.2811183956403345,0.35691042406560053
-2.6843938186945024,-0.057440767313350814,-0.22646725733882997,0.0028944617696559033,-0.6773792207337458
1.4430985922332504,-0.26758264166705253,-0.38095318001065814,0.06111918926228289,0.7708096827697302
-1.0614592028086238,-0.6294493401507809,-0.5180696556612618,-1.084988622665179,0.6516853459505123
0.3616368034618573,-0.3785213591028373,-0.3768379640527807,-0.4026360870831995,0.6401557201427495
1.7282967505662667,0.7296940492371228,0.8806818289181443,-1.1867783684418662,-0.4447510825403533
0.19962288269302633,0.2527377964689265,0.26416857771851815,0.2645123271477457,-0.7475130356550859
1.0810338701222268,1.8608514439771262,1.4552836279648262,-0.696241242921092,2.8576872117838765
-0.9887263908021605,-0.4591161310801215,-0.44239334891197757,-0.6230834841056841,-0.9216402388391309
-0.9406867449756198,-0.14782611897467193,0.24926204822153367,0.2463032058683863,1.1666772818925604
0.34943253058532503,0.19265596866005402,-0.057247965290597565,1.0004629543362216,-1.4507891185440704
1.9552447359826806,0.43860569041292063,0.2731598284721138,0.8400716348059776,-0.20635405309788457
0.12679645234641934,4.010427319147514,2.437442167414953,-0.7667751591836964,-0.5984084474439542
-0.7224056176778711,-0.2717861509541572,-0.3717746236618428,-0.03894507116306998,0.8459312658839815
0.9747258888304421,-0.04201907257314903,-0.15201362940188953,0.75238254361151,0.2542216264599671
0.51766409717188,-0.5485920349850859,-0.397930062574966,-1.3131360976349709,-0.44562883838737316
1.0656497484352416,-0.2710335998228844,-0.2555385521888268,-0.4721698247603336,-0.2110182405849742
-1.7342327117843759,0.008153796894542008,-0.059107505155236495,0.4748212071071535,0.3082547103179638
0.10379890036188044,1.8692359566362307,2.393917627643499,0.8899133808412409,0.23428869032930727
-0.41943769427716626,-0.3140039316763295,0.012413745433961535,0.8698327830341381,-0.4810528649455272
-1.1280943451824819,2.1666105276580447,2.3372122748116637,-0.8175179154140246,-0.5578041547996867
0.604982321714165,-0.35830903623700733,-0.457142138271859,-0.11083054735998986,0.6391009161337364
0.2742703669510281,-0.21730613138566848,-0.2434974175195199,0.06335385168489441,-0.9457979567475218
-0.9104759294155943,0.17952651519002316,0.00980119113128258,1.1825975588808306,0.5625296492345357
-0.45527188592319906,0.2864267257776854,0.11905989316220884,-0.19944268262661843,-0.27663324903029235
-0.11120078598342696,-0.6270521838575358,-0.3864420175375112,-2.1503303046758444,-0.513765415695941
-0.7835011827165597,-0.1999418507111973,-0.2964828094801649,0.4614561523957566,0.41008024219715195
0.3251655198149538,-0.1372009782013196,-0.21101866821858248,0.6152686919256155,1.6355694270109224
1.0511344019915292,-0.6365447674173546,-0.54385336282984,-1.5683303576284537,-1.0521742501368476
1.0113616690560845,-0.5231958906118623,0.011328603433429918,-1.0436769653066675,-0.811136276268246
-2.854290137910052,1.7405947403706696,2.199533850906047,-1.0582643294206535,4.673714351437413
0.19285615202068807,-0.9650649151180211,-0.6865873541959483,-2.1706354758398434,-1.2749140805510581
-0.6336640695068055,0.3775489082039304,0.44543205696339905,0.07350954305506906,-0.2718501657856367
0.2752425062922526,-0.10388731123145974,-0.2682928925633191,0.7166053944041673,0.6657926778436201
0.053824130958705974,-0.5550626237450509,-0.4356376338650375,-0.7081700969986574,1.947670790622126
0.003302860803365729,-0.3690932996638817,-0.29168297772524376,-0.6675950535157334,-0.7923889390760286
-0.4749352812653428,0.08642533207464526,-0.06344988264521947,1.5547946717423615,-0.26939768888804305
2.7329085138153273,-0.2715302804991406,-0.25192882846482284,-0.28617516555351,-1.281966451023256
-0.819226325239255,-0.07403878759175482,-0.16797309201555058,2.1492583763236044,0.21225113615591806
0.6239381159743377,-0.5720790145544511,-0.48626823700190885,-0.9303058948586371,-0.22142214715786313
0.4578410180104635,-0.666330501703186,-0.5390866840393952,-0.7928586779462692,-0.44188578114796573
0.23102777507887604,0.9383406005014859,1.0344525475808062,-0.5794770574384157,-0.7048094987876402
-2.8839546003809096,0.03287636041432319,-0.12245492146191242,0.9931289576181389,-1.2345549684238057
1.2558170962258857,0.2028440556154502,-0.03321681791761444,1.3917157357748091,0.730882011583573
0.5857962470100582,-0.15178530245079713,-0.2550757638683798,0.5645684537440868,-0.9579344403202954
0.6407604014213104,0.0894104208581879,0.4414459440304522,-0.5202961808501801,-0.8369896261671085
-1.9106620849793983,0.12729644235138216,0.02566399562402325,0.377878799498704,-1.0437731469184088
0.540825407420172,-0.7437230319848132,-0.6238745016787222,-1.2014758572996151,0.020442819155214294
0.6386299935310494,-0.29404643533493924,-0.3589246321857594,-0.08209873513729486,0.14563995591133055
4.016653694613146,-0.500785617970115,-0.4334020981583817,-0.21432325355200452,-2.0872411795498222
-0.36021678481780983,-0.03215841137311396,-0.09797107169645052,0.2025290156205393,-0.39764158940745736
-2.1456396150191153,-0.31144527318192156,-0.39668785702844295,-0.15480096347307137,-0.65232138805056
-0.4305404750270368,8.68478000070643,7.738140161166292,1.8732085637880667,4.8462877530827075
0.5031875122648997,-0.28739392631986216,-0.3122450851214388,0.6816998237441898,0.9631696799239833
-0.5611506108824944,0.22618847725325722,0.0633486729590338,1.1714328498647935,0.012727549656973456
-0.2010382889187633,-0.46118211574946216,-0.2550757638683798,-1.6056106254066385,-0.9632779361752707
-0.6826376837898306,-0.3384646528441117,-0.39291153454417466,-0.24740064377442889,0.08754752714892404
0.30562402027689506,-0.27050681403099336,0.14528434436873225,0.08045381118755283,-0.47412130945216363
0.7193149009188501,-0.3434840552854929,-0.38505788520428763,0.48349244014509163,0.8212993084002138
-0.4471854910460247,-0.5680416591003484,-0.47536124211736686,-1.0230368473238598,0.3722152540690135
0.9425785468953132,-0.18723428336190306,-0.28296905065408645,0.5562778487584283,0.33287342517498075
-0.7402002639605655,-0.48256301143376124,-0.4872581999411598,-0.6548815446953831,1.3604951195221533
-0.008041348946718162,3.283142884856033,3.449785057032637,0.3637604349087566,-0.4153971690093229
0.21233954616939862,-0.41702888773594243,-0.08681104747078554,-0.6825623951883774,-0.11997844434998689
1.174980022119602,-0.5417240771210432,-0.47536124211736686,-0.7478980893701966,-0.10651318793216183
-0.26395874710677025,0.19676725896214106,-0.13411543429415929,1.0247501732261055,0.5231726584924838
-0.5970324976765817,-0.4388093478489164,-0.4012042915155968,-0.7832689734236882,0.10885587320145347
-2.4932079653815498,2.0373985269971193,1.8691056335325664,-0.2249522364286453,7.407290759769398
0.6504114334154645,-0.4549523525626565,-0.3891625746632401,-0.31479022692584163,0.912832632384323
-1.0582510027027314,0.18243298678990094,-0.04712770425694477,0.39024833749558735,0.37212860122875363
-0.06165711870020484,0.5146061239170544,0.39730816095690763,0.12040787560227469,-0.3517678828491674
0.03257675464696666,-0.885607091003465,-0.656310027821892,-1.238638130636689,0.23516788559227841
0.6992972620467292,-0.9261617521478279,-0.5678024695968524,-2.2224034419053096,-1.561744002151923
-0.05447442136511267,0.11840849417110556,-0.1495760447076482,1.6165448131930413,-0.4118526552101123
0.8127442324264718,-0.22840533945673056,-0.28869076140080263,0.4614866681994921,1.3711365297269842
-0.22910548075028864,-0.1614688178429224,-0.12435691348514526,1.6779623610812504,-0.9036525294248743
-0.14252069831446204,-0.23212701337447306,-0.34030526962627317,0.16247411193963815,0.09087699220503055
-0.8191256929067513,-0.30058659899753454,-0.33490047100937215,-0.12711376747856926,0.5615061285321944
-0.70685530128768,0.46728088213887525,0.3971265985187994,1.2601820989831078,-0.6229125847912583
1.2470111395639771,-0.08500444930845193,-0.10428511435950137,0.3503413445850195,0.2612526935760878
-1.938894880862141,0.5118014509004384,0.38611232460635025,-0.9153045361959982,-1.456995880125491
0.08053260172267059,-0.4238432673982681,-0.5264989424251674,0.14561958623149698,0.5593457571116236
1.2151283358881029,-0.14076804293009676,-0.33097243476929816,-0.16905630161215876,-0.9024720164227927
1.2334192036724587,-0.44370797673359164,-0.45357477229838683,-0.5722746198666785,-0.7528315816335746
0.3555492487445509,0.09850786134236753,-0.09248410659616278,1.255664784289795,-0.05549318550420571
-0.2553032590388784,-0.023993799619850882,0.033031600790830715,0.6155435764999976,-0.6100783683264236
-0.11676406322962644,0.18646464668158616,0.0013870883306991038,1.479015653216473,-0.3168653087095886
-0.8629282966952976,-0.038948688520627585,-0.1862365519155714,1.7440664476653056,-0.9468505536520763
0.4256438398138205,1.0376047198947662,1.187007384811596,1.4728680038075073,0.8069808621676018
-0.09483788012034597,0.020714461718842912,-0.18355449754450484,1.1189374406083326,-0.8870837962552754
1.6294352665538432,0.6813122422507101,0.41102555797295065,0.9357324615635784,2.1432149677824817
1.651898130825984,-0.3160508492607042,-0.2802512470968354,-0.8907515906615471,-0.8628966183004176
-0.9259448096628999,0.2616930781714747,0.08553371788155147,0.02676703561726409,-0.7833045930861036
-0.5775991612838772,-0.4803163960706108,-0.35697652182418754,-0.23375910376414935,0.5200079585822538
0.15237441520479839,-0.02664068560000781,-0.027194228676964034,-0.9580220441967047,1.2165049681076354
0.38137742655146895,-0.7532394263729597,-0.3692978596218272,-0.9198513781978368,1.0417795436542858
-2.390997484595526,-0.55400561333113,-0.5288591439778352,-0.43285509991516463,-0.08485947801241625
-0.32884268016684853,-0.07410587548330233,-0.10370419008400461,0.4703176484407275,0.16196206914796352
-1.4327261352341982,-0.5263721568584351,-0.47351010457025566,-0.5329425867892543,0.6984601268942311
-1.1377077969438805,-0.38578088304509767,-0.42484465245016634,0.10902152682802851,1.8892106390647287
-0.17872382595868036,0.5221974796157919,0.453523897843981,-2.2098696925332133,-1.7397399715684445
0.6625368542515598,-0.6027573248362705,-0.5012658860135037,-2.0544849928251474,-1.6565915333830572
-0.7885463105060321,-0.14257415029323234,-0.4281572110640125,-0.10378185586901757,0.13156669019573358
-0.3979784953961274,-0.13160848857653523,-0.20506197580528254,1.8236699222710786,0.6670007316709005
2.164674647909917,-0.24236163200018507,-0.2881185856057278,0.6015573067570262,-1.1073618415487414
0.39664393466128695,-0.07372310605539378,-0.2576187394292861,1.0660502046054714,0.5580595909787265
0.40987350555798985,-0.04782008733086056,-0.22837840694408706,0.762758867112519,-0.5335521071659629
-0.18064757948453988,-0.20347010578555128,-0.34686137456056537,0.8114796787120018,-0.12788995422290303
-1.3646819925422753,0.07810970348175926,-0.07806064741830099,1.341095214948912,-0.022120710520714803
0.2520912371277634,-0.6980994431043016,-0.3117937831152149,-1.5815562385916941,-0.16534240573943787
0.3324940343596561,-0.3552814840420186,-0.3492942545863784,-0.6984925375727825,-0.5056865497284363
-0.08445532563869573,-0.3095262831490956,-0.3386662355253615,-0.10896348398505429,-0.9134010219346663
0.20426784376043153,-0.3538165731067198,-0.2292708935592128,-1.3274751517522476,-0.0666520177629487
-1.0213271319698023,-0.5325129249634785,-0.505257128451158,-0.903825236985086,-0.44663556590361764
-0.6670319937757365,-0.26538951239409725,-0.22360640983281027,0.10029457454719758,-0.5730912320063685
0.723432188266217,-0.4757108199918282,-0.38724705081777216,0.28906527268219673,0.7126808847642906
0.2958538242441023,-0.15920539212708454,-0.26949922304624163,0.7906468743145504,-0.7370395573112238
-1.0131171431640775,0.009409860306588053,-0.22517987753458865,0.47400953774689175,-0.3677203540695412
0.5493194260007658,-0.5576664475888717,-0.02631775996304246,-1.113371502456193,-0.9360313275967449
-1.599298855711643,-0.015441060618508915,-0.1690267489273693,1.3247531570444886,-0.46562117441628476
0.5392214181144732,-0.47212871038119325,-0.3248328267356668,-1.9454653484420545,0.1261454658793954
1.6792382300599256,0.3344319501600569,0.3023813580182768,-1.314574606883421,0.23675604119172994
-0.06962833643966293,-0.7700838910273389,-0.4458587227090204,-0.9782812471447521,-0.6669294447725463
-1.2902049852143944,-0.11844969758688241,-0.2243556794177201,0.7671871981047812,-0.6084385856748574
0.3787911829892445,1.5056080091003747,1.9421145348950877,-0.5591273912351975,-0.3025611606754248
0.027712661691905338,0.09976687232310441,-0.14418375515897647,1.1730624192938326,-0.35099961857549944
-1.2649031521605414,-0.22103951881857145,-0.27605532798053384,0.7755891522927857,0.33410652483981157
-1.406046163428668,0.0439749390566539,0.018135440446000718,0.671940487066214,-0.4092836815815376
0.8434515648141544,-0.4372561326682671,-0.3828720396076539,0.1398032740394775,1.1407873708285385
-3.8156377504893886,1.9452870054214708,2.2572276718828173,-0.671369427964116,-1.078153021145588
0.2742348540002316,-0.29758589731108454,-0.2595557725782376,-0.8847905053743128,1.7828569924863678
0.012652069631504208,-0.25906812894716436,0.1956764570060452,-1.6831233497375748,-0.7391364984688802
0.5065623500629894,-0.3297926908300103,-0.34180837185242813,-0.513490174499303,0.17190651414924066
-1.5237850326498186,-0.030923825297515185,-0.11060282320229706,0.5420736636521023,-0.2272429533422448
1.3771776219447314,-0.3575010339697459,-0.46552706898125135,-0.4274343197322338,-0.09990147066314713
-0.26192934070650675,0.7850361098321975,1.164071072000187,-0.623906938879802,-0.4370584598530775
-2.804190224116859,-0.1974024435247985,-0.20337611530556615,0.5849760967857086,-1.4746963780769586
0.27915889813210404,-0.8255999349347498,-0.6161451877566301,-0.8391954367986878,-0.6134809557128494
-0.5956148590731889,0.06793905630778148,-0.07314356085024325,0.6434886358191074,0.29169643690427643
0.8431739583796563,-0.4767041813443405,-0.2032438810799087,-0.5985921696532187,-0.21210029753599602
-0.937844675270968,-0.5710733409618883,-0.46286605187335744,-0.2692188120839797,-0.0017163176855167733
1.164142960932965,-0.16389626347484595,-0.24458597394496426,-0.2844745265075785,-0.731390329508221
0.8413151765725103,-0.37592333828487545,-0.47850817752092384,-0.9736576405181345,-0.41454954493621365
0.22423852579948444,-0.28074143265670537,-0.30113177715183953,-0.110186616070754,0.7912356668441957
-0.7655566584918365,-0.06994776182441388,-0.20282856428002413,0.9717074756249866,-0.35542044880577867
0.03990460470818171,0.9228491159317702,1.5921753180195541,-1.2848741969028628,1.5835294544399718
0.1262824374536114,-0.13654304095462502,0.23382313592765183,-0.4923470208702963,-0.0013578071526134507
1.964863134454482,0.4429919489588312,0.55638401479224,-0.24681756552578746,-0.5131047237743569
0.9022235049309127,-0.07308650797786491,-0.19462148262496376,0.5967239159373289,0.43901605337490096
0.8088023687196267,0.04376639857180694,-0.04238634256182162,1.617893114281859,1.4695758835615902
1.632127015327476,0.7555131850693422,0.6916273086132303,-0.4407205435449932,1.17265220154478
0.09032856494845039,-0.47311593096560034,-0.5098939804215291,-0.17686785630957993,0.036356809989159924
0.21523241194504403,-0.2971520981002241,-0.3266956708824792,0.3949739058087515,0.5790612454725946
-1.2567908424273802,-0.229238211834817,-0.2692877332524456,0.5660496532308246,-0.073314786317698
-0.8366024945882462,-0.10360388407957148,-0.20666137425478653,0.8508641402998778,-0.9535237819627375
0.1527197251234532,0.11698041249251714,0.015219159672847564,0.7533589281606711,0.001394164223886181
0.5529957178073773,-0.2979747153955757,-0.22946834802110908,-0.5646732192508659,0.9154582230403101
0.5896889389388805,-0.0708274268554613,0.3974316624368201,-0.5695915122430043,-0.6496064576445372
-0.18570636610124164,0.22587193600936234,0.3193303744695863,0.42378210639030706,0.7839883034911466
0.551545445681631,-0.14304834040630385,-0.13794659212783472,-0.007530074788038879,0.26690326483397836
-0.9686926566633596,-0.23435193647429134,-0.3611137977992439,0.18846890209669892,0.9142855788454289
-0.4901636923219168,0.5177527456056004,0.6013686853869131,0.14929551931175844,-1.0385280111534294
-0.6852996784695519,-0.3548799699194705,-0.331446520587844,-0.2451732260650973,0.4598360535757319
0.02144673007413685,-0.30530450507687823,-0.4470388234853543,-0.2421711852450134,0.3771333545298887
-0.4437196928417393,0.10489880434001049,-0.05618944636358013,0.9076719523813489,-0.5444464707339451
0.21321171766160782,0.5892007206750614,0.6575355031631378,-1.1265023858410754,-0.8606146642125049
1.336409049757029,-0.3527773709203034,-0.3506941845353275,-0.20532950322534668,0.032036546953335486
-1.0638544442841338,-0.5353515871315561,-0.44062620307078726,-1.2187418839975253,-0.7025336862077859
-0.6655122462098678,-0.28732082047557167,-0.304527603676464,1.1155140776202652,-0.40405562688584545
0.6028943669355622,-0.2965585621590313,-0.33660999646332346,0.4612934141972771,0.17220524093963885
-0.44784473249645385,-0.33600834560209447,-0.36049809988753795,0.2967181388228044,1.180466790743651
1.217201376704001,-0.6044110797427198,-0.5733751729522103,-1.0928085126093057,-0.6029500926530679
2.2831516106219345,0.02629697259545689,-0.1816472658738251,-0.03575637693781662,-0.10779753080485391
0.14484544814157072,2.025540488859397,2.1445167345101575,-1.1879818773033035,0.9079211532368239
0.4850470392430621,-0.3462429642278069,-0.4092755986426707,-0.32401433490072046,0.13582016433142421
0.014412950871591787,0.6025422609235205,0.8736063380301717,-1.436542160999362,-1.2436363396207648
-0.4262530799070408,-0.5191373495077976,0.028510146941708107,-1.107744063000524,-0.8492541217984723
0.5681526599733694,-0.0892939600528679,-0.25044791213326306,0.8239405919306045,0.5178609257494972
0.8037747389953073,-0.6876931593062129,-0.5145689575143141,-0.8813005114317151,-0.7210461107167737
-0.4919338763308206,0.34125894910083887,0.08601142267581144,1.063691674166986,0.9346458295914576
0.03439079456600142,0.3881043973150513,0.2071835252680143,0.6892550138032902,-0.8039492724240825
-0.9567771387776035,0.1273637758736537,-0.03085661636494663,1.426525645608029,-0.4209024552172092
0.0026428072064515677,-0.3882048744949621,-0.4242235418095663,-0.5135290638140746,-0.476845931925591
0.9440970393257068,0.4164604072668256,0.08724941132889363,1.8739862926869943,0.8713133510004322
0.25682523898240295,0.09282195528278545,-0.03534238396659289,1.5934985448121881,0.04849674816021659
-1.2303984443086493,0.16112688566112138,-0.060102597599195055,0.3584401687451949,0.2652873764872016
-0.8642235965056164,-0.7024677091996645,-0.6234523245596582,-1.478671775823147,-0.5489945453343071
-0.0078933906236517,-0.16688930455308462,-0.2483323376041907,-0.2991438400631532,-0.24251429293452736
-4.07943156674478,-0.3421491137071378,-0.3022797949217342,0.2533518973593589,-1.6673797640149068
1.0842314384923317,-0.39511323861313563,-0.4053419293882245,0.21094226416348938,1.5370665469523384
0.14353065681563829,0.5212284050011348,0.18946859194351015,1.8438983415650758,0.21583940820004371
-1.1838524835289925,-0.4112327548888743,-0.38488684926510436,0.45583398066294745,0.6518931016527972
-1.1330933282853692,-0.6875673196158203,-0.6484426893129995,-1.5530433812466704,-0.4217902869758874
-1.4427109594332341,-0.09721619568902469,-0.21859991882993757,1.0867606141637807,-0.6983205157187281
0.2200958404166181,-0.5893543922586817,-0.5380982158944609,-1.3499889655939799,-0.6592479535686261
-0.11098852042513521,-0.6645394392219082,-0.47536124211736686,-0.5501990474044882,-1.1572365486848875
-1.097907967848473,0.08002869351458528,-0.2078717328150255,1.3853383473243024,-0.7020571435668872
0.4222049162750015,-0.2525367465829593,-0.3278943857817251,0.7218674796528954,-0.4304739955260716
-0.16275171021735202,-0.2866942164981325,-0.3934766926732994,0.7993344398443112,-0.5392720582726996
-0.7790976506493668,-0.7785822688790313,-0.6439470718035402,-0.8654242452249397,-0.6793889332847614
-0.994197821664182,0.3118426894799677,0.1933625311384866,-0.21985032566823987,-0.6206537573196279
0.7845733811710022,0.0020881764391842152,-0.07110107389591869,0.39193745260058854,1.2306542349854541
0.6848608414749519,-0.03204032440245411,0.05928651433206055,-0.2842283848229428,0.9369039853356445
1.0657979282528012,-0.08423685329532134,-0.073602494174821,0.5581910652935801,0.15986330473010243
-0.7781534196145866,-0.10564926647191983,-0.25127064692516904,1.181282758213543,0.44804675713037895
0.557407223676413,0.10482795522799854,0.05296079653866246,0.44491883798914394,1.5134215490057528
0.2889274698719289,0.5368404328487518,0.5044685651341277,-0.6115240147445608,-0.30367613227119666
-0.4622135234155707,0.24724421926639403,-0.07674942957837799,2.0792857467733055,-0.7174106258294497
2.058734642806837,-0.13796857421444972,-0.21888600672747488,0.8215772082995082,-0.2568626790189234
0.3203370874736856,0.20192294039969366,-0.08640002623772694,-0.01679427740410595,1.601319100219348
-0.16636214432726978,0.13376041443371367,0.201229869647379,-1.245334388509721,-0.4717149898260707
-0.2689015444392718,-0.4606802154203168,-0.4153499235013556,-0.9644326715958152,0.17198692952037883
1.0581958680060246,-0.2779501772183986,-0.18069365003848534,-1.1728640675275588,-1.0377788431313801
0.7141482464827855,-0.10990211683074831,-0.13121561199316656,-1.1432961733016136,0.08948200622622543
-1.1858614386041617,-0.029993406818079448,-0.10821878361394756,-0.14417198059643055,-0.9048539619387794
-1.5780165571010962,-0.19959557279775378,-0.2940378137530484,0.5479265055251669,0.3599450967349086
1.3368437696204118,-0.17896388152611087,-0.2195270532038564,-0.11252123767993834,0.29120569202599295
-0.7224056176778711,-0.5157438996452695,-0.4523644137381477,-0.09397048607867421,-0.24181751965310044
1.463163114106939,0.10305657390849744,-0.12304130567033421,0.991188012198004,0.486062020283819
0.30678044303846647,0.02298577832169592,0.4465057126497074,0.24597413262434012,-1.192510396178803
-0.5082221385488811,0.23644211690817457,-0.037885627017008414,1.6803186976981086,-0.21141811033620755
0.43591535172167145,-0.4774484577905922,-0.43092374491598756,-0.31402543137069167,0.4392632490742477
-0.45788692376985235,4.011399602313506,3.35078772461886,-0.5717227334249484,2.300285571750547
-0.35547466149832974,0.22587193600936234,-0.027797102826900417,1.4115564991344538,-0.20620598517704164
-0.22451050360739108,-0.1673734120066456,-0.182575218450949,0.8941813205139741,-0.2741705042989137
0.553824550209944,-0.5450137787064363,-0.4854763893809888,0.006455856953344706,0.18144389231952837
-0.4276499718593449,-0.7801303718702329,-0.46332884019380466,-1.4854243077718663,-1.2194741115423937
1.1751664466534053,0.05875532267980543,-0.04513021847889105,1.294506115590283,-0.027262016415083582
-1.299214199991773,-0.4496125555453946,-0.538299950188506,-1.4239012651239094,-0.7559314118649385
1.6186681237963196,-0.035110708454975555,-0.1606677017616711,1.4395461491536095,0.5491277271185618
0.16772538654894256,-0.637673578762344,-0.5650489011187402,-1.6400947335960872,0.11011449850915157
0.7471488590464999,-0.024876089829263554,-0.15542281466730193,1.269482455014301,0.48935588378539996
-0.9201334585816189,-0.37323675223891933,-0.41438936867345083,-0.49981767864548526,0.7947369022038074
0.6939483176407816,-0.9486167142294599,-0.7551648512659197,-2.180148626191464,-1.3488165743157365
-0.10560849295830256,0.17629508949394687,-0.022520116991415037,0.6605101215568826,1.6031694214440386
-1.045995195440222,-0.5916178179745196,-0.35341749522953475,-1.1130035781617065,2.39638836965216
-0.6356510966269103,-0.49688030438219105,-0.49109591913515166,-0.8506635500702577,0.36732008830229385
-0.3290770951747008,0.35380459974712336,0.0596177764873159,2.296849365267133,1.022919740095751
-1.5142142554945732,-0.7638753902500969,-0.6502938268601107,-1.6170986233753974,-1.0848757653649694
-0.7041964075308957,-0.32752823653551477,-0.3906937003491639,0.5331977738413988,0.5873332810607454
0.4319806496701831,-0.19118856957546462,-0.299657343507211,1.2142117593615012,0.2640546606666245
-0.06296135212184599,0.0037808177596582214,-0.08356778437452557,1.3379330953013315,-0.8506826941494711
-0.9444989605710363,-0.0848881431605424,-0.2798698070565703,-0.44506876178354093,-0.8529569713523109
-1.523015929929567,0.007874668280327329,-0.0694065750585194,1.282662393271144,0.41183057199376766
0.6415182817537846,-0.240268182745495,-0.39668785702844295,0.30089243292353035,1.5370585821840757
1.3940973649697712,-0.2295683702319849,-0.35472871306945775,-1.011496809865345,-1.2539030218729759
-0.18504527886334848,1.530623564018368,1.3415798796763758,-1.1428262618110263,1.5360192279062712
-0.11002302591877793,-0.5071538247738484,-0.47104877624839453,-0.23137686219540496,0.08363951284151307
0.6655296878762226,0.2218670805704556,0.1266611897520845,-0.8951325759219535,0.014158137190303812
-0.05642608319741765,0.05393042906815167,0.02299888750010476,-0.4496682172400961,-0.1803232711927755
-0.6099948723800833,0.42429550540357236,0.509236172270516,0.767688275892726,-0.06192161714210562
1.0611860436967406,-0.7739218710929909,-0.5461672886973984,-1.1301428096224435,-0.5913129904542846
-0.03976748218269983,0.08445881249668621,-0.0032310236393438907,0.25575708477174797,1.6085251043540671
-1.0799577585983624,0.2525709210956718,-0.062154934461332925,1.7629906527568433,-0.21447091964650022
-0.5067269768720248,0.34186422926103255,0.2376943542490147,0.5557210899919227,0.7010620151675555
0.7213725109515535,-0.6232811535161489,-0.5406601517411738,-1.1904888478353632,-0.4644130246279409
0.45383669285585504,0.25050641021067654,0.1803722807514668,0.20604057151348779,-0.7170748580685746
0.18922947498109138,-0.6520385854789499,-0.5306573972754897,-1.983289339604753,-1.187012403011736
0.861012755898477,-0.14924890424077003,-0.2899656950755228,-0.5665584326733318,-0.3983923887675846
-0.5939103850979822,0.1420268401221583,0.020886271090311898,-0.0920082146715607,1.615250919327477
-0.6307020974485317,0.17299310637234333,-0.03260491206306962,-0.2637480140434316,0.17828216720226447
2.0572349774085708,0.15486930479479982,-0.007254600838269448,0.4654000633387075,0.8777137620078163
0.670803397985163,-0.5003919793826613,-0.49932636678558345,-1.7578801940652282,-1.5142872259305429
-0.4917115696887281,-0.6461171349067786,-0.535153014784949,-0.6834864660200786,0.9713269460802949
0.10665625318672936,-0.4073777188398104,-0.40172295367413396,0.1950342258074533,1.108655096628571
-0.38078210574607113,3.4905789832634504,4.344004705219824,0.5089509110656298,-0.7902306787988526
0.16351750795286968,-0.11124792756864987,-0.22637061495258656,0.42528284619525647,-0.72685607330099
1.0936185228792181,-0.5294425409109565,-0.008828068540047838,-0.8604589955216402,-0.37120921045197314
-0.7173021630045544,0.17779618490530447,-0.05797822738567007,1.7424721005526789,-1.2800101887845603
0.9141173163560994,-0.24776323584842438,-0.01759868765250039,0.30614250317241765,-0.8428845142924435
-0.8502648657293688,-0.2513169137027332,-0.2708104408861646,0.47576331957078094,-0.09921621270932943
-0.03403609061433298,0.2590897455891023,-0.05784261020445362,1.4854271415630247,-1.5564784266804372
1.870637382572149,-0.30760729311626955,-0.2944124564128418,0.32031447608967956,-0.46648290476571524
-0.9704003792245021,0.5859442559970363,0.10825223129368,1.6401440075299423,-1.192500320267145
0.28319356803261186,-0.21110951299470987,-0.22754007908725646,-0.144096064164316,-0.4186012129555512
0.9176184798481825,-0.006500317184449414,0.1919321073854766,-0.6652819173282386,1.4090738724969345
1.2110015242774237,-0.3852807021310217,-0.381702449595568,-0.44482029235212056,-0.26830833889620165
1.4600892134968846,-0.10196584953947158,-0.08757759373106067,0.1330044039862773,-0.47566186836416313
0.41051391997629366,-0.18613075662958603,-0.22836341179688896,1.0027691965668013,-0.016107982209511307
-0.4392971122479228,1.0127187658876307,1.1992579480320096,-0.7051797076672724,-1.4334292823677117
0.6289879689797171,-0.5911325591269387,-0.5099051835115657,-0.9950035632129253,-0.459694331256834
-1.8475668676343557,-0.4803163960706108,-0.35735116448398097,-0.27278264980744577,-0.5338231012090354
1.1911568726063726,-0.26826799744333624,-0.31309738537146126,-0.18150627760956828,-0.11101328200081848
-0.9145526832702664,-0.029868595706344536,-0.19136950251763604,1.0082169275933242,0.27971742543656036
0.6499251053346069,5.233829919984812,4.428061001989917,-0.6055816279602625,5.124341075824007
-0.004910228925295811,0.13855788951577871,-0.08002748204552408,1.1577452969968436,0.33744078794908877
0.24305898692283995,-0.41945054569392676,-0.2621100928412736,-1.433880003096748,2.4868606521581342
-0.5951971942859698,0.08615538390874757,-0.11389673622387729,1.5252020842683363,0.2551259635215522
0.4431298704326342,-0.5480895052272096,-0.04016309563791674,-0.8443366450267255,-0.18745826414057007
0.39462958988672353,-0.6203050916617205,-0.5609685532051343,-1.1912887254043796,0.020748167258987846
-0.46616860296065604,-0.5167446759752687,-0.487095582054181,-1.176372122234248,-0.976726879212316
-0.2640300683343566,-0.043103209830174495,-0.19140709266103167,0.10019595461219925,0.28246584625371357
-0.5074350209429881,-0.2966227331857289,-0.38366605861400255,0.20849026671987292,-0.2780317855684436
0.5699270523776896,-0.2769034525910533,-0.33120382892952177,-0.6380757103480619,0.24922071160136897
0.5435266066256188,0.11282062547431994,-0.10369731403014798,1.6490225885985719,0.0213879396687487
-0.49449376204806705,0.2428041982957234,0.01264513959418514,1.9050017201660476,0.2766781466362086
0.11647569482904524,-0.6763116447734419,-0.5127649610595479,-2.3769066589817465,-1.3495717878847808
1.1225411264527823,-0.24260924312210078,-0.30710171816318826,-0.18236774161885125,0.35770210283874093
-1.0229280941840613,0.037262634312153986,-0.15841989300694134,0.29617150734915804,-0.32173456498918723
-0.7484606796797898,-0.05930161962414251,-0.1840313054621748,1.3461077466101834,-0.24118897468775863
0.4265970782914213,-0.05813858884888773,-0.3022797949217342,0.6742595350928027,-0.28919080974931327
0.5149397148758947,0.24105788666201156,0.011478177273161009,0.5245460301025647,0.19357893647635116
-0.4149053262450267,-0.2324056814310797,-0.29121878901854215,1.0201539319733288,1.2107026824084919
-2.3199540111070696,-0.16112438215991054,-0.26622115484441833,0.6001223943556621,-0.9582826830194138
-0.43682124677601136,0.10198551648753587,-0.16249731427062222,1.1316517657344036,-0.11562171611006597
1.0535355499869228,0.2516910718415813,-0.010473050348872174,0.7345548475579876,2.3503861712299625
0.1829531331220283,-0.15657149387146926,-0.25276183800082147,-0.7771590462674074,-0.2080052551159971
0.8004305412691103,-0.18620591963119223,-0.2525913370406568,-0.6968789817661428,-0.3748640794741062
-2.9281216364462317,0.08002869351458528,-0.034790285619392826,-0.14204618657205792,-1.2399969203298409
0.5945257142394832,-0.6203635057183198,-0.183466934066901,-1.6238128718612483,-0.9639916945649216
0.9464059717794286,0.3691565200097315,0.08059734059946988,1.2569209321155033,-0.7264300061794452
0.0985673480386048,3.596861202300942,2.988065955092941,-0.3028171137724299,0.9947214856513783
-2.9794698932166757,-0.5263721568584351,-0.595993771165276,-1.2835987192127614,-1.4242560764330683
-0.27163264540162363,-0.32789376575696744,-0.33796379233925666,-0.2061617141538071,-0.7381220940675628
-0.8954304728123926,-0.26695603768961423,-0.3125554988296457,0.1783850456300307,0.43474194761057694
-0.9689562351131344,0.2719276967971867,-0.00040710542028470987,0.9418736506780433,0.10571468375175916
0.4942759765600845,-0.19630587121236073,-0.32588181044841136,0.8060588985290709,1.067285322581474
-0.9852200591051793,0.1349885680547225,-0.0939526712062637,0.978078320874943,-0.22696600971324077
0.3850320857290095,-0.22554762555560676,-0.13968813764951715,-1.7284974864451088,-0.15255626576737202
-1.1709258432707825,-0.006830859379623786,-0.22940339527437953,1.400946163741642,-0.4927825695705017
0.3850371062709098,0.78247745133779,0.9201835782245229,-0.6734952219884887,0.5289159281376296
-1.3138966271166717,0.25936703197288535,0.1468737198289757,1.1687970241990913,-0.7279302614448122
0.5332835936762,0.7220459988968564,1.0653783314641192,-1.2037538158124175,0.060475087900488785
0.9198325388262857,-0.47178754465719736,-0.0802460209746242,-0.2617993711154372,0.013189698138360437
-0.26075733949874264,-0.40076553931926345,-0.43721657723441815,-0.06532427116376151,0.17560207066225988
0.46159365158656174,0.20830252297634216,0.3613739192360944,-0.6020684713428134,1.326161882371792
-1.4391944389894544,0.1260844543024096,-0.1829584994484253,1.508634521908303,-0.910398976026918
-1.2207682327970824,-0.41890871502017835,-0.45032880283767995,-0.09972351544509922,0.34872293017431444
0.3933215172271598,-0.428006155504358,-0.4124225340462277,-0.19046710147965626,1.2060563436791973
-0.4510748605574119,7.01756146018719,6.564333255639546,1.1551146242610095,1.9791832523135229
0.5871457391403031,-0.2798383712991779,-0.38187875665155235,-0.923838980629062,0.6585465619843957
0.4363387015342792,0.34783440682811784,0.04912798656390031,1.7998685966072394,-0.10958144697366351
-1.8072252630026886,-0.240268182745495,-0.34662297846906887,-0.4487405942030278,-0.2493770443454251
0.9818071416865478,0.7192268336675124,0.606517008768424,-0.4361790713042301,0.9037051039158638
0.5823353955161747,3.2962559885309846,2.6479721459129135,0.3075596991886661,-1.2439312279686265
-0.31022606781095086,-0.7144331800753845,-0.40376846168644615,-1.9596018949664742,-1.1658287103805773
0.18600495811402365,0.6166030693401225,1.2973277684396203,-1.2825701102295792,0.4432957248809028
-0.5046074960435469,1.7679403483384404,2.0779179045445266,-0.5355177698681804,-0.8161202060186209
-0.21419447130592187,-0.4691277016563383,0.049483574529825214,-0.8665823662127748,-0.6440672012202036
0.21103546041075627,-0.5629243421115325,-0.41841669072550697,-0.8678537304873257,0.022969473954824536
-0.6513191742572674,0.16264284173129318,0.042016274449433,1.2943794925425989,1.180480992981036
-0.30818625116939385,-0.4443490422199174,0.2560764536137497,-1.2945313869500266,-0.8195274954971535
0.13307995586083912,-0.7761897642176253,-0.6118476383614705,-1.3618183515438824,0.17342999199195283
-0.617716834980484,0.4420435687326882,0.2705474944549132,0.8693731518937337,0.8716163960386839
-0.4283980326025144,-0.5143099381812201,-0.3871346580198341,0.0030394006769700467,-0.1798989313703721
1.421379358814367,-0.5231401784932295,-0.4173913719669969,-1.8874367065121147,-1.3467995687239018
0.23148405373982966,-0.34034300634400266,-0.036949948713468815,0.03364461539872109,-0.4183950885913443
0.16622321087972625,-0.06971757513199632,-0.21267214675299645,0.951729981056963,0.16963348444022547
1.2356876026334838,-0.1595420597384435,-0.24430992477136423,0.22549277972700785,-0.3462060755749318
0.982922957123924,0.34430103956431624,0.015410823773601172,1.609609843292918,-0.11141622250608106
-0.9237712103459953,-0.4488045532781332,-0.48861149230742856,-0.7282624483326742,0.06402679877945511
0.5195598685597935,-0.27043948050872135,-0.18571895971507144,-1.0524183878818927,0.49050156292146346
0.890760721794179,0.02192961226338943,-0.07738243563480338,0.8034566306813954,0.1660751522478838
-0.6687652620353721,-0.39953250378761124,-0.39164665532806897,-0.5835719849398743,0.34922259943149514
1.0771020474991804,-0.8175469162898757,-0.6862059141556831,-1.897103488151508,-0.5342651938281697
-0.7632004000475529,11.121349063915211,9.774978051747974,1.5871371380971386,-0.333661373638408
1.379165239716823,-0.6034160450308986,-0.5158634651272441,-0.6349946919494068,-0.07839419732616684
-1.3839688472418847,-1.0979359538620168,-0.6714395176922188,-2.063111813729917,-0.910043824131234
-0.6739473472546296,0.3823947725386632,0.014124041887086589,2.3974021655347366,-0.2228042743541709
0.37287491734854394,-0.20718014294773487,-0.2563869817083028,0.641176832505799,0.33005399317090345
-0.6578030564587142,-0.550935229278608,-0.47850817752092384,-0.23132962487915204,-0.8467969428087714
1.6528921242907766,-0.22892870177040298,-0.2944124564128418,-0.6211474939163756,-0.8488115493740209
-0.7750908152238092,-0.3807935968209059,-0.3869215003502742,-0.7459188987515243,-0.7448136509413353
0.7567947228357548,-0.5597019894003312,-0.5018617582321673,-0.877375860201885,0.15475683270175186
-0.6084851658980154,-0.9132405474761593,-0.6610304309272274,-1.8728694120395826,-1.033551374443874
0.4936481134965337,-0.054535585274775325,-0.17672349206803492,-0.5386156245723447,-0.5865689633624376
0.40137454026699615,0.013503710827256725,0.13566871016171664,-1.0933399658984404,-0.610993740910301
1.7636393720950456,-0.17327799081844855,-0.2078717328150255,0.6168630390382422,0.09419062368567434
0.4528678021005642,2.0943285595203176,2.4171968777405106,-0.5924492458890953,-0.806418926352027
0.2958538242441023,-0.15792607055584046,-0.2550757638683798,0.482937881577601,-0.4375601442925899
0.7003888607525879,-0.26538951239409725,-0.1921370557972407,-0.5693312127560084,-1.219104565487198
0.30768207329859065,1.3815303814116777,2.1252312129297692,0.355508215424182,3.047129416844056
-1.701595867013951,0.29495557719109883,0.5631274410564291,-0.33974522853776634,-0.5945941870954956
0.4066644194741171,-0.5058522582701441,-0.18216657315412016,-1.037279985518841,-0.6731265142865622
0.13698534680740918,3.478541404418258,4.9503525840667875,1.2162756353214086,1.0413852396447303
1.3007720620435868,-0.4529318863368947,-0.3567132649430029,-0.1439421650262283,0.19728428101783851
0.48750636645930223,-0.062428099593303706,-0.01234522515915624,-0.47610879960462427,1.2817540770181672
0.585803630159912,-0.5454837316895156,-0.44421300137037606,-0.7911732234622384,-0.2565540682389939
0.41223471071267553,-0.40898612417380364,-0.4811178366430315,-0.5266338190384747,1.0651217844458107
-0.1607691129871598,1.350533457376728,1.4361286412649779,-0.10501301070938808,0.280235039412599
0.6733173605103204,-0.332937961549573,-0.2750063600024662,-0.32443949625655033,-0.7737681745264496
0.29415171287684905,-0.5217665807796525,-0.524925474723389,-0.3362376648899876,-0.7039704152491748
0.24420152936268802,-0.633396978982869,-0.5338043326790467,-0.5057395366163606,-0.4146914713489984
0.5794733913069193,-0.0006851940120163931,-0.2484004530210007,1.193147047610436,-0.8611558846101427
0.3068423876657372,0.07235273338328123,-0.12919834772610156,1.372583570423289,0.31840355238430634
-0.07074813877796156,0.035412175251380455,-0.05495034054842958,0.9092264408161598,0.30194076022871325
0.19804968112221705,-0.8564867242937353,-0.7010895339629298,-1.6045137209705396,-0.9344195655756945
0.6838336976673183,-0.33098407660199003,-0.3795227562576484,0.6496196274894405,-0.5564907357247809
-0.009995594881471679,-0.37325695536598497,-0.3391320606384731,0.22633191012193699,1.3712743298140428
-0.35830587797269675,0.24610856096496775,-0.011724680966929003,0.5009829955581788,-0.7153089825796864
1.0495503471904353,-0.07604916760590379,-0.14493302474388634,0.2724840627108791,0.4314193917510363
-0.927051100836966,-0.24678112745346448,-0.3242129748692282,-0.17470614483345445,1.1017392787496063
1.2659446367115916,-0.0666225512474532,-0.24762249911988737,0.7799899202121656,-0.4952088490977845
-0.1380785523735346,-0.7685363100014261,-0.6225566123357437,-1.2979992704868664,-0.24921285496592893
0.8738932514701009,-0.6264243210226357,-0.5419623378764886,-1.145275363920286,-0.2139491793447348
0.87614230657851,-0.3121326707636003,-0.3440823631097154,-0.41874869930595027,0.3561745946313651
0.33991579808700917,0.00819787225761594,-0.20339976452512387,0.6959426558245254,1.122190020778432
-0.4720075670223892,3.7006737272219463,5.633395715877354,1.7552268774536923,1.7388267939172655
-0.46355592772195625,-0.2339546287778959,-0.3026544375815276,-1.2031221482411714,1.2767524904321248
-0.893140958042786,-0.7412990405349487,-0.6345591498423259,-1.2183242734696207,0.86421808593289
0.76193760352929,-0.03475368419734829,-0.14969002670796502,0.2766367821064764,-0.6585586652501452
-0.31796198456457436,-0.19987186130672005,0.32060279059598323,-0.1698907701361304,0.218224040625806
-0.2998020938586215,-0.43426063528278647,-0.39668785702844295,-0.052762748264963785,0.16258869489203684
-0.349158229135562,2.2475144259017372,2.4325067971522003,-0.8049352961142326,0.26721840096622
-0.8090317457528775,-0.2639938846749436,-0.36235765548685367,0.9003669472711624,0.41400121124812345
2.0647334520629026,-0.36773565259545793,-0.44913677517616646,0.7762977503009103,-1.275689062099165
-1.1780342661183472,0.08369979820698259,0.01720256291497037,1.1536727796383999,0.3698109496252522
-0.9889724711867826,-0.4368192937771944,-0.4933905542886862,-0.22415506287233197,0.416117344618462
0.7083873223150052,-0.5357538842020377,-0.46487145219395126,-1.0242515867663584,0.039228156928542764
0.4585292014083192,-0.40969756286261355,-0.30479734324457974,-0.28056306371706413,1.5255887401188177
0.24865142761096,-0.31144527318192156,-0.08489682960350989,0.5848522670341653,-0.13596085542214464
-0.7447493917428724,-0.35426905560454025,-0.2964828094801649,0.4231918216927163,0.7766640753263058
-0.4295894514943928,0.10130591768135092,-0.056183923491946966,1.6485454770364243,-0.09298613258949999
-0.9323639416401314,0.9346189265837439,0.7545660166843695,0.7369705193969895,2.7515734678640427
0.5975206889776045,-0.1689686760968941,-0.19765799206520993,0.1557890400059486,2.2836243321158203
0.3602907075805448,1.4931382429959488,1.4164371650175307,-1.3687480728533103,-0.8167942365280195
0.03495132330288723,-0.0556586550015862,-0.08998268631726047,-0.5102667809034906,-0.5775611943011145
1.0090455749470015,0.2608402022412855,0.026400126753623333,0.8726671750666357,1.726391583554094
1.5998419776475743,0.029708507020054002,-0.15891940606354812,1.3297133494787468,-0.1597603506808226
-1.4070973024733282,-0.10445903209395989,-0.2089568748155571,1.2713150422272737,-0.55615986197814
-0.012495234095912577,1.1967955973503461,1.0022997578489694,-1.1350764274790281,-0.45701356298938556
2.455809670871728,-0.12146525993214619,-0.25114209461393366,0.9484872384645918,-0.33283380542755214
-0.9009278923618983,-0.4486530605289816,-0.4330742976320702,-0.20741441818975184,-0.546015338159651
-0.5789222217376458,0.019900334035396913,-0.09248410659616278,0.955927527115979,0.21047863935365416
0.6736343191335377,-0.4588237077029593,-0.07570044586563318,-0.5144856720816504,-0.7506040374686158
-0.43098959203263265,0.13003874051597117,0.12684775581748448,0.1547922605685222,0.004285279142331202
-1.114683739451367,-0.5775452192831556,-0.35735116448398097,-0.2579020788820597,0.37718939579092037
2.243928627024589,0.12352579580800167,0.01765863252833073,1.1929537936082204,-0.44672951178469705
-1.4637969400891726,0.179816175221538,-0.07937186525822398,1.0106667758570325,-0.531132928757373
1.0808628025401201,0.010945052332848777,-0.07525089040855806,1.9962010535114425,0.8023747311238758
0.4317479327867971,0.3363860807383643,0.3731009582827727,-0.44824259031631597,-0.9091084916461674
-0.7288119768058555,-0.1257941483520358,-0.24739138818385029,0.6429658366461006,-0.036190905482282536
-1.4057664897122129,0.5845486129259625,0.10253053628164081,1.4459235376041162,-0.3535042982915885
-0.07342836983782136,-0.32350749185913663,-0.44164407932706773,0.2128099270129396,0.5297604814567092
-0.6413093211802269,-0.08711925308422704,-0.12406048790480721,0.8460585740259902,0.04229871903556629
0.34167793446257183,-0.3335491982548288,0.016128875759307625,0.25978833404952845,1.1579175721801547
0.5210133154399773,0.06203423186525406,-0.1010822893831772,1.2437289597266534,0.6298762750691046
-1.239787669808993,0.8821665272358591,0.898800545524279,-1.0524183878818927,-1.1018305498926704
-0.6594918043247324,-0.07121615282843109,-0.20991141899684101,0.08222530939655777,0.6491245290123274
-0.5232226317694734,-0.7189290973877311,-0.5459425031015224,-0.36179277237771634,1.0515408949465752
-1.012499616510321,-0.31776665662885445,-0.3990017828960013,-0.5730826158511918,0.9124423587394308
0.8016874487001917,-0.14257415029323234,-0.17640237877945592,1.1716958342323271,1.0479740222195897
-0.017771971296293692,0.17894719512699345,0.19358519255296522,-0.12255303552468531,0.3285876121609205
-1.1520369403482837,-0.32877808241985446,-0.3611579335682787,1.2825801058279669,1.3482383967369256
0.7609537988112968,-0.3319144950814258,-0.39406540561391973,-0.1888136997499776,1.086968184180885
0.6527548451790037,-0.4857179999188501,-0.41183976881352,-0.05571524315417538,-0.5563304807488846
0.9813121753203602,0.03699680046088676,-0.17354153127343622,1.2232947038430282,0.8529712573789994
-1.1462375499697657,-0.09093587862879403,-0.19356747955025044,0.3482397081080969,0.08102610924057879
-0.2271889627112863,0.21450013924211753,0.044902942560438766,1.7409958562967678,1.3771411973088616
-1.3131160066826493,0.3026315373224029,-0.03400355176850363,2.262229259268977,-0.38364883502406205
0.6183599985969332,-0.5870487948178825,-0.39144296993407374,-0.42265127839435374,-0.6364516352668466
0.37588650417383584,-0.6543048205961961,-0.2991328595181772,-1.6738948923837729,-1.1750081537843424
-0.026233873175023494,1.2904179474547988,0.4527599163360595,-1.6896561551446203,1.0566351799198723
-1.2308427622668399,-0.6172043568628397,-0.539611168028429,-1.0013992802778389,-0.3712593980881372
-0.6508319601984265,-0.05639405803792578,-0.19785875080927987,0.4084383903834793,0.39677428114458885
0.6952278175104125,-0.6798913594845163,-0.5143558785181392,-0.9772067974933876,-1.0593844765583567
0.7296989320304715,-0.5140906206483484,-0.38357563142518136,-0.3182746852952642,-1.1046402898293433
1.07826260482467,-0.28074143265670537,-0.40018444842468914,1.253184688072666,1.5446493901830727
0.4561118104832487,-0.18922036128627703,-0.30409534062943133,0.9116946113168866,-0.3788596102713483
-0.1120437202022141,-0.6759370732709546,-0.3828604116813379,-1.820845381073052,-0.9347698234571445
-0.0998088072537901,1.0400441093206545,1.0839719206226508,-1.4108222107749646,2.0062632724859677
0.24468933407351673,-0.5761335488073275,-0.5127989164925525,-0.017467200301237835,0.4100045289181206
0.46035232260167197,0.04759776195982547,-0.17620569531673355,1.717281416173177,1.1653999441774971
1.1927697955233927,0.16105272053433278,-0.06451134395683941,0.6052892588174354,0.698822092025417
0.200751766305644,-0.40297747469454054,-0.4064849277961505,-1.0543135564077297,-0.15045884480439872
-0.6147210480958799,0.48221329582838707,0.43432265119369995,-0.15672901381375923,-0.23405657268867608
-0.41204804725167715,1.1275863774608619,1.3088819620592578,-0.5750778711113714,-0.015980258034111287
-2.1403899001471984,-0.4847026546165218,-0.4888481103804221,-1.0266810720287445,-0.2849932809135911
-0.3850689840455776,0.2200883917369096,0.18593105891766395,-0.049070578353708455,-0.23814652917231444
-0.9797222703981808,-0.1983993204670508,-0.26508874587412545,0.6516487977014002,0.6305423408102402
-1.0556505096612907,-0.531711953875697,-0.4151589989304217,-0.8027990878145201,-0.20387595459636007
1.619898673382421,-0.7720028810601649,-0.5980917228560881,-0.471119430618205,-0.5489510749725823
-1.8953596209297927,4.659652719539166,4.440601413695675,0.5145211389695096,0.28176581029613074
0.6449024961521879,-0.3575010339697459,-0.5225652731707212,-0.8499363045783043,0.9857354997514494
0.46409964030987644,0.10023323295684168,-0.03207740701604842,1.0050040949527856,0.8619886225466635
-0.41341717856053145,-0.13489819016192828,-0.28654511790394943,0.7204956013589765,1.0228216678889452
0.1892290319920992,-0.45622760587503075,-0.38479089920465,-0.19036916392522185,0.7955209040918749
0.07927200271666326,-0.4036696774272611,-0.37412709948809464,-0.505369756501835,0.05100900880031539
-1.6764819351238722,-0.00010833025622904574,-0.15059750847028885,1.2308779990530294,0.0399407637854324
2.5418695113529624,0.13069003038119223,0.09423406592644247,-0.7619283439613114,-0.16555208066299051
0.11016753159411156,0.06990296605929591,-0.004827448234890957,-0.07562636186320612,-0.41187472625469695
-0.8030607709717613,-0.7097727822893443,-0.5531917048237712,-1.1520650824210603,-0.4712598465023124
-0.041875666791901876,-0.1045879882241657,-0.15824698464119297,0.2581758177572065,-0.012078865040075321
0.03635567223654459,1.008376812983597,1.5635168696251496,-1.4077691380924997,-1.5001510097573485
0.5869434408343127,-0.5328540753355542,-0.5732658956203218,-1.190914009191193,-0.5850514351056565
-1.016577994657961,-0.0274347483236715,-0.20262684572065628,1.2779856438665684,0.5963011303196893
-0.7420604485661842,-0.23907193041479202,-0.29778417741227486,0.04435576454815777,0.546888667625994
-1.5109029127852267,-0.15792607055584046,-0.318014471939519,1.047336759447446,0.06555046854429432
0.35817801924993187,-0.8821754916190843,-0.6327080122952148,-2.0226254988525043,-1.4235403988221493
1.0110964663133406,-0.3465353722530488,-0.28429730914921963,-0.2604834033860637,-0.8613602816752081
1.0848249699090617,-0.4598471741711066,-0.4103245823554155,-0.0409645796315262,0.14285890833261786
1.1486418163207974,0.3563632582415313,0.0050091952455161275,2.2057706155825594,-1.3646364273464762
0.4593573693273986,-0.16816068918155244,-0.3022797949217342,0.3957802372948799,-1.1576695250029976
0.26025648404537466,0.4217916839683423,1.0591444097764433,-1.2738807909179946,1.1918641822060336
0.3994136494973723,-0.3267971934445297,-0.4461396968365268,-0.2276854001742673,0.06348097225077366
-1.0561270919843408,0.42260395406943685,0.3457557889709808,-0.25140658757483786,-0.24001882548052536
1.3856374565415033,-0.24492029049459302,-0.27605532798053384,0.2172133606806916,-0.6531757293981078
-0.6604389147879545,-0.20344316316549035,-0.23197983849330261,0.09443930926652215,0.9572949436219648
-0.6450454165006538,-0.1823085276341238,-0.1912114791563465,0.31262409815020575,-1.0944389570613149
2.1497715384358953,0.28727961705979477,-0.05502058014663673,1.2983325486605872,-0.07007533273907111
0.3383975271511106,-0.6977424341985946,-0.6019705095570963,-1.1735516903050693,-0.15406515752844574
0.0762139020472956,0.41384766395733247,0.25822436290409334,-0.8152149702932737,-0.6121635062732803
-1.086948641700257,6.980716851556932,6.484610886837879,1.1376830979554204,1.8615572515384038
1.3577968535789853,-0.11494069382053757,-0.18899012039368368,0.3911034878903043,0.205146179020971
0.5982362638614152,-0.40762975131476187,-0.4438918880817973,-0.4357965045258609,0.4875490329224354
0.1750976831722754,-0.0325638402353292,-0.22150361186147655,0.8642880774388374,-1.3491553168695771
-0.7488335287473984,-0.407149804231592,-0.41978770033809754,-0.3530427594602482,1.5260840911281457
0.5075578201577533,0.1642792950236061,0.11345691628826896,0.3225043054714841,0.49283840673764706
1.7268182009765811,-0.3775252804604383,-0.434998381141836,-0.6161911534247414,-0.3837465233866143
0.1613292161677556,-0.7534728369686321,-0.6010730350493559,-1.1645541326775064,0.3007508430424171
-1.1570885653096277,-0.4849219721493934,-0.4297306787657909,0.5569155876034791,-0.09967529043668717
-0.030876471634477317,-0.7336230804036447,-0.6287743430407685,-2.6324163764949335,-1.1326306926103673
0.7136247811581656,0.05802427958882034,-0.11739733996276296,0.692753961599272,-0.008193113699375738
1.9237358150153936,-0.08457800366739701,-0.20087855002253308,1.1086305477353844,-0.9971763737473174
0.4418332416553399,-0.5845323080484359,-0.4933653473361038,-1.2334994287223127,-0.8598299905969936
1.2904775885396902,0.2565757765345786,-0.034790285619392826,2.23671970546695,0.25006382550449735
-0.169309350085837,1.1890952737215859,1.391221007648984,-0.8787256599769886,-1.6108965063248386
0.20764467500898307,-0.5812004500900013,-0.4940929974747913,-0.35614423014366453,-1.4719950741419403
0.06798693199690757,-0.1294153593035795,-0.18539362953305158,1.1917390541657216,-0.8894786005537592
0.2502434562138967,-0.6256479130072744,-0.4578782694014591,-1.383723717885717,-0.30260127239993057
-0.027466637706082653,0.5436566854453501,0.635506955338239,-0.9819482455037933,-0.11287262356546925
0.9041775293711691,0.38029419999297137,0.05498992475219911,1.6308678026688113,0.8539362418326598
-0.5922170596790557,0.5362477105593335,0.8073569909757828,-0.12346857341063992,1.463097264287526
-0.09655387180932357,1.2782402055776083,1.2964114280541352,-1.6560187345554147,-0.7905741234448002
-1.020807948872096,-0.1352637040314603,-0.10821878361394756,0.4923521250117428,0.9546780854227479
-0.31357174216711803,-0.4580825784003619,-0.4493176452884861,-1.0581910213404147,-0.15109852125309606
-0.358135622537072,0.15722278487489813,-0.09624458426067412,1.3378087553587128,0.3284404078896481
0.6137475972203821,-0.3222564792288569,-0.3625591222913894,-0.5038507008372548,0.4702159698827679
-1.8292188542701335,-0.3246040641715744,-0.3562272522392777,-0.4773146107032923,1.593695953341982
0.23711267186223553,-0.49557526834450744,-0.44198465641111756,-0.7727119274887695,1.180701895349008
-0.8068626501573837,-0.2630276808693762,-0.34645792170715245,0.2928426508805395,0.20781092179082972
0.9979096438542913,0.1739678304936568,-0.09810362061564841,0.6016028604427277,1.4175478101625019
-2.20734163198678,0.3087723054274462,0.10367487213711325,0.7004068277398804,-1.2210064178029396
-1.2467245820854598,-0.2193337516062729,-0.2550757638683798,-0.3525000054387798,-0.9404520618659608
0.4196786238895902,-0.4038979451296459,-0.4046134767810092,-0.025552555417005716,1.0114669790997801
1.768084397464416,-0.6099548270206704,-0.39493956133031993,0.619343135255371,-0.9744421422535647
0.5895403899638252,1.131635231503241,0.945794786128955,-1.5045114551383143,-1.399151126867748
0.03869886250558677,-0.06302329354188502,0.1516417990056749,-1.5551208665535308,-1.1549624634041746
0.21020965509962825,-0.028228811047334754,-0.18671129859055188,1.0626205024932844,-0.2526979688668881
-0.06621746887028823,-0.7231558648340338,-0.5797822862298212,-1.3781000219570678,-1.6252520894889904
-0.9142791375681901,-0.4964359123463495,-0.39511438932666454,-0.18828225283823166,-0.09200416302761574
0.9541652192865884,-0.6077373342502583,-0.5949447874525311,-0.43987022721072183,-1.1235888573715338
0.712308734696757,-0.5298734693127282,-0.44278770712207416,-0.2806704716933475,-0.3189373959518213
-1.5681061550525857,0.043842022131020286,-0.2123673503244848,0.8537374662888653,-0.7462827188610939
-0.011207095940952594,0.31011068583594026,0.31460023159917666,-1.3171208876378897,1.4779843757819116
0.26403104557653734,-0.05091415939634762,-0.21111121958880108,1.5160748105596902,0.2950725390372009
-0.2578824147772424,1.8220064340808881,2.086053456357864,-0.7575607958583704,-0.8194850807071258
0.283761553750852,1.62089090546863,1.4920268681045092,-1.6101594635310623,-1.3372500034985606
-1.5477626977774246,-0.4649644758080027,-0.4782220896233866,0.3426353356664531,-0.5276087587036056
-1.7588443679899126,0.14431485961425675,0.026181587824523223,0.23302397167336877,-0.35088907143044995
1.3568739598472817,0.8358548959930181,1.0897146371631856,-0.8174824826437935,0.16011078831263936
-1.5840113794562403,0.20369694689755957,0.162767332819317,-0.5629538243055017,-0.5268543128230687
-0.3957927877134608,-0.4842360330001394,0.07635679793914582,-1.1935011434960756,-0.897857728688677
0.4591180814406427,-0.49143330490573545,-0.4612542859677179,-0.49148308881168307,0.7767044749340014
-0.774823914356599,0.384849605996335,0.009616466023093736,2.5048534570405265,-0.8940646757352322
-1.7984238838936892,0.16800700224601184,0.10682180754067026,0.695353971851436,-0.9184952109469002
-1.428031559399775,-0.41788524855203113,-0.34109200347716234,-0.7147356694275617,-0.7745003574402751
-1.4141564058798712,0.6864295438876057,0.10682180754067026,2.536456962640766,-0.35722557236960206
-1.496059237667524,-0.2715302804991406,-0.3589246321857594,0.6487499812907758,-1.5908570534137922
-1.0867704124627906,-0.3563201182073854,-0.3863133393488597,-0.893877212515025,0.6490856647816463
-0.7586925440729284,-0.19630587121236073,-0.1727309593868651,-0.6267277088105689,0.3882135946776978
0.5141657392767425,-0.3233508408647767,-0.4220560113769814,-0.6165759459116796,0.7912660865012965
-0.40351032042395013,-0.39500190648739125,0.012293626909607832,-0.926172868838575,-0.7803323910690758
0.33948691091201044,-0.3860117452220068,-0.42066451521491355,-0.4603082393761448,-0.3365593017923553
0.07134818479926533,-0.3838186159490511,-0.2823706136830691,0.18241971956540842,0.4556944700399786
0.3552435125091144,-0.1552561720472095,-0.17229767358582643,0.3781268862868165,3.3284204658648413
-1.3099812689177992,-0.22274528603087002,-0.39668785702844295,0.185326418428158,0.512505818605849
0.8998862211817511,0.057000813120673115,0.0596177764873159,-1.7312116710827021,-0.45426994022540307
-2.3789998660833973,1.4489082553811157,1.1505553778088355,-1.0391321640691333,1.2955038579890064
0.28816301853608484,-0.11187030976801611,-0.3022797949217342,-0.45453822064688737,1.785753769107554
-0.3401783992946012,0.1409069942986023,-0.015528869564196073,1.3499878262721334,0.5285236393104056
-0.5479787023861474,-0.9562259242114622,-0.5225652731707212,-1.3728821575198555,-1.186615220170278
-0.7009619234115245,-0.2897719694723806,-0.18473250560879528,0.5474620467017045,1.0175893909064624
-0.33559006698657196,-0.015323787299622672,-0.16713640056512974,1.3407674873338291,0.4067101856112225
0.2509909263050784,-0.43426063528278647,-0.4928442148332746,-0.780847931823611,0.7503277533952954
-0.5679686544463168,0.12359495620878463,-0.13366359730891653,1.2876953580850108,-0.6761707830622115
-0.1130186651403843,1.6443253968226172,1.7592906949343845,0.4212897910969068,2.2550757238289343
-0.7668198416002935,0.4173444936509097,0.21084550385439482,0.7998586547975547,1.1844028256815784
0.5786548214826485,-0.645349538893648,-0.6300855608806916,-1.8823646355522692,-1.2875415009242421
0.3205198942640613,0.7073342844130394,0.8021606138906593,-1.2370573546066848,-0.24269431588948626
0.21798824645940598,-0.2638543203678365,0.12412995226023343,-0.4632539869883761,-0.9670765548703936
0.5199133737747862,0.17588893909147937,0.050286751118198074,0.20047889568751961,-0.09345000837002844
-0.4238302254510778,5.870654929599706,8.752421657400628,2.825074669086163,3.8564633943139706
-0.0106238271025163,0.02245899252980486,-0.23540741759614886,0.7109295186832164,-0.44843685102490477
1.8960490030643264,-0.00099533350516222,-0.08199431667274719,1.6174044277596733,-0.20893281475492734
0.630678710296195,-0.5770334937250421,-0.5084040638547148,-1.2882368216433269,-1.2983179283452924
0.5752645529013658,0.1619747568653049,-0.08241957778850692,1.6392273536010087,-0.026241854349961718
-0.9553359479261773,0.3418970209627136,0.038133884507387764,1.0447612766312624,-0.4736563780999376
-0.5852227803282275,-0.39614551708351403,-0.36738880272861335,0.014749605991510019,0.5767377402442249
-0.013009987303707164,-0.41190609011159224,-0.08999967976843948,-0.9883368198936423,-0.7614901483851447
0.24139740904828358,-0.2811158659919105,-0.3379706526584363,-0.7942508172032957,0.003332001938407003
0.3499757089200546,-0.2780843683534138,-0.26717936520544755,0.7007502245983865,0.1199890838562653
0.36535835397707267,-0.35636385582821356,-0.3692978596218272,0.642372592840269,-0.263565847181369
0.7653935821442718,0.02312070634888409,0.08674653105140505,-1.102502876453748,-0.8286165435791856
-0.4222658098285942,-0.408850566717885,-0.4232740327249281,-0.20362096897251378,0.6829992642017114
-0.052898045039865976,-0.34715333309937924,-0.3811270481917046,-0.022390875809228647,1.1085646053457745
0.3010097731128789,-0.6038955315564605,-0.48577275202261894,-1.2241398841489104,0.6647138835687542
-1.9264269557043363,-0.046919881430501714,-0.21755461703161502,0.45006980362151044,-0.7056161474866727
0.5411467959333007,-0.3175860412869649,0.1488558800316141,-0.5681164733135098,-0.3206526999602921
0.16349543233480854,-0.09453750053008322,-0.21662732531092574,0.869695630918122,0.3457869054781929
0.17104433390263887,-0.20602874892803902,-0.15122689555100033,0.38345062174969596,-0.7160818529843984
0.4649304661629049,-0.1789390114152854,-0.2737606928269993,0.42757417809163967,0.7679257649310405
-0.43982434297897,0.49855128528138287,0.4754628052139095,-1.837824144685597,0.9429417594843977
-0.17351294645499407,-0.3168727143119626,-0.31531256040605604,0.6519064697043542,-0.5634021393948282
-0.9263951079724726,0.2832994935644315,0.042134803771408116,1.7735323419403732,1.887649736407286
-0.5416722372756821,-0.3523837323328498,-0.39144296993407374,-0.2866003269093399,-0.8241072372484414
0.1341423172932758,-0.4929591476125563,-0.4193642959142259,-1.1151606341442637,-0.580437915060048
0.6434771052414483,-0.3509216461508796,-0.36746631174760314,0.37543333250086103,-0.8794017292849748
-0.835757271593004,0.03454152179752713,-0.09656346322511665,1.3262884559174524,-0.11884351285302551
0.8154781389857694,-0.10628779889140214,-0.1921370557972407,1.252282836062326,-0.36099233199167213
1.1296742828523578,-0.40076553931926345,-0.3852444512696876,-0.43424653128207286,-0.8374590676893149
0.11953062074397548,0.6767010320171913,1.22069861685417,-1.0557180422887966,-0.5115824934254686
0.9375725498000648,-0.3974160266525269,-0.35577769678220256,-0.41882484532404957,-0.8531180899777778
0.12619516862234162,0.42237651537074633,0.031295357855303324,1.9982053774179986,-0.6495383252895153
1.540609771968943,-0.22317173167192492,-0.3760360934426004,0.23979994690203216,-0.4199234604482907
0.19924154300308658,-0.18689195089196756,-0.23815355930670873,-0.11449105353758861,2.765110023351982
0.3143971957534523,-0.7889733696279803,-0.6648811469644359,-2.2072401677273006,-1.7406221416243814
0.35251949937062094,-0.7278770715762339,-0.5980018149116085,-1.8369009411787247,-1.0062587045549107
1.2858177135095785,-0.47635460276804104,-0.4329791343054668,0.031789082342103564,-0.48885977725932556
0.06427387210402447,-0.32286995731447105,-0.4599924907483077,-0.32995667704329895,1.6407572740210457
-0.6882101899733469,0.07981547069405782,0.617543193831376,0.10374899541701796,-0.5626931790583479
0.6603555026273096,0.3147514792198054,0.43062489195178144,-0.06451056741658413,-1.0469277709169802
-0.05093368418981231,-0.7042611972843438,-0.4595165325031966,-1.5448040632189306,-1.220266462042978
0.3561295643230448,-0.3045369090637481,-0.07491371201474399,0.46699441045133416,0.6809909910666472
0.4657525060676066,-0.08935415493221745,-0.22360640983281027,1.2750095271305364,-0.8240701003169013
-0.24766361855934535,0.23008619164065078,-0.04003517271376202,1.5891021581586735,-0.3910595241070364
0.9494641462802946,-0.36332417084455587,-0.3456858053712128,-0.3782294707267457,-0.03778721777212385
-1.3716036955300421,0.3582822482743573,0.023231335883688576,2.3578900860265777,0.3439442611385758
0.0753206885780032,-0.48415437613626283,-0.21180540206947168,0.2645123271477457,1.1979522399520148
0.5680159978695777,-0.3966236679920129,-0.30947036923741456,-1.0216114882503946,0.5945935031962915
0.7066433484880829,-0.4714284478903346,-0.4894396398282287,-0.4753486467882658,-0.7920783131137671
1.2287190166441473,0.14328919782151184,-0.16609345896835992,1.382369564584988,1.812370681187978
0.9503392710324441,0.39218440040364316,0.25433440458240264,-1.2546347445409138,-0.8225883655367728
0.8653265826949483,-0.4120856461709837,-0.421746793504228,-0.09905786277080068,-0.6899372612580835
-0.15039940518625494,0.03265902327916527,-0.11842505039217932,1.6832083498015293,-0.02215458477609892
0.752640815065114,-0.21752764424313734,-0.29718917060084743,-0.4372817600316535,-0.0006941404380632533
-0.9713154468173595,-0.20036961661739452,-0.2032438810799087,0.8276920014031771,-0.7176136794396274
0.11832539536187107,-0.14463634303826814,-0.22184507008743937,0.5662246742794599,0.5478478944158499
-0.02254451319317047,0.22760989619845146,0.4348749855610555,-0.5400914861849498,1.076940636898694
0.7754089725837011,0.4812720695970867,0.10467616404381705,2.520513491514499,-1.233453623299038
0.5293909017473797,-0.68137702621601,-0.5855039812418603,-1.4329530433080784,-0.65291049301884
-0.15893587687850688,0.14143637456501773,-0.04895149493539922,1.4538952731672496,-0.9046256705689247
0.3901940149491671,0.02629697259545689,-0.15017791183825552,0.5807245023595748,-0.6260835221706099
0.20447567942881284,-0.32954678377124375,0.03049688593535876,-0.3709658739997681,-0.5238375848726184
0.25005444757764494,-0.47616723258123556,-0.4132730562777472,-0.5172779350860434,0.9330634316558112
2.0259719153314077,-0.2991637369718349,-0.4438918880817973,-0.08847612358780159,-0.8345062498070964
0.40292071950934016,-0.7540923023031488,-0.4661826857685515,-0.6522372626125958,0.3355295314491325
0.7650500441815815,-0.6760047905912331,-0.6396790721318201,-1.4399658237246857,-0.6577383900801085
-0.30818625116939385,-0.4443490422199174,0.2560764536137497,-1.2945313869500266,-0.8195274954971535
0.2507480945063912,0.5583107841724222,0.9374697101309383,-1.0781308574296378,-0.5345600821760317
-0.44138447637453776,1.7188461815480012,1.9111958945551408,-0.8776779443380086,0.07616692887263846
0.48742419200143117,-0.30882846161355865,-0.30567705330196704,0.21892849553057117,1.4047281797793063
0.08557440709470887,0.019211478021293416,-0.07836324099203008,-1.1692962949554189,0.02814974004093832
0.993683381215081,-0.5440268651604345,-0.4651337020558067,-0.005570073731214175,-1.260195860528276
0.4936379247497363,0.6584348720830521,1.0811376961901453,0.6713834604493935,1.3002059500961431
-0.926607521193761,0.042877046479073845,0.1489907419483336,-0.8471302536600813,-0.1576152370693341
2.955325903155567,0.5482622615241327,0.10682180754067026,1.3247531570444886,-1.349963213062434
-0.5391712690942677,-0.47264043593930677,-0.1921370557972407,-1.256494818298108,-0.9234782770477044
1.010825135556221,-0.745520818607166,-0.630347810742547,-1.2147229239472888,-0.6274206436281784
0.14860605551951175,3.9950009727754727,6.013047384222005,1.5525998552427898,0.3639646177980032
0.6441483812261379,0.21611706489185684,-0.01069656143590987,0.5982623205984684,-0.6419100924757887
2.1493320195251093,-0.05046262871758367,-0.2078717328150255,1.2737340494404348,0.043496505029062035
-0.16580560249130535,-0.2853999421565533,-0.2628888492109148,-0.11103888388589102,0.16784697732270348
2.1081094574529082,-0.16713722271340523,-0.21101866821858248,1.332406023185097,-0.5843049539933827
-0.18897304075397517,-0.1947706791861,-0.20157786200791147,0.5856138356307594,-0.92326687482501
0.2833096311483094,-0.36884809879344727,-0.3706914327612613,-0.9062236898752716,0.23558877081639887
0.6072231815262363,-0.7134736850589715,-0.5914044851235296,-1.2449358017315644,-1.0553617887801692
-0.3520152128029181,-0.18800963209476634,-0.29131319708064884,0.37059277349654535,0.12333016020104454
1.3393473219042726,-0.40794305330348124,-0.4798568596268262,-0.1926097636964803,-0.20053535805689804
0.8044254898234031,-0.32167989180763357,-0.3821187104760735,-0.32250265787457744,-0.01648933147550639
0.1618419759250895,-0.3152832532475736,-0.2944124564128418,-0.31264132762311275,-0.2716250411308747
0.5996818107712566,-0.3778051920225866,-0.4202898725551201,-0.17856187562629988,0.30289355762732056
-0.2938179770707665,0.19639624910515496,-0.07695922002705616,1.3209267239741844,-0.38612060009540145
-0.12365579062898771,0.33809976954151844,0.006445425094345528,1.0639399586541414,-0.693458168635695
0.32815229925673717,-0.24246974022267453,-0.2042150882841544,-2.3473201682910796,-0.9916145664730819
0.6535505272387274,-0.5995566490364803,-0.0175468104223727,-1.2298714025840922,-1.1102593858584349
0.2373119430767852,-0.2875645015059,-0.3285042618629346,-0.01318244983254954,1.6179654658892466
1.567524454108319,-0.023596768258019474,0.3349746242985497,-1.3441839094925754,-0.8542279756371889
-0.02180619820780935,-0.43830061591525393,-0.4231883731432433,-0.1930652941761117,-0.1512896756914108
0.11112209903868686,1.4067470771889516,1.9676910478366958,0.44247250366647173,0.22622249122217286
1.4365064730549482,-0.5954557980401717,-0.4438918880817973,0.4355629986784316,0.37931051913655633
-0.8803624237706392,-0.11718443837459916,-0.300464249214037,0.6264291217140023,0.2553932150831516
-0.6751073139281312,-0.4419365954140905,-0.4674939036084745,-0.7415207009196899,-1.2547578430258406
-0.6917823055355247,-0.27097202327071124,-0.4124225340462277,0.5913534852362153,0.2539408443884271
-2.907832592985492,-0.6914052996814724,-0.5068305961529365,-1.0540127349945194,-0.914966146878899
-0.34264400218821683,1.277074472864387,2.1647519382566314,1.3559687962565563,0.5720091628835872
-0.3493897647149713,0.006811839488626676,-0.16218065389563918,0.7770336052672716,1.1342230583248485
1.1000608379469892,0.269984420026505,-0.04176134545599818,0.8248143387900434,1.0361207197449425
-1.127009095985498,-0.5074080218695568,-0.42075266087556706,0.6836380460194567,0.7477503351931412
-0.5298122406768246,4.114755745348945,3.7001251530371713,0.31309795724424366,1.720876221434549
-0.26625106747332145,0.550309179108507,0.7487966298662897,-0.3767340815507054,-0.7015105493496984
0.013576144667182356,-0.37140465407477974,-0.1821915440865474,-1.184689033947265,-0.08974485575066812
0.7782726010859244,-0.5837749824699608,-0.4961127792901793,-0.9474456492652267,-0.7234671123855686
0.07007274566205299,0.1896922497495171,0.38637791021973367,-2.1695114037289454,-1.5165577606519096
0.13360644827690177,-0.18283377823398855,-0.22103748778950172,-0.7611734716225904,-0.22291107901774732
0.814027866860023,0.07849350148832455,0.17794254766105744,0.9421098500140851,0.44929348326621443
-0.9458927516004024,-0.15059901351634475,-0.3033526166701607,1.3396820430647758,-0.5615783993847031
1.5231102301858979,3.589861463553365,3.205569762730662,-0.07707654173252067,0.14489193942204237
-1.2899852626747506,-0.06435246279822159,-0.2610699205476589,1.1422383708647907,0.37097793211739305
0.06494300697525769,-0.06950492033251889,-0.1408480665699142,0.4187960727780473,0.7535312215751434
1.1663692759398256,0.046496875757793904,-0.2906858240385957,0.2842318818624995,0.7188441759839859
-0.26418887988770773,-0.3260295974313991,-0.4077021309408923,-0.6732826444992681,0.7086046507127198
-0.8069416498608183,-0.18592074236039408,-0.1963021192119105,-0.3374943866806561,0.6952971542831423
-0.4100653761899866,0.017833735289245974,-0.05980439400035402,-0.1820275079450162,-0.44961582864997174
0.08329869881532835,-0.4761295129131504,-0.48026555212768623,-1.060721416020253,-0.24553217241773834
-0.8509065352831466,-0.08906174690697555,-0.2672139500255325,1.1764333218845058,0.4391123023215022
-0.47326181651952165,-0.2611801079696118,-0.2966965178634205,0.22239070319168952,0.1861128778597884
-0.15692012930547167,-0.2975587551160603,-0.3386125960114078,-0.058560374708823325,2.26907749855229
0.7741162568758297,0.037155646779843905,-0.1261281660770374,1.0439925207178846,1.4794465345051042
-0.9291120332871056,-0.04230692107807311,-0.08346944264316451,0.006028801513145074,0.3842221902061826
0.6702125245023778,-0.23253101450810354,-0.3047642217494573,-0.1393609680328069,0.951155834590249
-0.8835388763321617,-0.29538751768139965,-0.3210890592981482,-0.9423717862592268,-0.5397644344890614
0.6588184046592835,-0.5984408868237143,-0.4014956819992891,-1.1862549697943447,-0.6662369897389729
0.18200993572823035,-0.5524503102893249,-0.5040134753143493,-0.9889299552838702,-0.22102717142086364
-0.7210364863690158,0.8833346087928806,1.0467977234141277,-0.5529718274871648,-1.1909049675879377
0.090687238368338,-0.6755675525502338,-0.5505988975407493,-1.4039618371875473,0.48421102733168503
-2.425144552668509,0.24122385627197046,0.10682180754067026,2.166568432511376,-0.9808823771022641
1.3252238730547934,-0.5140906206483484,-0.47662001627878964,-1.09253216123558,-0.9000443934406223
-0.15586758746233967,0.32438009614507096,0.12649015381290124,0.445736451075441,0.20973542091753633
-0.590254544616465,-0.6466670560425054,-0.5284364161450752,-1.2390521825818381,-0.41620621673494046
-0.8395858039495977,0.21345494980679902,0.046428419497313106,1.270826712838841,1.2561569431586128
0.4602062838975668,0.2460645470095747,0.01992670754705946,2.07987041936906,-0.4193392494942446
0.23620949114064177,-0.8123191729386104,-0.6298384635128045,-2.1412702358866897,-1.3327381062191042
0.3187339103144708,0.1446346861690878,-0.09904021153045497,1.6662091657911653,-0.928779070229462
0.4426888010603784,-0.42086593133445815,-0.3863443366625848,-0.8110875882619901,0.13765945003382193
-0.31446355283793653,-0.17664279399776603,-0.3014176132945447,0.16494207198654579,0.8160990824129105
0.6784499047940614,-0.3187172321795947,-0.36107779685822705,0.03786329612306146,-0.5912116555713228
1.1618357266037094,0.06439248639255418,-0.15658834513271724,1.1305971114967892,0.41648381991962846
-0.16691145067637916,-0.0906700447775268,-0.2243556794177201,0.7829788236120421,0.5352894700472581
-1.0604080637639637,-0.058608541831966544,-0.29682082181186087,0.5843253416908305,0.03222299929954304
-0.037168170445234926,-0.3893857902573226,-0.4124225340462277,-1.0628429627039178,0.23721569468546805
0.762952269813673,0.10096312465380737,0.18334954913274099,-0.6728188361694282,0.03776983664788643
-0.8342773930363448,-0.7566509607975568,-0.6148753835866178,-1.375433112900058,-0.12828800071393173
0.21920233162133335,0.19744245176721087,0.08933883482476249,0.23032243977446085,-0.3327944613915534
-0.26177075064765065,-0.21894011301881924,-0.25736199670438686,0.627219484219451,-0.03361454285182512
0.24661116798041285,-0.5718593285754933,-0.49925464812773634,0.1869798201578359,-0.6646256115621759
-0.9879150564647469,-0.23232384034416,-0.4124225340462277,-0.32355647029691625,0.25311356406076074
-0.28476579236123933,0.17641765922532343,0.10946427346436008,-0.4644694215662152,-1.1581111378168147
0.05751474607603409,-0.05706559708597314,-0.19179868156797317,1.6972475008495322,0.8812643213540214
0.7801055418685849,-0.28074143265670537,-0.11004309353674341,-0.42015578078411675,0.813092814218372
-0.03348250203830883,-0.19217265836813863,-0.3047005120422123,0.5234915289222735,-0.015445275105595183
1.2249001562138613,0.4128862345989669,0.05389608147527671,2.3752829653581573,-1.2259507156341258
-0.45121683852909633,1.5862882605696813,1.6681859079820816,-1.072654332494261,0.1904524290693588
0.391896273979417,-0.2988846083576202,-0.353775097234118,-0.19654386621599443,0.14269903720097518
1.5443671307609483,0.3512459566046352,0.2720359162274105,-0.28234873248320586,-1.4219174093566798
1.9580239012505798,-0.3459870937727898,-0.39668785702844295,-0.15001792213519133,-0.8237748281247858
0.6366341066311196,0.3093062912699406,0.11674149864637749,1.4224935672697498,0.36130323366536354
0.3019222566032878,-0.3065972902821927,-0.3341632227177037,-0.16638095527022811,-0.36217841073543167
-1.0177316118225888,-0.7136655840622539,-0.6547365601201135,-0.9028686287175102,0.05769202513944443
-0.29756684524043947,0.1518215034169844,-0.04543433831629082,1.154626938988811,0.5847479940513911
0.12728588135021596,-0.5200918244462847,-0.36521850299287334,-0.015947825767235982,0.10895711212335178
-0.6389766888154749,-0.2593417922777658,-0.38905893034572403,-0.03343732891122789,1.3596481671764877
0.9077423356149934,-0.31392138440107775,-0.3545595338221626,0.14863929241758914,0.9154088030926542
0.5359467696598981,-0.3005710014465474,-0.3157198367859844,0.20153561619899182,0.56116671425091
-1.6706789270019258,0.30646951738805495,0.3113726087718725,-0.6506429154999691,0.010959467063626563
0.31571102726990413,-0.33109573111805995,0.43158554118774806,-0.734122930317102,-0.8697192579868096
-2.4382188559237914,-0.7233884617779326,-0.5540346272062908,-0.4035191130428336,0.09132762535880831
0.02432778281001585,-0.07141010898902875,-0.11537535529259246,0.6807561296882262,1.2270055074713793
-0.7289371950273725,-0.4425270456193109,-0.39184642278748666,0.1032379880352561,1.2020188778972443
-2.584343721387146,-0.15408809049018843,-0.09772899369053198,-1.1576452973152536,-0.8218296014083823
-0.5911386768114363,0.05896063926139754,-0.09371163168902817,0.31169821614018445,0.7006363318902646
0.1812558208021825,0.25132016944803676,-0.026852062390535395,1.1325122412484763,-1.364018054253856
1.051650631829294,-0.8128066731665496,-0.5946135252972758,-1.3740569362463235,-0.5808805834455627
1.0005857403502318,-0.09907704799981595,-0.2917900049983186,0.6303264139473802,0.38406682924452007
0.3119821674363332,-0.6602519702828872,-0.5475139567646424,-1.731222442491795,-0.4720253279051416
0.8078343639423182,-0.45217121403980254,-0.40717764695185854,-0.4024562128419529,-0.12480365450147995
0.7769717639132158,-0.40204321823503925,-0.4323679050420338,0.012897408309052389,0.2781794574732732
0.1616848624962046,0.08437839913835081,0.26390632785666296,0.8643057109179028,-0.3213219324165201
0.23001251814250614,-0.0919397406947661,-0.18468379104874824,1.195750897050447,0.275983772381367
0.7859488619887313,-0.19918435626159975,-0.2501586773003221,0.5064545014888445,0.877288750457969
0.8277068500883162,0.18135136724779874,-0.13916363792580613,1.7509752830275587,0.03467672369096099
0.40865188958321197,-0.3825189837872998,-0.10938431407936289,0.049039267607102026,0.4227888456299818
0.1508855292053165,0.08082453706099886,0.23064687108613371,-0.952912997138623,0.4932329026693297
0.8498097858050909,-0.351160015416797,-0.43670866186028423,-0.41100561225093346,-0.6606557023688647
-0.8894964876120419,0.13687877323705594,0.009955202149932663,0.49041138366803855,0.22692617370016496
-1.166474616055535,-0.11698761140491222,-0.26359871916457234,1.1780732226828339,-0.8244449242305846
-0.42543857081518965,0.09647718608963114,-0.11044517747325587,1.2582200762941438,0.6335288410257158
0.08481379499678945,-0.5370827924757301,-0.07577362784844305,-1.1484870677630685,-0.6404075341448997
0.5584162787669068,-0.5766532113082168,-0.5163580217605903,-0.8298680087535225,0.13932984426461661
2.822221222459067,-0.20227606413136623,-0.28654511790394943,0.8329856483473462,-0.18763819113446578
0.7669271362003665,-0.20043908405658284,-0.3075246820161034,-1.3750079515442282,-0.46256500646877263
0.8581463956308064,0.25052805641824716,-0.05815388931989652,1.3108388561301807,0.5339059034349991
-0.6791210156830532,0.06451345952422353,0.25178170499109914,-0.8207631451878915,0.6556694573812083
-0.7704913343594997,0.47637033962451797,0.29448660970201934,0.8539152359919232,-0.7370054911337129
-0.44270406674787555,0.5215984016313844,0.539387400942952,-1.9781746421805044,1.2448375680407833
-1.0545329960994463,4.632844689763232,3.973369714866829,-0.0013400093684886609,2.0372538019534714
-0.1332917609974396,0.24889981640327452,-0.046591293382731415,1.732906017876919,-0.24441902408217148
1.739742995447326,-0.12502910075766893,-0.2348454693411357,0.8300500216505864,0.3263847299892589
0.003738023655738861,0.017499800319693407,-0.06979552053972188,0.22440285215387432,-0.41193633325740636
0.18198424236673957,-0.5352601050387114,-0.4202898725551201,-0.7863302474277006,-0.7084866307764843
-0.5718786967772934,0.1592122862774903,0.1962610317266098,-0.21974962670460577,-0.3301988105873507
1.0064289128073816,-0.2585076149864564,-0.2550757638683798,0.9660800361693168,-0.5071448700090926
0.33451251369813545,-0.5005606816344271,-0.4276384859667672,-1.674371442735737,-0.8385607966583359
-0.6949926467548746,-0.4249398243587857,-0.4534450870904063,-0.6137451698584342,0.04158179393082316
0.9731829581740339,-0.42165012277339264,-0.3494838259750886,-0.7084949420341611,-1.0656569714682136
0.05051788262275729,-0.43272544325652573,-0.4360245495729049,-0.6681807337388627,1.4250748040543308
-2.1931027106735876,-0.5110202365958271,-0.5472912009421019,-0.11107029890139829,-0.8957147262205832
0.6475486908912235,-0.06942676370646206,-0.1810302305145727,1.4629924328476325,-0.415630066510221
-1.243212417700092,-0.3376714651799038,-0.20066001109343318,-0.3320392196192003,-0.44175172354238024
-0.06321658761228538,-0.13319242294962974,-0.11739733996276296,-0.4669386953551443,-0.49319193946701295
0.08591373666198057,-0.2544725930242339,-0.34528790685878696,0.06330572153425887,-0.8145341615625645
1.1799697762851737,0.10144058472589441,-0.14327674543696337,1.8242033716827983,-0.22195511490404757
-0.3751668511249022,0.33952086609638754,0.5011053093909301,-0.6217434417349101,-0.5099358015773369
-2.1498145647668405,-0.10675300813112001,-0.36521850299287334,0.8501691643934839,-0.9408864776000221
1.0041139261707803,-0.22217669696010384,-0.3716289205526581,0.19690019864896405,-0.6174482739574486
0.9220259988162968,0.3656552075554384,0.3072319026372262,-0.051755790515570686,-1.4120811124738668
0.6018978631998194,0.3174674334892239,0.27183758062360125,-0.5370155378101126,-0.19294109545961838
0.35348152379654635,0.11485481631679674,0.08030596585045453,-0.2174824268461207,0.7212233386291339
1.355094103912069,-0.368466695686443,-0.31127104567532987,0.2952604527672837,0.13807841603667426
-0.1191927503739738,-0.9453614930569769,-0.7321995866487983,-1.9276168365926292,-0.3206639274047111
-0.09933938658609665,0.1470892125883543,0.013755457077945154,-0.09097764145273592,-0.43450675921591686
-0.08852196457806877,0.06561089154419601,-0.12986436513491031,1.5342284358047535,1.1897973728222886
0.5585730968697984,-0.7159093286163155,-0.5622045592889123,-1.1960322715755856,-0.4388954424899534
0.5702522062972425,-0.4416656800772161,-0.37336351134709855,-0.10280649170200863,0.16750967418481397
0.4603075807135608,-0.6370865980911034,-0.5507025733276196,-1.684548881000528,-0.8201294592479307
-0.9342397785234402,-0.05191092887515794,0.02607026498462239,0.18885604783997528,0.39781517079940765
-0.09128968596369444,-0.371286428936837,-0.41017472529149795,0.5130027146663866,-0.0036775698995097318
0.816811092860342,-0.3003109092134583,-0.2756518751271209,-0.7524533686569554,0.28520956497875954
-0.7720111557568666,-0.14257415029323234,-0.318014471939519,0.13377586391235788,1.4278653517783209
-0.8478490990972651,-0.2783174412068409,-0.32381145738108824,0.24294668428866972,0.9520980762718813
0.04792875963209089,-0.9542147612493797,-0.7673116442914012,-2.2370879145132307,-1.4719042949759533
-2.7685928839181293,-0.4057499240305255,-0.5293086994349101,-0.46000455451551936,-1.2836245622379339
-3.0988569768111467,-0.14257415029323234,-0.17640237877945592,0.8719585770585111,-2.339107207891589
0.700375718745848,-0.6770291321188353,-0.5863040423641835,-1.2755999626547634,-0.8204127363071196
-1.8552576733423742,-0.13489819016192828,-0.20524928140050228,-0.7670302547217168,-0.21245132310595344
0.6783342846673519,-0.4239147766428515,-0.40181873065314133,-0.6250640394854852,0.3745820377369814
0.2767877995566164,-0.29950488734391056,-0.01031411437631566,-0.16377654462003355,0.3839932271088839
-0.7048847385917492,0.6171384522073607,0.8582589543525029,-0.9292227528268144,-0.025327345415655168
0.07145952269905798,-0.18462505564214993,-0.12509364253247207,-0.513043827459041,-0.9142344437703904
-0.11664504685398654,0.06168445371399077,-0.030256558722196476,0.8042934078199864,1.4040912862014474
1.4378249559558065,-0.266486084706535,-0.2989080739223012,0.8150176114835816,0.44764391258617986
-1.4098223492527997,0.06621196527823789,-0.10024654201337749,0.3120238711040211,-0.49947182337875273
1.8483661110387108,-0.27391836380751067,-0.24808258107588743,1.2326353267048968,0.6604424647142058
0.6509456781388727,-0.22669957224443157,-0.26548607793817847,0.22793897374713376,0.726912582195579
1.1497502486083198,-0.266486084706535,-0.27755386715035374,0.6560384243231568,1.0408924795841148
1.2910511116203192,-0.20559782052626782,-0.25424761634757975,0.16138324051301342,-1.1623540562355301
1.2781022480810493,-0.12993139875128681,-0.2226808331919161,0.4881898459108584,0.0741617264916031
-2.5552725688385256,-0.4956683163332189,-0.1921370557972407,-1.7427706876492455,-0.5870358139359317
0.2572379570592211,-0.2541013375365229,-0.3187086544201896,-0.19437828366507875,0.8601257304226666
-0.3441415264730256,-0.5978176295648926,-0.5740055670522509,-0.3785001270925852,2.3787819135428347
0.6280691359804355,-0.29218558302414754,-0.37895058046257357,-0.2997416118147848,0.5829636940383278
-0.4454832320157737,0.3033455858376574,0.07388876664487526,2.1309737085006604,-0.14193212855395496
0.5099458999779055,-0.31144527318192156,-0.39668785702844295,-1.1672113799910138,-0.8458335896931889
-2.0236857793780336,0.28420923300727335,-0.04265762412828522,1.5339314982211087,-0.2520699037068635
0.07954229983280377,-0.5973619078118971,-0.5125330948590141,-1.3391547583570018,-0.051805881642639766
0.028966542031544994,0.25145847489768247,0.3293550945443873,-0.5645937251038302,-0.9028742852006116
0.28564728405496276,0.09992597962470579,-0.0687278282960032,0.5321062965628713,1.265198106670002
1.0048248496701844,-0.6317033858433384,-0.4959037441059981,-0.8162778641167657,-0.2379294652468787
-0.339585680024352,-1.0176336052618946,-0.6602436970763381,-1.5881190177244575,-1.2846947200170928
-1.9343047027666476,1.4622132427074293,2.114566595010009,-0.8040191077346559,-1.104888924944641
-0.7540623493052288,-0.2619062998537939,-0.3239645557884714,0.15136727134640127,0.9690020973970374
-0.4037338083700194,-0.49747442369635403,-0.47721237966447805,-0.10003045277383377,-0.6311939286025603
-0.2297295784074152,-0.2572620215840292,-0.345781550880866,0.9720585636139641,-0.017748820432775047
2.0455656875704324,0.07707639643272368,0.08866641340240733,-0.7027658023648711,-0.8414930788729847
-0.2716753938392762,-0.39287720072304644,-0.39395139214424896,-0.2817941739157152,-0.6306148995459386
2.593551560328287,-0.15792607055584046,-0.2708104408861646,0.553089154533175,-1.2108401108230564
0.17540135212575392,-0.35320249629621564,-0.35955401926647085,1.6216843633000813,-0.6421162168399952
1.1733809795243075,-0.7057977249276675,-0.608122579454926,-1.0300975283051192,-0.7827069475831802
-0.6719366940549931,-0.5002738924120015,-0.538299950188506,-0.5833614673471231,-0.5779471496981533
0.15579089396806237,-0.18862991108105667,0.6192477943314204,-0.4643168808118684,-1.0491931237409229
0.28415492797505004,1.746789363011994,1.8290788180541044,-1.063970408453306,-0.0315959059219124
-0.6942663663037738,-0.22625716060630371,-0.29919457092144097,0.7625425971153847,1.4415516065251814
2.602648634588923,-0.3421491137071378,-0.41467034280095727,0.6195962027838645,-0.8325190881059823
0.3771856432220783,-0.6501674320296622,-0.6350514721515353,-1.7549827105287903,-0.5958903331789874
1.0536242216166654,-0.663515972753761,-0.517320386076352,-0.908608278322966,-0.6029926993652222
-0.849910696030891,-0.1603500620057049,-0.36521850299287334,0.6826508390420949,1.0457929232093224
0.22113516642151296,0.3822533660011244,0.49338815837417205,-0.5955433570662391,-1.3001014606698484
-0.039856670632930885,-0.38171242460054294,0.19492213658981242,-0.7793917125674339,-0.09663255703805278
0.7899674366225569,0.2036520578827116,-0.002906857823423317,1.1743810527715786,-0.06048699924411195
-0.3273850248912484,-0.15211094738340786,0.32257760270445435,-0.4389812575250513,-0.6541885984224104
-0.42945648096552913,4.013312942839676,5.847472510860601,1.6068820493083713,0.06850271066013222
1.1135761367430275,-0.4073947748232223,-0.40258836091011224,-0.9575547346806051,-0.5866782630136624
0.5726245600082063,0.2243367439831016,0.201229869647379,-1.5622905944999053,-0.5514218804332875
0.1347850943195331,-0.658691094494027,-0.5885010595815,-0.7660179718529679,-1.0142808575339397
0.4423348528563978,-0.39012386452778813,-0.47536124211736686,-0.8977667179571046,-0.8286727767623444
0.4535243856170465,-0.9152201315382621,-0.7192487358930311,-1.957755806822152,-1.0375486325402572
-0.23193972431609533,0.30160807085425567,0.05725757493464809,1.7106914502334498,-0.4882419799330856
0.20762127042394532,0.4606077554948852,0.7148909341759633,-0.7660016457385346,-1.1733332493835678
0.4794226295160747,-0.2946605121454434,-0.2932585853430965,-0.7028312088608197,0.4406467197254433
0.3897407633796542,-0.6963188966884037,-0.6049468338577495,-1.5305701977467565,-0.3304760420995449
-0.37357910474888134,0.1585416836965792,0.11137447898899604,0.14626356853984102,0.4760016543179413
-1.8062289069299435,-0.29225537285366143,-0.2550757638683798,0.592947832348842,-0.15694888344500801
-1.0254224175306073,-0.2193337516062729,-0.2813002308095802,0.4638057162260808,-0.5644760396554602
-1.016577994657961,0.3088682549290874,-0.0313483250217524,0.9708080980413654,0.6996117556162258
-0.9998534621150501,-0.8100756433114329,-0.5861333683225719,-2.0139372445647914,-1.5230070158405695
-0.711503289446526,-0.18462505564214993,-0.1196207127640841,0.6809141996383609,1.510163287058697
-0.7470420812669164,-0.10773709692379402,-0.30772641631014847,1.400627727981532,-0.026539525568662344
-0.18775600233210438,0.3937350978693697,0.7837307912505296,-0.5713281707789036,-1.0524060920660483
3.02269714556983,-0.28074143265670537,-0.4438918880817973,0.7252786426968565,-1.5609345705820519
0.7483109668334589,-0.1516046871089076,-0.306907646656851,-0.037006848887803145,0.5731885243529075
-0.40939085161936023,-0.18607125258664872,-0.35931799911120405,0.37000496322567367,-0.40478896133243203
1.2741211798484797,0.23610655463507435,0.0071688583395923405,1.9029697120162274,0.828092488040138
-0.11394908968493732,0.7335626256798586,1.1479329421289892,-1.2182025163693235,-1.557953636108254
-0.541662343854878,-0.4703102293703267,0.04107334245978818,-1.356824805368028,-0.24026813232326727
-0.3655219471451269,-0.4607775926505423,-0.4161007665539672,-0.6244086607839805,-0.36436430779886975
-0.2529335632618615,1.2824845356206915,1.4011700281926525,-1.2023563386812577,0.07043575032148268
-1.3585963574439324,0.03612220156352587,-0.0631127042514054,0.41508246846420954,-0.3477359828088927
0.3991387748283236,-0.11512677444604075,-0.24482438577113774,0.4904747940414021,3.4094322350123205
-0.11652950055877746,3.0074479885906698,4.614806773136012,1.1455884002630652,3.0279039056728614
0.9067715252407412,-0.17634837487097002,0.018183132252041736,-1.256069656942278,0.4338238881169246
-1.121498017608764,0.19440049947101554,-0.12605141232254455,1.4570839673925031,-0.13858903702684405
-0.6509497952700907,-0.8355427749639504,-0.4508850708742895,-1.6784653562324323,-0.25166475609714223
-1.3371645500488505,0.038359191272671955,-0.13032225997080482,1.7930356776771017,-0.5020103773502262
-0.5642373581732952,1.5118402285944224,2.3337807777742405,0.4312403282580166,2.198949345333691
-0.5448489113316995,-1.0022816849992866,-0.2762833706545526,-1.9565518387887466,0.2664968697304332
-0.25364788301019914,-0.2920118760463762,-0.31663590968195976,-0.08466895660800632,0.405519884580673
-0.36657522730324454,0.11840849417110556,0.37081472544676564,0.10773486319858466,-0.050749350334485265
0.06151176191228703,0.059517514817003694,-0.1340993062502161,1.301125455781214,0.9487668839166326
-0.9493663021120345,0.4237822293015123,0.180566257849742,0.736343029015179,0.01894880135896887
0.7916366929729606,0.13823806296094762,-0.13870472033590558,2.0848581429892588,0.7686561245846617
0.06988447534078578,-0.1905897372217811,-0.2852060024816739,0.9840377863055113,-0.4385608262618394
-2.127511324194536,2.7128830185518766,3.2498235418431816,-0.5645481714181284,-0.6018823339004941
-0.5132629841114388,-0.2193337516062729,-0.24689373181913182,0.4342146338157297,-0.5678001308920156
0.44467043848108895,-0.6095283967315357,-0.48978470129522866,0.0790366151713044,-0.29397322126652503
0.05080538247805736,-0.5165569987500583,-0.12455532776233967,-0.728034093184427,-0.3010515012258437
-0.7813766075146831,-0.6865768751281579,-0.57433744285991,-1.4369646247198775,-0.22271656594221348
-1.6675185697070845,-0.14155068382508512,-0.24458597394496426,1.0347945600356532,-0.43122153221004295
0.5414009977827611,-0.7619907578148187,-0.5896086864354898,-0.7465117025175524,-1.1813630792476695
-0.2259064357502135,-0.20453010982392378,-0.31323788030255295,0.6283651119033112,0.005865374012456096
0.38291341704701554,-0.21216951703308234,-0.35158177766590076,0.38004935003522206,-0.6175516240227421
0.255566559595359,0.27558555278239766,-0.02507681319068079,1.2844397714323006,-1.448514649419104
0.03726217537557142,-0.5401174833136412,-0.46676205231102336,-0.8612821250489472,1.0413937801793742
-0.5069099313253972,-0.44807736351913385,-0.33689608436086077,-0.38438694769131343,0.18816913152655834
0.8493176250358512,-0.4739753775176619,-0.3594035170807958,-0.7754872266398838,-1.0559798739895994
-1.4562612543595785,0.2575992430027258,-0.05891678513510381,2.0726082447997065,-0.8055438574147825
-1.3568950582231631,-0.34061392168087706,-0.26609003778082924,-0.6994299371463454,0.12925681143836856
-0.7421844854837255,-0.5522785223015864,-0.488145667194317,-0.6978754487115345,0.6854135485960678
0.9120492960821014,-0.5450614464188518,-0.5601916692620581,-0.5346714904207982,-0.24864591700329722
0.37469597125993875,-0.8934715880675143,-0.6931622935386308,-1.8807236697300693,-1.3315698762331394
-0.2519459193059426,-0.15234355967922647,-0.2693800171331549,0.3408132265027051,0.34818574014133996
0.5986584323700472,-0.2751589217800914,-0.3738010612456092,0.09391718609669086,-0.2137007361515638
0.3172784699838274,0.13199872017589825,0.010866066867815253,1.0195271622364135,-0.34180280621925685
1.134661674409976,-0.29609335291931344,-0.46487145219395126,0.1761146379451537,0.6098010286814063
-1.43471175955583,-0.17467361853760216,-0.41814422905826687,0.2359590180277796,0.7328361626788737
0.0018156729283521865,-0.22223816604883545,-0.26230520283629416,1.0660380174161428,0.3153525663342183
0.684175906663032,-0.1030977773242743,-0.24158889560532484,0.8856244085413989,-0.15963579322051497
-0.4724407364243006,-0.17384657988921476,-0.28013470034416466,0.696934696862332,-0.2663246317933706
-0.9009433969765906,0.06439248639255418,0.14033084775805538,-0.41922638483305896,-0.3909342949192853
-0.8290515995699541,-0.55477320934426,-0.48401531447714846,-0.7887133754534396,0.20958552973648845
-0.724720530482974,-0.3825489046798916,-0.35196825280281163,0.1939414921834014,0.87588100165773
-0.4909877256770792,-0.21728683402189866,-0.2823491987876478,0.897213035322518,-0.001365771920876565
0.1476491992984834,0.21137290702886363,0.198607418232856,0.3025995067544078,-0.6003127947473446
-0.5641553313784209,0.2890706795410726,0.055159623243835894,0.8935354058569294,0.8864631079253732
1.1274195427185612,-0.13106021009627625,-0.26884360625894155,0.5395372040758482,0.3118985438178046
0.4296265323393579,-0.4324184048512734,-0.45039554933758924,-1.223736297498209,-0.2591144053718616
0.01667847040417485,-0.18521837665645957,-0.23934108685059505,-0.052762748264963785,-0.42913409119766405
-1.8658709512569498,-0.06581454898019178,-0.17640237877945592,1.0951671728262464,1.363249202042048
0.513989798815728,-0.3240632927803241,-0.34129317132283465,-0.7477233680588181,0.03864740057277963
-0.0399636524743104,3.600118127536574,5.3459266755954,1.2064416066699,2.2789394170390334
-0.31890673241984396,-0.41379141338328224,-0.4674939036084745,-1.4122093884237765,-1.2709191255201966
-1.2651236130151697,0.0777080511919287,0.07937760417172829,-0.044309003305353,-0.3267108178544893
0.5752855210469475,-0.34470777220154575,-0.5015857090585673,-0.7560469760297083,0.46316196807249227
-0.5677846663519645,0.2983138097485444,0.07469683671780059,0.7353761722843629,0.8989478341972653
-0.21685897625659437,-0.14482076565638277,-0.3107227865893223,-0.21281964392225167,0.1514042410293634
-0.8181113219483617,-0.16816068918155244,-0.20044147216433308,0.40233477684176483,0.06869827930736398
0.04297370627083182,0.19241262537197146,0.17218123273228755,0.15567429165555832,0.593972443193896
-0.47568836255041164,-0.05518629176702613,-0.18971633867676255,1.312979515847032,-0.6049133600493924
-0.15829206621127165,-0.6044264930706633,-0.5409539968344808,-0.6092090992656884,2.0069344241634637
2.4497406478605557,0.6710776236249976,0.24843390070073335,2.8999681043196492,-1.139700527996106
0.34246933429538073,-0.3458833608475755,-0.35075960932236755,0.4536363644898449,0.27087269422197274
-1.3462484084712485,0.06138707166658412,0.0798480710145598,-0.5817823047963968,-0.6465254357816017
-0.11911596561549594,0.25768222013174513,0.08045558689421678,1.0582817355444212,0.1936584881979188
0.6425263770347978,-0.6494945573645523,-0.2239211033731659,-1.245398162394226,-0.6253826225634566
1.0147185658000268,-0.1415837058055695,-0.1824932250490093,0.06881907588793702,0.42668236981681784
-2.023284505183489,-0.5377192216821365,-0.48972767882571616,-1.2056836709540366,-0.4131225079622294
0.26508211078969923,-0.22971888045823954,0.13320053725535305,0.26385583240326216,-0.7207805864543158
-0.21825439157892831,0.08506846795415504,-0.1570121743928684,1.5583974816866486,-0.30177936589181603
-0.9624344773529377,-0.36350830177618537,-0.38368964489485213,-1.032385072032762,-0.6483745095124674
0.4213418260571145,0.42739634766589474,0.8517214006024147,-0.03418734167994917,-0.07918021439656597
-0.0028459002262257926,-0.5794746946775207,-0.3144032376865213,-1.6244230858977466,-0.6378391362827058
1.519127463828862,-0.6683774192875601,-0.4399582188273511,0.2310310377825854,-1.556936256913971
0.6582155704737362,-0.6280953161355395,-0.5250280962868988,-1.462553787461932,-0.29480961789521487
1.1693983608302663,-0.6743476122065657,-0.5671468528095523,-0.5250437957952179,-0.7610447930898546
0.3916308497421802,-0.2934890071102037,-0.33248475751618556,0.6095745960058612,0.6214999298050256
-0.19020359034007753,10.163681647553707,9.914770476714963,2.5959792527196996,3.172322427274446
-1.9149923762000436,-0.6324399709775383,-0.5568954747123105,-1.3131666134387068,-0.05782187262999952
-0.5970006763007133,-0.9715778444740704,-0.6586239536894503,-1.293727510758452,-0.5616593905222216
0.4191001540985593,-0.2749418149237377,-0.2837478384930816,0.8362452017356733,-0.0890916487920299
-0.4927405592838267,-0.834806189829751,-0.35463336092673015,-1.9417452073050552,-0.34131522805606573
-2.704142415585957,0.4100949791606597,0.6764171155844794,-0.6356560526412782,-0.24953442048941923
-0.04416902079943205,-0.15600708052301443,-0.1823028826611252,-0.11095641787583764,-0.17167142171564376
-1.7041226023883544,0.4337133097597918,0.04932972085794536,1.125091843671667,-1.6418956722880498
2.0185887654777903,0.578966102049349,0.09108713052288547,2.0499533312385063,0.5528811481528177
-0.6717148304018927,-0.39091404321562473,-0.4401896129875747,-0.2962289335014686,-0.04190145240480489
-1.054855861242545,-0.3922827283147174,-0.39029564448996784,-0.6733623618548993,-0.04577904705511502
0.8079798858259328,-0.09494383515559385,-0.21352007276280782,0.45023332623877027,0.3184628563214943
-0.40272549159451115,-0.011443159599481457,-0.20721611602772538,1.5487589263685373,0.4151139757394369
-0.3279888188862773,-0.47901292592879396,-0.3724920777298227,-1.296413660396417,0.2168589944987852
-0.23858898907426426,-0.1467917065873772,-0.26579609827946,0.2566457164558304,0.16419575482097998
-0.8686631583440952,0.3138256509645279,0.0674851149962083,1.5171377107605706,-0.8683182264610095
-0.5006767070614806,-0.26095451150135246,-0.3293784018446576,0.2856640009677221,0.6504557968450276
-0.18476198740346483,-0.24769439783796654,-0.2789262142104908,0.9607049754841882,0.39641087659745167
1.251817865444678,2.602860918219211,3.002002378813071,-0.6336365441728216,1.8064140900988694
-1.100535704712873,-0.45046544682750395,-0.3931912656321967,-0.15019507323156958,-0.6564409005417289
0.031879268480295785,-0.5655842925758332,-0.49033761784563334,-1.1261617440143799,-0.6568533411922691
0.4704309128038503,0.2416108781817906,0.2602018499076574,-0.47527813200416863,-0.14853511336619915
-0.001241763257530333,0.2831857665391257,-0.005628689457990593,1.29796812555236,1.2282276675749808
0.16666524006146058,-0.4513670651045269,-0.37870537125592835,-0.616523887289758,1.0116323200120372
0.9198837778862705,-0.22700971173757695,-0.3101471334306266,1.2705453552151813,-1.203640056274269
-0.5331816149440218,0.042258901409699845,-0.12544702764361446,1.0367992857176822,0.9352465458484099
-0.011841825333867732,-0.6253067472832785,-0.24167214778142593,-1.391541924199293,-0.6093745898873676
0.007834047531528558,5.542753648508666,4.921632974982815,-0.35037421141440717,0.854833285853425
-0.5986539850474335,0.17655971054351338,0.08155095643480985,0.1733446639133959,0.3681188681941268
0.061661270696823034,-0.4386826484509887,0.07099121013737317,-0.6981267305712614,0.2766926367567839
0.8846688110184595,-0.3072583900244612,-0.3909661620164037,0.15537202257516936,0.017076025245440735
0.9675153570204007,-0.13745684865633623,-0.4631231564958283,-0.12858281166291952,-0.050103628338792956
-2.7970707265445127,-0.019758788192367448,-0.25822269927193686,1.3642929654376306,-1.3559862092074226
-0.06164168791701092,0.1581168346552315,-0.06444409394726525,1.6379197211183396,0.785408815112819
0.7906968918280951,-0.42063365678088493,-0.37511896632326464,-0.9736863005018312,-0.08142349617592386
-1.5511874456685237,-0.6717036737950987,-0.5309570956686475,-1.1313917127348714,-1.0285602476137434
-0.6303168446891699,-0.2749182957818954,-0.26646984141468444,0.7426515289156432,0.35386356434123933
0.6977725677704596,-0.6571477659500271,-0.45962656509958205,0.011247335576145219,-1.3899260059977994
-0.8112948288460087,-0.38093291549728897,-0.4033129899908123,0.08921805843604243,-0.16484475166458845
0.4812086872971636,-0.5951766694259569,-0.5201335575110076,-1.268640841584578,-0.18772148533750654
0.32327019141603236,2.1785813717058566,1.993297189175128,-0.2719854762511324,0.28730986477363507
-1.711601954684565,-0.12722223003062422,-0.2550757638683798,0.45423963355032076,-1.1447228421718452
-0.0961966750194061,-0.1354337265483692,0.2213556229805168,-1.6370246906829553,0.46529268752446934
0.5864273586595448,-0.3882048744949621,-0.4756422162448733,-0.9658681133204206,-0.6126659584013
0.8273642719351088,-0.6121622949871509,-0.5080646826061185,-1.1294159722833508,-1.030378229960064
-1.7920394527207704,-0.2776710486041839,-0.24563495765770907,-0.2121974595276319,-0.5959583695729456
-2.6677489503385123,-0.130013485468931,-0.28082342289191026,1.1601005813446081,-0.6814142874891129
-0.8310553864402263,1.013006752559836,1.0709283768845717,0.3553901125674665,0.7838430184411423
0.4311910217933388,-0.576686832013592,-0.528453094902714,-1.167201093263443,-0.554777926703959
-0.7973746381119972,-0.18408119851492674,-0.2772208584459494,-0.40824310614105047,-0.004371176465844241
-0.7785890992874492,-0.17194303388817275,-0.3075817044856159,0.2617395470650688,0.25305646722803155
0.4535255669210243,-0.15242969930382022,-0.2642057630039184,1.2232660757462737,-0.5537689920832561
-0.2551178681460542,-0.18256994013235567,-0.2414114399179182,-0.43188170636118667,0.6087243455499353
1.424187539861189,-0.3829276519046906,-0.10756316682664746,0.0686069256837423,-0.8062742170684032
0.75683739744191,-0.22199081590956443,0.12951605808083735,-0.4236324140979103,0.4217445973379436
0.2591485685783387,0.2661543308478681,0.17097087417204837,0.18418176010734194,1.6064915934593256
0.720384940827134,-0.21012259944870812,-0.293887972423808,-0.08124841880302348,0.42843385114619464
-0.7936874192436026,-0.0811664692427999,-0.17236239031240064,1.5211594832391135,-0.435374727034469
0.1192542694449535,0.2172364808616453,-0.05872010167238145,0.6940560138670465,-0.23869225973993236
-0.6450782715175024,-1.1066747427850219,-0.713269558626273,-1.9185315133452108,-0.7365861412866069
-1.072182341993021,0.22894232006188378,-0.034790285619392826,1.111748382797564,0.14582113039905054
0.00206596170838954,-0.7965659534803378,-0.5288591439778352,-1.7818003049663467,-1.049973287186454
0.45608176106334275,-0.688890762605899,-0.608834715202074,-1.5534282247527162,0.44006461991479234
-0.02329788980423377,0.10388640660637259,-0.04882391817413891,1.3616385943263138,-0.20316497907754838
0.14509381730264678,0.039821277454642146,-0.013436078847445427,0.027258292226995287,0.5729856626648568
1.7343160111474256,-0.6541858125103203,-0.5192719738015447,-0.6873870553632851,-0.0978678638073419
1.2663456894116412,-0.05813858884888773,-0.23934108685059505,0.6883808970553216,0.2433502935472036
0.8704327691337093,-0.2620195816734115,-0.3487162884301611,-0.2737937018402239,0.46021769072491714
-0.9378657910795486,1.995304559511865,2.6695438845946318,1.0453823960020119,0.547024836374974
0.9053236895544468,-0.31144527318192156,-0.2585723552646261,0.4042834261471473,-0.5477705619705006
-0.8220545884536806,-0.36711707767231677,-0.3666017699188609,-0.4141714562933683,-0.05490177747040426
0.5580036345215871,-0.03120293855980964,-0.1469356242919709,0.4177725657056249,-0.7537535755308267
-0.22752917825654134,-0.023980566264584766,0.02500148704818932,0.07956806208305073,-0.00909159713609255
-0.052992697020989604,-0.0792993379966205,-0.2134001273199011,0.9383178867283559,-0.18223846209633124
-1.6733157451406466,-0.3871083021825244,-0.5540346272062908,0.049275466943143796,-0.7674243805464782
-0.35985412449699977,-0.06533480147198528,-0.18459751781465975,0.38176327318129544,0.4100556761649187
-0.46820856726520976,-0.3850286082483893,-0.2680975622828202,0.027724294378462435,-0.2595000728857102
0.2042536681127148,0.1678224875163754,-0.07560210413427211,0.5066537948779228,0.12191943660784021
0.008553240158769876,-0.38974006652122284,-0.3435396111606638,-0.05956529807130005,0.795831338132009
0.44406487253009436,0.05653560388095524,0.382655463269574,-1.1439725654980628,-1.318238869343026
0.42873427867954716,0.12096715266551351,0.02028108394285393,0.30277665785078606,0.4922834639079414
-0.10770515985373266,0.6232504815176722,0.6094237071232733,-0.76420948479095,0.5984275315238129
-0.24092258124849683,-0.1141091263556732,-0.12460906168435525,-0.021141532656997183,0.2688336175855533
-0.07879392633094177,-0.37285295423235404,-0.33853796643831263,0.5133460094866771,0.8862753121242782
0.21662251139948419,-0.24332112701659808,-0.2800545636341133,0.29081905450608597,0.8789253663944427
1.0527449623005958,0.16446425495892988,-0.14009159050293005,1.3684137404944787,0.15701585209550895
-0.2301714599261539,-0.27655454949924496,-0.24613560361106096,0.7652822594198376,0.9541186324230617
1.7072659220397342,-0.11187030976801611,0.31871546329173106,0.026742029877149708,-0.9866045353134594
0.06122632933894495,-0.5651406067283237,-0.490946534111545,-2.077018493665026,-0.4970488065276261
0.22747101646839496,2.2922404033564145,2.722974111609246,-0.5346807376340513,-0.8815762069818671
0.662226761957708,-0.15394594706047715,-0.22069258366927172,0.6008014714326491,-0.1024484692082006
-1.5845421540992166,-0.08884242937410394,-0.2944124564128418,0.9219147844616846,-0.6443421296668757
0.363878992240901,0.09090296524995943,-0.1748726220104328,0.4071178181796449,1.9876883773246992
-0.7270849103920971,0.34157992704968937,0.010082684503130658,1.2101963642714093,-0.5075763109501883
1.5126185527494116,-0.008793126475670347,-0.12245492146191242,-0.13293563437592923,-1.6706048234340223
-0.4301436307224048,-0.6098278052324175,-0.1218331814342315,-0.5609863298172473,-0.47261980669297265
-1.2733672689842268,-0.3291590249692507,-0.3268904504492825,-0.8254078864798339,0.0383959825866429
0.40069322319850376,-0.058346039347396184,-0.1983033498430944,1.262961435021112,0.4889305843523628
-0.08997053857934886,0.1724739504848236,-0.06968021682653575,1.7229240210585823,-0.16689860630477307
-0.07574461160989872,2.6488806480501794,1.3386855487776625,-1.0803435242394834,-1.509448965074426
-0.20250879087510784,-0.32167989180763357,-0.08723920376711639,-0.4354060552953672,-0.687510981730801
0.07193337325666292,-0.8124026720329192,-0.3751561945690889,-1.573937721065281,-0.9018548908239967
1.4654942698417208,-0.28639740247177586,-0.2608727493099491,0.623240427488749,0.17895120773636541
0.29690045956735056,-0.747189894730037,-0.595932783557155,-1.9632355204517542,-0.841694501145084
-0.9304579815054204,0.02629697259545689,-0.08199431667274719,1.5288295874607036,-1.0272493235264863
0.5642528063891903,-0.3553261734819028,-0.36849655546001947,-0.48897611827962356,0.48679257185956654
-0.23109457515235243,-0.11239969003443155,-0.16392315923261971,-0.012079410348762257,-1.0743235989491104
-2.7820527352587674,-0.6031317581714757,-0.466369991363771,-0.8918448599862293,-0.7107093768882723
-1.9544687495003654,-0.2877195712524725,-0.43960061682276785,0.1362398572236492,-1.0698115097475271
-0.7859402801022005,0.11762789508151265,0.07588582758664945,0.12764168354779973,0.23860770587130742
0.8857093183273301,0.4254468994232678,0.22089821591960995,-0.31423567473573943,-0.9860476732624855
-0.06761989818498323,-0.5570759973836513,-0.4204572580492353,-0.9280932344261797,0.37533341286348904
-0.11976191739618962,0.01960511660874663,-0.12536553775133938,1.2719353006505807,0.6934705354411149
0.001236390990837272,2.076874899966078,2.95817006875915,1.657971703583465,0.9090701910101061
0.4960071037062626,-0.2584113584464099,-0.32612022227458487,-0.7011305761922769,-1.198575711152756
-0.8288566105823203,0.3243359747262368,-0.09067551561570737,1.379070911428071,0.08703010509501212
1.6894382730771935,-0.4366224668075075,-0.3736910286492237,-0.4820100458560274,-0.9317901364771709
-0.07581371789252828,-0.05366094032165376,-0.04167420681467367,-0.31396994809117207,-0.7834197463621968
0.3745245345203383,-0.9808419300527005,-0.7705220848514018,-1.9892897351143963,-1.489464881696968
0.35175467887728507,0.30035351193039506,0.02429089329938925,0.9817319458504036,0.22750443506827958
-3.7252710972040437,1.4540255570180112,1.7589628944080729,-1.0699562061207861,-0.7002015444837095
-0.5198633724175763,-0.19027476187375342,-0.3123949421853564,1.4764438947951446,0.9342142926892985
0.049409745661227314,-0.5344437820306672,-0.5204564960221209,-0.22475499655864795,2.4962481391473745
-0.5349958763575516,-0.39303788927243527,-0.37483413719988873,-0.6623347922001018,0.39971875041429067
-0.9256985816152823,0.2796036569284907,-0.10472217648302438,1.7860509195053456,0.6351506789584241
-0.8320453930040975,-0.44777032511388154,-0.3337491489573038,-0.5675455439898667,2.582868832451224
-0.4019908681840759,0.5825482116599843,0.43725002491415077,-0.6171616261348088,0.2073107727283318
-0.11273146061107868,0.30428481631932347,0.2026823062135367,0.396156343778748,0.41740965225941723
-0.898347038499068,0.03416975969644788,0.007572311193005252,-0.4020474094874982,0.5895847195304934
0.5569994523099969,-0.6105884007699082,-0.554484182663366,-0.8779968137605336,-0.024556586154338377
-0.7300710991818916,0.2634173905034503,0.33377741992829746,-0.09684990885102024,0.2569785878117641
0.8500095738401311,-0.14257415029323234,-0.26375696281134003,-0.24474412986059396,-0.39267119016702356
0.7359520907989919,-0.18569752543977558,-0.13291102344183303,-0.18439490933083677,1.0139839418319863
0.23568048845362896,-0.6245895516243702,-0.5239956969237309,-1.1351070261888139,-0.845157160157205
-0.5209071283123816,-0.01208282806106339,-0.22360640983281027,1.5916924173838967,-0.6455111273413481
0.21251482214692374,0.8361107664480348,0.8148822733409856,-0.9790784207010654,0.7375449720604493
-0.0421311976083357,-0.0021040798903680306,-0.16806299996002996,1.1401277614023186,0.7216897093973109
0.581178898923105,0.04633122853816058,-0.08600665931228224,0.7083466763607613,0.012222698502368344
-0.5531601231219176,-0.6042283304839134,-0.16478869234601404,-1.2328832964693324,-0.18077160128103142
0.057672523988406256,-0.36443416073530327,-0.37473544930563324,0.03754929902531263,0.536057638359863
-1.1094840085039597,-0.44769356551256856,-0.5053554701825191,-0.8963716642335563,0.15842916663742565
-0.1532878410719878,2.0220466067345115,2.356880621083895,-0.786162420073237,-1.1168848255595176
-0.30813006539900695,0.48344304604910315,0.20764028720716374,1.3521523055348466,0.22132502238993104
4.157394988697738,0.5943180223119571,0.4687193789497204,-0.6075955434590488,0.49174416273157184
-0.6855885072918254,-0.39670325234665443,-0.4155132809181543,0.7329087351833076,0.2548221507947931
-0.07471613883528855,0.36230942540532624,0.48866474994552644,-0.6841242048651294,-0.45386354512185756
1.000411350350689,-0.20378993234038237,-0.25232219539026757,0.25064150726789386,0.6206382954166586
-0.30274531271626837,0.1431421417773163,-0.09598069799240898,1.1437061842131715,-0.3975655882452358
-0.8043046102276001,0.04206380920700257,-0.0730638175071172,0.8097359476523106,-0.2602217000825605
0.5584542281571552,-0.4688024558736547,-0.40026392427830587,-0.6436857650428153,-0.5442375634988995
-1.9675430527556474,-0.7003605813840205,-0.6169733352774299,0.01101113624010345,-0.420352502362801
0.5806656961767789,0.10351257199605789,0.20076250253591954,-0.3853972280600888,0.8403895144719989
0.11167206987128347,0.41521228079755534,0.06835927071260828,2.1831024051664403,0.5201534355543851
-0.20310283911233049,0.3712145677362959,0.3210357459688049,1.3676965521441118,0.42808138616028596
-0.8054437564185147,-0.6704440180337111,-0.5588760614472471,-0.7535396228543416,0.2702224620562999
-1.1033556249679641,-0.310777802392744,-0.3775326028390848,0.6961644805269998,-0.10942339910222583
-0.4301820231016432,0.0029889503605926514,-0.036168501714057666,-0.41394637274539636,0.16610403652797054
0.5307301312993268,4.034413113310053,3.616597683026969,-0.8952945870981504,2.2751768797037535
-0.6288818556836209,-0.645239880127212,-0.5625763067681343,-1.5064428918722694,2.62493038980445
0.03408025928315747,-0.7036664638933705,-0.5573764995234212,-1.7139313462798862,-0.8072329640529421
-0.16959227238822785,-0.4496125555453946,-0.4438918880817973,0.41916399707253377,1.5595110719956538
-0.05513683756997927,-0.3355697258882715,-0.3753336502564955,0.4136976632039014,-0.7864921317294253
0.5762236978988472,-0.5366067754841471,-0.44651433949632047,-1.1092834370247073,-1.4458219819797926
-0.9625833954854848,0.09647718608963114,-0.1841091606440588,1.3528657248486393,0.06435085929059393
1.4249509575560542,-0.6753760834007185,-0.5484812145649568,0.1411848906055612,-0.9006545138817892
1.0345442427759537,-0.6875673196158203,-0.4674939036084745,-0.31423567473573943,-0.13151382782155424
-1.6587084784812578,0.1232059692531706,0.15697609053485925,-0.26720243491325235,-0.7190341910612998
-0.450367480969937,-0.0752237869649049,-0.2281745484686446,1.4128022645717635,-0.7382154641822615
-2.9281216364462317,-0.48799235620191483,-0.4438918880817973,0.1321815167997312,-1.5744233374604126
0.01854618582264315,-0.18205052326219037,-0.2460845131147842,0.40549816558964596,-0.6814282978043706
0.2647071206086343,-0.45082855044555514,-0.45448552687353033,-2.182778916283991,-1.5327742207577266
0.6137050702772235,0.05164549531202564,0.5290966232144573,0.39365444327050686,-0.22154516924115594
0.7914696861232716,-0.28074143265670537,-0.3483599137303853,-0.20187216151161574,1.318174179414527
-0.16387645926605268,-0.457878965881919,-0.4144109881196732,-0.1969197622460442,-0.02617573717727145
-1.0825165368431304,-0.10017360496033348,-0.04303225105340166,-0.34308576200463803,-0.3383118386934297
0.9884547821517478,-0.1830474002044427,-0.26365832212111573,0.5783088305205728,0.8971860850341039
-0.3596149104417432,-0.8165234498217285,-0.6043855936632022,-0.7699000795244448,-0.7031821910743173
0.1964040508513441,0.013503710827256725,0.11521363003859646,-0.5782595565867177,0.9783382452173531
0.19110361373993395,-0.5096556197556041,-0.5407475736066846,-1.0058280194229625,1.2656823261959738
0.04941203443768245,-0.09091945207411306,-0.24322848041993184,0.9206518128303347,0.1457206591656593
0.6905019371206104,-0.6260515303428984,-0.5575804681416027,-0.5484026008518649,-0.8984855059655114
1.0936036089165138,-0.41759284052678924,-0.4308545910104944,0.5173757792103372,0.6483051174918614
0.9120219045961423,-0.26936963588946056,-0.30635915155068805,0.2592568871377829,-0.3792077570094032
-0.6246814340689002,-0.09328641114020236,-0.2451380722921643,1.1318651276424045,0.19584352161178603
0.24290711553035046,-0.43572737309659626,-0.39197747691236784,-0.8539577135457058,-0.35271242759632143
1.9770585475511893,-0.48415437613626283,-0.5422336194429522,-0.3700378236776733,0.07257088398237638
-0.36642032881931536,0.03804912853912769,-0.15068431668339594,0.8736298928723469,1.5992897156503336
1.2902448716563042,-0.3174154661009271,-0.38007902429425816,1.076743605482851,0.2050174952349369
-0.9723671765140075,-0.4389842983322289,-0.39547749846820396,0.3313522623207747,1.239296392395181
0.3216373339944054,-0.576389695596909,-0.46622498058037537,-1.4303472296324242,0.14852166664556152
0.7810260729923328,-0.42640616302266876,-0.47353162960841577,-0.5949890791038399,-0.5094297029289075
-0.6236912060105327,-0.25571112454333983,-0.319724768392644,0.15699787398674175,1.3515699729364277
0.16267154664264177,-0.4112327548888743,-0.27474411014061084,-2.2880374001675703,-1.6013334105895562
-0.701941445902604,-0.48966104852677944,-0.5294064432485447,-1.1505053964146619,-0.5631523527467694
0.505355869545411,-0.7566509607975568,-0.6090398796557087,-1.3974806567400084,-0.8235933657538757
-0.3173578214120537,-0.7361817388980526,-0.55927951430066,-0.8577308890450593,-0.41184680158524434
0.046957653931844326,-0.8487624823732055,-0.6690605446698686,-1.5920590703473958,-1.121684222184953
-0.47626786598242266,-0.04953781368904404,-0.0922313290098721,-0.27189903712807423,-0.20604227560286234
0.7528806197723585,-0.4205535658128751,-0.4866003016256923,-1.0884050789415536,-0.047319797889241205
-1.6204690781074116,-0.6530254990249521,-0.5146979346618288,-1.388028455089809,1.9209047550491622
0.4706278952419427,-0.07502570113775656,-0.14038744963489577,-0.42605255010882803,0.2880605681726988
0.7029249727273049,0.4679599129240102,0.3295280029101352,-0.5516707509598237,-0.46766629659969916
0.44146371500516757,-0.7465784277459775,-0.6124166829558184,-1.7501580694860475,-0.8927281300440444
-1.0011195246519489,0.18083964168968522,-0.09248410659616278,1.804757929878424,-0.5087339852191779
0.27407456581690925,-0.7491120779622775,-0.6468973237443748,-1.834616471352315,-0.40470720250640574
-0.6228421437773668,0.040951086674448314,-0.1606677017616711,1.3754823868339132,0.5888361272748245
1.1954759414392395,-0.6590919791878446,-0.5824585659744222,-1.1476163374083672,-0.7862056879551437
-0.2549662920795591,0.4254468994232678,0.09772519738976343,2.62095735960998,-0.7305542207627214
-0.7368180430126229,0.1415930255593772,-0.03238192022037376,0.7024371777687026,-0.2911341172444483
-0.8533025150736432,0.262492667586432,0.05519239857606392,1.0834752961261134,-0.7504353379191395
0.062373154005708836,0.15529892828334893,0.04693609885129186,0.39984146029837747,0.41772824298994143
-0.21778785033967782,-0.39692755925361145,0.29724716437672755,-0.726881692714032,-0.7633320250362545
0.4772533124260848,-0.2827223216320301,-0.3246128874203121,0.7623086426200777,1.1003993744211995
-0.7475095084841491,0.2861282230400993,-0.06822647428218549,0.9073530829588231,-0.8316401807262013
1.5122171308918704,-0.43984314615940046,-0.31157755718363633,0.15624166239644555,-0.42657423387011356
3.0250556189590707,-0.35366305390409386,-0.3121139680578497,1.1892336524712206,-0.6885228911444696
-0.8005690317276637,3.367689409980036,5.048473746725507,1.6468763486668274,-0.36248625382685407
0.5397608310427807,0.47286727705131504,0.8043924834175703,-0.6301289805250432,-0.9735948060636461
-0.1946242513149306,0.06723543174638512,-0.01708877397438494,0.74520798160469,0.24576275468135506
0.22028809763880774,0.0016669504510185,-0.10062104306107787,0.5482812796446682,0.1942356939943355
-0.6217869440002879,-0.44347178744035126,-0.4273704772131233,-0.22176354220339195,1.1313018116324929
1.0736361016318983,-0.5877798379088676,-0.5540346272062908,-1.4366560420249228,-1.3191858131167655
-0.772241879189792,-0.2838118167092268,-0.26136963467549384,-0.716011147117663,-0.4760595310109381
-1.156311414956036,2.647637357435792,2.9318519490203396,-0.4970541457760618,-0.8300281308219608
0.25030887092160037,-0.269591087339248,0.11791889305826425,-2.3692316250388843,-1.2903387659226715
0.8197075763794149,5.118017198144454,7.089203940095755,1.6944484331716627,3.0712392501818058
0.2761118721875161,-0.9481394844361767,-0.7365400445081854,-2.1529356655569183,-1.4873816629713796
0.2631906216287004,0.13376041443371367,0.5307325261146425,-2.207569763917199,-0.5312825320552303
0.9920792442463855,-0.086283770879696,-0.11171537501019377,1.051234051680824,0.4931242747455483
-1.308565402270371,-0.15873407282310187,-0.22484861537933332,1.2195262476111275,-0.12876761410885973
1.0507808967765366,-0.17327799081844855,-0.22990028063992426,0.7550397909250172,1.2515637668584472
0.8484546086494604,-0.37797025586925015,-0.4519340545870343,-0.8351974519790653,-0.11444724865497954
-0.6833611586439867,-0.356803212434209,-0.43817019306975813,-0.7015170841967084,-0.18007137340132157
-0.3084950883277705,0.4906925605393523,0.13829116157623983,2.1490306142724824,0.059971868083961974
0.9120067691389449,0.27442685124865734,0.42114942224764035,-0.5344780450969288,0.21265263724522937
0.787440184427665,-0.5916178179745196,-0.4837905288812724,-0.6317385121995702,-0.874762203791182
-1.3568950582231631,0.024761780569196166,-0.26294310237727225,0.9306305508031733,0.5829662849870398
-0.2575799271277396,0.21614905829368405,0.45246021794290175,-0.5844243675480039,-0.7235758362704136
-2.6835547975451375,0.8655352854020074,0.605086585015414,-0.25683917868117895,5.379845467885
-0.14890741826383713,-0.07048687520827611,-0.24618225692841852,1.0277886799533493,0.3354331865414677
-1.0320379412939444,-0.4262008771449171,-0.3494838259750886,-0.7319546182439298,-0.17258698622164753
-1.2321408676741021,-0.12386399747317871,0.2336826409965601,-0.24129429433306882,-0.5879820859822272
0.4024146045868745,-0.43602521570161135,-0.23572392062436168,-1.8014866462420507,-0.25069775646115017
-0.7807865461783817,-0.031163069622887514,-0.1701085079723419,-0.0421945036359256,-0.2322338882502485
-5.609127927041247,1.7610639622701736,1.5858814472124403,-0.9519745197864118,-2.339107207891589
-0.2135220140172545,-0.18618755873455825,-0.2826114486495032,0.7193360773456821,-0.22794241353344727
-0.4936764473592723,-0.6234730525194313,-0.49424285453870864,-1.1345272641821669,0.8448629313650272
0.015870606147191976,0.034484658284874445,-0.22360640983281027,1.3540891439168197,-0.6134644504099425
1.0051635885854693,-0.5907040102728079,-0.5435448372828752,-1.1603025446287611,-0.3499614158304562
2.087293109429623,-0.6850086611214123,-0.6117284481830607,-1.4876751496289766,-1.2774678923316138
0.5211494607232784,-0.057440767313350814,-0.24506278186263425,0.41162708460873265,0.18002673933507574
0.22716550172745137,-0.3977998246590922,-0.3022797949217342,-1.160833991540507,0.4505220727610647
-0.24157798346100237,0.037619013789130545,-0.10028587870592191,1.2279762873080493,-1.448917206080113
-0.8674895328433644,-0.08574912490462983,-0.15174355940555614,-0.3356522780267271,-1.0382398400800064
0.34844119505447924,-0.3735507604159707,-0.3409012677223527,0.5565677329504458,-0.5432838064896581
-1.1464061811124215,-0.3792054713735794,-0.3440580687683998,0.6793174610050647,0.07919613176133196
-0.05162969372651304,-0.10625374833225969,-0.156957905491834,1.2493651680914422,0.6984163686493158
-0.6890491372912138,-0.24137752785559127,0.23592684651025275,-0.13517823026977271,-0.20932529550427795
-1.340389436073412,-0.038653455742057516,-0.2841244007834713,1.0259970355742294,-0.1648722924897874
-0.8888441124909772,0.028773083814613076,-0.023116162291525723,0.24183145123816469,-0.5284063870626774
3.0853001283141315,-0.042786668586279615,-0.1816472658738251,1.5596536295123569,-1.4331062774282706
0.5338487737974945,-0.49912790226823794,-0.43901635679574347,-0.8288280480188984,0.45996579293346357
1.1472232917394214,-0.659422137585012,-0.46224901651410527,-0.4800477744489143,-0.4114578713952398
0.08595427015467742,-0.24357362004915717,-0.16977724581708656,-0.7925398085237437,-1.020972990174093
1.2727228112662055,0.3584567074962214,0.15545626234703436,0.6209213794621602,-0.059790897690128915
1.7232258555838054,0.4638267000797881,0.49232139447639756,-1.1624283386531338,-1.6082895321151531
-1.2484550447481495,-0.14696040883914335,-0.28654511790394943,0.6551273697412825,0.1382681310590377
0.25992520211144193,-0.6708608226688411,-0.6123454835423129,-0.4447845662220211,0.03599244583138865
-0.10941849360876338,0.13900252718234468,0.1985434567707783,-0.5708866705538634,-0.739510362771929
0.6709500273412571,-0.10459835077034299,-0.28654511790394943,0.6396873743010177,-0.3858438483885241
0.17057734967439725,1.0954671512951142,1.546678106055704,0.6865819441890376,3.6330387857512583
0.5129285448557709,-0.8748607468196391,-0.5477407563991767,-1.9895756206838557,-1.4058426837415205
-0.16406266230536085,0.7096621114343791,0.6466261323423661,0.16389839323445532,1.156106882874654
0.42664049121256004,-0.6264439254248109,-0.55927951430066,-1.393431518887624,-0.7227072926854806
-1.4022868850177015,-0.20462149980524671,-0.35603994664405797,0.9708080980413654,0.11343062497744388
1.564351988447718,-0.5877798379088676,-0.5225652731707212,-0.9487858255611584,-0.37366159138850363
-1.0966633164461492,-0.27104548220916774,-0.18302751174182524,0.5060978715493036,-0.740966955753444
-0.6592026063449662,-0.39514979153528107,-0.3625960515783502,0.6402467988158961,1.2054609052807317
0.6765069550785806,-0.18822590994742575,-0.16108177552207106,0.27584058429059644,2.1472855401313113
-0.6647429219951212,-0.23767076065242365,-0.2749626490697109,0.9841828974023139,-0.10584040491658743
0.00206596170838954,-0.07837521380449312,-0.22503683358582,0.4701831046765875,0.14717197428868659
-0.5501321457039523,-0.2858587342936015,-0.1973819428916099,-1.507515912988621,0.9666997995636818
0.6291558618073884,-0.25043123071894274,-0.23530655831646483,-0.4349154874435887,0.0033528254891671077
-1.8960187885487236,-0.4632587085957041,-0.536551654490383,-0.9002468141742338,-1.554283605238102
0.4340610736359353,-0.3496465617096282,-0.26605343892208594,-0.17719597932274722,1.2255889302533063
-1.3565307736093852,0.14588035633111615,0.007858965538915326,0.5542639396370312,0.31929877314486727
1.1736029908404035,-0.040045260833065345,-0.1859555777880647,0.9546368648639773,0.7699862408846008
0.2674207235058332,-0.6516115104091644,-0.2592164700030261,-1.3473726037178286,-0.8945060006658591
-0.9876001651234897,0.6610988754543027,0.25472777150784737,1.0801803099675555,-0.2759945321922291
1.1891044307785643,2.9726847472538536,3.3784242686796664,-0.4113682050486757,0.9633738850669225
-1.0925662589293805,-0.49366588861376554,-0.4226842812956245,-0.08270874509736255,1.3352190713807714
0.3521888080886771,-0.2634705223612712,-0.3937376050876083,0.47815484023972094,-0.17040838219902865
0.8231117991139214,-0.7325265080912069,-0.4506353143459862,-0.1256471849661597,0.29931459380634545
-0.5390411779938471,-0.06823854043005623,-0.07454105192425473,-0.06920969507723257,0.3609475060032993
-0.20221870691735924,-0.13477371679243916,-0.2512484138265427,0.8183540442896798,0.5012041003236871
0.20634022009284475,-0.6543438912332644,-0.5835821949949392,-1.0021173423304237,1.6556478401137136
-0.5862579717692032,-0.5768141761921705,-0.8979497128428265,-0.3251683424730049,0.6627980209377542
0.3438107787922825,0.19678408466674915,0.37513946436381196,0.42721964631289877,0.07137674450929025
-0.4339678808520838,-0.18213486671211312,0.0977441104715389,0.06840763229466397,0.6082860913733376
0.29955263465776716,0.1812118029406916,-0.057677081402226535,2.179540620962056,-0.2289804243563635
0.9769313095232174,-0.6554242365659846,-0.4999466749576556,-0.4338117081827405,0.5583180141224926
-0.04579191096875662,0.26059652121095717,0.05886850690240605,0.4909855399502374,-0.13596565347531533
-0.45845380201561303,-0.12861785774977783,-0.3280274539452646,0.8604792778475994,0.48988741211563347
0.39186364045706457,-0.2729308054808578,0.1573383972078708,-0.13801836195187542,0.2198799447360254
0.08897781768273136,-0.3805289143636581,-0.34259990477980773,-0.43620322885168056,-0.11046649586150296
-0.4005464287467139,-0.8103826817166851,-0.5304326116796136,-0.9615406024621719,-0.41154490807975336
0.37686336873096526,-0.17498375803074712,-0.2148649156075179,-0.5140605107258205,-0.8936619271520965
-1.0518786798955722,-0.10112396558419061,-0.13549221853321555,-0.5827237285020727,0.30254243609629966
2.0072322258674506,0.9291360957253951,0.9744768522735635,-0.9616924417037902,-0.6840631007224455
0.27355169114427624,-0.8642993625711374,-0.6442720558226657,-1.3554403827510269,-1.1739689914286653
-0.308583538463017,-0.4842965195659741,-0.12162238396622449,-0.8962314190841412,-0.1301885095747855
-0.7945601075563002,0.15751244490641297,0.012413745433961535,1.6836918323747396,-0.45105562844538943
-1.4619790609322143,0.22587193600936234,-0.026207727366656962,1.2893876427520725,-0.8065580698939729
-0.10710365463515886,-0.4355053843295992,-0.4404897991557199,0.31919412199624864,-0.31603783645979594
-1.0812484070242725,-0.10916114104735351,-0.21620185964436486,-0.6316045360230017,0.010974724872708907
-0.679708123759412,-0.25483506721355415,-0.3182603262679219,-0.485229402564951,-1.0974081842853767
-3.1680740066888147,-0.9715778444740704,-0.6366416815496609,-1.546665992796164,-1.4987627410529822
-0.488795077833552,-0.06450800845432232,-0.10509415998240203,0.2754692225837344,0.1957218429833813
0.22296692590019573,0.5065365251982976,0.49978528013187723,-0.33974522853776634,-0.32173744382108976
-0.9433463770473886,-0.20766629220669086,-0.3526307613786456,0.5056413844614046,0.7849228682877062
-0.03801546072243626,-0.3637107936044493,-0.09048043709004103,-0.5047691085480122,-0.0636680125351215
-0.33748199913656085,-0.5494000372523473,-0.4425806702418743,-1.9250577054004334,-0.5162153016448227
1.2100852753805884,-0.1603500620057049,-0.2608727493099491,0.9484872384645918,0.5611673859783539
0.9210172390517984,-0.2216955831309939,-0.24781359677226844,0.3970884246103435,1.7366703569002946
0.46138308415273727,1.3288483633924253,1.4418486369318992,-0.8102002703199288,0.46682134726460556
0.44020474029213025,-0.1893439595963112,-0.3114278574664892,0.9714754981200993,-0.1706848460227158
-0.9181909518551333,-0.27562413101980926,-0.2925392745832285,0.24545608460572854,-0.8561412473194767
0.2119835306834579,-0.11539369828364693,-0.21406243134493386,0.7784932428036584,-0.056460377062324825
0.944951343595267,-0.4565906941411617,-0.36807935049889307,-0.14726405100927029,-1.1421343884473982
-0.4493944556507281,-0.390865868889841,-0.3373156809928941,-0.07742198573271931,1.02849853247821
2.443119882060822,0.09793927227160135,-0.14493302474388634,1.569219712188117,-0.548405344404964
-0.001175388740346014,0.13778470540367269,-0.04273400025052946,0.759208823680271,-0.2897460404622091
4.157394988697738,0.02629697259545689,-0.12919834772610156,0.5785987083352019,-1.4274771054875204
-1.0889162511362465,-0.15424160969281436,-0.20535418449217996,0.6497703634428567,-0.1469699884219664
-0.6094676416490361,-0.4483844019243857,-0.38221195417208087,0.24467864906666972,2.128015407065631
-0.4872736321432171,-0.7271851758819187,-0.6484426893129995,-1.3399666062841398,0.0687523053860643
-1.6433216988603239,-0.7445887421203418,-0.541671671187939,-1.553271143297792,-0.308040633357254
-0.6411391395761015,0.5537450923824815,0.7326966880562141,-0.16932091221374687,-1.1201989368454783
0.09378949027383425,0.720346572027626,0.6915663210051095,-0.3636233570907154,-0.7026164046444463
-0.5621770902066429,-0.2412650596877473,0.1912752790280463,-0.310201000800361,-0.963885753550916
-0.9616669250941545,-0.5322767356702381,-0.42573649394353436,-0.28774498523015596,0.4244397597649042
-0.06232197134452328,-0.4223202494447755,-0.41999848207142776,0.2708306673585896,-0.33316352764143187
0.6491118513782298,-0.08924643050773487,-0.25176320525453366,1.285481868592055,0.20313234014422862
-0.5511887482795029,-0.10816467860694812,0.24192300149351315,0.4270807531698357,0.2912644201968005
-0.26455331216448236,3.0981666918485726,4.523105752067473,1.0272788460110616,0.023332974463025243
-0.10937323490016061,0.36888720127256425,0.039190294987684775,1.8459088642932062,-0.27079660927044796
-1.1018569193791776,0.3250689675110947,0.44330181771534605,-0.9539367911935249,0.022411460371089993
-0.3750386796434439,-0.24747893363708118,-0.34686137456056537,0.49533835628585865,-0.02717344435355525
-0.0801155101547392,-0.30047961146522445,-0.3846995279352076,-0.010550507996414025,1.185347274467669
0.7612766639543945,0.11840849417110556,0.012413745433961535,1.172333573077378,1.2265791524666443
0.4412744110429203,-0.28805186356655677,0.2765315337368696,-0.35751080882778113,-0.6719012834289314
-0.9199273948692043,-0.030846282748268616,-0.13968813764951715,1.389589941750436,0.10126468135820305
0.6853918376124265,0.2066820356811022,-0.08855043734171658,1.1010131143650068,1.5603112913034378
0.4099849911207813,-0.06888493303271323,-0.22045947442925326,1.678060477202561,1.466837538656095
0.9580166394077304,-0.37797025586925015,-0.077623569560101,-0.008829627119541297,-0.30428433349109557
0.3682936728643741,-0.4534505356110466,-0.4389748015137395,0.898663891195008,-1.3320873942481146
0.6316941148955638,-0.47178754465719736,-0.39727062226115056,-1.0199999987176132,-1.2759578490377792
0.39480848360767834,-0.07007897468689872,-0.2305995926253027,0.2522889971584786,0.3299355772186543
-0.14096322285284116,-0.08679551178972973,-0.27815329540602324,0.7818248224171457,0.37842700562573134
0.5093886936584539,-0.30849297610006,-0.34222167461365416,0.1903138678206531,0.04994192177518575
0.5699751905147332,-0.4912820577873079,0.010165936679231753,-0.3023919524166,-0.1802988011216058
0.5240074042001163,-0.13526875481322703,0.01404146630209734,-0.61544632547283,0.64051471048097
1.3411008938260058,0.4652223277989417,0.8005780200762108,-1.4169441146667554,-0.4675462493093721
0.21060893584371104,-0.38283170240304937,-0.4310418966057139,-1.2755206917163235,-0.36093561900319626
-1.5669500276170076,0.041648892858065,-0.1803360480339021,0.7236842955842299,-0.38717799505312683
-1.0534937439260508,1.4808914174775756,1.3918204359046533,-1.6556130433665242,-1.3577844235746805
0.8996041848573436,-0.21370470905934308,-0.2750063600024662,0.4146998251571788,-0.17079999929880904
-0.4625381605146341,2.2975731691941954,2.835546064579807,-0.5186477598608817,0.3247194216948254
-0.6106566241014626,0.09238645200877577,0.10726818459298776,-0.2532208015316841,0.8806209983849145
-0.0111858324693733,-0.43050098071431414,-0.14332744256631455,-0.573105587204391,-0.47169925221167114
-0.364784296643252,-0.8449245023075534,-0.48716224988070544,-1.2134474462571876,-0.9534746498982711
0.41088588306591994,0.16719348863937566,0.08747397663929155,0.05248778301521764,0.19785908778766984
-1.018116126266965,-0.13617751173317236,-0.062325970400516205,0.2549462444719856,1.3016917152409353
-0.9724865620471402,-0.40509198678383096,-0.38685368389232744,-0.8893166782601833,0.5815625665514642
0.3586720996381371,0.20130886358918945,0.4762720239182569,-0.3410207062278676,-0.4308723299002905
0.5446127418005828,-0.23326125929923527,-0.22636403785759318,-0.3320529118722031,-0.40534438396745454
-0.024330054153769827,-0.5361803298430926,-0.4543816780052129,-0.836030051928221,0.9170847630651259
0.04142797001747897,-0.42695018902101484,-0.46037583468449195,-0.34855209587327035,-0.07186136005127589
0.21990210656445935,-0.2686792139794903,-0.34611210497565553,0.6592271185484102,1.7824108695025702
-0.023557333690089576,0.4728376171413675,0.047987804663160584,1.8777836448659644,-1.1485669464110249
-0.8528412897022875,-0.33600834560209447,-0.43025516275482467,0.170020686146942,-0.13696863851008637
0.4677644882342144,-0.08909547507579242,-0.15305971793406278,1.0370698655548594,-0.10898907932922765
0.4142536330401472,-0.8087468271492623,-0.641736097927709,-1.67680131064143,-0.7838816069603936
0.18924667772024886,-0.1950938831633882,-0.33706170757114995,-0.3281092942891212,0.4635771915938715
0.4715881477119056,-1.0022816849992866,-0.5068305961529365,-1.774657629901779,-0.9858881859750966
-0.02796308070223928,-0.4096446294415482,-0.39017695782122275,-0.790670576836735,0.0011066648779066628
0.2918718700335526,-0.10305717149517969,0.16043625615380935,0.2720116640387963,-0.9060313082257685
0.8807059791660307,-0.3530077878915248,-0.352170238851689,-0.13971299349788616,-0.09376514450227008
1.0172490665808567,-0.2702374799419059,-0.33043659034345757,1.4737826552364675,-1.309680102097403
-0.5145031317923507,-0.4543149408333531,-0.4000899459545203,-0.5230807846110441,-0.03660411382133008
-0.752087873539876,-0.036355457501788264,-0.14918563590148298,1.018466149742514,0.19088761249192754
1.3145527112453657,-0.6806224025755013,-0.4349006373282014,-1.4169165069521532,-1.0538295784806866
-0.7871285242396425,-0.32467968773078776,-0.4156779915171763,0.31228776106071465,-0.1957727145187488
-0.7915734019460152,-0.2869475231824661,-0.3461360216847225,0.1526705735823118,1.6686606401175565
0.4724854219136167,2.6787676436020633,3.3944951485412904,0.24768310691697681,1.196037528853776
2.0739623893799246,-0.17327799081844855,-0.28654511790394943,0.1895780128542917,-1.3316429985634584
0.0852564148305148,-0.6664992653626326,-0.45644614630333125,-1.6122377587662555,-0.5618609087553849
-1.3830437385652266,-0.26027221075720114,-0.2708104408861646,0.8762101714846449,-1.1451512123589118
0.9728504211046272,-0.4934751870602636,-0.39668785702844295,-0.21766379339626388,-0.6020437404091514
-2.389959192231612,0.7804600554960803,0.8050481002048702,-0.18190486438772493,-1.4370763785437084
-0.1793970953938327,-0.262569763791783,-0.23741439138444428,0.32207151038167825,-0.4008738459063285
-0.6193307915384841,-0.5523242096162877,-0.43939627057233793,-1.2198248347076943,-0.03522927966584152
1.0764950049182167,0.40668344473606255,0.5198570792575209,-1.4836007062992207,-0.617669560169674
0.6022569057772008,-0.36507184879917154,-0.3199543687996877,-0.7072749986426865,-0.6598751550790802
0.4381332499376993,-0.3291590249692507,-0.39699045060217203,0.25040849024868883,1.3313116328397405
-0.2359502513165809,-0.425731783869373,-0.4111510462657745,-0.9352902384629574,-0.5886021863739888
-1.0225079929573904,0.4382401611914675,0.6505423203706454,-1.0150398062833548,-0.7436348652383954
1.1778325758970478,-0.787354801322773,-0.6122529321720945,-0.6413957022467345,-0.6925708166823341
1.9783170792752365,-0.17467361853760216,-0.2951276761566853,0.5339569891816548,-0.48926434910266614
1.259523215957906,-0.5340481169897392,-0.4352378157220157,-0.4430589214359752,-0.7188422689344777
-1.3353156616625077,-0.5913920526351378,-0.5225652731707212,-1.3289907189853452,-0.6905835590201562
0.1695730197998104,0.7235300229728824,0.6955609778676766,-0.936031048660145,-0.7720900074495188
0.6702707775547226,-0.24112357639060653,-0.32055231799571743,0.31877156261490613,1.2092154778477489
-1.0042109233271572,0.29808282475627296,0.252513257329687,0.045496271189092885,0.16380135485036124
-2.6835547975451375,0.8655352854020074,0.605086585015414,-0.25683917868117895,5.379845467885
0.7231200286904094,-0.09817805490115784,-0.2903724679457865,-0.07775521703403561,0.07853054582551396
-0.14484616902385622,0.11467424703066786,0.03495260030390113,0.377452432816456,-0.40282684546886816
0.4096487624764466,-0.22746124241634091,-0.24026664775681228,-0.2778470487689854,0.6149571125795399
-0.4178719496877082,0.04798684102696129,0.033922624080993884,-0.3061615502010332,1.3149001798530722
1.6673123757643733,-0.4649644758080027,-0.34161648746619616,0.6646934524170426,0.13477083010302543
0.6250192306074035,1.11014254313559,1.1704859739429219,0.27375954040098077,-0.7875026017271426
1.3914405384949482,0.307748838959299,0.04038650807328491,-0.531066882052968,-0.04920984699418334
-0.6645184004080719,-0.1143464209871723,-0.31902961036199834,0.3697906702189599,0.48307177758687014
-1.0362330470407703,-0.7570813825859597,-0.6646185194703319,-0.685495043644731,-0.27550935305562335
-0.1755910816442922,-0.3267971934445297,-0.3494838259750886,0.23740842623309213,3.1111845782036296
0.38032362957286187,-0.25231194841455384,-0.33258361849188844,0.9829723734135812,0.22856701192342938
-0.6833215849607706,-0.07171912779199474,-0.11648957497625287,0.7964110513559874,1.0480050176430717
0.46077109486136947,-0.8464881260901408,-0.7049709798243542,-1.8341799199807127,-1.332546088131219
-0.14850378146133908,-0.41890871502017835,-0.2944124564128418,-0.17393312882459153,-1.0861467696498475
-0.9943701443817649,0.05732063967550419,-0.0754381960037778,0.7072093775462167,0.08048201001103883
0.7447794585954763,-0.30939835559754736,-0.2802512470968354,0.0033582700994950927,-0.3716167570882794
0.3344668120005436,0.07394085883060729,-0.03533286448699701,0.47216229529525994,0.2877653919416467
0.6947724986589395,0.03977671083012018,-0.0002507499347590824,-0.6884794956274687,1.0571725618749739
0.17381803563964557,0.26808971673153464,-0.023064930183155696,1.309223603938213,-1.6503828525803683
0.2896474008141548,0.11542340538756292,0.03033379600806953,0.014554132658112593,0.20140657637984616
-1.0941266876509417,0.41862383057407354,0.458229589026305,0.3398009436339555,0.6879319507442251
-1.2090187619515336,0.3834849891561121,-0.03688823731020502,1.9994808551080996,-1.1933466008853661
0.24456426351499536,-0.28629988707426746,-0.30390751578987,-0.27344237788787423,-0.3037447444315358
-0.016207924831302883,0.4407988196858759,0.31240779317287243,-0.11292837015861815,-0.6598569224770321
0.8834018625035794,-0.2909760512824173,-0.09473191535089234,-1.783768182097908,-1.1208613560662042
0.4196624547914097,-1.0939416758961713,-0.6734330540663409,-1.570581199485564,-1.1642594591106181
-1.652158664751618,-0.5373378185751322,-0.5214413609260178,-0.8945780237318514,0.08551603143651398
1.1368407372577711,-0.09907704799981595,0.08059734059946988,1.087195437263113,-0.028944405778804364
-1.519548802758308,0.4274493271427216,0.056197199315742546,2.0232158304225005,-0.6805145565585715
-0.34863365633846277,-0.9786633390482339,-0.6024490168198842,-1.6093360980403828,-0.5337614942063257
-0.13350395272423302,0.5334397215279404,0.686291978595363,-1.6477695889720727,0.45391017002691525
0.6342920976660552,0.0022552820912427325,-0.07338477344892598,1.542306335753422,-0.8789415959859194
2.6360046719865915,-0.16406683866088378,-0.26136963467549384,0.2635557188801699,-1.3994234643657082
1.0798377260144425,-0.7222254463545981,-0.6336616281305547,-0.9846344780478083,-1.1121410863508605
-1.7586834153231041,0.4057087206147491,0.3158682262813316,0.31803683644630054,0.29410985764906195
1.3049747724347625,-0.17508409818158369,-0.2754382926212814,-0.0989050286565848,-0.5852094829770945
0.3685888511955214,-0.03637251348519972,-0.05602132133964517,-0.2588048109720061,0.3198841356316737
-2.031376585086052,0.21393155017135135,0.024651831055500117,1.6776353158467314,-1.6954691026523079
-1.3239528463747923,0.2646781823069375,0.1518404650377014,0.3654876421549729,-0.012944721715232279
1.8688748770390926,0.045060427282662116,-0.07849772527650098,0.18320062440378498,-0.23573253266114855
0.03836647309917777,-0.14155068382508512,-0.22780232894911184,0.5063216413552549,-0.47424471537971014
1.3718482428858947,-0.31144527318192156,-0.3320008532591808,-0.6352308912854483,-1.4550808811440619
-0.6647247594464809,-0.0811664692427999,-0.2550757638683798,-0.052762748264963785,-0.7858417076416254
0.773789700157804,-0.5533915365206252,-0.49172530621586313,-0.8782519092985541,0.06865202607479974
0.868678311233996,1.191905734412141,0.6301455057565218,-0.9047346079364093,-0.9543158445801315
-0.365882761678473,0.20084620276823528,-0.036191316995733316,1.166148379982604,-0.6806993775667011
-2.9281216364462317,-0.5570759973836513,-0.5225652731707212,-1.095465759922813,-1.58847635539163
0.34588197382072,1.7901518136127872,2.718364118732545,0.34179620527152393,1.4015207771958582
0.3095573933614089,-0.3777376589253513,-0.023346879860637482,-0.2693040713901746,-0.14125876977200016
-0.04865590862847276,-0.4539988140913056,-0.40500475099441047,0.45469516402995175,0.16410756660370535
-0.7544505553245319,-0.5093144693835284,-0.515572090378229,-0.5891719761156528,2.3673952697195544
-0.06888145700047225,0.018621012464152834,-0.17640237877945592,1.2131488591606208,1.0974303391192644
-0.5761463788871807,-0.0023220311023362133,-0.14163067793542464,1.377583130476452,-0.4513424560639251
0.17210211778216736,-0.2940909251998601,-0.307068612402743,-0.4446948618760755,2.227530676343201
0.5363978062844562,-0.7535805767450353,-0.6500161570147779,-1.4895883661641287,-0.07323197191997445
1.0028257141843209,0.25323840723677005,0.2149121940683489,-0.14038251724697415,0.11077125602713589
-0.70292067306769,-0.08193406525593047,-0.1952839912007977,0.06362459095678392,0.3058519412512166
0.10495879320388476,-0.304281038608731,0.04965248628761131,0.03545778984124999,-1.1672073829786025
0.8084974446306721,0.0007104337071367736,-0.2650410540680844,0.7435604917141053,1.546445685329062
-0.12092262238467683,-0.3611411738389736,0.00835841565681376,-0.18372932043042295,-0.3398266800404352
0.48889240518132265,-0.06581454898019178,-0.14493302474388634,0.049275466943143796,0.13290899355072613
0.8367628002042686,-0.42110184429313363,-0.41467034280095727,-0.6627143998702298,0.1905214250739513
1.323342129651602,0.3653185399440794,0.06879633283613129,0.7305931309464828,-0.2789841031617337
0.20265536383240365,0.5202998287521303,0.49232139447639756,-1.870773987139011,-0.9128604732644724
-0.8315155043391035,-0.48415437613626283,-0.518631603916275,-0.7048507173292763,-1.145606547604797
-2.1167808756917834,-0.033191718422149546,-0.37111900687454263,0.895076610191598,-1.1454257569613304
0.11898914053371218,0.20414506945002509,-0.01905560860160804,1.1511044331198932,-1.1145868459740156
0.10431247226569829,-0.4559107729446512,-0.4301744753310777,-0.14727891670174859,-0.5417134036869378
0.15922937451788913,-0.27532311056730036,-0.33930256159863775,0.429667932116437,0.2125029379863085
-1.297676068382769,0.03909023436365705,-0.04265762412828522,0.8262539577040837,-0.5563508244943278
-0.13075121913281013,-0.8474466078798164,-0.7891556558242352,-1.9153245989211543,-0.6470575398782156
-0.9291990067923809,0.0786741168302141,-0.029236872978058825,1.7199636692267992,-0.09600765859312058
0.3526343073508444,-0.5811506024049088,-0.47643406386579334,-0.8084832796500105,0.025928625267228313
-3.068093827810572,-0.37285295423235404,-0.3494838259750886,-0.1207882271961651,-0.8333370602104971
1.4948465727367675,-0.10995131973519011,-0.24917525998671056,0.49569265847861443,-0.03382488950282202
2.3700574862448933,-0.29609335291931344,-0.3337491489573038,0.5594665429836817,-0.6847256159042345
0.7305053934889816,-0.11343152329912215,-0.2286735108115556,1.1852072500086626,-0.1883776670891105
0.8429247032405979,-0.26027221075720114,-0.39493956133031993,0.5169506178545076,1.3727044375420558
-0.830484890451037,-0.4473288038871288,-0.38212352528724103,-0.31818860330595944,0.3817850670787347
-0.6164611826848787,-0.026812366124305254,0.2331244847987083,-0.2539090237837093,-0.3047448506344046
-0.5048300980116328,-0.21017212474347505,-0.28451484105899066,-0.1408118557922391,-0.24410168084547149
0.9968310394921757,0.22435837483875157,-0.021714989303091983,0.8382751882533541,0.6625701134121535
0.3200646492440888,0.08002869351458528,-0.08199431667274719,1.12705411507878,1.6994600151467463
-0.2174826309247287,-0.19000284866206182,-0.16872692465679548,0.4442846832364027,0.35642514896793126
-1.471267949426049,-0.2887829066575414,0.14428531825551888,-0.38590537199443675,-0.2987321223232011
0.8738245143449652,-0.2997055676455837,-0.44666860226980265,-0.6177243350047389,-0.04458001356779502
-0.8191756768312579,-0.3417104939933148,-0.2528279551136501,0.5131849230318064,0.15433738689358267
0.7239129789846857,-0.3033177823718536,-0.4045551955373353,-0.382698814704134,-0.7617075001937704
-0.11346261394108309,-0.3821537462523323,-0.3642996922630967,-0.08292733008650355,0.8723314978832224
-0.41261544231792735,-0.19849900048531602,-0.06597866552745571,-0.6292331105050696,-0.5078634264519137
-1.3904521387913436,-0.7720028810601649,-0.46906737131025283,-0.45581369833698865,0.321715072721555
-0.4469141602889041,0.16061582023557924,-0.04195020878424254,1.429919245324197,-0.20454029303835414
0.26474595597686285,-0.5429049928834038,-0.4556928958451359,-0.5574349280012599,0.5902057795328893
-0.03419054610927101,-0.11516001135340916,-0.21686298356862113,0.4633501857464498,0.48206840870784545
0.6407749462265231,1.9145831648962546,1.8410080004964298,-0.5695589748071297,-0.3025801609659803
1.3348266192489049,-0.5561165023672383,-0.4606099824131936,-1.11140923104908,-0.6583434245849143
-0.307395294325575,0.5403788508943201,0.4904077115881405,-0.24710073432776716,-0.7354464117364752
-0.5000120020801588,-0.6310801285845172,-0.49956844479150203,-0.8934333654110352,0.9851052274869668
-1.0461875264939078,-0.2717861509541572,-0.3285042618629346,0.3904657490452535,0.030740400869843667
0.4907762896979705,-0.9101701634236379,-0.7563376196827635,-1.824765682923959,-1.5037463829201667
0.22378955645688633,-0.22009187548460138,-0.2022383250757331,-0.7051459649049808,-0.9814131377439902
-0.8039279219220691,-0.181806842231862,-0.2655655537917954,-0.5395700645278474,2.765559888817253
0.5689512952930333,-0.535857893461817,-0.5124592677544465,-1.170205640397188,-0.15230072145550846
0.26282818280238646,-0.4102315487051079,-0.491780031422531,-1.6673511370007577,-0.5711095400858691
0.09960010304012976,0.2934203851648381,0.3233881745910259,-2.1604896311574358,-0.19518984701959083
-1.1923371255092718,-0.5506380928619254,-0.4855126420768379,-0.6810383715381941,0.5877538784016757
0.4303972593525764,-0.43426063528278647,-0.478992317798084,-0.46900998821781875,-1.3556811489868392
-1.45409843444146,0.16105272053433278,-0.02867124280862342,0.9428184480222097,-0.8886663861130487
-0.47647747360676646,0.4773257970859025,0.0612454973554517,2.4841183924984676,1.390709323986663
0.12874530858178074,-0.035110708454975555,-0.04265762412828522,1.7137738525253987,-0.12644679579026555
0.22402190418277854,-0.4419365954140905,-0.4438918880817973,-0.09740446741851085,0.5578999117692108
-1.5357057187404726,0.7651081352334723,1.4462361886796002,-0.9727010322505587,-0.04179656696249697
0.41461644102395495,-0.13655378729880877,0.26509413862473513,0.3440108490717891,-0.43594483171219345
0.9908207863538366,-0.41890871502017835,-0.318014471939519,0.36814488946847995,-0.24145296357320217
-1.4454286968943502,-0.35530790469679063,-0.37196192925706245,0.5833817496730819,0.5843724984102641
-0.5875927714312388,0.19140844091567383,0.019959970654274926,1.4653810773143812,0.3152898077987475
0.5460970502471544,-0.14422974743011283,-0.21697315777709966,-0.053200415679545095,0.8939071914584145
0.40110867304076714,-0.4602736044602413,0.14470157913602458,-0.9659693416072954,-0.11086300697551688
-0.444547713097822,-0.5106503167251795,-0.5199112265247465,-0.6719841125499177,1.7147011270040544
-0.11028630904255736,-0.2053774590628184,-0.2742434641872589,0.39237896558040525,1.6470626835756528
-0.5419054709795587,0.6531236910451599,0.127356898496426,2.6166607280666088,-0.37687935776679954
-0.21120156384976074,-0.13524709325373663,-0.30585586217159716,-0.1868328446329195,-0.5726213106788455
0.7687400686469218,-0.23589765991785314,-0.298967236307888,-0.547849483574164,-0.6727192555334461
0.7314525039522025,-0.17668952524304568,-0.249248111541303,0.4980546518390285,-0.5471712851294992
-0.013186001596216837,-0.12520885639202375,-0.28473950077745047,0.38058602640549766,0.9177589854966516
0.07740140786975198,0.3897762674874101,0.08800190652259227,0.9638680007209286,-0.3180181849254079
0.18214275859409523,-0.3317494312347623,-0.09620628605681293,-0.27309123250240036,0.07217629208963061
-0.11358222096871085,0.89127457589694,1.0229557697976066,-1.0470642386534927,-1.18374540860791
-0.7195187322536079,-0.7629723442444897,-0.5818017061476378,-1.023751401812797,0.0056809368485802
0.8757514426252601,-0.6474258247014846,-0.4387329752626533,-1.16953755793789,-0.7443545732139776
-0.5466441242186069,0.13976898715337566,-0.033158316388462214,1.0494022361318542,0.39372790122554485
-0.3543634236138617,0.30960969127009025,0.04559961112007837,0.8826262069091619,-0.08674732001290004
-0.0909475507994781,-0.16654734052923445,-0.027504280487599515,-0.697915702787434,0.8331995358348694
0.5043648293405586,-0.578427524844488,-0.48639359517370967,-0.8201018546472933,-0.1638717064816014
1.6884088404931048,0.179816175221538,0.1540258385940246,2.121926713357829,-1.02481421558137
-0.05817958128765242,0.5227472932880772,1.0235409581705752,-1.3270511829680578,-0.4571191201591377
0.10422276699497668,0.18263068881904282,-0.053934147902590004,2.130748765255234,-0.89311427736321
0.5027623166648311,-0.12246529936997291,-0.2690375204185088,0.17080513681329607,0.586504657278192
-1.0111741934486,-0.5570759973836513,-0.49830764085674395,-0.36897492347679256,0.27831274739035067
-0.5144876271776585,0.2928889784449479,-0.007254600838269448,2.4714566553175588,-0.11224609378245907
-0.5314623746691085,-0.18161188819644675,-0.3270057226931147,-0.08182541940047132,0.2522190150276441
-1.7391268541593423,-0.12722223003062422,-0.22185811413468728,0.6239490254968735,-0.21293918915233473
-1.2396106218755032,0.03205394269393493,-0.14034373870214004,0.5398029307204152,1.9952356190009073
1.0143125663895776,-0.0951227617862544,-0.2507844926093504,0.9403705639941443,-0.5373236648412036
-1.9716082150650491,-0.07020080752610279,-0.32251008944897835,0.7189012542463498,0.6758147553451967
0.4772260686031266,0.565149373813002,0.5119897407486286,-0.3939530303670735,-0.17598324017788822
-0.6849665507481583,-0.5119601425619851,-0.4435707747932185,0.5075363807977535,-0.6876939794787257
-0.5358291386500309,0.00838639383844083,0.5869678684092797,0.4192606272623355,0.09695910036508024
0.26070515806197936,-0.8726651458875216,-0.6933989116116244,-1.5462386184865413,-0.4102879141101332
-0.724471349175415,0.11938321829241902,-0.015559017205361833,0.6063352844484763,0.21693787449290894
-1.2193110205104734,-0.004406867929759335,-0.2550757638683798,-0.04739231756385016,-0.920387946961618
-0.9549116383040899,0.014282421630657295,-0.1192786566203943,1.141888475447454,-0.995618349921777
0.8294833836060949,-0.41715420546104603,-0.3989356657831727,-0.7116380825737122,-0.3679014325961976
-0.5168520070867805,-0.406348050195877,-0.28654511790394943,-0.2730725276220751,1.6794764115746053
0.08299215043340578,-0.4925979322806975,0.03444229325886033,-0.7776592375983576,-0.284975048311543
-2.297257839299556,0.25876890580753387,0.0011746859256358674,1.786658289226595,-0.8360159092566775
0.06931427467759096,-0.1146117175212304,-0.22276348745029043,-0.02850589849888126,0.7054019502213793
0.059604620473599226,-0.48799235620191483,-0.3912790618035794,-0.6257312418651773,-0.625859549048609
0.49719999922811114,3.6259182730434283,3.5419502510732,-0.10848098352966601,3.5561318470522463
-0.27269463767656854,-0.19999033207538683,0.21192945001947275,0.47796351858620595,0.5296433129982846
1.3190353168474906,-0.2090991329805609,-0.2823491987876478,0.13515763353576402,-0.0432500891899826
0.7919430936918864,0.5209699554235144,-0.002155401118407924,1.8422664188796987,-0.09433630475169215
0.19699263555767627,0.14647478268368408,0.3594777490433582,-0.9198909180062298,-1.056610722020463
-1.1339323494347344,1.0144023802789897,1.3312657674218642,-0.6792928484323485,0.6226911904462095
-0.5470972281251241,-0.6380025550616516,-0.577636642732968,-0.8445610780810756,0.5659938436236712
0.5784339914705261,-0.5828672234248331,-0.4667596134360855,-1.0688933059199055,-0.055100896676981787
2.3409542908259082,-0.3531147754238349,-0.34161648746619616,-0.5561209053753635,-1.5366783966226016
-0.13245421647804564,-0.5394852605333862,-0.48191736278633623,-0.3499756246362505,0.36306776569936466
-0.37141761379773647,-0.371893459215941,-0.3052300468625688,0.7173069071337231,-0.5395274106624361
0.7514225953392666,-0.3575010339697459,-0.17761273733969488,-1.0153979986830661,0.8085049157766944
1.324880335092103,-0.2525962506258971,-0.2839226664894262,-0.1941281943769924,-0.10441826195683705
0.47519023886248885,-0.31287335486051,-0.36192520362369707,0.3528688184209471,-0.3966641300155533
0.8331161886600672,-0.43307971952042595,-0.40516038268479326,-0.5992558836014289,-0.40402424761811023
-0.07780746367899964,0.3373348754663542,0.015125538344591766,1.5937025829782738,-1.665790264960568
-0.3523314331111486,-0.338144258268231,-0.3641660104471537,0.771989282324575,0.5191629254578569
-0.9838921996040064,-0.28074143265670537,-0.2708104408861646,-0.7096337586671563,1.118784458599041
-2.384191106408473,0.23930486623914443,-0.11149683608109366,1.539192843692777,0.11259941024617809
0.7336467022571992,-0.6512075092755335,-0.5751522159052449,-1.5645394657439842,-0.7184426870664345
0.9605396832072058,-0.1809539509497526,-0.2724667201930876,1.3798000892687248,-0.005889856255385721
-0.9490460949028826,-0.2999313329849655,-0.3108027502179267,0.20552148398055853,-0.2791703635858146
0.6310584995246653,-0.4734933272214161,-0.3997473705664891,-0.05984873472359509,-1.1241032086714164
-2.442284018233193,5.8446747521239315,7.124487757472685,1.3311305454949953,7.1317655312436585
-1.0565973986300157,-0.2899525848142701,-0.3400430197644178,1.5836751281350616,-0.0035201937555159285
-0.4519883038573015,-0.8983450398029591,-0.7263718713830133,-1.8149903007366415,-1.016946847797623
0.574756149202445,0.22484846954121512,0.1715088113099324,0.2353534913717929,-0.9309288859330576
-0.869649104175548,-0.4942726886140653,-0.5354391026824863,-0.5960002905713296,1.2656845333004327
0.799792267964265,-0.18862991108105667,-0.22754007908725646,-0.019281458899803487,-0.9312751134498443
0.03582445460457708,-0.6782753703019132,-0.6418175563506302,-0.8996128061014266,-0.5545141297406421
-0.8950424144560873,0.13744487529673977,-0.008356028229514275,2.3140136534870916,-0.36380427903280355
0.936705620344251,-0.3030714915150806,-0.3909661620164037,0.9855920451543378,-1.032642623173372
-0.5113158260005436,-0.12555353770575964,-0.1401442072628775,0.8549059951746515,-0.39924471493280067
0.22253826021969417,0.3057395949872488,0.03789813184163028,1.1434866489931508,-1.6909864734971922
-0.5015467374402314,-0.18555952702853523,-0.31396840988713476,-0.2094642957820099,-0.3594873746341982
0.8071523823903406,0.20776454563457958,0.1975987939666621,-0.5045761925473846,-0.7135148945381554
1.0615992047625489,-0.10504724091882145,-0.14318472904576335,0.9144745021876852,0.545858909454531
-1.2628792831226676,-0.34897218255633244,-0.3433647831643192,1.21669185557863,0.22141445810102994
-0.5885860265810459,-0.6338355986966919,-0.4281572110640125,-0.5820859896570219,-0.12474588594130649
0.23394958280194797,-0.37855969284773267,-0.25235720504663206,-2.2346977267184767,-0.126282030644389
0.3769188900178649,-0.6007805655274964,-0.5451041280406606,-1.1927640258068006,0.010470641406611187
0.3380584929098323,-0.7105952000097324,-0.6300855608806916,-1.965979283416981,-1.2163548971762206
0.8869952415373343,-0.16560203068714452,-0.36307285949602014,0.649329743297423,1.3444884303009519
0.9261655094447258,-0.3627206868590327,-0.28685981144430506,-0.33744936869558384,0.9021978434928674
-0.8924026430574239,-0.22301821246929898,0.2597628681535384,0.27069839394473744,0.49353853865629344
0.1661359420484544,-0.6759961014043646,-0.5465195566464727,-1.4321823486686114,-0.786496929782596
0.5546623162238362,-0.4695131883741326,-0.4817716596771514,-1.492162943391152,-0.8499633700181426
0.396027367817011,-0.3944415921016467,-0.39029564448996784,0.638785311836859,0.1355394782209474
-0.549781593748902,-0.297799120131612,-0.37745658861441195,0.07809181782713952,0.7129224187608958
0.4267485805264169,-0.5735959992032805,-0.4309791939177982,-0.9706907709953552,-0.010873881966824206
0.3828810788506565,-0.29282162843254794,-0.26255618666940483,0.04791634980351395,0.47026116754363495
1.286839910606812,-0.5237403925197367,-0.45647962969602507,0.2899763272640711,-0.31251462601666263
-1.5497139166207397,-0.23907193041479202,-0.16741112802586025,1.592603471965771,-0.5637349323627372
-0.8090199327131132,0.34868729811022725,0.13663488226931686,1.837741336527253,-1.3038623666670506
0.024292343690717727,-0.4409131289459433,-0.0625882202623716,-0.8588646484090136,-0.48566772844602335
-0.08380324584362434,0.9482978713357336,1.1304835786831915,-0.32907536660115805,-0.28417099056122286
0.8192403706566761,-0.33259036337098674,-0.4130162978181708,0.4027993759677728,-0.09916266643594596
0.17233985520745376,0.4615239120403972,0.6032508674517805,-1.1818793734271793,0.7034184350406749
0.3221651553774425,-0.37285295423235404,-0.3006235156148112,-1.6655707232026993,-0.3036222981146234
0.5522345888889695,-0.4375760666865397,-0.3842774137548516,-0.28779795581862594,1.0674473048565112
0.9247934248759291,-0.46167477422260966,-0.4427679758370938,0.2738506477723845,-0.19698211180091726
0.037740824980581685,0.17060502306397324,-0.09353307457423038,1.6572276728051094,0.1261439305023806
0.2989347388465188,-0.0003861232533807584,-0.12695053897137176,0.5196837879775177,0.1640239845174744
-0.43037568312230357,-0.5895859452720027,-0.5424650136031758,-1.031316731919533,-0.5051654811541147
0.7911852871909126,-0.4154971805955812,-0.4197653885660863,-0.8704856659460728,-0.2264716183145473
0.2663974927676184,-0.3096030427504085,-0.27018105380545315,-0.7640966560344838,-0.4862046305958076
-0.82120929162694,0.09527546847531497,-0.035221368565648975,0.29082997259511323,-0.3236406395917191
0.9296104871664219,0.2450618363376225,-0.05052496263717761,2.0936270521087055,1.2595725812496619
-0.29789377111595694,-0.12491944199123292,-0.1979064426153209,0.48814608427131057,0.5764053311205696
1.1833699382872604,-0.313869264631786,-0.2608727493099491,1.2284210272464218,1.2209335711840508
-0.5661642864535911,-0.4729051183965546,-0.13679440466853032,-0.7657107921834722,1.3834011213194115
-1.0383192298634085,2.506222560563807,1.8085876425819052,-0.8690684699298244,-0.4933183201875252
-0.4893749504230548,-0.5417240771210432,-0.5068305961529365,-0.8945780237318514,0.7967630240966668
-0.3547197344257969,-0.12005799545743367,-0.20187757613574644,0.7434086460950986,0.034228009758451375
-0.05750764081947456,-0.6188985947830213,-0.5299769669025328,-0.5396111030225265,1.2744096970300098
0.1763184131690731,-0.36883220955597545,0.12170017196579312,-0.3861439819833121,0.21733486541224006
-0.6186403931956727,-0.16358204037091098,-0.20934397933954843,0.9233133393714921,0.6052140898503624
-1.3583997441633306,-0.18862991108105667,-0.274231018057738,0.4527146086501515,-0.79049956169853
-0.8155570474250035,-0.4809838668597884,-0.41994781641143053,-0.6136956558145037,1.4838260055170538
-0.9685105881879694,-0.15280876891894435,-0.2917900049983186,-0.13354300409717854,-1.5835090269052252
-0.6197189975577883,-0.5023069779162191,0.013476906090699129,-0.6131111235212963,0.8680047094950861
0.7762419395501858,-0.09631370235254683,-0.16947912089163064,-0.15088950068255666,-0.4847425678336785
0.3419006840936534,-0.4293260829046967,-0.3264437587034245,-0.5713051675387631,-0.004413783177998523
-1.4816632029254468,1.8980503288712856,2.819238047400849,0.3882581905235571,5.131785447240239
-0.8731449517997373,1.4489082553811157,1.1505553778088355,-1.0391321640691333,0.4906144131320345
0.6063040532009591,-0.8334105621105974,-0.5933713197507527,-0.757839309166781,-0.773803104353531
-1.2530695134066607,0.12718102661484737,0.2449016230570108,-0.48603470729153886,-0.11078230372118815
0.12171256302021675,0.09976687232310441,-0.27642997064032726,0.5435230718574149,-0.8181801062058004
-0.6547267194092069,-0.06069724734329567,-0.15017791183825552,0.9421098500140851,0.340366736733552
0.4213418260571145,0.42739634766589474,0.8517214006024147,-0.03418734167994917,-0.07918021439656597
1.0123067860688457,-0.5176949905433648,-0.39395139214424896,-0.318672117766111,-0.6854126011571937
0.4616110758202164,-0.5225341767927831,-0.43057792818449064,-0.9595170060877184,-0.6446836550915555
0.09961841325176667,-0.43328072221242425,-0.3856400997232997,-0.4868322316042168,2.8326407984672364
0.9459375109212158,-0.6966647600999999,-0.5179031513090597,-0.9126472888824908,-0.7135548143405341
1.0072290985885193,-0.3191212333132256,-0.371655417748756,0.25016320313410556,0.5662790399041286
0.04200680896600169,-0.5190094987158504,-0.4766457110063596,-0.08256727548936543,1.0270173734644616
-9.374534352386398,1.254450593604106,1.4285346770345924,-0.6968789817661428,-2.339107207891589
-0.2948902319240072,-0.49706394405237253,-0.40258836091011224,-0.10124539629276305,0.8601835949439026
-0.20786666889237995,2.6131686426892147,3.075955360796659,-0.6549400572344166,-0.636792393003019
0.6986237711170828,-0.5807713485667411,-0.35666705219660183,-0.36816620046999476,0.07593527886556424
0.8277008697369352,0.1817843681588058,-0.0715045267493316,1.6931699836185434,0.19518695601592873
-0.40029008578379616,-0.4427894866961999,-0.4198527946969201,0.06380174205316218,1.3873721820454836
-2.0052279047439887,-0.9802132996217874,-0.4999466749576556,-2.093925639205272,-1.329821753540982
-0.4944081913412635,2.306461132726392,2.5088444795805733,-0.3981486823417196,0.038651239015316266
-0.703763164297486,-0.5641833684441893,-0.4570041136850589,-0.4866613622354624,-1.428960951411044
0.4519267458202226,0.08082275623824897,-0.13842212553666614,0.852606500221052,-0.7273955663994863
-1.6372240292277194,0.8936804674328152,1.0587697671166498,-1.0827109830217996,1.1772471051440867
1.4818683980925793,0.03397293272676095,-0.007254600838269448,0.020577218915863536,-0.5174654823789407
0.6503988082292151,0.16446425495892988,-0.09772899369053198,1.5033200336586767,-0.20064043542133297
-0.4698008911941399,0.18110897577877266,-0.10220094624575683,1.9810199927970453,0.6388274271030153
0.5830316265473716,-0.16209132285765088,-0.20055328277922158,0.5875468284474963,0.01920165876105688
-0.2305293211995586,0.20754868228376708,0.10022339205987718,-0.2993208125926549,4.873718510941919
-0.3514689335452495,-0.32288395826575056,-0.3604363884842742,-0.5456973636902678,-0.03519003159090633
-0.45745552632390557,-0.030700209226970004,-0.13754381586553344,1.0011623561502003,1.1770087378625742
-0.19289925218313125,-0.45542138443051966,-0.4609023484468613,0.3221242768937179,-0.34099538983171723
-0.21811012483078773,-0.3903980037679174,-0.3921922395189836,-0.41399625030046766,-0.2903524184219027
0.9417203295563278,0.2007506063607601,-0.07341175842001132,2.175264868988471,0.7630631299648168
-0.974810113137572,-0.7652480361446173,-0.2531876026262456,-1.6162433007911923,-1.007140010961277
0.9929037944220396,-0.007583134176332133,0.0514791564119599,-0.1048814069213229,0.577792736175365
-0.15448775058619738,-0.9055645873448553,-0.76619051708453,-1.8682989481909233,-1.0994543620404882
-2.072714471958966,-0.1617640506214925,-0.24327475610504126,0.3011823107381594,0.3439442611385758
-0.9226815312590999,-0.11255093715285869,-0.19725276119329402,0.5698965577180547,0.2934192258756935
1.3351859571522797,0.33026499379509766,-0.006467866987380253,1.7609665270591484,-0.9430468490205929
-0.9930730726154804,-0.06437530645557227,-0.2536006378979625,0.7362397790961649,0.42206549113399006
-1.627318795384106,0.11980412189025916,-0.0004600840778035477,1.316056720567393,-0.6539583878312875
0.6953975561255468,-0.7197524822790956,-0.5741860595323219,-1.0741518580954323,-0.849391825924467
0.4057224033842928,-0.22309340617474518,0.03521297773919143,0.37751574752899303,-0.17429614872206023
-0.7073756656893628,0.3833387774675319,-0.05232321593483227,1.8218250330757857,-0.6205428263303246
-0.9579148083385468,-0.2522307214044444,0.3080008877724392,-0.46410430332264746,-1.2090986094442744
-0.026646295925847188,-0.1823754313026282,-0.27255873658428764,-0.13826699081800664,-0.6170081005595826
-0.026319665376323114,-0.25434187142319753,-0.22385149316203923,0.2169153516957877,0.808799516241366
1.1967264255299477,-0.5533915365206252,-0.49801917702297693,-0.4229063739323742,-0.8554808432810824
-4.07943156674478,1.1930429125536735,1.680289509319149,-0.6394824857115824,-1.043632851843702
0.46661434115001954,-0.3401357400685373,-0.40571594266093725,0.007142886633729023,-0.027595097266182773
-0.4283980326025144,-0.0811664692427999,0.47209109994915366,0.448317775579445,-0.15037526271816742
1.555988282462041,-0.5302101369240871,-0.34751699134786546,-0.28234873248320586,-0.5744054187697817
-0.23070836258350902,-0.06410878176789322,-0.0889874994652396,0.00817674420760587,0.9069407190519537
-0.307534097542823,-0.35790503510337685,-0.4124225340462277,-0.6623068209743582,-0.6726809670691454
2.1754806998671716,0.10086344463554216,-0.05502058014663673,1.9315161144245017,-0.4623634882356098
2.703375914400855,0.3271946097425758,-0.003320931583823251,0.7482372411186808,-0.35533417980977217
2.4138949385007495,-0.0914010878685119,-0.27605532798053384,0.4553025337512011,-0.2680247739538223
-0.9419556131094622,-0.04227494302816611,-0.1690595242595973,1.4773853185008203,0.14627608180068213
0.36738369964491535,-0.04623529325023135,-0.07583727461697985,0.12543442476336045,-0.05766440052494221
1.1796066729753725,-0.47145952017694626,-0.46023175224704005,-0.6009728678939588,-0.4882883291267133
-0.9975975406772766,2.8674489458053025,3.4347059968021525,-0.5590404291662866,-1.1665355595736626
1.0003962148934895,-0.40650909183943185,-0.40152929126939924,0.43535275531338385,-0.4018291382925844
0.4594046214864621,-0.3835992984161795,-0.4045551955373353,-0.07317039130658559,0.009509207512296855
-0.6180153357290655,0.05529504590837456,-0.0059433829983464494,0.9580533211403519,0.9288468065684701
1.1708028574269225,0.23098923764625845,0.2064747567417484,-0.24195860775579286,-0.5538734936813107
-0.2774113629605523,-0.8385278637474934,-0.5304326116796136,-1.5620780170106847,-0.9128348516605416
-1.1235744546735948,-0.0069655264241672826,-0.013155104719938743,0.13244724344429823,0.5804833884323447
-0.6710593543578879,0.2791887405795532,0.11575230670630024,0.44682807503390315,0.1192497038626841
0.7550300761892419,-0.24044264196735904,-0.26884360625894155,-0.3867784683602534,-0.03407458018981728
0.7057724321313498,-0.2634705223612712,-0.33571598358452687,0.6391838986150157,-0.9117871487702208
-0.4573694387966125,-0.19335357413049914,-0.25184814104107567,0.26806894566748557,0.7147392495744558
-0.8518611027277209,0.4728493153046077,0.4513284226250128,0.2367930656441142,-0.9174702508286079
-1.5495491247160063,-0.7681649009945128,-0.6209070045318762,-1.1098148839364532,1.6983732561036173
-0.807058155965506,2.8406966742037616,3.547593162557411,-0.4579493836908481,-1.1620590719266048
1.0055031396472383,-0.4227466950858304,-0.40124263692348916,-0.4477412638102211,-0.4243252903880144
0.29840529317051584,-0.5206151867599571,-0.48716224988070544,-0.9049412799639247,1.0693209446196108
0.5619186973944661,0.33333537784761913,-0.01934698335062338,1.9865843598809394,-0.777438301357665
-0.6085404656904189,0.6776570114438635,0.6845092396892483,-0.45727138439250936,-1.7515080606187834
0.1897987896663039,0.1424375807487841,-0.03701365842071397,0.6821619484434787,-0.09315703924343467
0.5229882341943213,-0.34897218255633244,-0.3896946742359505,-0.20652866908524936,-0.2180784798643715
-0.7598268912164375,0.09623350505930278,-0.04731974598994675,1.1511464728645586,0.36014776650083224
-0.9788684091176106,0.3172856514013943,0.041379853968094654,1.7627637899174935,0.7917012699238656
-0.5569643649154925,-0.24295208220540543,-0.27758845197043874,-0.10976678621166867,-0.4657188627788373
-1.1563853941175692,-0.086283770879696,-0.3802039104257483,0.628403076496757,-0.43228564444220685
0.9024707666195093,-0.3030714915150806,-0.2622278826334288,-0.053342510271610966,0.6753181568420449
0.2474589750781037,0.09337818605774002,0.19961731700788826,-0.4901882174833038,0.5889652908661758
0.6991681307557902,-0.2647498439325153,-0.015121939347161842,0.3452925829799601,-0.7067698873520626
-1.5952785091218529,-0.3059185818873824,-0.32116140734307597,0.6061490264413912,-0.3856680477203555
-0.727789189056634,0.06467677325197717,-0.11346367070831676,0.8831190068468979,-0.5124305013428315
0.41231437489959644,-0.17108486154549327,-0.25977572762826906,0.984349697997237,0.3089439986364448
0.932319143353221,-0.11344486411783027,-0.22501850268709428,-0.5699035451051107,0.2808227049649276
0.06647973578578983,-0.5600282944655129,-0.438445266693383,-1.1771453869612603,-0.0056138722370161044
0.6007400376397751,0.01330688385756979,0.3353377334400891,0.13041547125785147,0.014898764677709954
0.6151162855402441,-0.3860117452220068,-0.45737875634485253,-0.785251365491363,0.025468779851362835
-0.2207070001288008,0.40730372372235246,0.13972158532924958,0.9787798336044987,-0.09512318547166185
0.053748010683715354,0.1775133871821467,-0.056818833444291617,1.4682443971808898,0.4137545913151574
0.33847431190958743,-0.4852290105546453,-0.41116375988480497,-1.1401621396727695,0.31258859982479265
-0.47016606178590015,0.04020965033344549,-0.10608804085623014,0.45085164593598903,-0.7550682420995567
-2.0877454575884546,0.35862089628343036,-0.04497154999584361,2.028516728457338,-0.0400435502561054
2.955325903155567,-0.31144527318192156,-0.17640237877945592,0.7061464773453363,-1.704837973195246
-0.027833506422308075,0.5262879527140026,0.6902389436518892,-0.09027679834896751,1.298134246698164
-0.00028261826004581165,0.49532638415141833,0.5601278609031439,-0.6328491471530029,0.28519680215732574
0.024772396094199785,-0.817113900026949,-0.6803961836257292,-1.102284661353137,-0.21986681024209814
0.21812579454117786,-0.18950716586062283,-0.2968850507634476,0.7342069865275658,0.5326868140854264
-0.11271300273644508,3.8626173728517346,2.55632828892598,-0.6365523308141127,-0.5522338069908077
-1.4107305505162937,-0.12722223003062422,-0.12919834772610156,1.2404299111716526,0.05655248751143936
-0.6219317275689169,0.6368503945841505,0.28248270327853664,1.5337433142427115,0.11019846443963587
-0.5932004952395571,-0.30530450507687823,-0.318014471939519,-0.061691092095673056,-0.09918195460969162
0.15468113271356343,0.31713167164116035,0.006018354490728849,1.1528845981998022,-1.4964500794247784
0.5146564972475115,1.025451111236228,0.8109486040865395,-0.9897074035777061,3.8246431854922145
-1.6434429301809206,-0.10489215582032875,-0.0562466576492168,-0.19016647776548773,-0.7404489579331516
1.169898938390343,-0.2670952796063958,-0.003320931583823251,-2.0549084195313183,-1.3377550465752923
0.32032534826541864,-0.5117878326089575,-0.5013234591967118,-0.9070139312103394,-0.5423916564831265
-0.31371829769171267,-0.008922144013557069,-0.1708489661381219,1.3438853223960088,0.1921642784795467
0.46784245429666904,-0.1703066573554614,-0.3012646564992548,0.43706183164423473,-0.779359153963962
-0.1497565543284993,-0.3231724361994051,-0.3840126935487044,-0.06507465380241967,-0.016916358207684994
1.518227753187701,-0.019758788192367448,0.00848007617951534,0.9293550731130716,-0.2692601766841749
0.20949939608370927,-0.23895009757558794,-0.04418738089730832,-1.4607779207418385,1.6697590104493583
-0.01715045774161569,-0.428253367476347,0.2154594933390586,-0.8574782615563696,-0.3588753349717633
-0.9906898656742319,0.04713172371641377,-0.19865571220023076,1.263894651027851,0.5667246830826089
0.35587595312557335,-0.3034061019691243,-0.2952314463516174,-0.10895217049794301,1.3796399274390192
-0.8299090047624534,0.06211811475756922,-0.13043243417928335,1.2949920088163278,0.27732396459296443
-0.25441152219955826,-0.36389767252980587,-0.2885119525311725,0.366019095444107,-0.06912099996344899
-0.6786214717639574,-0.1215662602155537,-0.2703963671257647,0.5710465411582273,0.8610016630094816
0.3997633893059407,-0.4230025655408475,-0.32116140734307597,0.0420477621583657,2.80410341762477
1.0965602651068929,-0.15984506058866646,-0.22655666177364492,1.6531886622455847,1.1814132547120735
-1.088676224934505,-0.2190327311537636,-0.25846951341563784,0.39790603769664057,0.39023933272630307
-0.4234352269339087,-0.25106105859963634,-0.284971650202171,-0.22062978283943713,0.3240673662689476
-1.5587598256528903,-0.10419434963671206,-0.23422731681981496,1.0018978667375857,-0.40853758431351755
-0.33293331434324613,1.681352063875271,2.1293329914734738,-0.4876515857175612,-0.6940986127728997
0.5165716124880411,-0.3409371256581657,-0.37639840011561193,-0.25297918141546,0.8734284287990731
0.09526124736565282,-0.7420479072053586,-0.6380808223137386,-1.5282726734061887,-0.07820486614805708
0.7642411462836196,0.19615853997180893,-0.022101023869046357,1.32866187755797,0.6032833532545339
0.7425261950916509,0.46087440299792604,0.6802297537033049,-0.7577094527831516,-0.4728022286745169
0.37924864295417593,-0.3882048744949621,-0.3022797949217342,-0.8052945854247572,-2.2938706827943482
-0.3606558607396049,0.8092449059884705,0.9419700480435029,-1.412495548220939,0.016146642346305883
-0.6072117202112637,-0.4896372069946116,0.08940127002316905,-0.634471682322581,-0.18227204846852518
1.600750695731559,-0.5888764102213053,-0.41691815155568707,0.022854858559242547,-0.6547044850993078
2.762228109356521,0.4868545804737002,0.5631274410564291,-0.6331050972610757,-1.123162790249989
-1.7716203919911093,-0.5494000372523473,-0.39668785702844295,-0.531066882052968,0.1842080507510811
0.38017751703725833,-0.44929710428783864,-0.3989510700319729,-0.8556148014059082,0.05539740419116176
0.26214081155101465,-0.8035596128674906,-0.6193772477628531,-1.5322282932343345,-1.0895760342119012
0.49251804857994036,-0.26027221075720114,-0.3270057226931147,-1.0801296585177955,0.0504176007665136
-0.6758739063774326,0.06251175334502243,-0.07755633528520403,2.219222766288024,-0.24110462491302062
-0.9077003080596252,0.23309636546190246,0.10645158632511886,0.30729710384182835,-0.4124241033427245
-0.8349986529455452,-0.013618020087324115,-0.25192882846482284,0.56711940912429,-1.1168178447372568
0.18471534332908932,-0.4154971805955812,-0.5278101602650904,-0.48359077086692415,0.4770629836792668
1.436781200061,-0.5468413787579394,-0.39144296993407374,-0.3971417245923269,-1.0794722938453618
-0.18581489840408963,-0.32919768110447206,-0.311548951540818,-0.04645493074506345,1.2047043482567998
0.9599620993941572,-0.1560538885278952,-0.2282116823064065,0.6335064668112825,1.2518343770572662
0.48046394897142924,-0.10357196743734581,-0.32099129974983664,0.5022424086067728,-0.15239888962337786
-0.2678292157545327,-0.35388881924347565,-0.3753997673693241,-0.3221136244243201,1.405438291648547
4.157394988697738,-0.13489819016192828,-0.08199431667274719,-0.4354060552953672,-1.9552629542477709
-1.3908055701748359,-0.4905510146963228,-0.14388404103114175,-1.7363932991987387,-0.3710343693944383
0.603711681624357,-0.48760855819534954,-0.4100623324935599,-0.3362376648899876,0.4232456202918177
0.9181383274293768,-0.04912767178730787,-0.04163145569721628,-0.3422407261480034,0.2756002160109133
0.7432415484809686,0.004623668885915908,-0.02121527169568403,-0.3983296662485567,0.5227225051440229
0.10700237525186604,-0.0811664692427999,-0.1973819428916099,1.0807590005729435,2.336158504163337
0.6669915515472392,-0.19009199726302686,-0.3097724907708332,0.36389329504234624,-0.2764011192179013
-1.2945997313332618,-0.44821692782624095,-0.5139827149179853,-0.7015170841967084,0.5167397166846037
-1.8268017586710552,0.8911218089384069,0.9967052147619107,-0.5983837629760451,-0.45703045213654586
-0.6367269692235796,-0.07886368120340859,0.35621643827255906,0.533319250336604,0.4507493085592219
-1.1330352967275195,-0.03664590048123628,-0.04423109183006361,1.3942666911550117,-0.5345607539034756
1.6235902483092308,-0.16406683866088378,-0.25822269927193686,0.8796114431991195,-0.6011784595003749
2.100989959880563,2.3444369322492817,1.6420767290193903,-0.8517584137420522,4.513005863555439
-0.5674430480082375,0.16508579280268165,0.02681066021169426,0.3220314667595979,0.23411816751962594
-0.15405686996074008,0.1375983944993657,0.03426746526251573,-0.25524483156855227,-0.6264568107072788
0.3703844332399226,-0.20816871450112515,-0.2801082031480668,0.07449514293054167,0.803616851128667
0.4380998042688629,-0.42127054654489937,-0.08683575091370346,-0.4702364046585709,-0.10157205681606815
1.4510091204809108,-0.34847049715407064,-0.4327850627991295,-0.45453822064688737,-0.817384013223743
-0.9114178716739192,-0.4788771535459913,-0.4748695334605611,-0.3140363813466611,0.7960184622056611
0.9400435423930714,0.2510229562717526,0.0535917256177216,0.6244616272257476,-0.3278041982109936
1.214340479967223,-0.6365447674173546,-0.5420022252827286,-0.6057198387227625,-1.4317557214218246
-0.9162133013353422,-0.04470565861910563,-0.1665682056433404,0.8687698828332577,0.7196046674115177
-0.09272962167964556,-0.08795983212628593,0.18708510306885626,-2.1108371086148874,-0.9610383009163226
-0.11046298781855428,0.4248675793602381,-0.0074772622527480926,1.6956043093187632,-0.5329697194721218
-1.776042603427432,-0.3472664153440339,-0.4176674211405969,-0.15267516944869872,0.18442348333843855
0.7908167203502189,-0.040659598626214224,-0.04787091599120287,-0.5212702886716646,1.0179054866493384
0.4030395882219834,-0.2631537968943332,-0.2692828082985389,0.5375481412598546,-0.0968282216463477
-0.46343668985182024,-0.2917070943734024,-0.318014471939519,-0.553843272109373,0.048700953303155006
0.62063740500078,-0.023852638713036556,-0.2162635553129517,0.6045334234930583,-0.07912964291614824
0.8739488465884989,0.08989778291884462,-0.12470273021664242,1.3557290447151478,1.0082362579779234
0.15757355550021662,-0.9239868916599853,-0.7806139762623918,-1.9136846981228257,-0.5058741536074046
0.5277306528397957,-0.21289042785669396,-0.2770698527506097,0.13483488028367227,0.6234055246022406
-0.6192093387233925,0.8092449059884705,0.5945967950919987,0.8528264117069909,-0.4295061322405086
0.8891088158459296,-0.4968492320955794,-0.5818729055611432,-1.1535981109437354,0.03309336614468018
0.23069501651497423,-0.3832640278295644,-0.3422494935226216,-0.8273588826641668,2.2875084521184417
1.4555770014638458,-0.5140906206483484,-0.4627735005031391,-1.304006362254383,-1.4509742274353903
-1.6960585046237373,0.13376041443371367,-0.14493302474388634,1.197205388034354,-1.1181877848785116
0.12178713283373678,0.03312942146793189,-0.20493229059730203,1.154806264774651,-1.2125625159502196
-1.1711626947180866,-0.0811664692427999,-0.2550757638683798,1.222714941836381,-1.4479083674204736
0.5953237589071604,-0.5612338040041345,-0.5228930736970326,-0.7041864039065522,-0.635366603522859
-2.4920808537248966,-0.19421242195767066,-0.22646725733882997,1.3647567737674697,-1.6804797926253898
1.4754658043710212,0.36403921837283537,0.1540258385940246,0.7858638329766704,-0.4498680143246155
-0.7898197561927848,-0.06240301455559467,-0.29120723976561097,0.4489251453006944,-0.19290520602190295
1.2065395176633886,-0.41322282431251606,-0.3733772319854581,0.04407907517284373,-0.0508983778659626
-0.7228643327782766,-0.2989495162764907,-0.3875397944836879,0.02747369489929953,0.7013342567044524
-0.8433046965308651,-0.27882244262387934,-0.35276187844223467,0.22863951711364539,1.7824036724228143
1.4391845630013504,0.312226487486533,0.08321979201399307,1.86443965466862,0.6122805665988817
0.16661119540453426,0.3149879601995304,0.5427874915650478,-1.7099504656160878,-0.3815112063755195
-2.2439659683301474,0.27435168824705114,-0.07785361053810091,1.521445241260804,-0.37101249027198063
-0.5573951717094504,-0.018635472834832117,-0.10233426616412823,0.9261663788878183,0.686192368586711
-0.26484538957269166,-0.5325129249634785,-0.4517592265906897,-1.3846803261532932,-0.5156197672852944
1.032702811370964,-0.12645463401749366,-0.2023645958588009,0.7568467155268651,0.34009746998962087
1.2717985147360313,0.21052001574675422,0.0589025724781494,0.4484420071064612,-0.9729513871334756
-0.85345652757959,-0.48952754822817557,-0.4313041464675695,-1.0285031811924925,-1.4608668534624254
1.6665707383615758,0.179816175221538,-0.08199431667274719,-0.7478980893701966,-0.5604565185923653
0.32431040339890954,-0.8056222201143737,-0.6659049079899209,-1.8894127722104463,-0.9376622818304777
1.3104035286906277,-0.295190291561786,-0.40872025895200514,0.38277537110577975,-0.3459363290256839
-0.03847543095831681,-0.9299083422321566,-0.7237443534024904,-1.7432262181288767,0.33767675620401616
-0.7508461015659962,-0.9248242621507091,-0.5812127099828309,-1.2189551885090293,1.2930366030876472
0.4845020889523679,-0.32609937190899274,-0.28439947440709623,-0.00899067531008135,0.24888782267239612
1.1899765284392751,-0.46573207182113324,-0.4659204359066961,-0.5082677183424066,0.22167700757052253
-0.9439001132864094,-0.15104417314819965,-0.25290546413263987,1.213478723200835,0.58389384462597
0.19527627471120587,-0.8228451710109072,-0.6656331701178239,-2.0988536640921858,-1.3095358726190964
0.5614481692542953,-0.5757861502037049,-0.47191928151972645,-0.7863617134623153,0.3770140749280687
0.1354567394617165,-0.7277532276354757,-0.3152377577515134,-0.992864835844775,-0.761619120054369
-0.7659168823731948,0.4353616761422285,0.32743508631596896,0.24577874857438223,-0.36466965590264333
0.15632107795905087,0.0591939423936284,-0.15167645100807545,0.4446735508745607,-1.0735908402689047
0.4626417635397812,-0.5718796391660005,-0.5191935521712882,0.18365615488341602,-0.4379761355024765
0.07685882018700924,-0.4553695256438726,-0.4216010903950431,-0.6588803777076699,0.6088632971697543
0.5907828264211902,0.4056379636142585,0.7549889805372846,-1.3521042114178554,1.2830644253390437
-0.11575463898163982,0.22638366156747583,-0.0604902528368822,2.168481649046528,-0.3225462996245807
0.5614937971203908,-0.023754493886797658,-0.0175468104223727,-0.1071889565165354,0.4419688712571196
0.4837101722990685,-0.3037693130506175,-0.4124225340462277,-0.38952429122195,1.6960032097594935
-0.0031874447384542914,1.384709318892376,1.7313080037138633,-0.5233367155869513,-0.9700399284695872
0.40222249502768576,-0.6974021435340536,-0.5729654104933131,-1.082910276410878,-0.35219212671050726
0.7617813760783894,-0.5434954584405444,-0.4469177923497334,-0.7356338803209617,-0.5938573980506261
-2.1441393589688604,-0.5082289811575202,-0.4138529577992375,-0.4609156090973941,0.6240612265485277
0.579875108490454,-0.42594087702334976,-0.3417687519356972,-0.26157078638120573,0.9357008255225973
-0.8284870101006475,-0.14462106787760656,-0.1984309266043547,0.6301846956212327,-0.6242978787026588
1.0357069412149016,-0.5954557980401717,-0.4647171894204691,-0.7876629813113106,-0.3606158767399109
-0.009430193265682195,0.7040086900380726,0.9922031145655201,-0.46048604096614476,-0.7701371998091058
0.04682852264090427,-0.29609335291931344,-0.32285590618047527,0.4164658706990592,0.9469245274602063
-0.14741712946588345,0.09080409888346827,-0.06501874008663189,0.28930266458987863,0.573483796545023
-0.7322770366951553,-0.6346031947098225,-0.2125921359203609,-1.2542627323404303,0.2856120256787049
-0.45095030681938003,-0.42059111660983733,-0.49368244828204316,-0.8536054840041956,0.4799279971884638
-0.5618539297375496,-0.12616346949779336,-0.25182030639743125,0.28216009794091446,0.06679450777035395
-0.4437196928417393,-0.0843427354893727,-0.25534704543484343,1.3123282441836892,-0.12245855803384305
-0.03482852408812298,-0.35503626781966396,-0.37243625109576345,-0.9801461932267224,0.676939131125183
0.7017613883103747,0.03153908534408791,-0.021742021478208487,-0.6041735324773335,-0.9281752832184803
-0.7377214452287116,-0.5563781758481144,-0.4786988975410563,-0.9473364173558463,1.4679016508882596
0.8382879374695305,0.09638181996095975,-0.15382653168384766,0.6102083744926841,-0.396679963591016
-0.09556512038092733,-0.17781377706771728,-0.319802497697112,-0.28176897047655863,2.7599950107889883
1.2419381772995555,-0.22287649889335484,-0.13888123194269109,-0.034611718617000554,-0.508733313491734
0.4581143422180447,-0.5004065637069107,-0.38037041477795047,-1.7898531354010165,-0.3719140444627267
1.210595303372477,-0.1502501104245364,-0.32116140734307597,0.533319250336604,0.47389444532650055
0.17053098349331608,-0.6917305454641559,-0.5610352210316587,-1.279734455474169,0.22344662554088388
0.27059865269732475,-0.4413588412469276,-0.38949728271276257,-0.682684145911286,0.5762487226650829
1.1761030730438375,0.04092927159575525,-0.1879575322143916,0.36425866838145243,-0.42735113463948887
-0.12279070696063897,-0.3664051477220588,-0.391338066842396,-0.7350157647001732,-0.37499938457351567
-0.08531686539511424,0.2089848237204935,-0.058392301146070004,1.0250158998706724,2.1983673414841034
-0.3991625311381519,-0.14392872697760353,-0.3342119372777508,-0.3825112429550271,-0.2524507731675414
0.48629420091633613,-0.3437939644998345,-0.048277153882447826,-0.4265232651503591,0.49718054889592955
-0.2709313199970281,-0.36127168051312597,0.07010756641073149,-0.5687717946185177,-0.5845113662407798
-0.27012744264096655,1.5173522281012697,2.3811382533978724,1.2666923475672043,3.3630952284398825
0.03853259397088339,-0.3267971934445297,-0.3676392201133515,-0.42265127839435374,0.29377303431648966
-0.5285979340204001,-0.2039818313436648,-0.35997361589850413,-0.21644905395376596,1.3167571223911376
-0.17703308464220238,-0.35846052898615893,-0.3780029280698235,-0.6637962791791392,-0.8529204101871513
0.2745841508198078,0.0897862665700576,-0.06252598961476617,1.665348938995242,-0.04371924282899862
0.6164724225053553,-0.2689322596811792,-0.3044584497709708,0.1952686075877862,0.5274411985151297
-0.262446087364761,-0.9309695437203096,-0.6408291354097271,-1.9353266719442657,-1.595357819209893
-0.033521411238036744,0.5567401906180349,0.604225473346262,-1.19117418113042,-0.2497848788649219
0.5179896940804251,-0.3896905412264559,-0.3936424417610046,-1.1881436142517972,-0.8829759910138427
0.3928080929863387,0.4674978047721854,0.11571531448063159,1.6602592473111077,-0.032461762597069364
0.6022524758872873,0.41979092960819725,0.14905700067325545,1.5620591357941684,-1.0140053533208866
-0.8059552610403735,0.020714461718842912,-0.15816445626023468,1.8143626595281936,-0.9867685327708287
-0.04440225450330864,-0.28720540473903683,0.18466704510879411,0.13419543229851666,-0.5176527024136554
0.5733661235795032,1.8043284676196907,1.918812910087357,-1.124308946857408,1.6101931955193394
-0.04566883386069594,-0.08948697974632971,-0.15586321254235255,0.9045514133064659,0.9506410034850495
-1.3244289857088514,0.43915396889317915,0.10569789529596699,2.227381384842312,0.01565033172634426
-0.4686098414597543,3.1734406264301196,2.3883499751194646,-0.4098965014933403,0.6945982698583205
-0.6334919682837179,0.2527377964689265,-0.06958812176195063,1.117978600254799,0.06459575192441883
0.46830899553592054,-0.3440681037399638,-0.3504672432887001,0.7998143702121538,-0.47874951154047396
-0.011094133748192056,-0.13589939634569465,-0.209239957389784,0.14281049967637163,-0.30809907364487105
1.4395925558622615,-0.4288423131933815,-0.334674725598198,-0.5869628168694546,-0.30909275045649154
0.09190914966911351,-0.8027067215853811,-0.45513094759012274,-1.70815058165109,-0.9070285355967349
0.7328824724158522,-0.656863479090604,-0.5068305961529365,-0.6091898905716754,1.4901734460174343
0.595630085794588,0.1587783642512676,-0.012062425809115629,1.940053046039061,-0.9155350040627991
0.6776599815912216,-0.8086113003971841,-0.4838337677737172,-1.157522653757962,-0.7778639846349562
-0.7921585165719144,-0.3862366815576943,-0.36037706875191705,-0.47604146713736384,-0.6759258904283866
-1.766300980184575,1.6348370657447115,1.2904191752707752,-0.5367356724953498,4.477873270746865
-0.5584799779174431,-0.6810722752468767,-0.6605462906500672,-1.6009964381827626,0.25907629665792725
-2.0451226073150157,0.05086004501562978,-0.3054267303252912,0.9612420153656053,-0.0791274358116899
-1.3359102267202188,-0.4101361825764365,-0.39668785702844295,0.12701886779172314,0.05897483263512206
-1.2045136377423542,-0.6294493401507809,-0.5933713197507527,-0.6900460628360048,0.42404228904025554
1.1174627744889705,-0.36325800406822395,-0.38816490173225043,-0.09208997916888485,-0.6595649129610728
0.14676144936008464,-0.4653581143954563,-0.4725370721434758,-0.9936728254519004,-0.11019195125908395
-9.374534352386398,1.6075447596440924,1.161045167732251,0.3426353356664531,-2.339107207891589
-0.48103361538143447,-0.3318239341037967,-0.371902263361811,-0.7826068857095335,0.09725648370059067
0.912057860535931,-0.31936884443514135,-0.3484686875526092,-0.18607074033569576,-0.09968008848985788
0.5879237016403768,0.22587193600936234,0.23492259648426947,0.20080776485513593,0.470666027270165
0.09476074363707436,-0.4474704253515516,-0.390284205379776,0.10303833751242472,-0.6044823989136141
0.7077452836037357,-0.36281516257632895,-0.3646133158454154,0.5933157566433285,0.7953794574844076
-0.5180324250853775,-0.29335945225510784,-0.2738280529793125,0.49840086750322987,0.0934552740567561
1.07528232255476,-0.21514686844881253,-0.28439947440709623,0.2991531405262004,-1.5746971143743242
0.7933688537601198,-0.4604003959696903,-0.3690458530347105,-0.2570115403588306,-0.36741798075873333
0.4667600845281292,-0.5422324252566988,-0.4952640508118398,-1.2448064555390113,-0.4114960638984771
-1.2608140684456133,-0.4513183227576931,-0.30315395063813416,-0.2493988900297915,-0.9497977098315536
0.5369612144497861,-0.012486829194694316,-0.11866912670207944,-0.34708162315390645,-0.10085378825643725
-0.12123692307394501,-0.2129073610247436,-0.3213077713086953,0.6701068156972054,3.549026122228792
0.48869837600316846,0.11044824718037852,0.0870077738939316,0.7158306628778118,0.4863123826982585
0.09739113843542321,0.025892971461825964,0.201229869647379,0.21357713322092353,-0.5878783520726797
0.8144560895515324,-0.4100207668399022,-0.42401650492936643,0.10230849004598305,0.10629275319774675
0.32151351857136223,-0.5508813593904064,-0.49496057609619787,-1.1994619418008297,-0.46195219911783036
0.12967654527281663,-0.508141751546588,-0.4845397984661822,-1.2466630089777804,-0.10721207235698357
-0.2221000528431823,-0.6192916807013452,-0.42981349037093547,-0.6945294179358187,1.1000612076337393
-0.7405603401789269,0.3416018035360638,0.01725517967491782,2.1184927383953807,-0.9597659531765568
1.4335400711067596,-0.3147349747673146,-0.26743871988673157,0.30300441990190735,0.27836159157162693
-0.320437259384499,-0.011146729371130433,0.40885085252764536,-0.32885700482061264,0.01403933739380132
-0.44659757082318086,0.14860060913820827,0.013462729146706121,0.914984693263726,0.18345024623332482
0.05840722123033879,-0.20082535372231028,-0.2385077783557332,-0.0042071811776217384,1.2425282650497986
-0.8169018881708409,0.2962237839720725,-0.06023941061586474,1.6156175281575609,0.5544037623459593
-0.3710634440992587,-0.5447944611735647,-0.35577769678220256,-1.138194262541208,-0.820131186547072
-0.02273905919181315,-0.026475253307258494,-0.055933757862041134,0.8129677338913239,-0.4055848623923624
0.7972227841522099,0.17423366434492404,0.05032001422541376,2.4999319179576673,-1.2707347843173842
0.49873133833925115,-0.8438777776802082,-0.6169733352774299,-1.5888437186384192,-1.0714314284589674
-0.17039976748771898,-0.1285015516018683,-0.22229519199288728,1.5261723401471967,0.5020151632316366
0.807711582160252,-0.14909871640484096,-0.1885967534682392,0.26770102137299906,0.5151810211316197
1.074939006086567,0.023418487546217868,-0.04265762412828522,1.0126597097478158,0.24332400021582926
-0.08242569774393614,0.8100125020016011,1.0878789195995517,0.3498630404512312,-0.08402452079967768
1.0352874306402184,-0.003476449450323599,0.17548221062384858,-0.6690503799375276,0.5581734007999323
0.03764329357101507,0.7502612163879026,0.77364085093949,1.377383397047571,1.533634979324763
-1.2793607623723975,-0.004997318134979694,-0.05355086690511372,0.700504943861191,-0.8539286730804102
-1.18430706406548,-0.1758366493128565,-0.2719343531308679,1.0792237016999797,-0.5341484092139985
0.0927830931172852,1.5749595566426131,1.5662902323269503,-1.283723767045499,-0.3521034586879154
0.5729861866880362,-0.7705747993815765,-0.5972135075930175,-1.5538220157347582,-0.464133777933415
0.005526813202272951,8.408445435979486,7.6279974220417985,1.681886910272865,-0.09233206198129087
1.1264581827761209,0.10561523240290539,-0.04790251122265441,2.501381326162979,-1.1361868176982506
-2.1846030808991053,-0.04449243579857817,-0.1982560986080101,0.9484872384645918,-1.629200311481971
1.3441724318281087,-0.19681759677047422,-0.21731253902569628,0.2950174997768732,0.3014325504368887
-0.455413347074395,-0.663970850151142,-0.45612997370333586,-1.0088986171688896,-0.619937312020202
0.1654253877065441,-0.7067572199440805,-0.6445090200585534,-1.5115903563183768,-1.2332268673061981
1.2246153142925083,2.1511537384281225,2.6947892612584003,-0.37278219249480277,1.9885666129770363
0.98371295415826,-0.7253785312015744,-0.63387354276063,-1.487911348965018,-1.4704045195159037
-0.3761666772780793,2.6709211082847206,3.6618098298472876,1.04117194848616,1.1545154645990463
-0.4259260063685256,-0.3411896186907248,-0.36915217224731955,0.43989050953668063,0.7246045266984186
-0.7561437330804627,-0.41671558574722306,-0.3367462272969434,-0.6737989068491133,0.8683499774012384
0.8520676268618267,-0.44892515796371585,0.036602868964203054,-0.5060332536188372,-0.41173510290743404
0.6169439104550088,-0.2884173927880094,-0.45629808299259383,-0.25512218801126096,0.8762488204137843
-0.11478427159637991,-0.39761411247967526,-0.3494838259750886,-0.10419329946229063,0.43610382702250566
0.2790948862228732,0.24996264519497516,-0.02123424771616764,1.5500221403406482,-1.3485102666013287
1.1623164434906776,0.2666504742069151,0.06551828036898519,0.9173974697683716,0.3003399377688914
0.16212644868894885,-0.3962463484957986,-0.36933949357721624,-0.829133869304654,0.428600151669086
0.47786891946088017,-0.010062837744829863,-0.003631486904123369,0.4232337785313321,-0.5487649105095649
-0.028254788952955776,-0.10106037793046287,-0.02715571018762448,-0.7025016509352514,0.8063087508794713
-0.6008913009475756,0.17835408903956781,-0.07375233550406138,0.44436986601393563,0.2336402814238394
0.13925522239840538,-0.5834206447983797,-0.5351918637025058,-0.5145329093979033,0.6324749966273365
1.146176656416173,-0.10143100398944249,-0.2563345380298026,0.8681321439882069,0.6455403832939283
-0.5498885017587821,-0.2539218121809723,-0.3496733973637987,-0.034783123686384906,1.3715147122778863
-0.35256865371594553,0.3028411217378281,-0.04311408710857115,1.4304915649185221,-1.5717211698758236
0.24807480360739406,-0.5110202365958271,-0.45962656509958205,-0.6315107501484489,-0.6333609213365065
0.5006482993672436,-0.7917410598686836,-0.4873495712106022,-0.8766605978228298,-0.4455822972716191
-0.48002456029094065,0.34949530037748866,0.008273039299315261,1.5368852367010686,0.8394951573610087
0.09327968377644064,-0.0061126351420578914,-0.10122558508677817,0.9669108058079874,-0.08605716804484848
-1.002129465720425,-0.02839424334008451,-0.22213128386239295,0.8313027256865307,1.104347404492053
-0.6268438848295267,0.03642923996877819,-0.0934281872172299,0.5408445687082023,0.8890888905034873
-0.4615048148611223,0.3448815724290471,0.036676884884895,2.3468502398990134,0.01795426089777782
2.6230841597427594,-0.37285295423235404,-0.36521850299287334,1.0505254536726993,-0.6404066704953292
0.8691029161820778,-0.560061086167194,-0.5061749793656364,-0.3485141376572131,0.3371982943418489
-0.9290542970552502,-0.3098413352567248,-0.3706199658582465,0.7221375429216095,-0.030389387471646497
0.029752773659456826,-0.16560203068714452,-0.31408080268507277,0.8767416183963912,0.009053008616840991
0.29490804274785576,0.3847967493348708,0.7941612614415878,-0.11676118699476183,-0.5674508326211998
-0.46255735670425435,-0.05188410907045925,-0.14041659025673248,0.8352885934680975,0.3819042507194909
0.4389741907060247,-0.6715446893088591,-0.556173315975902,-1.8750860200754906,-0.6868483705879485
-0.9490913536114864,0.2450618363376225,0.010446910806738438,1.1980025615906673,0.31287533148226443
0.6350172706446765,-0.44897288708381267,-0.5022413101111901,-1.1895322395677872,0.19701175159775114
-1.5038179683541952,0.06314158122571645,0.0659116472944299,-0.5655047796857042,-0.19453308950160617
0.06817690044264103,-0.12286303692013636,-0.22749152187397964,0.3992444984750792,0.24675940628594126
0.826334027204534,-0.010255212657640539,-0.20487465447538586,0.8759064866240206,1.051837222710388
0.5513353212367987,-0.5434298443333418,-0.42116402827152033,-0.8349140089493825,0.11345451928223323
-1.132550445276633,0.01997558914852402,-0.21897855809769348,0.28223771713574536,-0.9124429466775714
-0.247152409263481,0.0652859835037582,-0.10896805319885765,1.1661282720768196,-0.17090200590921473
0.8205942926768326,-0.30486588536305526,-0.19288632538215056,-0.4748851254409062,0.5845349604906187
0.0502250668995624,-0.03265440121295831,-0.23745292560846082,0.9681295948921528,-0.4514440788300771
-0.8144610926607326,0.2604890117133577,0.012002378038008537,0.593270872583414,-0.4521964135672191
1.1237537349847426,-0.06544901975873912,-0.21911079232335093,0.8681625131120084,-0.024126104823876834
-0.35353651083025633,-0.6338355986966919,-0.5461672886973984,-1.280410024987508,1.4218595326636831
0.81728021820204,-0.5383867078232347,-0.6135527581058566,-1.1510599486047646,-1.2992781147457824
-0.6971004622065838,0.08968554262121411,-0.13528919399565495,1.663371910311254,3.283592926819858
-0.06865686158192358,-0.31592292170915554,-0.2931012385729188,0.5961365265740953,-0.6341706407895683
0.516643893525108,-0.2247353554545122,-0.18281279633924066,-1.2852521145650513,0.022959494004230106
-1.087987377053163,0.16022924353144646,0.09814060859771008,0.25928946921537616,0.45376901130263786
0.3272761408636087,-0.37338233449876945,-0.580620802902776,-0.7102934867475844,-0.2024704129005798
-0.24438202994390845,-0.42018803659142245,-0.28086315295138026,0.5049044389616187,1.6928614445434191
-0.4170832816203455,-0.30112242707046016,-0.32778082861768776,-0.1646969101890453,2.0446291773651106
1.571908199333904,-0.035110708454975555,-0.14178608934032932,0.6347197266996607,-0.003958256009986887
0.7853657408132917,-0.16126343985364897,-0.22155405723599542,0.15297735147633548,0.19714974360693613
2.47157579673214,0.4407988196858759,0.3113726087718725,0.5212022122806413,-0.9269607999999512
0.8936784687848291,0.18109549679278208,-0.007910217625569548,1.4140365953515825,-0.33356704391307485
-0.006503734158203722,0.48466145120074494,-0.03703809437412261,1.515163755977816,2.0935401475414204
-0.35040841790027577,-0.08175691944802026,-0.14402525975737623,-0.307980929842524,2.4585495475031904
-0.8779983391875117,-0.46555492601322307,-0.455995489418865,-0.5933690630026999,-0.6554140212021682
0.3226902449950302,-0.4366224668075075,-0.43935303167989315,-1.0352484939374857,-0.32578210668279795
-1.3307934823771665,-0.07992172019598719,-0.17044872315882056,1.1408430620457044,0.2997299132887882
-1.7670658745094092,0.1818186029409914,-0.004689156158581756,0.34457628108658794,-0.4717228586332703
2.2804598618483016,-0.24236163200018507,-0.38488684926510436,0.29639926940027933,-0.8800335369264726
2.0278177027948128,0.34868729811022725,0.04388309946953111,1.3502627108465155,0.6321043950004437
-0.7455537859194233,-0.04045050547223702,-0.14630124931864483,1.0081019560343378,1.3804872636289376
0.638619804784252,-0.22902970205381049,-0.2641853079237953,1.1122854290563695,0.41619718422321983
-0.5255251408828231,-0.28462565270618856,-0.29469681349590726,0.3172026166404782,0.7769937015791221
-0.29724745017777154,1.5290793911187532,1.5688355523547322,-0.33779657923238315,0.14162753596692854
-2.321319007852007,-0.5248369648321745,-0.4486122911871327,0.2539896362044098,-0.6064585250924357
-0.27506928016398746,-0.5774521866463639,-0.5069259640303413,-1.0448524838101956,0.11172846763466024
0.09226981653946287,0.373427992247839,0.018828993539590395,1.5096974221091835,-1.5742292082291325
0.06042141834190446,2.363055219178484,2.689652298313696,-0.6491164110456787,0.9454929803162415
0.2811621681818877,0.4574856968787594,-0.007340118807861197,1.437431904579721,-1.1138678097258772
1.1169215896046985,-0.14257415029323234,-0.23934108685059505,1.0951671728262464,2.631268330159554
0.026490824222630275,-0.38317580034381543,-0.38990567625475914,-0.18657795317132972,0.23585631026118853
0.3729381171112909,0.0022678860177783636,-0.23728873425378022,1.5289682255082286,0.09110988970592901
-0.10604904551006782,-0.583363535655003,-0.061086597095856364,-1.1826962020946967,-0.8703672830480238
0.2657083495602821,-0.36805547915028897,-0.38488684926510436,-0.5199064522645813,-1.3459710409024115
0.28177932567815256,-0.8497219773896185,-0.6749949567805114,-1.5299253481135837,-0.839763572627129
-0.14695922651196194,0.19787726420480872,0.015653232207737143,1.77004492446271,-0.015654086379577287
0.7270066664363503,-0.25455286821528683,-0.362904577125315,-0.49449068433710713,0.9671469781191769
-0.42749913410783547,-0.4314693798444797,-0.35520552098712777,0.42844020193366483,2.0382078468459035
-0.7812288706861116,-0.4673263073327237,-0.39063606422724767,-1.0704467739725647,-0.4910023958831652
-0.2923058341492467,-0.6133663767971878,-0.16389532458897532,-0.5487273438491528,-0.8628651430716189
-0.11461807689317384,0.0949356383683816,-0.03456224294537404,0.3173568474027652,-0.30222328177115493
0.6672539486930353,-0.2779501772183986,-0.3022797949217342,0.43501084438638726,1.30731119511428
-0.03854136248650894,-0.3308371740769972,-0.31304563401874985,0.3688161925089459,-1.3603361242118412
0.8250119265602481,-0.5752191730845663,-0.4543816780052129,-1.4024500517458007,-0.46995084163632356
-1.020238708018382,-0.2059008213764908,-0.26884360625894155,-0.4672929975479008,-1.085070662284757
0.6865530594214032,-0.6798913594845163,-0.4826233934788013,-1.1805793683010972,-0.3297873295474443
-0.1672439877457859,-0.2039818313436648,-0.21573907132391787,1.6436225795698247,-1.4342363149109978
0.6578410971131599,-0.24878436882469146,-0.11988598368392687,0.1795563996989006,0.45147007210650136
0.4804908974683962,-0.5284896625721771,-0.48648403809720786,0.34956249964311303,-0.8900806602655995
-0.7357061406446687,-0.3118968038606855,-0.4119597457257807,0.08435110342093077,0.7096478434330605
-0.22661566112515344,0.6370155505423358,0.2297489717421139,0.7571655849493901,-0.38549253493537683
-0.6170674131193595,0.05417283588909796,-0.046591293382731415,0.5560261077267328,0.30803246449510396
1.5871359459069918,-0.1410389582669716,-0.17168197567412052,0.15896654829185972,0.9441778339421942
0.38548637093950344,-0.2053774590628184,-0.23791066309758532,0.8186204214278686,1.9442013183745028
-0.19165844001873308,-0.5304210109008143,-0.4859086681626986,0.04072556372047616,-0.2287182587311246
-0.8324692596371938,-0.04534532708068756,-0.15017791183825552,1.4804086725531056,-0.23942309919887042
-1.6416563555793422,-0.2637735232114942,-0.3296084428226575,0.2127380028259944,0.7105580341195132
-0.6354921374105603,-0.14823012010830286,-0.055493800557946775,0.5849760967857086,0.9270237382857891
0.651373679335887,0.0029700367948293106,0.19775598339006958,-1.0051470291294407,-0.13512196380580627
-0.25524168356909943,-0.1468141971505623,-0.19663267330670003,1.3466792243892334,0.29942763593904387
0.12255557107050226,-0.3683171526311651,-0.2933396346644153,-0.8990711808777135,-0.7323265256428582
-0.7480607344522198,0.5731813142713554,0.17865402255177074,2.106214307769901,-0.18005458021522477
1.089369815464455,-0.6669012707466292,-0.5643226828356613,-0.7003129567285911,-0.6583615612258993
0.5955281244951108,0.10710389275885027,0.3909042575534083,-0.7216348430463121,-0.8897306902673399
-1.524297718575653,-0.22274528603087002,-0.37046339008724255,0.20020699573093215,0.30691538175593697
1.5136480591650008,-0.28074143265670537,-0.2708104408861646,-0.42902866684486046,-0.7975783214631662
2.358228277380926,0.1222464742367576,-0.0701933089094086,1.422008330914716,-0.6212048617067972
0.7108707185997682,-0.43389071541213886,-0.4503374254406856,-0.1985206525592209,-0.27049634710303494
1.2966260542432884,0.22587193600936234,0.6575355031631378,-1.1624283386531338,0.4539168873013541
-0.19971530229649304,-0.681426551510777,-0.5685105300626528,-1.4149729212932,-0.6685422623652942
1.4265046676112487,-0.414721831862718,0.04531352322254085,-0.5867240920875874,-1.3149691880294248
-2.6770945414232212,-0.46189409175548124,-0.31172060113240496,-0.0846496905174974,-1.0826400645096208
0.48531866532617707,0.05410422815744436,0.2715905933984532,0.14950876004937688,-0.17569545294871883
-3.2038361387922767,-0.5877798379088676,-0.48322858062625923,-0.6618033452883559,-1.9412736544626585
0.26014189755964623,0.010628511088953898,0.21161151513565135,-1.749082331602216,1.6535585758411304
-0.5727728700560655,0.9494225530141723,1.3715901256427325,-0.9990457178249562,0.9662108779456032
-0.8605451635855464,2.4819645461511723,2.9941350403041787,-0.4083021543807136,-1.2559748212320183
-0.018412238051599753,-0.5327920535776931,-0.4460375315786505,-0.8863453955845961,0.833371402099438
-0.3326180538444962,0.302166328082685,0.5357109621883924,-0.3765601510354945,0.5951064150802232
-0.8855321791296419,0.16408045695236462,-0.09576215906330887,1.3276229818472167,-0.004008827490404284
0.5942940309970762,0.10704408167750717,-0.026412073617087084,0.27778475029189864,-0.3034671290750879
0.6125611250389026,-0.40949947703546524,-0.4360245495729049,-2.0176155564109437,-0.736533650584921
0.682667602979438,-0.49396254912092036,-0.4368987052893051,-0.26817675956594395,1.215915959100419
-1.048298590531553,4.431288085129908,4.224752406305239,-0.2167287598338167,0.361777569201804
0.2503820379366497,-0.4831948811198498,-0.5225652731707212,-0.5796944689880819,2.560078655657503
0.07005244199995539,-0.07502570113775656,0.11416466206052885,0.4604044445116069,-0.7239685089418908
0.6996864278755129,-0.4121922499052873,-0.3494838259750886,0.8956744903588331,-0.050715284156974474
0.06202681044607501,0.8748103936593857,1.164814928856203,-0.08770552460916148,-0.0709386944265792
-1.0402610721064087,-0.5724279176462594,-0.5697693042240756,-0.8520620986026769,-0.7847090792101863
-0.8672403515358044,-0.0024259789544345592,-0.13224376299353988,0.8417174155564575,-0.572892304721918
0.03675465765463505,-0.7533135914997483,-0.4436638454077785,-1.7281673928189105,-0.8492863647157782
0.719733156358057,-0.5443811414243348,-0.42603908751726344,-0.6967563382088512,-0.4224144177323122
-0.5624585358790625,-0.044545737665730195,-0.13455251215235928,0.5087574466095958,0.6166833561492395
0.6711639171925157,0.1375983944993657,0.07535245350510068,0.5164191709427614,-0.5497807543268333
-0.6499191075505258,0.11265152407262752,0.6398339915181299,0.02638519586117822,-0.4536094402259453
0.16676498641598295,-0.260389177037682,-0.25417663721955264,0.4481355608366375,0.8208908981143364
0.8218354001672273,-0.39076353298937005,-0.39348264038121206,-0.5334288754133821,0.27331845384512793
2.9045667479119435,1.1572217703915615,1.2344736657268054,-0.5374442705034748,-1.2301212794110294
-0.12765184665576002,-0.7771201826970611,-0.38619806710502735,-1.1921894868812948,-0.2532634674135689
0.06836155302047967,0.07063017117021546,-0.12170269375772332,1.032761665428839,0.43869352824077656
-1.9250071021559867,-0.3740338699947145,-0.41000181692574955,-0.016951256820815427,-1.1613281365066037
-0.19808657943878627,0.47342165024391814,0.10092130365900097,1.8492933570986665,-0.3096478852083238
-1.0413539997792398,-0.3671969844172835,0.026492143144823344,0.12043369764811085,-0.0015004052928421173
-0.24979653672055754,0.08021591018218766,0.44492547903681146,0.9564200847129536,-0.36032223588587364
0.1314716843282256,-0.8523554918472273,-0.6747229514189049,-1.884023056286658,-1.296260906990015
-1.5910793426426073,0.29495557719109883,0.09502079977733167,1.152563668880807,-1.0086204022865177
-0.5866083760612547,-0.4605782172620917,-0.45850265285487857,0.028321192427875643,0.9761158829498181
0.47304735344897325,-0.6180796773004529,-0.4124225340462277,-1.309276100369252,-0.602512798087104
-0.5956310281713685,-0.5333502954542023,-0.5444984531182152,-0.05643458068445032,0.2096697835501636
0.04573625945156041,-0.14220862107177967,-0.23690595676596857,0.6156482995957435,1.2490032378034528
-0.8791839253910056,-0.2533487864052501,-0.2720445273393464,0.8734591382965851,0.850049818764516
1.5973903289071816,0.9542352572011378,1.383078941679361,-1.1337300906258534,1.9586228267892185
-1.2403797245957549,-0.43426063528278647,-0.5068305961529365,-1.0285031811924925,1.9614448497420076
0.568070411683998,-0.5885108809998527,-0.566772225884436,-0.820858448880896,-0.0008479660227109517
0.06444545650662266,-0.7286170187809715,-0.5983555933896764,-2.0832875813048664,-1.3238730312590736
-0.7133775758683651,0.18367343729904007,0.005534764927264324,0.17925882437641097,0.33780457634047933
-0.6706749875765085,-0.8309865706607329,-0.6492708368337994,-1.1792109401743296,1.087436474170331
-1.1194696448494794,0.23857697029181307,0.24680617983259776,-0.29070531155238494,-1.0898285077697356
0.15642030749308267,0.03054059645020772,0.02456654910606371,0.021795663621052005,0.9728607877178559
0.12797007784715028,0.07112457976227238,-0.14430363766317483,1.5336764026830887,0.4485800127597539
0.16011151326239864,-0.19726536622877375,-0.318014471939519,0.7189012542463498,-0.19805994646514907
1.1985976848603483,-0.36978257017983257,-0.4533326942924681,-0.7134601917374604,-0.8721578205302085
0.5648444920184573,-0.5609139774493034,-0.4385533324551411,-0.5429106043721068,-0.0876665310393138
-3.384954033638842,-0.5570759973836513,-0.541446885592063,-1.0795222887965463,-1.29247150055698
-1.9649584334863919,0.2178622404834695,-0.03205382073519906,1.6181130257677978,-0.5222023123910322
0.36116664447917823,-0.5271801591256966,-0.5250496999984443,-1.4104751851824304,-0.9919549403650008
0.8923658185723551,0.590775275024875,0.5486031225988832,-0.1930652941761117,-0.6982940304652264
-1.128478859626858,2.4755187200385906,1.4479004297330944,-0.9451065634841266,2.9166893514274186
-0.8653387474595065,-0.5724279176462594,-0.5363331155612829,-0.6877912032241708,-0.23572178502204638
0.40596767162242975,-0.40939867632702065,-0.3913965526368713,-0.5119347167014479,0.9613416216660046
1.0405311651607534,0.02629697259545689,-0.010473050348872174,0.7420917600217879,1.7292611072332715
-0.6818468746090096,-0.44500697946661194,-0.36731645468368557,-0.6841242048651294,-0.9467345367264124
0.6296336992659147,-0.09608594126353073,-0.1566786307094452,0.16730206284698637,0.846754227963793
0.28702593962712936,-0.8641144026358136,-0.5483129321942516,-1.8074142183529773,-1.0475232093154454
1.5063827443830455,-0.22352063476373327,-0.2436323581096245,0.7322357931540104,0.22213685298638766
-0.13604323945338742,0.45556028974326407,0.11625252782337284,1.3877298679932424,-1.238894327711249
0.6805053737133064,0.06869751792835574,0.13978970074605954,0.6687932012241703,-0.47303042408330814
-0.2778784948517906,0.10305657390849744,-0.11346367070831676,1.5862260835152642,-0.02231042554307793
-0.19296762015077626,-0.5156258126746096,-0.46182941988207193,-0.5500714996354782,-0.40859573671794436
-0.4188386993295416,-0.23666933954177327,-0.266213791015574,0.19735269349169307,-0.33589400373972716
-0.1335994168518406,-0.3283323854707904,-0.37151237379998736,0.42809234090324305,-0.38479710510883763
-2.4051485464254605,-0.31144527318192156,-0.28654511790394943,-0.07827230206699068,-1.349575338444127
2.5917057728648825,0.19823847953666757,0.031295357855303324,1.1015445612767532,-0.42430523452576174
0.8632776847790712,-0.3267971934445297,-0.2708104408861646,0.8400716348059776,1.7108134564420865
-0.5629594087651326,-0.0038951423716458346,-0.059266456862469986,-0.4081250032843354,-0.1763124825864511
4.157394988697738,-0.3421491137071378,-0.36521850299287334,0.4000318317210136,-0.9476717884327474
0.1859034398035346,-0.36517699410105,-0.4674939036084745,-1.4733260256153364,-1.268982727221627
-0.5274930456448059,0.39474305889805156,0.07098170639245449,2.1683399307203803,-0.26679695214747906
0.058293889880086505,-0.47030921614358934,-0.45356580353248677,-0.11918206916012782,0.3227860941502844
0.6890199174504938,0.07769253040054312,-0.092256063922144,0.5137157130725418,1.1286578924133943
0.14511449012223718,0.23610655463507435,0.10157692044630107,1.6946416871738785,-0.38763678489729436
-0.22991592910972006,1.2711981415858675,1.4929038088587414,-0.7745671671855179,0.5783815532604547
-0.38658703348698004,0.9279111045999606,1.5880077527912384,-0.7549649245313108,0.16817353282149117
-0.07831394775895807,-0.3546668392104644,-0.3393168014813389,0.5745760493996642,-0.6154294451054089
0.3909118786094329,-0.5606581069942863,-0.49896325764404403,-1.3205875722257006,-0.5062201892020646
-0.8360641153009198,0.1864454107254968,0.18978646388862364,0.0642043529634311,-0.33893577752772747
-0.6407538129852414,0.32422017519169555,-0.006271183524657898,1.3204351357402537,-1.1761358882015482
-2.2333145195308286,0.5921248930390017,0.3743113168430116,-0.4627377182611421,-0.35621721351527963
-0.9480606658919205,0.3833959940743502,0.41946299529955117,-0.34639989308332414,-0.7195547798303041
-0.6129722752215522,0.053162833055021085,-0.10391047169970795,0.8521431191762386,-0.8268853100341885
0.5737326969697352,-0.13838726713577196,-0.2178847148207711,0.8877571092774638,1.8125396686206443
2.8745727016316205,0.5943180223119571,0.11468914604956265,1.6181130257677978,-0.6714817416596986
0.19811073977150762,-0.6807686142640824,-0.6219185239786413,-1.5182866141914089,-1.0653454818563817
-0.3210063525752154,-0.7035096900836488,-0.6032559225267103,-0.9130560986143339,-0.47899421225217187
0.12284122513833728,-0.7687278098547818,-0.5515170788834453,-1.470073557505578,-0.6500199538667749
0.13485036136423798,-0.028597779098926284,-0.003320931583823251,-0.7759199452010277,0.21141090108469193
-0.3635476190427709,-0.12146525993214619,-0.25900943312282604,1.159738230887627,-1.5167623496391018
1.2990393106044407,0.37939113863544344,0.07442689259888347,0.6990188082757933,0.7281271613751715
-0.29809894885038823,-0.19934251174414508,-0.28455666383050393,0.3413037943544832,1.0360810878257536
0.2406582819164385,1.379824614199379,1.5353993636919396,1.3810867528981687,-0.6774794040839469
-0.3736321895963281,-0.20215421594024194,-0.31726520235460914,0.368296735087486,0.297541233354511
-0.5605487365064278,-0.5465489707326975,-0.09997680244526176,-0.7273082379631558,-0.9798155779603246
1.54120101460922,0.45126603525548714,0.5745708468151844,-0.29162493096694814,0.05896753959430283
-1.1056646312531844,-0.24236163200018507,-0.317140316223119,0.27000396649375036,0.569274560459565
1.0583001919134574,-0.6298307432577852,-0.380269067723279,0.32544411573506776,-0.38705209413793146
-0.6713749840141305,-0.8559869118257456,-0.5086817337000477,-2.1490478437453895,-0.7062561118185603
0.3725220027855402,-0.2506516689419933,-0.3400430197644178,0.3081974380337169,-0.07512230890810677
-0.5323250218980053,-0.5966367138025321,-0.48685965630697636,-0.45282122997696944,0.5028477214177902
0.1820302393903269,-0.2536498068577594,-0.2550757638683798,-0.5509493280235248,1.992104121618618
0.7982189925619573,-0.042786668586279615,-0.14630124931864483,-0.06676527397109575,0.7126600612135302
-0.9730020535699193,0.22979157293889096,-0.0679335418001453,0.9662625123850516,0.8535066241517688
0.11635970554484397,-0.13698380993728457,-0.24771528651026134,0.8153302246880373,0.247771411660673
-0.6234835918366496,0.6540509470290217,0.7891346143174555,-0.8088891111414468,0.6739918789846424
0.059529976828577705,-0.1343077246047877,-0.1546159089604759,0.7831657066031958,0.795811282269757
-1.70858350152991,0.6535325740894342,0.6597833119178678,-0.32425728789113095,-1.2119866536086905
0.2718452237186099,-0.5841386694609823,-0.43158656818536173,-1.856173734322967,-0.7674716893507401
0.6906472375097278,-0.19545297993025135,-0.2690621451880416,1.1957881920181057,-0.708640456361132
-1.7218995291113997,-0.4649644758080027,-0.3494838259750886,-0.020875806012430168,-0.022010163375665272
-1.0102027185908606,0.24634115790886657,-0.09313970764878568,1.1615983046448208,0.6889822445832576
-0.7348508765656255,-0.2615074109096106,-0.2608632298303534,1.006983285571458,0.8232502927804218
0.49163908458986616,-0.7105952000097324,-0.6799120433485691,-1.6439211666663913,-1.418387961444425
0.29300333774861875,-0.20227606413136623,-0.319762767637642,0.08293390740468234,0.49846287658628996
0.18359303071984157,-0.23762539572804742,-0.2949146286298644,0.411701094201701,0.020534845815025224
-0.5136009108802386,9.613571176594222,9.350944555489233,2.5683439048932994,0.3520831027707123
0.3077745103347575,-0.37765042931441906,-0.1439496074302748,0.22903810389180207,0.5162131783296676
-0.3796156419006979,-0.15191880274940098,-0.2749151460797941,1.1515931961707393,-0.031261289693798426
0.41234405516200856,0.14428744108466757,0.10931937282370333,-0.18409646030613017,0.9812793558498352
-0.5746358602586289,-0.29264700033956054,-0.2162207412567864,0.2631132046503661,-0.1455715478448787
-1.1133969302633804,-0.06475578844736092,-0.1671786009688913,0.4915143721327191,-0.4098653015868713
-0.5502225892896584,-0.13201970511268926,-0.19459559908126955,0.814761374393029,-0.003041635932285512
0.43226335047807996,-0.477404827633206,-0.39465320594327313,-1.020366513609252,0.24976087642730915
1.0460980601503813,-0.4134903929307734,-0.5318209609062778,-0.6387322050925457,-0.6108675521119155
1.269122122914095,-0.6696567408588042,-0.4307796624785357,-0.6538316097252225,-0.7374587152362031
0.20362669102714634,-0.9163501710368724,-0.720781985760352,-2.030914547755381,-1.3303965603108137
-0.686743527254926,0.12738345703543041,-0.060449909125008715,1.7742118718119406,0.225405766611482
-0.4484251219064472,-0.397837452215656,-0.2917900049983186,0.05102612384669216,-0.7878168742098134
0.6335175314149121,-0.018978173750854317,-0.14439965066233756,0.4681293687643169,-0.9183994418056161
-0.12340225326301457,-0.3032938026724037,-0.3170397559022982,-0.1352737380392078,0.770773217565634
0.334599930192404,-0.4885828064071352,-0.4376200300878313,-0.864296576266956,0.054450748300612556
0.4235411187355099,-0.18726253089518652,-0.22870266716806953,-0.312893068654808,-0.16697777418208734
0.8844782519207383,0.04862704680575237,0.5838686090770868,-0.0689960972058596,0.7998278285398854
-0.4766082291906744,-0.21114606591685534,-0.1910880720844961,-0.39331529152202266,-1.1535316839487173
0.017888863991176323,-0.4413728268462868,-0.376863942004537,0.4304775543350062,2.384464535795905
-0.30362471969533267,0.29035000111231624,0.08850768198065198,0.753569158770942,0.42132783843954996
-2.1502540836776265,0.2565757765345786,0.10682180754067026,0.9102229077615515,-1.1226559239130525
0.3985296649653998,-0.26726933967833316,-0.041212598595002946,0.3833725306281195,-0.13677354966817218
-1.1681090239386305,-0.5868767765513401,-0.4383384754404633,-0.20056810674386774,0.8723443566657197
-0.3000042445016141,-0.1638306493676434,-0.3143833962588019,0.45546605636846094,-0.09669781056117215
0.0668568670803121,-0.12929681177531163,-0.2878209012512284,0.8100806710076139,-0.024975648118254208
-0.3753119300195247,0.28526625877311457,0.2004560382316442,1.0021200294416477,2.5630271552918678
-1.0014787887238255,-0.12010791990212773,-0.2953718940786782,1.2174263776708063,0.05225650262465762
1.6528921242907766,-0.2730654725254013,-0.25245331245385666,0.8002129569903105,-0.6558519874955756
-0.044495872843452224,3.329547226345341,4.668286989219512,1.2038694018313802,-0.16390423728209774
-1.394343206427197,-0.0020450364050383224,-0.13888123194269109,0.9033549514592659,-0.040265700117902044
-0.8731901366768406,-0.6044863348558469,-0.5836528436947492,-1.4291532294571667,-0.42906192847797914
0.8407684543258516,-0.6271191335818008,-0.23442400028253732,-0.6323079237047623,-0.373085153280594
-0.7284361744783067,0.1964474170553902,0.24581144928621038,-0.8329299332511567,-0.5215377820269114
-0.1072948782163674,-0.07115282615734758,-0.13331082585017787,0.14247230038945333,0.9015167118647764
1.0726226904829912,-0.05255607797227375,-0.20930215656803522,0.8873222861781308,0.13961916687080045
-0.25437837185671525,-0.42898341269251494,-0.3969337113568458,-0.6759531759129177,-0.33498649996305
0.6515587749027179,0.21385738504456275,-0.09088782361270852,1.6781436638575096,-0.320234405684884
0.19672160012655018,-0.47770329966695163,-0.18510666049360128,-0.6731333880999723,0.11169229031375427
1.305066766481937,-0.1507618359826499,-0.2833981825003924,0.1759729196190069,-1.0304353267927935
0.7047915068417965,0.6184424750183074,0.9460045765776334,-0.8459883950127948,-0.706854237126801
0.7742086939119986,0.06351374247672238,-0.1401649455671869,1.5953090279967912,1.0155081873632057
-0.9365169634327919,-0.4956683163332189,-0.38095318001065814,-0.9647292966874252,-0.436656478958449
0.43330658955239576,-0.15149967997431119,-0.30081610806150877,0.5849760967857086,0.4062990884155701
0.3976518084478051,0.1551600548126532,0.2131500833238043,-1.2190518186988313,-0.37148039641717273
0.8098134910920786,-0.6700503794462574,-0.5649278699831193,-0.34350625511212196,-0.17536189229230245
0.295635873660424,0.10330823793736228,0.42435275073362916,-1.7701620939900247,-0.8361064005394742
-0.34712874890380013,0.23031591777546076,0.027941385571546243,1.5498917546337776,-0.019576782729690222
-0.11596040736805895,-0.07093185061708789,0.019989709193838585,-0.6945169884057288,2.0817099716830554
-0.3450618361022795,-0.2722714098017376,0.17165953378108578,0.01266046281856162,-0.13903314482830997
-0.37645498927986326,-0.8084190636516558,-0.4296208979242379,-1.4698777844349242,-1.1561629363074455
0.6887878650505951,0.06284915784855431,0.15177802983929484,-1.351927883004587,-0.7662307208787094
-1.1372446519535635,-0.42523009846711124,-0.36105343957820357,-0.7750957761594033,0.2050870670059101
1.9759598610214721,0.42910211487819416,0.2701627343977974,-0.5936260271155367,-0.31515192392238595
-0.8121523078700075,-0.05766863586580891,-0.23131319169741316,0.9517410075615944,0.019355964151021785
1.2901382589724184,-0.024876089829263554,-0.0662596396549624,1.3022804582260967,0.5331093306476248
-1.2122678647076146,0.5073238023732041,0.3061277216775031,2.513073202863112,-0.8195764356394931
0.2738422919225154,-0.7943329399185401,-0.5583258984653202,-1.3230225739290962,-0.8044180422188452
-0.7753583805745033,-0.5591505791283388,-0.42900773329553193,0.47294089151901747,-0.025836130973860085
0.5634851802989087,-0.37899372233739737,-0.29032144038821767,-1.2290082740764239,-0.8557390745027211
2.4028481958582684,-0.1174528206446301,-0.27224086463917435,0.19885421771542278,-0.050095375687339655
0.16129510601543198,1.8938481091454835,2.638878729901441,0.7965066165219177,0.726687649462944
-0.22669628512155496,-0.096518389505408,-0.24406148995593044,0.44244146491688313,0.13880273014330013
-0.10272367481599828,0.9789240311444216,0.9023102911105118,-1.5547576041300013,-0.513375621856366
-0.6013794009843977,-0.053604138216681974,-0.1756733597238678,0.9820977974936438,0.3938829743040168
-0.13791700905473717,3.381544441257439,3.385753670050675,0.08266818076011533,2.22470750185765
0.6448443907628397,-0.033404941242677004,-0.18456109203736365,0.28949043403802627,0.8058594611805809
-0.3291490808857734,-0.7604889408632088,-0.6024490168198842,-1.6501759115596064,-0.8121430037844904
-0.5246765216386493,-0.3528146607346214,-0.36207156758931636,0.2594607658691571,0.6705228865423365
-0.20659750543254307,-0.25376232108136404,-0.26616742092240275,0.03453429297450893,1.7957156790223725
-1.0394732900170274,-0.5934657286165299,-0.490513153902444,-0.5872823814273216,0.5547618890346093
-0.10357775759106458,-0.13171547610884532,-0.23243318600753907,1.5934589731168525,-0.26224014509034654
-0.038951570292375844,-0.3370318120702417,-0.37570829291628893,0.45601113175932567,-0.7309660856468811
-0.8344449167065233,-0.22014175387353432,-0.4405793294679511,0.04424068457356819,1.3237037437714565
-0.7694376850438892,0.31207887877320806,-0.05173532119741657,2.284795405960333,-0.9019642864362853
-0.14779440842340347,-0.2025197451616946,-0.29553636865754507,0.45013988474319305,1.5742844696298968
2.8561148269975756,-0.019758788192367448,-0.12919834772610156,0.1895780128542917,-1.472796157099295
-1.9221674688907868,0.28727961705979477,0.0596177764873159,1.752038183228439,-0.664474760770494
0.15947058202360637,-0.00099533350516222,-0.1921370557972407,0.17398884392078068,-1.575278734379658
-1.2056619390390872,-0.3370318120702417,-0.318014471939519,0.2965764204966576,-0.21689297688699272
0.5395659897181425,0.07198281351263364,-0.10019345321311958,0.21900620400884016,0.5599610594502147
-0.9237117759896747,-0.6338355986966919,-0.538299950188506,-2.3980473509388114,-1.4596300113161218
-0.82277031100049,0.014783032398500805,-0.10166266294497817,-0.05754578960284383,-1.0723848016239554
-0.19406785714196184,0.12210433080704632,0.0025067207432536076,-0.53401937694218,0.08530683631827819
0.6008165270722585,-0.42567676258715154,-0.3821375134151099,0.12059250099791692,0.4091647736522113
-1.964749047356543,-0.016688404139846,-0.16381463716522812,1.8897897737593843,-0.7021059877481635
-0.013507833098337684,0.08002869351458528,-0.21573907132391787,0.9389211557888317,0.7639945280462838
0.5553248800916994,-0.11875220717565649,-0.23011730904003047,0.025745103759789306,-0.08077201651642676
0.84615874437098,-0.20280091558130428,-0.2847295721962523,0.20208750901811032,0.33675054001997334
-0.5010928213872301,0.1491123346963218,-0.03872395487383902,1.9353881011805072,0.7569792945056261
-0.4010415427758971,0.551938079256051,0.7219147051805779,-1.1842102642641203,0.3454281070620994
1.3890766015748173,-0.48952754822817557,-0.4313041464675695,-1.0285031811924925,-1.1198351484540874
0.2851132608260496,-0.5205490199836252,-0.5621732472816467,-1.21542663687586,-0.13542606441575555
0.6176303957283984,-0.5392479659018871,-0.05407794711585561,-0.24182145563977597,-1.0390338219186686
-0.2943630750244584,5.128982844509231,7.68669026913178,2.445047730309299,0.3136871620787214
-0.1174443466571388,-0.14184588589981476,-0.2210984124589146,0.44773518201232576,0.7830694763089869
1.4948140868774116,-0.7310644219092367,-0.49634080622952087,-0.6699522319478676,-1.0807703591501219
0.4358260156084437,0.16446425495892988,-0.1921370557972407,0.9548646269150985,2.027121177306846
0.950156168916075,-0.042786668586279615,-0.17640237877945592,0.443079203761934,-0.09864879494138049
-1.2583938719235972,0.2376811089848885,-0.043867982688524175,1.7017549305907467,0.3734273382609575
1.5651123790511423,-0.02673692678813459,-0.13921132973184716,1.0905290703956805,0.3227037595578781
0.9868770768595265,-0.4360320166022876,-0.40697591265781347,-1.368467040476462,-0.8789684650836744
-0.6556987849189341,0.2880165092324,0.06616340212671432,0.767369406470201,-0.14520257755606372
-0.1796919783989856,-0.6120197063517518,-0.5797069958002911,-1.4396769088957126,-1.1596042919634895
-0.4423102495346821,-0.22700971173757695,0.08584224342851628,0.8392213184717061,0.14563995591133055
0.2533744285723224,-0.7776259670620326,-0.6162414839799788,-1.6250114701335785,-1.2012538884714923
-0.6662477555982854,-0.32986757749705115,-0.44344233262472216,-0.8530338914321535,-0.8047440219512522
-0.2118709940469884,-0.34502759875637684,-0.3799697626970466,0.39485020360497686,-0.666312894940131
0.702998730394343,-0.4017145643260572,-0.4008837761447445,0.8791862818432893,0.19949244104798766
-0.8866037694993953,-0.6402322372567519,-0.5225652731707212,-0.7494924364828234,-0.15829368178764944
-0.4494271630045799,0.43056420106016347,0.3480868499018115,-0.6373566916872098,-0.8756573285906794
0.5678816983737417,-0.7562765274623516,-0.5924118820849164,-1.7256606199858928,-0.6443878071330594
-0.7065810911021164,-0.21677509311186496,-0.26851580573263006,0.08594545053355745,0.07553886371261384
1.2757254644801719,-0.18468227224896863,-0.13369396523556065,-1.1274438095467505,-0.8200321547296319
0.3598381943260154,-0.7110467306884964,-0.3899774735859911,-1.3899510527633716,-0.8817918314913515
-0.7046560086092835,-0.6156407330802529,-0.4666197478920743,-0.6094851381473799,0.03742293740365584
-1.2922924970040062,-0.22700971173757695,-0.1921370557972407,0.5467117660826682,-0.590686556632338
0.05061098414241138,0.10810377867747431,0.16092322867283268,-0.3911137787645773,0.27657652387005627
0.6785221119996301,-0.6404149865155582,-0.261819190132569,-1.2353127753543296,-0.8430338297071108
-0.5164050311946431,4.164736055680781,6.337941227913342,1.7294136387910404,1.6760907133353398
0.04513431124399441,-0.22910316099226705,-0.3666489267458831,0.3388668794345525,0.3755335876417645
-0.3651390569937187,-0.06470271685901312,-0.1596158071336782,0.1638552884659184,1.1933752810715659
0.49528540080807215,-0.5875412076603055,-0.5363433116319904,-1.2771552418857421,-0.24294410253754503
-0.235459936334802,-0.42901852253415546,-0.40628217074809936,-0.5529729499075321,0.5915267795318042
-0.400387469530365,0.6898069663453799,0.9343609155844725,-0.7822084392339228,-1.0537496429148652
1.0234596245747223,-0.7185554470004595,-0.6347476984770303,-1.3301300330546397,-1.2245582246429694
-0.18636664119265084,-1.0036166265776418,-0.647074449003564,-1.5769585879360708,-1.1379135410732673
0.4017967826071245,0.11077231086520185,0.22283447806938778,-0.8522493451049722,1.5820523257908867
0.9784413113312798,-0.5743818025938424,-0.4985341257977381,-0.4014319659924702,0.47832957375522767
0.7390137353802909,-0.21030321479059766,-0.22545754737992169,0.9293550731130716,1.9363567893238476
0.45039983659899613,-0.291879097288025,-0.34670711178708297,-0.14542245254641745,0.8609670210655896
2.020008619026141,-0.3456918609942197,-0.3519045430955667,0.2298046149644452,-1.1950751475205876
0.5815758908907327,-0.5714179148121826,-0.5320888909865366,-0.9047314957708453,-0.045471683769009466
-1.5611617857947677,0.1505079624154754,-0.06411399615810918,2.1210570671591635,-1.2088786666869364
0.6392821471576202,-0.4635688480888491,-0.5769214229891245,-0.38554647170460776,0.4310318050159192
-1.1194927541085207,-0.3930528420427708,-0.4149069608739508,0.25301624265043177,-0.09943730699942814
1.3385839042094096,-0.4496125555453946,-0.3709401980049125,-0.06725681118591806,0.3807395712928722
0.16192378122546672,-0.6660155877628392,-0.49734944623039196,-1.8018841743737244,-0.4900016179528525
-0.28308272952060864,0.2670150823131522,-0.008985415310225765,0.12172259974090026,1.4496324876750184
-2.0934919107825225,-0.4035567947575702,-0.4019327441228121,-0.11228503834389694,-1.7406848041987888
0.23442424550603685,-0.5186961967271311,-0.5522466014486979,-1.7049411800455374,-0.380154412899952
-0.36246325582377037,-0.27635517411079435,-0.331501340202574,0.20233278975530516,-0.16279972544223753
0.8479181489810975,-0.1966396066069495,-0.2995433300375402,0.8991318001856221,0.3356797105133706
-0.47073353068364865,0.1783870803162122,-0.0007465653422661924,0.7043295083566795,0.3562219993966904
0.46208514787231636,0.06864128384443355,0.035929314645103023,-0.5075896807797373,-0.1843469185815969
-2.743542890105783,-0.6215540624866053,-0.5194183377671642,-1.0871751549371542,-1.5038600008192453
0.08436763125113493,0.10398699238793319,-0.1616213175970111,1.3100658401213179,0.4230164652723924
1.5709054199207866,1.3132113886743808,1.437758454845157,-0.926245054498446,1.3479409174403512
-0.12242812047132832,-0.3221916173657471,-0.02692294711050043,-0.052762748264963785,-0.11296445830315349
-0.40753066701374036,-0.29106427876816676,-0.3220837898445356,0.6271988087260945,-0.05194684844479048
0.6081454107744526,-0.4401222747736151,-0.3383265081138705,-0.8753299047035239,0.2991239191733479
0.5795815544522745,0.06588876130094971,-0.0538375212510238,0.17816584203420938,0.134370000741158
-0.6795454729681393,-0.23775605592140245,-0.3349292497336377,-0.4414645743233485,-0.7224698850146021
0.21173589983736743,-0.2884173927880094,-0.3278486450756345,-0.04638535981445706,0.18636679083357396
0.13827459243484966,-0.28182254558543884,-0.31469023819532554,0.5718620305741706,0.646880383583399
0.8293710858968195,-0.038063005536837155,-0.057787113998612034,0.21655927021165366,-0.9259702899034234
-0.87806700248115,-0.2198454771643864,-0.3505328096878331,-0.03894507116306998,0.47459630454428803
-1.1503975857547863,-0.43426063528278647,-0.40848886479178154,-0.7765963373974769,0.054928730357462596
1.0202986027963947,-0.34638412513462125,-0.39451755729270294,-0.8534548628437715,-0.5665503340021513
0.176540202990674,0.4227973268570643,0.05514497425953243,1.3172751014986972,-0.8776410356935107
0.10251940049224942,-0.7159451139424476,-0.6100596126038775,-1.209582359835485,-0.8125889348461611
-0.4387951318893763,0.22188967859708225,0.2316936204747416,0.17042187489958643,1.337959239546471
0.7919319451356083,0.09448806848504544,0.15585545110297572,-0.5334398636536818,-0.790877360405179
-0.63392115078471,-0.08969532065621334,-0.12395346063173235,0.020222916723107755,-0.6912322558088143
-0.3424810560709476,-0.23673258945325523,-0.20472479741146848,0.2180636833923514,-0.04168189349172096
0.07927436532461675,-0.0992176255336609,0.3098164334801364,-0.11527517257974373,-0.563139398003209
0.16607333293769638,-0.37509956959550445,0.010111117064501787,-0.26523866481985314,-0.2446913615801318
-1.0113789281940402,-0.2039818313436648,-0.2989080739223012,0.4968314751116101,-0.0005465523225372014
1.399788518371437,-0.4818515880968715,-0.4139960017480061,-0.31359793589068863,-1.3497770485994167
-0.8366206571368864,-0.2825128139762064,-0.25749648098885797,0.9110200813178648,0.8193201114673626
-0.47078809216106765,-0.2106153807372174,-0.185338117592533,-0.28793878768777853,0.8851930632511297
-0.35666748318867886,0.016119862263048283,0.054490742123809756,-0.1203702340249536,0.40433841196795756
0.33124355026894786,0.9896299690741159,0.8837214852937941,-0.8706628170424511,0.26557727485976607
-1.879639492092968,-2.0609383848322375e-05,-0.153924275497482,1.6982859118787628,-0.2971976089581966
-0.5339747129012969,0.024761780569196166,0.06622634083478554,-0.13975032672987542,0.22850962720750928
-0.6180275917578231,0.01673347851594533,-0.19291088721297545,1.462755659546631,1.1174962772838122
-1.2639011110624085,0.20430614179742038,-0.016807799846878257,1.426335841772965,-1.0312186569534167
1.2756593114574848,-0.8048998508583368,-0.5517868184515612,-0.6394824857115824,-1.3553211990379848
-1.7257962079411424,0.4476218885350701,0.026400126753623333,2.3082881744387733,-1.0129418168551032
0.5553905162938982,-0.42161788374084097,-0.38049039169021115,0.2509134837531418,-0.49393909230673055
0.47141759695028534,-0.7655180150143556,-0.41744136103588253,-1.7967585779926136,-0.8989678062702149
1.011740719969569,-0.05302128721199162,-0.2013156121460561,-0.005463781797909682,0.03595607658835601
0.5265572488335598,-0.5390771911408859,-0.5057454384177278,-1.2005827168018988,0.6789332020228624
-0.9058351767436045,-0.03650633617412916,-0.21120938823871496,0.34572740607929314,-0.493419655070487
0.13428399993896784,0.0270742863741136,-0.2166353499962049,1.3329872519910868,0.11822272856205988
-0.3572929098127799,0.4959147311435623,0.4137769865349883,0.3859179376803703,0.20744934050389716
0.1650866487912592,-0.6539668941273753,-0.08748661582854413,-1.2598940875126083,-0.5153292931463495
1.2552686758547587,-0.017839798159541433,-0.21508345453661779,1.162395478201134,-0.40799425277248463
-0.027201361131841476,0.39619135905562586,0.03171098934872811,1.8045012272385148,-0.3291804717824334
0.019092834237806677,3.0549429919031135,2.791878874226511,-1.1711308145170913,-1.1802465722748832
-1.0149561381296166,-0.2771292179304351,-0.15603985002655432,-0.15255012161596115,-0.7458819854602899
0.7706057167834331,-0.12952501807001554,-0.24012782070148425,0.1458929019683205,1.5419780260998384
-1.7346912792217848,-0.15653044283668685,-0.3108623531744701,0.1275434143691653,-0.8500807303986944
0.5051777141394418,-0.13142380497577505,-0.182033741010736,0.01745565308144038,0.02120148732254115
0.8487110992753759,-0.30340378382916483,-0.3846995279352076,0.09179139207231786,0.6566871244586817
0.04357528532090502,-0.034142570307454705,-0.2369312738612902,1.5232565535059055,0.39862882465606925
0.8622029196548804,-0.431190251230265,-0.4438918880817973,0.7393088972879716,1.4852030467770003
1.8755402370639427,-0.5263721568584351,-0.5131244669600504,-0.9583519082369185,-0.840639025408627
0.36610316613430327,0.5603244802013482,0.343403911062455,-0.6403935402934563,-0.8541489037209383
0.26218260017918554,-0.20261111979109775,0.14394581112950625,-1.9817519298162123,0.1987114139528859
-0.39724372432269545,-0.4919156315365461,-0.44564018377992026,-0.4834490461633885,-0.29968942989178865
1.076581756928996,-0.5047399041836765,-0.41957465281127665,-0.5183121051519546,0.46374080520698696
-0.8480663113659589,-0.17623028790031015,-0.23571001116987794,0.16799300824387955,0.8129570293136453
0.18572181431713672,3.369945205791504,4.83351878368322,2.031367797360633,6.2007588749545866
-1.0658492975430836,0.2966613444033974,-0.02211512213965425,0.586924746091091,-0.062024967207399424
-0.7473487034803373,0.3598900548834601,-0.0011946260050248198,1.6017386472587076,0.5921990827420615
1.0328010072640148,-0.27217291188133313,-0.1196843595326209,0.6073711126353845,-0.2564168439183163
-0.9603121170960168,-0.2273208951613002,-0.2510357754013246,-0.11593336370955516,0.13957396920993412
1.5848287115777362,0.03713361677426727,-0.25137348877415727,1.0786609928300497,0.254564111495281
0.21305010051131099,0.6833591598350842,0.48218127628034835,0.7685740249972282,0.8665720108183599
-0.8256817823137658,0.39254992962509627,0.14203750950078933,1.6591105202164604,-1.4023332916915185
0.013819419454859695,-0.3821737651563548,-0.36784095440739656,-1.0752706943704122,-0.4080983705262855
-1.816140785608425,-0.3044671192342342,-0.38238360376366787,-0.0342103449200908,-0.7793876543997951
-1.0977979589156528,-0.2381565414652934,-0.3232137599398906,0.3604920233278716,0.47836488742656275
-0.26193760983434183,-0.05085127793095191,-0.05211835044006054,-0.3095535428153122,-0.45583237825985995
-0.029071217663769258,0.3325600291147563,0.3266304778719873,-1.9933569592404259,-1.1752564050553866
-1.5122842262913392,-0.48976373752141594,-0.07957359955226904,-0.7209168320128347,0.05285673907629309
0.33632655361717023,0.26904921174794766,0.10485497291344716,1.7309130839861355,-0.046443769341362455
-0.4173636936517862,-0.762177652092096,-0.4835432741666149,-1.5241538115658753,-1.193320883320372
0.08929950152185341,0.20561372625386767,0.37804221331472954,-0.7057547312743009,-0.06439098318685994
0.5073832824952138,-0.5697413316003028,-0.4462520896344651,-1.3645915525341967,-0.2599606859900827
-0.7550914127318258,-0.13617751173317236,-0.21967274057836408,0.29055332786151894,0.32348507453617004
-1.2287386383900576,-0.03371508073582195,-0.11703973795817971,0.25248225116069434,-0.8427581335719311
-0.22404300255865997,-0.7124013073728677,-0.5179374214356042,-1.0557008679816993,2.184315379124584
-0.806853642714562,-0.28415296708130244,-0.3219481411939652,-0.061265930739843516,-0.5007054988099638
2.1908622374517104,0.28727961705979477,-0.003320931583823251,1.222714941836381,-0.4410608998468851
1.2822852454621154,-0.8733255547933784,-0.6067457952158697,-1.4232635262788584,-1.3730408892021346
-0.29193579067858283,-0.0861936858115947,-0.1478140283711657,0.34672225316801814,0.6198802989767757
-1.3602671642558055,-0.30908344165720053,-0.31196267913832376,0.8557698251950495,-0.2503565189196608
1.0159062192854822,-0.20467963752728147,-0.30192219291715094,0.7913715752285124,0.4646290208099188
0.611732292636338,-0.671269045580544,-0.4951912464612785,-1.3506049766765797,0.1260587170780717
-0.41366215147267504,-0.5154064951417381,-0.4878847547800081,-0.44243419884075197,0.6107714829156813
-0.6412598540762077,2.092957863319671,2.8873640221791184,1.86683117533756,2.0714151728392647
1.32809643516834,-0.0811664692427999,-0.23934108685059505,0.5467117660826682,-0.28552490520488777
1.3459412130385398,0.06880998609619927,0.20244022820761795,-0.587482242403972,0.07776199366865551
-0.8492352116507839,0.5313037474541226,0.0469934360143448,2.2478430571188848,-1.0443024681441837
-0.5650103001314705,-0.3552653184699819,-0.4087561969543138,-0.3091585273746875,0.8082732657696201
0.5998779072313688,-0.24666016967371535,-0.26892227964403037,-1.1564335935096575,-0.8500969478184107
0.08820273461109762,-0.13575108144403766,-0.22710300122905647,0.2572491895927369,-0.8307086866836713
-0.7805092350698791,0.06819492676279812,-0.11838075727637451,1.3053552650484013,0.8981245842342622
0.48338767631346247,0.14366487466225822,-0.053062808693376026,0.08095668739904124,0.3057209543996607
0.25044789563334346,-0.7931117714212511,-0.6189401699046531,-1.2525089505165412,-0.1005441219048102
0.26250524382779034,-0.48569953155877416,-0.09793333994096187,-1.0520249795431578,-0.635951294282222
0.3162474131067708,-0.6515920288223511,-0.33033681675648796,-1.7781152522206018,-1.0916546468064459
0.2999708900969762,-0.513700727929439,-0.42915623717722584,-1.228834158616948,0.005748013631904543
-0.49296087247545856,-0.6323735125147217,-0.5375506806035961,-1.2744881670166328,-1.070311562848962
0.10012342070175284,-0.44730976750600326,-0.48322858062625923,-0.5297914043628668,1.3495784929874595
-0.024467233078049943,-0.14641213035888437,-0.23540741759614886,0.4196954439842801,-1.1619804798156714
-0.192335548691808,-0.43582425906537375,-0.37818504122162727,-0.4166872403762667,0.15562268937690915
0.039270096809761616,0.4100949791606597,0.4844540559675051,-0.21379180664025857,1.961227401972319
-1.8314162273295664,-0.1920414455056538,-0.38619806710502735,0.01526273066623717,-0.30391248437037804
-1.5622389135269121,-0.5110202365958271,-0.5225652731707212,-0.716011147117663,-1.1666375661840684
-1.3457434010212612,0.13184142440088767,0.47068621357694346,-1.5065415883359294,1.2414393948632745
-0.26028053568119636,9.450446062532944,8.459507663606024,1.206571035768503,0.6317310105027113
-2.051372591329101,0.29495557719109883,0.2956379317540877,0.01101113624010345,-0.6355918241386845
0.13359212496618622,-0.5651174713844879,-0.4229123239696433,-1.2009963542167987,-1.2938026724286167
1.749795966119512,0.14527435463066976,0.09502079977733167,-0.03841362425132366,-0.41872423503884404
-0.4111387385157057,-0.014176277315753471,-0.1821240737914951,1.4986819312281108,0.13711180024493586
-0.7340881233542478,-0.5653424077201757,-0.5261963488514383,-0.5359725669481393,2.1470235664281994
-1.0281115083702923,0.33389363507604847,0.036730980704482184,1.7196874326460654,0.2719747110741841
1.3793634034588953,-0.14419013947583537,-0.3047642217494573,0.07042154779344943,0.5030022187298815
0.3087831224362612,-0.6947780705074065,-0.6200725946096229,-1.2866907832482126,-0.5386218261070271
0.200073402497094,-0.5159049412888244,0.06927314075380128,-0.6712244890568014,-0.5204925741242394
0.08778063993396808,0.7206515379236433,0.7650557908731084,-0.6432026268485816,-1.1196347817536851
0.10505418349999399,0.0913474801011632,-0.010121506194940908,-0.03887301305096765,0.6535363389026463
-0.23238751235471775,-0.06715784200317008,-0.1791559472575682,-0.16831305525258233,1.3918125883326986
0.16563440467889903,0.9317032438317082,0.6897367084961586,-0.39847652474979467,0.7048146685133043
0.2070253025677614,-0.10035636957106003,-0.23671863543607186,-0.4035191130428336,1.1455334131027177
0.30104270196122473,-0.48728162370143696,-0.43791853264553554,0.008058641350891856,1.0386209852521147
-0.08572456293003096,-0.5488517587720884,-0.21292931431417494,-1.0455854689517545,-0.8737679512131811
1.1955782718962125,-0.07732848917714787,-0.33768281821175,0.5483061131952949,0.4344154880728531
-1.03540783238163,-0.20464930213284235,-0.33169679636048893,0.2525200626968176,-0.1607687095351447
-1.2179803554123558,-0.3031296445890356,-0.39144296993407374,-0.25152469043155296,-0.12624450986859526
-0.2716943685344004,-0.004669293654728142,-0.08602884520687742,0.783492751837714,0.6865387880256246
-0.43439263346316237,-0.2417324489001422,-0.27803290939216024,-0.36128198182716165,-1.024657607125883
1.6429876287621477,0.3019004942314178,0.5151741404181649,-0.9322349847136423,0.34337703529275354
0.04128894530573486,-0.47647841600495877,-0.5264989424251674,-0.9615406024621719,-0.40093718020817976
2.4286997044187237,-0.5359671070225652,-0.4497923919634666,-0.3588773938892865,-0.6758013329680792
-0.5484988452933341,-0.5523308569977616,-0.4539048700875429,-0.037804877014168875,-0.2560448988365353
0.4393104931818578,-0.6988320367392332,-0.5924517537564794,-1.1215964904920845,0.11664570444596423
0.22362624118212326,0.2850251415134701,-0.11291350772638992,2.3602983282080356,-0.9395577047549707
0.30591735282057947,-0.43727619762805026,-0.44923044370845344,-0.07041444752941829,0.14849498946993347
-0.1171549271828764,-0.2287209135296487,-0.2852422394428458,0.7822689373714501,0.7226253297655678
0.7083873223150052,-0.4270964007095959,-0.37046339008724255,-0.31168471935553693,-0.23097075277256987
0.037454506429258363,-0.3756442096706608,-0.35592074073097124,0.001010230465011051,-0.5355361021519844
0.11340341851195665,-0.23879142012775328,-0.2984376070794694,-0.16807482790701372,2.535170234350048
-0.5062136264627031,1.1758111650068288,1.4426637718748052,-0.1443889010871862,-0.16483141307677426
1.670406137047534,0.1658598826780835,0.49446703797325053,-0.5554169118417006,-1.1149215581631928
2.504549977619378,5.804375961434585,5.779172872452086,1.0820138091470763,0.3318779251031553
-0.06158313953867161,0.03998279500772479,-0.08455578047914937,0.30427212993287633,-0.3934820611528461
-1.3274283903368842,0.02117967095856078,-0.10996707931207056,1.516783408567815,-0.7860887114188455
0.5556613302305293,-0.323540728766505,0.010983321680951796,0.44370728086348205,0.3418227539486861
-0.22967317114253327,1.4434090593757671,1.4412163546706165,-1.4488397110354163,-0.22305406100222966
0.6634799039823631,0.120677907135846,-0.02220254400516504,0.9591347030129623,0.8726200528008988
-1.2586068757968745,-0.22854490376383768,-0.4375980172746833,-0.11908758815023357,0.12722282073830998
-0.19546777618570665,-0.2287603679647235,0.0966080667908547,-0.42377012104672207,-0.32356271920822943
0.7074924107212477,-0.20507840365610255,-0.33487306120200705,1.3643840728090342,0.9720319720131755
-1.2086027952887806,-0.7078039445714257,-0.5654780329650462,-1.0458960605240715,2.438568438918698
0.5098477040848527,-0.2152005387620508,-0.23147374834170267,1.3289229869732988,-0.2855037937709375
0.6996210869993097,-0.45789451737714504,-0.41221549716602784,-0.1755274759372182,0.14196109662334494
1.1278019898809781,-0.5225341767927831,-0.298346125667288,-0.5868690309949018,-1.2150011744546823
-0.17262460586460746,0.6688844943520423,0.7204742112342769,-0.08738285426311937,0.21263085408383553
-1.3400522476195968,-0.26845989644661866,-0.33296241510641456,0.2973558776678552,-0.7890760752838921
0.6047931654149166,0.01833672560472985,-0.1023911155521935,1.2432643032041495,0.823738254787866
-0.8998529057432113,0.926477757212722,0.7776912242933767,0.7873132411819829,-0.22922589275656877
0.476329311221904,-0.37448248380862853,-0.20523463241619883,-1.467901680472262,0.32220764086004317
0.631110329236639,-0.37397626958988933,-0.3375868681512956,-0.1778217796966184,0.1497317356551739
-0.2196281004406918,-0.1476183460858379,0.6298874255840762,-0.20317800832551813,0.006104029177159003
1.3705483655226667,-0.4496125555453946,-0.4124225340462277,-1.2772213307622546,-0.5343032903703439
-0.3486759617871242,0.05072048070852266,-0.14257282319121853,2.0634286701283777,-0.28160479980348685
1.0339490870662538,-0.14257415029323234,-0.4124225340462277,-0.10378185586901757,0.6943099068627705
1.5289013514365806,-0.16978891384460487,-0.0841399601696004,-0.03131153488685488,-0.35597798258419633
0.04926732470055282,-0.550935229278608,-0.4867895897902162,-0.14922914122207867,0.5395244236977106
-0.7142841528388915,0.09261726812992382,-0.07381228462349916,0.9941493397702198,0.522914427270845
1.0766603874749379,0.317983457585011,-0.007254600838269448,1.0903841314883664,-0.22919096292948707
0.41768783136306126,-0.5034838407716306,-0.5388721259835808,-1.740915447952497,-1.0485677454906737
-0.7320960018607443,-0.46035889972922006,-0.4313041464675695,-0.2121974595276319,-0.8358227396360313
-0.015535689037131633,-0.24177116644304447,-0.2596482295403941,-0.35653356970856775,-0.2631351739287808
2.8699582329731093,-0.15792607055584046,-0.12919834772610156,0.6168630390382422,-0.4778892206069948
-0.10740016193327964,0.27291312120692324,-0.0023640901396945,1.3224693632212543,-1.179965406359089
0.4261356314255706,-0.06427935695393105,-0.24956862691215526,0.7035955219651338,0.598618110195747
0.2720123782312956,0.4715026602110921,0.028148422451746324,1.707396464074892,0.7795350384214342
-0.12356490405428831,0.06594422778885811,-0.1452833258583332,0.998950250550538,-1.433129979810933
-0.40126746716141715,1.5849966267583868,1.6569333481208746,-0.8922861497574505,2.1375566236784547
-0.3310537858850104,-0.13552737326197115,-0.2612664623982882,0.7981481499316901,0.2968268032374164
1.8022855840258263,-0.49950629639887095,-0.5225652731707212,-0.16436704614883144,-0.5920952650432106
-0.2300773247655208,-0.6403306430656355,-0.4626524693675182,-0.7758604824311152,0.57991299587143
-1.1834329729543105,-0.3128409009010752,-0.36807935049889307,0.6394737828070332,0.9494508943766267
-0.8092601804093488,0.052485537036875377,-0.15511428912033712,1.6762598024413946,-0.4186246274550233
1.2201147676362403,0.5590654692206113,0.5217510623301518,0.278389052489303,-0.8853488202288053
0.519809345193347,-0.34521949775965927,-0.48480204832803764,-0.38311147000121215,-0.6642086607416553
-0.20124235918071723,2.835618842353861,2.8186485477263776,-0.4862599438968336,3.0129766824539703
-0.19849988816759015,-0.3152832532475736,0.13042382306734743,0.19754974841742512,-0.5745685525775803
0.9785565623004954,-0.0644542460295627,-0.20528248156900983,0.08560236616708607,0.32645785231957786
-0.01334215521562111,0.08860017721056812,-0.05462254002211813,0.8867727211057966,1.355108441188643
0.26724721948427266,-0.5911572603666414,-0.48480204832803764,0.09710588032194421,-0.028418155307058768
1.2041438331988854,-0.8045489520168941,-0.5886509166454174,-1.043171174628658,-1.049868977510526
0.9254579821942541,-0.0019987196616060364,-0.16344441594967674,1.6294922892634751,0.29944346951450623
0.8435772260246626,-0.3128409009010752,-0.02906859060735364,0.7160024442131139,0.0296272525342768
-0.19182116464150623,-0.17508409818158369,-0.23563881175637247,-0.4240267917996898,0.09221516923429628
1.097866565810494,0.5320072799039967,0.05036208875175931,2.241971669800207,0.1253239432155342
-0.08880355791348513,-0.505778123847196,-0.43199493025800434,-1.1422073490166817,0.01318941025517025
-1.0907864029941676,-0.25286556936306426,-0.3142878395652729,1.0300506822402482,1.2340860904962199
0.0851263975615914,-0.29609335291931344,-0.36303312943655014,-0.3509056583261531,0.7664355855773317
-2.257998235278936,9.29544527678616,8.794111817055995,2.2487658843598397,2.5648507993409293
0.6318363143617443,-0.31289357333949586,-0.32276456638038686,-0.4213276705536166,0.08863562964694081
0.625531916533239,-0.23656549915311695,-0.3379236531781841,-0.2951035093842193,0.6648751941163478
-1.4040884474134836,-0.6589569283452942,-0.5783518624768115,-1.3195440018892135,0.2517093658198683
-1.4316075141998763,-0.26100325384818623,-0.29778417741227486,0.2579071766461177,-0.07591158865466183
0.6681385238769988,-0.3500270744052573,-0.35693709072358104,-0.4455595273343612,0.46686145898911136
0.461603397344367,-0.4270246918900492,-0.38856995952271933,-0.0663299343032988,0.47472863485073175
-0.27639728732815705,3.676099708882626,5.219280620480803,1.4307530824867123,0.6471308419589017
-0.14554195706606085,0.20320387392256517,-0.044132750098702545,1.2956563222390516,-1.1591865734544615
-0.8954103906447911,0.016952320139288244,-0.019739720888987178,-0.10308865925400124,-1.0865027851951021
-2.3652748120000173,-0.3575010339697459,-0.3589246321857594,0.005909225479698362,-0.08911189657640929
-0.7015209016869418,-0.06491148762266433,-0.069036353842968,-0.3667553435778672,-0.16631861763751732
0.672197779666518,1.005482500104567,1.141889913542893,-0.5521399928246231,-1.1988919988177584
0.567799819241864,-0.37592333828487545,-0.38724705081777216,-0.9672802520676278,-0.6238720035032413
0.9359935893723695,0.010042006327241539,-0.14678416229099775,1.4564274726480195,1.67486298749006
-0.14093081082498377,-0.3069882576355204,-0.2763937179444783,-0.45834408026205,-1.0629228488495086
-0.41038661704011753,-0.49313081278493265,-0.4719802376584933,-0.854521697893326,0.6845574799493787
0.1589026701368667,-0.5819314931809864,-0.5218160035858114,-0.2465138806651628,-0.034741029775206524
0.36128979541873624,-0.0753302064761654,-0.2003294884679976,0.11025595326867349,-0.5989028388426473
-2.201672406540181,-0.2193337516062729,-0.14493302474388634,-0.49280255134992773,-1.221530940975544
0.4199199790583042,-0.3360355185009592,-0.18350386335386176,-1.9086392272502073,-0.969036943434816
0.06669916299943934,0.14184037569864866,-0.029407373938223503,0.5859830545351017,0.10772142150980896
1.0063721363850078,-0.16231232910175147,-0.16741112802586025,0.8983791854424124,2.1245508288322417
0.24052678801754393,-0.5951487596349193,-0.44074495267824026,-1.006309869384729,-1.0869039024401599
0.14687640500330482,-0.0022137386568040467,0.06636120275150502,-0.6864018445085088,-0.9891502863646886
-0.7402818477664476,-0.34521949775965927,-0.1690595242595973,-1.2491608215800252,1.3074917938356196
0.7830581373265443,-0.1453654057315391,-0.19070663204423097,1.1873494275439649,-0.5732891996801857
0.09497057275591532,-0.24594374161082003,-0.37151237379998736,-0.8286783452024115,0.9245096543854857
-0.9598732626687178,-0.0026354866102582452,-0.18003345446017302,0.9286192181467102,0.7549982743125706
-0.6533668908691667,-0.2056073233649104,0.2836055298305253,-0.5239767247822897,-0.5757237318589215
0.023591756601107766,-0.2266759763429873,-0.3026218510654238,-0.3315655327146505,0.5499081784472832
0.08504835766763844,-0.8109955917812494,-0.6586732189631932,-1.6264257835702476,-0.8475498533122937
-0.1659718710260077,0.33187186393706464,0.009168845931291835,1.480726209101445,-1.0150949911959182
-2.369770928766375,-0.1233842499649722,-0.21967274057836408,1.4554896202798764,-1.076252704206861
2.062338579744883,0.4945305406050043,0.1398646292780182,1.1213144654733243,-0.9508520340352499
1.2092819886765158,-0.2577135522627932,-0.18305935872810936,1.2612245596540046,-0.7710166829552672
1.2011685714708762,-0.6842776180304273,-0.5248130819254507,-0.3679879460854152,0.2616511239113702
-1.1832756380309306,-0.11570828983366814,-0.1803360480339021,0.44626789798718736,-0.5331324694356667
-0.5440463629426115,-0.14469165600697428,-0.3082481152613502,0.6059774938242375,0.14894830953348678
3.8263068624495586,1.4540255570180112,1.7589628944080729,-1.0699562061207861,-0.90529989300045
-0.29698136145704745,10.933093485812773,9.766898358038048,1.6142043052543165,-0.7399731829807603
-0.24535542442060912,-0.6798913594845163,-0.6169733352774299,-1.5797929799685675,0.6490927659003385
-0.5423522992086994,-0.3175466789634115,-0.3026832477751471,-0.09061826923616065,1.0273558281351125
0.2247205716534251,-0.5659855917714977,-0.5125906051035138,-0.016263589401585496,2.06730084224552
0.7607038791887512,0.265104627947992,0.3743113168430116,-1.010433916041853,-0.4741651636581425
-0.6976242228571992,-0.29552476384854726,-0.2853795874385341,-0.07945329874719734,0.8846990556966896
-0.8766353358930351,0.22351010448464134,-0.10862223646736048,0.5763911498135055,0.8586789254696192
0.5976208044896185,0.030134952661108917,-0.2324571656553142,1.1119078175088266,-0.7041679031176746
-0.8063994313355674,-0.34633599686459815,-0.35127185173268155,-0.18799236864621385,1.5304184604402915
-0.5496701081861126,-0.32349725212832114,-0.34889561654413265,-0.8327113929037347,-0.20894250682233156
-0.20792536493371594,0.1032936689650332,-0.11085135242579315,1.396898900841462,1.2724098684685254
1.5228030911519883,-0.025899556297410777,-0.0882881874798612,0.3184012595545278,-0.20279322591789437
-1.0453218521735712,0.3138896070643419,-0.08461676808727038,1.7903025139314794,0.7870967702182176
-0.45623619912558067,0.8429589203349385,1.2048554492383474,-0.5605779346156532,0.6435154129338304
-0.18053919484468856,-0.6641129935808532,-0.298783203525488,-1.0776622150393522,-0.6923278432697773
1.7400993800907607,1.1283455299178484,1.2374707440664454,-0.5178565746723233,-0.5246164048632616
-0.7747830117064104,1.0769023044003458,1.0628744723102796,0.016556690028068838,-0.9444041223014774
-0.7647383839935601,-0.2033143605544872,-0.2660216234051558,0.4718467740016717,0.24796534896982647
0.3712234543892867,-0.6747740578476201,-0.5910573938831943,-1.217448945017846,-0.37973371959795854
0.5820867310291052,0.08359638767209382,-0.08664824076768257,0.5018005831349215,-0.23739995209897718
0.8528695107674286,-0.3030017170374869,-0.3447634228697532,-0.7372159637155978,0.5564532987382907
-1.024191867944505,0.2657869286921433,-0.09458205828697497,0.9204267292823624,-0.45220908042758945
0.22612403460910016,0.2233132775149544,0.15227754289590162,0.2590206878017411,-0.9092524332412839
0.8848138160815857,-0.332937961549573,-0.314867536535962,-0.10760828893932176,-1.2177168725492122
0.28883828142169576,-0.2631260866782594,-0.20777087353534143,-2.3077827769281605,-0.8170861500829155
-1.0482545869584252,-0.301749322734384,-0.29979536809401114,0.28456753657142664,0.5690898354124989
-1.0157539613027975,3.2173032579449887,2.4422974324370075,0.3453684994120754,4.004225871092235
0.9008135448033661,-0.561681573462434,-0.5634754334169616,-0.8697062087748753,-0.1407818432868477
0.8226722802031351,-0.29609335291931344,-0.33637160037182695,0.1757603357523979,1.2334561061149267
1.2224073094972865,-0.9352914930722401,-0.5940865394945962,-0.7989171969742505,-1.299627604938725
-0.1639181740627252,-0.025177110281772417,-0.10976139561409416,1.7914279380487286,-1.715877717774296
-0.7374629611523364,-0.10419434963671206,-0.22060933149317064,0.8798543898121416,-0.4045183511336132
-0.5928070471838576,0.19346906776484285,0.18020884466128317,-0.22565803476323995,-0.43186159250299394
-0.2549101063091733,1.1815289723567173,1.1656940567305407,-2.031782338134007,-0.6983799156169795
-2.304706920681367,-0.5816390698038243,-0.5146979346618288,-0.6873128990903827,-1.0073557314318247
-0.2939161729638204,0.29467425325228647,0.2809742040581643,-0.3626170115706138,1.049282163436008
-0.5545728888464079,0.10125046654536231,-0.0917789098415796,1.053821332665641,0.19644596516788015
0.6020244103883098,-0.3370318120702417,-0.34109200347716234,0.07138374903069677,1.378770040399199
-2.0534234826954387,0.1525238691209189,0.008917154037715331,0.7585827809656386,0.9838501527386151
-0.34670288882024325,0.09691580580345412,-0.01066378610368184,0.021214957760914355,1.1375391847931415
0.17935923726778286,0.20917336065323863,-0.0008365047561001795,1.5089142341657416,1.0146678563309157
-0.9893855584210924,1.3019019821110838,2.190951308387988,-0.38554647170460776,3.8528584250448104
-0.011172173642145018,-0.4083481597753709,-0.36090901097785727,0.26854389529494865,0.3102340991729413
-1.7856561290203299,-0.1809539509497526,-0.24720842535948745,0.5371456834069082,-0.2826657453205584
0.07185983708411979,1.4233217164927952,1.1767798447500357,-1.1496735617521203,-0.7773887854489449
-0.4340361011567311,-0.3313026442993593,-0.349141769831399,-0.6798263998822829,-0.5184720179730582
1.6674277005650873,1.1162833112406327,1.4788856434915034,-1.3843614567307678,0.5265960694296697
-0.2675432663607022,0.28236221277663826,0.6032016965860997,-0.6270515589734739,-0.012225781428157488
-0.3684628772263187,0.34381080669457065,0.0499918518015307,1.8048579655936592,-0.47071306036299687
1.351541701360003,-0.3584040799753531,-0.3207911861275246,-0.5573267164740315,-0.3298550780582125
-0.35534914795081823,0.8040700960582706,0.29475395759922834,-1.9917754625655273,1.4314027644588392
-0.5907575586159916,0.19516809548414613,-0.04024925872926616,2.1233583732910835,0.4596219644432622
0.7629189718078333,-0.16304337219273657,-0.09772899369053198,-0.19731688860224578,0.38509985009213893
-0.6516031302006372,-0.8430603339819851,-0.5708932164687791,-1.9515846057176385,-0.9329737202332815
-1.0478794491143626,-0.36978257017983257,-0.4066531472281475,0.22189011646265486,0.9475043242053354
-0.7571776693859633,-0.6204026684669098,-0.5176481866026634,-0.9463943048922184,0.04641688807184748
-0.5295839536833511,-0.31144527318192156,-0.30332877863447877,-0.8962786627777825,-0.1972279640453759
-0.01872668640386464,-0.4410621193320919,-0.4203894573259658,-0.6426308174453325,-0.011042869399490738
-0.09931044463867113,0.006523699297217474,-0.03755958877452298,0.48997851842696066,-0.05472674449074242
-0.4372314545818783,-0.10703729499054299,0.4384155553795661,-0.3840326454985569,-0.3169376633514005
-2.9408114252571376,2.8510503009153494,2.2074011894149392,-0.9934275447147055,0.3903061216264369
-0.6537536202585006,-0.3927689543332745,-0.40476783396255367,-0.0034672574374283354,0.6172261119238924
1.0287456645439186,0.33961571025976955,0.4343891774081313,-0.705575418243238,1.905417023258888
0.0738126063889042,-0.2739685185310085,-0.3592023020310924,-0.48492460166134704,0.10073775915901322
-0.7106919551091122,-0.2892702840701188,0.0456313951676541,-0.01272691935291851,0.26167348283914477
-0.09653585692368111,0.11311472221079083,0.08728910991900968,0.01430978301963208,-0.5331557879740757
0.6427140567040771,-0.48415437613626283,-0.1731243263123098,-0.45878981507302147,-0.7859703914276596
-0.9455351856529921,0.06083879318632514,-0.1744355441522328,1.4164281160205228,0.9829978265733991
0.4209234229549108,-0.7892888976451378,-0.6049555036647861,-1.682160389591102,-0.4468832414082813
0.3849431187732735,-0.8723330992041615,-0.6824550189094756,-1.1757628775607942,0.17575004262203964
0.6931462122406825,-0.16256362468453006,-0.34292770530611916,-0.044525286057263365,1.195558107380975
0.5745494210065432,-0.5505514312720428,-0.1992176604552439,-0.4776562537799742,-0.546207548169663
1.3755489729185209,-0.11457947848867872,-0.27821499107461006,0.8629552032526812,1.737642922277965
1.361263168603759,-0.00920434301182437,0.037982595587861816,-0.40112759237389356,-0.08686324097750066
1.3370153540230092,-0.35318330639588735,-0.12526467847165534,-1.6285755757073594,-0.4132088729192994
0.18736700159901748,0.04548687292371703,-0.10898742258626638,0.26170847642853806,1.0818116204774344
0.3291237741144766,-0.7269705867404878,-0.5477407563991767,-1.8800971168243608,-1.8797397740831445
-0.09771103288588161,-0.4603299306556848,-0.2060904414991961,0.4139898878974801,-0.07154631988009776
-0.41176534644378243,-0.25365995447705264,-0.2920257419293991,-0.24186306172202715,-0.10018820232061891
1.0188845819364305,-0.36486995569579767,-0.3513719872172228,-0.491016882583786,-0.14552548653444147
0.004249971266587761,-0.7763891396060759,-0.5824387874854108,-2.253375879408817,-1.124186502874457
1.5667973615107345,-0.2520845097158633,-0.2886430695947616,0.49739329752454564,-1.1280868402967954
-1.1607801402364366,-0.2917070943734024,-0.2640670146219755,0.44786224509981404,0.41635475228934066
0.2510165458350687,-0.55477320934426,-0.4273704772131233,-0.19848607435904256,0.10909913449720007
0.05198609580264773,-0.1509479166081531,-0.20644130906201574,1.550860569222848,0.4427926010254391
1.2583733641997046,-0.5302101369240871,-0.418323037927897,-0.6251333616979422,-1.0893663592883485
0.021744492507732718,0.21709940356562052,-0.023051713054460812,1.668727220224352,-0.4499420003045054
1.0300276008530036,-0.23161528781635957,-0.24878189306126583,0.0607547661540556,-0.8893645028493634
0.6930870732103575,-0.3221024227090214,0.03478873937743773,-0.3998916098504655,-0.26542941103280976
1.4880145011882218,0.13139858290899267,-0.17821792448715307,1.7802458634039404,-0.018412199264135055
-2.139706737291243,-0.14915353811209864,-0.1471808334986161,0.40914238391714264,0.97744072139127
-0.354739521267405,0.09096111832391397,0.2141036991591443,-0.7318579880541277,-0.2632823782000531
-1.2027827320906723,-0.3315946685265947,-0.41930645524150856,0.10547620266323429,0.7862407015715284
1.220085087373828,-0.30210062072575294,-0.32211917713314847,0.5553073760483606,0.49463201497386095
0.6267835819279229,0.2665093747077817,0.2859194556980839,-0.4536003682787442,1.9750656590436222
-0.104707822507659,0.2787696792121447,0.09590173713952664,1.5120306151833554,0.19956949778190677
0.2520430251592193,-0.23653126437093136,-0.2712403437316445,0.18009905168215445,0.8658363733062522
-1.7912075193952646,-0.4274375664335918,-0.39668785702844295,-0.3659633803479175,-0.6100319231717327
0.9449069708646476,-0.19392368304137142,-0.2520011765097506,-0.31944021043109055,0.06890430771050703
-0.7126747738337995,0.3951695045391065,0.08759053912663926,1.4737360365268943,-0.5422101941122163
1.167582105966279,0.08194768354741129,-0.14729322629655414,0.5154625626751854,0.49430363621486895
-0.2544519818607557,0.05363600994135564,-0.10721291291623153,1.5441178456975653,-0.7327829164604408
-0.2546813763267076,-0.04717292713219062,-0.17640237877945592,0.4182529424906594,0.8012079405538622
0.5354653882894426,-0.40282575166658513,-0.33075207061766415,0.1868448491086694,0.6158426412726962
-0.6127003538124427,-0.19556303784661405,-0.30380250255545327,0.2122074551260202,-0.8022954794572582
0.2545743380865309,-0.40969756286261355,-0.40612866323911373,-0.766392515876666,0.8400873330833172
1.270413361991993,-0.5928971395457637,-0.44913677517616646,0.2448487148844792,0.13904839046563208
-0.6532480959880229,0.07550184208290953,-0.22481676839304923,0.8209394694544574,-0.08355008930217409
1.3011908343032843,-0.24857550594951894,-0.24233816519023468,-0.1742368136852162,-1.1738209235078223
0.5524786019916303,-0.6007699266467547,-0.5189341974900041,-0.5755450785892556,-0.43908582923976075
0.46208514787231636,0.06864128384443355,0.035929314645103023,-0.5075896807797373,-0.1843469185815969
0.2695317137119778,-0.8153632591517221,-0.630545988999586,-1.6752969421024515,-0.7647035965155875
0.949873025119188,-0.5196100044288428,-0.427033298819309,0.07053342631903697,-0.1828732445307947
2.134411928806421,-0.3820641063899188,-0.34633689057153155,0.9790987030270238,-1.138212843630046
-1.245542982782886,0.3144407102979291,0.07172137782438358,2.4089091936306315,-0.12708301764068028
0.1206293811051909,-0.25520273035192315,-0.266251790260572,0.4611236353619471,1.599548810521543
-1.4757176261798268,-0.28074143265670537,-0.3494838259750886,-0.17393312882459153,0.017684610309593358
0.03129090526846077,-0.47519909443371466,-0.2681879894716414,-0.2493988900297915,0.15813495001700761
0.22433583571455498,-0.7125852694333742,-0.20524928140050228,-1.3105254690310368,-0.2536570996956806
-1.5270232083441166,-0.5186961967271311,-0.4674939036084745,0.10348326877245094,0.3073596814795296
0.8178042741786508,-0.22679039420470537,-0.05996576884784839,0.05528843228542323,0.4089691090439164
0.7940358475178946,-0.28173187714436776,-0.32816587189899005,0.5537063199230842,0.32464332457154005
0.32258725005457206,-0.7779197721120183,-0.5645244171297064,-1.6271805219838111,-0.16027594947452953
0.39521869141354415,-0.42504948312522167,0.07031735685940967,-0.9371789785812362,-0.03576656565987947
0.4830301103660522,-0.4453032408238401,-0.40524531847133527,-0.3701776798063929,-0.8383673391544996
0.5859771341814726,-0.2909760512824173,-0.31962828335317106,-0.47519659709282885,0.10375928516263415
2.355444977549109,0.121478878223627,0.05332390568020189,-1.140745217921411,-0.9326963927600239
-0.47295216721466,0.0016699287235497806,-0.19475950721176388,1.0550427683660124,-0.17514617182175446
-0.1977133612136849,-0.4134903929307734,-0.38280431755776956,0.12430356711115052,-0.0007827124995915865
0.7237485562374453,-0.36484325870646117,-0.2995433300375402,0.4385734385191054,0.6337980118085839
-3.8279430248559185,1.407969796230187,1.8009220383670579,-0.7946656025481164,1.4253180653500772
-0.6998459603111506,4.33336349753914,3.6383826423169543,-0.8874920372732203,7.682993612223508
-0.5595416748663936,-0.5322337963492638,-0.45504920594301534,-0.42485437274413523,0.4144457028938431
1.0144803853857505,-0.5079498525433056,-0.5194183377671642,-1.1960159199515985,-0.9119554644754436
0.27498867360028606,-0.26977577094000826,-0.3243832712785917,-0.558398545018743,0.7274075493606525
-0.36744732496395327,-0.35395828668266394,-0.34282684602643515,0.6707029165730629,0.0887894552315885
-0.34401918767995154,-0.06362141970723649,-0.1801487267040054,0.7041725225625817,0.3402702958648237
-1.3808326328470646,0.7478372249380382,0.22483188517405617,1.8142177206208796,-1.1269457672917758
-0.2990653293347299,-0.6120457739123578,-0.492111057557631,-1.3399666062841398,-0.27554092424548526
-0.27515713964724503,-0.3433300294694983,-0.3482734674148496,-0.5923879272991434,0.10381878102194907
0.48268059205198094,-0.6732166055369786,-0.6091059967685376,-1.0908906788449155,-0.6574217185708524
0.955809963579479,-0.6184836784340838,-0.5341952449948766,-0.8277540830490564,-0.5233428096296713
-1.8902435410702267,-0.2581650829415571,-0.08014317912563577,-0.14110833420391478,-0.46613888435338685
-0.7212438790484038,0.08088158479669467,0.36785607118840324,-0.8962132499044458,-1.3720631419270404
-0.3199490855161775,-0.3300986853046847,-0.38179912345116535,0.32679472543850435,0.23565690317142046
0.3803681499664801,3.5932196961108103,2.8184311416940226,-0.16596139326145812,1.3806283263921522
-0.6055553843731016,-0.3773099697787552,-0.45455085725250804,-0.13422873916770778,1.6474371236450827
-4.07943156674478,1.7610639622701736,1.5858814472124403,-0.9519745197864118,0.6836662895534811
1.5671606863150307,-0.5274687291708728,-0.6012386582596452,-1.6252445317945026,-0.985895766899106
0.669236841249222,0.015597144730027018,0.07916691684646014,-0.7117595526915289,0.36123538919353215
0.5634024890205471,-0.09606685882664405,-0.26340589069771925,0.525141187124931,-0.24561143625611578
-0.8353941682832027,-0.4230955981776387,-0.5018241051500637,0.17015596968814253,-0.22803136943922897
0.9297132606123871,-0.06047475196292989,-0.20205674690294795,0.4931971608683774,0.9080060787779429
0.7565315873749731,-0.013618020087324115,-0.09143512288341797,1.8457857934508881,-0.8492363690017412
-1.7257962079411424,-0.14257415029323234,-0.21836152273844106,0.6402467988158961,0.37734245368706104
-0.7636632497118764,0.016062353969744887,0.5253642162137455,0.03418231215114836,-0.20826012770041644
-1.0386742117083703,-0.241082310428941,-0.34642431243704236,0.923863433767067,-0.194010005744953
0.5196575476323579,1.5458172520388294,2.4516164837169145,-0.24036426064316618,2.089300875643115
-0.6364594038728844,-0.3270964484262089,-0.40340500638201227,0.2758032893229371,0.7878479534225988
0.44902797352469664,-0.23029941332297,-0.2146151590792146,0.07569607532704505,-0.3450533912812396
0.47363158209689227,-0.0682026322885619,0.00410932906686915,-0.5937778663571546,1.011249339407964
-0.6952551915636694,-0.28250601307553025,-0.359069312540938,0.6255861329990609,-0.40411070853624304
0.8210597264436047,0.10998970067405482,-0.14797844001132465,0.853237855300264,-0.4655385519406879
1.266513508407814,0.11840849417110556,0.24843390070073335,0.2661066742603724,-0.8254257422597079
-0.08375961142798945,0.16914471770475337,0.0032032004867690303,0.3983985952936153,0.017768384317950983
0.2646553647281589,-0.42119516861641004,0.06028733419845366,-0.5637679617150929,-0.9262601882759878
1.8636397808038856,0.7591491645681792,0.6268942966483686,-1.3779169398894309,-0.20148738776699798
0.7181425305535932,-0.5104297710386865,-0.4880700148672155,-1.372146302553494,-1.4060619547714148
0.6048923211174501,-0.421893803803721,-0.024737573554177224,-0.8556050950206867,-1.1075405210488125
0.4901448827224905,-0.096518389505408,-0.1215557948130852,0.6161341928217876,-0.17412869666640815
0.2677274933822487,-0.21889513189244994,-0.3917426683272315,0.2256558112853568,-0.024126296746003854
-0.8211651403908146,0.07071955004998427,-0.14325912259870344,1.4791673712877103,-0.45811903443987984
-0.2180644231331938,-0.9266385827911845,-0.7417064155642358,-1.9606454653029612,-1.0592502270306445
-0.08781584012606894,-0.17103020870935806,-0.11277741850486302,0.06993740834922917,0.046798141376779054
-1.2147339105902215,0.3687628814222778,0.03783130666833587,1.5253956124982555,0.32329497566955323
0.6245797855281155,-0.5263721568584351,-0.05539522280643037,0.04897178208251877,-0.649790127119906
-0.09176154307083868,-0.5366067754841471,-0.4526333823070899,-0.331242046062887,3.648535058076177
-2.0675232316338903,-0.27050681403099336,-0.2917900049983186,-0.45241242662251474,0.7745380579664363
1.2161839048226746,-0.1647491394050351,-0.22185811413468728,0.582141704753211,0.6241075757421551
-0.2873386724222279,-0.004406867929759335,0.02500148704818932,-1.4369111375629433,0.1712048468535795
-0.6623452440801584,-0.4836746286280563,-0.45593875017353874,-1.2068707644176024,0.6432241711063781
-4.239889193355966,7.349162937859526,7.281834527650533,1.3119983801434751,-2.339107207891589
0.10363078603971412,7.574324440161751,6.734687364063656,0.4155076298200391,1.8059854320286128
-2.228260531961531,4.022913542510461,3.505512043382184,-0.9370939488610257,7.5963648581903325
0.7497777033833792,-0.3530725883469533,-0.3667314551268414,-0.3109243369531948,-0.2821302825867254
0.1469681775559865,-0.02053938728196035,-0.18306961773752475,0.4199206359478558,2.1159101108384655
0.6731942834022608,-0.15307808765611156,-0.279091853155457,-0.11620097806110384,-1.0473424186719793
-0.23889849071612712,0.7518144008647115,0.2605814017866805,1.9184450636980617,-0.4292301482221386
0.7919836271845833,0.4715026602110921,0.6076340921633013,-0.5079260752657243,-0.5882161350158864
0.2632603923948172,0.16105272053433278,0.0655619913017407,0.016963363334780636,-0.6977522343012083
-0.6826691360082063,2.656080913580227,2.6212231949826794,-0.4688873446605275,0.9386330117761829
-0.8465585245028533,0.018621012464152834,-0.2619596850636607,0.3773123853660834,-0.22320692697624328
0.023826836092447293,0.5636141817867408,0.977473930613203,-1.0035250743022115,-0.696771416272085
2.5360684966814753,0.16007799641301887,-0.02579903486579716,0.4569727972959431,0.7915957127541134
-1.0422052031258633,-0.523173845254365,-0.45503727905783575,-1.0048537011476597,0.3364707175590671
1.1470528148093035,0.05217591950901891,0.1176112958572436,-0.49772225374491375,-0.5903426321810732
0.7789263790054631,-0.06302329354188502,0.2791085748735195,-1.7770410959291063,-0.9049216144884842
-1.2491472150469267,0.6311626309422161,0.15874624169936,2.9101719258404604,-1.4503010605755622
-2.2765586618644478,-0.314515657234443,-0.3337491489573038,-0.20454459338702388,0.9299976676019573
0.6088618716362476,-0.5586825911910535,-0.5009758329773577,-0.8397769780967126,-0.1397422011258535
-1.5922329598072351,1.6817457024627245,1.7633336415207193,-1.7324960069653612,-1.2351043455118333
1.6304283740406535,0.6422927731326074,0.3467756320618883,0.5997238075775053,-0.4173760780589835
0.5062295914990855,-0.43565626300194005,-0.3194448956925287,-0.10668066590225313,-0.8542775875069724
0.04281880778690264,-0.8506814724060315,-0.7090569607523323,-1.8557519210960738,-0.7586481655311659
-0.2911704533647575,-0.028969940349932225,-0.05996576884784839,0.21540643607884366,0.4409288452518717
-0.5344869558381414,0.010005146366690705,-0.21525740139104937,1.0386817313535603,0.6196278254189413
1.1617229859054439,-0.3882048744949621,-0.3947210224012198,0.21960488134963163,-0.6333831843032178
-0.14007421777896728,0.36116073332359633,0.49232139447639756,-0.8738515112677044,-0.398349973977557
0.06831097844398207,-0.22266000611381143,-0.2186237568656195,-1.0500800099909107,0.3655084393861586
-0.3529851371991869,-0.3818996259162251,-0.33178231433008065,-0.11460064258072239,-0.11334456007532431
-0.2287942809839585,-0.07520749857750639,-0.136651612474594,0.048226552355134886,0.4206559190735465
-2.3001343883140244,-0.1647491394050351,-0.14842961614013253,1.2135031613533767,-1.348943722724756
0.37574858693457014,-0.05794176187920079,-0.14372266618364737,-0.44734321911008357,-0.7282519229293657
-0.17535002180157272,1.814795683189302,1.6814134215638523,-0.6589183359237272,4.405346666709371
0.8740372967237443,-0.135095001779695,-0.2550757638683798,0.35718886135732053,0.9306256368009191
0.5824902201686045,-0.3612066651308139,-0.4069967768395389,0.05499312731322204,1.1593923977637177
0.38960742369329665,-0.6635658971984549,-0.595021541207024,-1.0066645159564618,-0.3602089058699854
0.41645226123505746,0.17330324586548873,-0.06721325549030237,1.9195895689615545,-1.1669773643096066
0.4208609615071495,1.5341550890517377,1.867186773935571,-0.5052462328649369,-0.8856462995253792
0.5770162052041355,-0.6952432797471244,-0.5967430407501858,-0.970195630556058,-0.9534237905346634
-0.48278002564780875,-0.1341041274382646,-0.24161990865372684,0.3351583961636407,0.16510143533745286
-2.435911621594536,4.7853922540039715,3.9460829998801583,-0.8244267507762774,12.679608263648424
0.6355429509142552,-0.51692481540763,-0.43859657134758595,-1.0898242264386682,-0.6016615274935855
0.7726822276797624,-0.12722223003062422,-0.3494838259750886,0.36814488946847995,-0.8800335369264726
0.4183478849599744,-0.5046235980357671,-0.5002744754839671,-0.8531249988035576,-0.5899552373680831
0.015357108074872484,-0.09905065804888484,-0.266268469018211,0.9605188067605412,-1.5215183718638754
2.1336208981311064,-0.26100325384818623,-0.3123949421853564,0.3617675010179732,-0.31675687270793423
-0.6972985521171567,-0.0696525290458438,-0.1665682056433404,0.710132345126903,0.6701176429715517
0.8567132524127212,-0.6597983977987286,-0.5866609363083012,-1.4821418276720595,-0.7255572403077227
-0.5607168508285941,-0.167041273211764,-0.2245898271464218,0.1266013019055378,-0.5044424145413131
-0.015440741730013556,3.3166253615411003,3.9933637846880057,0.1614552858703389,2.371719275236852
0.45120755319298234,0.19224392312020575,-0.03778736395903246,0.9187260902364313,-0.163250742440269
-0.7388446438159427,-0.13201970511268926,-0.3111305507442381,-0.16954867426486817,0.5065911625014513
-0.7206307822845598,0.20985254495757666,0.6075950072255895,-0.8635229161418594,0.41212325323717125
-0.4675449697563675,-0.38584304297024113,-0.36158742731215626,-0.09740446741851085,-0.5186134645805262
-0.11929456401045518,-0.3820641063899188,-0.01905560860160804,-0.546372614334184,-1.2183329425763105
0.153714161577236,1.6815444694919224,1.5572407947377431,-1.198972923654445,0.11265938591080987
-0.11514154221779573,0.31030749745370695,0.2633818438676287,-0.12163854353043647,-0.22445538041121993
-0.6249562349064516,-0.2559421709432921,-0.37005993723382963,-0.8592571001394811,-0.6742286270998371
0.5805225369011178,0.7390646924942958,0.04275918722482784,2.4708609689719507,-0.5180643753756885
0.3357762136270819,0.1711390089064676,-0.03855291893465575,1.0006154568262384,0.16697440337310768
0.20573908403176375,0.12779022151470817,0.05751982479650371,-0.017616252624103046,1.9592068458211374
-0.5346176375905499,-0.2526282286758041,-0.24170128840326285,0.06741116534927229,0.47545074185289893
-1.065868346069706,-0.3501588092330306,-0.46236302998377604,-0.350836336113696,-0.6082843762459557
-0.721533667680159,-0.2498688898797234,-0.3295993481793414,0.9644657533403942,0.017636533816824142
-0.6780517140897537,-0.2376379689507426,-0.3065160577499095,0.6041900266345529,0.4599602271917858
1.0653558252395685,-0.008244847995411362,-0.005287766211046349,-0.05037122759602376,0.07366685528759276
0.2442851066190298,-0.11979793392818501,-0.008866760110834598,-0.9813523231948128,0.5546890545874802
1.1260454646993048,-0.5555903306521576,-0.4723158268499288,-0.7123081484008186,-0.17703017537970164
1.8261654224178734,-0.019758788192367448,-0.11031673530475976,0.37579775560908835,-0.5597085980641406
0.7226898863799366,-0.4485288941978978,-0.4105713964991163,0.01693835759466553,0.027255095046757803
1.3656414502984533,-0.18555952702853523,-0.16381463716522812,1.087514306685638,-0.8823942750474455
0.06646260687812862,-0.3495774627165261,-0.31852204115075866,-0.9406597954618533,0.43075025525587185
-0.7457817037554051,0.6459004743943205,0.6619412127281176,-0.19816720493651716,-0.1722868200152984
-0.8275712780243039,0.46267191328571444,0.20847060611339238,1.5673196649601158,0.28469530963994005
0.06666372388014122,2.8925257548851433,2.91326009067628,-1.1795265635061336,-0.42547164125152187
0.47668525287634844,-0.62506306625295,-0.45372606121791276,0.38761869789668246,-0.24456690008088772
0.8086896280213612,0.0829071785638243,-0.15280036325277874,1.4634613558430098,0.9777802316336178
0.6904582288734782,-0.04996740647375226,-0.17944779404689423,1.4802791477936752,0.3678876020313063
-0.4011513302142213,-0.6938476520279707,-0.5554650509593005,-1.4534691593498545,0.6263205338254749
-1.0613019417167413,-0.379249592792414,-0.37964196217073515,0.009948236039223094,0.14678745830759873
0.6902236662026271,-0.22200365011490383,-0.20992408541184032,-0.32560406478410864,0.8197897449116959
-0.14096108173938376,-0.37569589958618493,-0.38444977140690434,0.005814744469803388,-0.013603206532358414
-0.09564500606234325,-0.7324110923546725,-0.5739100103587217,-1.2137831009661142,-0.09114982168006801
0.5135028800828837,-0.040228010091871665,-0.23934108685059505,0.2384713264339725,2.231036709755983
-1.105715427324177,-0.028969940349932225,-0.24248802225415206,0.681062084899139,-0.5556192173468827
0.6770648258815216,-0.7646924347983933,-0.6514397676526391,-1.2504970375177291,-1.343799729920612
0.49025540847579924,-0.8103826817166851,-0.6670758669189075,-1.1350726967067846,-0.53153318235286
-0.03755091293364647,-0.5570759973836513,-0.48716224988070544,-2.7982284762081084,-1.6359837030934279
0.5417606310121293,-0.4990382470539047,-0.38632599002918205,-1.1048762980942655,-0.329351282475305
-0.05503339964052999,0.4638267000797881,0.5052644408323642,0.68140838346939,-0.21573175205865663
1.025159594828517,-0.8526004624388575,-0.5710805220639986,-1.48129776117847,-1.7618433550313335
-0.849553203914979,-0.25056697239790454,-0.33591944869304374,0.051474569047755166,0.6463390672246977
0.3856812860956379,0.23930486623914443,-0.08396115129997028,1.7831279519246592,-0.3649610896522226
1.773748454706118,-0.20217572398052922,-0.25970361560349664,1.3416344805388984,0.08826138149963828
-0.5001581146157623,0.13887771607060978,0.14353604867060904,0.8241281636797108,2.7446707966507655
-0.7930069881530925,-0.8656495946620744,-0.6452957539094425,-1.8033558779290595,1.57639820397365
-1.4048342932116953,-0.5263721568584351,-0.4124225340462277,-0.47367038599840755,-1.5507979155707627
-0.7788061638931453,-0.4201729917095651,-0.4331552840146807,0.039371758945425224,0.6412565854622
-0.5875588089419119,-0.023383545437492017,-0.11040415717027055,0.496135529842172,1.4409930171750664
3.3141008413548136,0.02629697259545689,-0.05052496263717761,1.6563773564708382,-1.105764857531456
1.7032667650900226,-0.3267971934445297,-0.38095318001065814,0.2576034917854927,0.33573268102037335
-0.2734218041056505,0.8612175578281488,0.9163381647734693,-1.231583144663316,-0.5805007695565821
-0.170603247097684,-0.14929853699897896,-0.22789768109183972,-0.050549112092073425,0.28369932976279805
-1.254323910566791,0.1331699642284933,-0.15522108037325688,1.9747562111443955,-1.44045747065193
-0.564713866664847,0.01121757962135062,-0.10247732584757407,0.10723800086440585,-0.19434318255711602
0.5639544533036034,-0.3426608392652513,-0.2933634727000972,1.4763224246773277,0.0274481687063407
-0.13455140019396525,0.03397293272676095,0.0674851149962083,2.0836623826547886,0.5267946128698668
0.10312312065577896,-0.3060030635045876,0.3845513502381237,-0.7268425865680537,0.044770484106905636
-0.07258071040312827,-0.8046257116182072,-0.6535564593437796,-1.7033903139673665,-1.2017459768046637
0.48437303149292515,-0.5908018634125621,-0.0932687634696855,-1.1188411461894316,-0.31759019858259485
-1.04452794206981,0.0864765000248805,-0.12856896064539006,1.151543286728726,-0.16360742971296768
0.07766232838557897,0.179816175221538,-0.062325970400516205,1.927416365617374,-0.9134010219346663
1.3469819418419053,-0.40178541343806917,-0.37005993723382963,-0.888691203133123,-0.5530716430354485
-0.7287217547146444,-0.5364303051607285,-0.4352106891388371,-0.9673682153865257,-0.620820441686773
-0.1563945228673924,-0.21741476157344689,-0.0013540969566001526,-2.4761703594575186,-0.7866292600890394
0.3670993745440527,-0.6295589989172169,-0.5444814281976817,-2.311269314326218,-1.127629106024325
0.0017706357142444613,0.4385123660896442,0.11385220284430969,1.8105201937033255,-1.1803425333382942
-2.279211944427343,9.390968332786404,8.58781272012667,1.3821496530990491,-1.454471240508212
-0.8723118371702547,-0.25500438354213056,-0.2967263822804002,0.07434735970797782,0.5530673126158351
-0.3868221129783196,-0.23239719181917412,-0.25937592521992425,0.2842881750703528,2.058612143720038
-0.6389828168298537,0.251938222405889,-0.08051919070232987,1.948342171470599,-0.15225072574147144
-0.9645553609798885,0.8713836301298882,1.011940378723089,-0.7372691064935558,0.5325567868445046
-1.139233081872139,-0.36568871965916344,-0.318014471939519,0.4238407464771093,1.1253042451693083
-0.6643433459250428,0.03306502016243009,-0.16049850677969899,1.0833381440100973,-0.3454583469688338
-1.0290322609885363,-0.29248113819304317,-0.3112269571103262,0.11567533680353431,0.973600839438881
-0.5792739549966718,-0.42768124746392017,-0.37870537125592835,-0.17302207424271682,0.2730431415542015
-0.5161743815932162,-0.2476757606067681,0.4590364947331308,-0.20287665758906662,-0.9201214630885257
0.17485219343964337,-0.7310644219092367,-0.6904018332719847,-1.0752706943704122,0.4637298656457581
0.0696484360399656,2.299148767474588,3.1805909629649287,0.9894619592590972,1.8427587670993877
-0.7759973183628339,0.7281867670019002,0.403682719187769,1.2307929693328188,-0.02134428955665674
1.0553611814512278,0.20312835782679337,0.28165155043442636,0.9976167513803144,0.38166818650350004
0.32245457485170387,0.5529261288441527,0.183503465743329,1.6991623691282935,-0.3463850429581935
0.41362466250411906,-0.41204933887956263,-0.3953487416061674,-0.7139758099710724,1.3372539257304001
0.5162967378189902,0.4399644735234436,0.8289066539056452,-0.8403702219025442,-1.2593023670668568
-2.0021515676944817,-0.6457759845347029,-0.4281572110640125,-0.023001600036803172,-0.5833463989309706
-0.7093251864082104,0.08645990459907663,0.07506894609459427,-0.2547133846568063,0.2535153530332626
-1.677369906556767,-0.5824066658169549,-0.48401531447714846,-0.6965601123436175,0.6906306637305312
0.8514036601954926,-0.46993126721864414,-0.5526462779796266,-1.2055694965686072,-0.8865798087502412
-0.070037953593542,0.048271296757507166,-0.025226072336871425,-0.43140455653470827,0.26536606455919826
0.6446688932908196,-0.12035427216658158,0.03394540789331558,0.5418448110675566,0.03216139229683329
0.7133637129793399,-0.27191407850570587,-0.35853126526031487,-0.3172649342497303,0.924327328365005
-0.43347158551892284,0.007762338279765819,-0.08007545707575138,0.6737928952024906,0.07957824871583444
0.8381453688458582,-0.7436775135412347,-0.5976928173243333,-1.581539529833954,-0.861217587573916
-0.17240658144942972,-0.4314693798444797,-0.4133761498815677,-0.4153076199327684,-0.7680707742696145
0.21196854288925512,-0.04928171295522316,-0.13888123194269109,0.16627601757396124,1.358054925640676
-0.4125717340707941,0.24122385627197046,-0.13313201698054775,2.581098681794313,0.08687695123780831
-1.4786657917478747,1.3438529464590918,1.5757001828359891,-0.6601152123011765,-1.0707790851499002
-0.33952255409310456,-0.3582816330593388,0.016680769555706524,0.048302647354126343,0.24005940483858842
0.8890987009306305,-0.7371121573774884,-0.5890800484917234,-1.0183573365100853,-0.8515572832813986
0.7353592976972454,-0.8695327247252186,-0.6359474990689901,-1.6392319112030644,-1.0467140656287643
-0.0596282291204298,-0.06972494405372252,-0.23726291364879415,1.42101562662851,0.9696649964230806
0.8816791521482341,-0.18374520638805938,-0.27224086463917435,-0.18654296681829047,-0.6067006348554216
0.21411534137219168,-0.33359589879626755,-0.3063258569741184,-0.6338339434775302,0.3245513938727923
0.23469033422676094,0.21140358016554853,-0.05890169557984384,1.9120693397459407,0.9279024537434434
0.15629176685413046,-0.34759657374120134,-0.3271507334765107,-0.22371790564882651,0.9904762641671413
-1.2139209519598397,-0.01579699488979767,0.008353191744043852,0.3726707753718699,-0.4048714878469654
1.1455704259816932,-0.4329060585984153,-0.39599367454777235,-0.70381907908658,-0.43261066456397973
0.09089972542112584,-0.3482898818121811,-0.30657106618076363,-0.4540744123170478,-0.3145289446987219
0.4045046266474374,-0.24980140283824875,-0.28533475934371044,0.3462655428715231,0.17835385011663252
-1.0510252616039921,0.4600983787805725,0.16256751815586817,1.7770011055568196,-0.2521081921711643
-1.38138917468303,-0.49024999424381394,-0.4226037984226785,-0.13079197090911843,-0.1168366791339122
-0.7047867641931914,0.2384326008336637,0.7333480407460422,-1.259248689424029,0.4451443188064514
-0.6276821676639063,-0.036101152942637944,-0.21903827119697591,0.8402773566026137,0.4976105504210739
1.8017087385277633,1.0227761619458307,1.4886125375997121,-1.094016351717501,0.6517721907128992
1.408220444661761,0.45615073994848404,-0.01905560860160804,1.681886910272865,0.13459032734274934
-0.7492521533440981,-0.41232932720131205,-0.3697141205023327,-0.8330817788701634,-0.34174311843781524
-2.3333855849837684,0.31379657442755066,0.11683478954641587,0.6157035150249478,-0.8584350046181887
-0.7057533661720271,0.1033698758972168,-0.04249706748399572,0.9089213975717946,0.385967050222184
-0.5810202176000494,-0.4517747967547818,-0.4153035376735071,-0.552893717233423,1.3165046488333032
-0.08797634980388634,0.04429577883822237,-0.01580015113065945,-0.4730106579179791,0.32140463868142055
-0.09895428148973161,-0.018491195488204056,-0.16831849964544476,0.9043720938980149,0.6041742557672413
-1.3672776127048134,-0.3037693130506175,-0.34292770530611916,0.31234274052654615,0.3637013966010667
0.8529739823378579,-0.35059266985157245,-0.4006215262828891,0.5221588205482172,1.8375146869061059
-0.6888225484222065,-0.14598568471782947,-0.13881398193311692,0.8166878750283236,0.8234047900925134
0.6655855783206139,-0.4956683163332189,-0.5343662809340598,-0.6501114685882231,-0.1486712821151795
1.022260822532991,-0.40517278394017325,-0.36356222368595037,0.2218006098157525,-0.7457945649315223
-1.7302055726967207,0.49299534857874316,0.10367487213711325,2.3553391306463753,-0.7367011026405735
-0.9317944054604228,-0.11801107787305945,-0.1847942012773821,1.2035827764848608,-0.20287229783414515
-1.0254224175306073,-0.246626057706892,-0.3145178805432728,0.17221734571177647,0.08802186268536447
0.15376820623416443,0.0192789497108474,-0.0009607300311554435,-0.38707456412862196,-0.0920053145603765
0.698543073289183,-0.4270362058302464,-0.5151607229822758,-0.5854622556313814,-0.41812687741911075
-2.6503306232038564,-0.4956683163332189,-0.36521850299287334,-0.38438694769131343,-0.3775541559647056
0.4996782273079792,-0.3634437162476409,0.1697605156118094,-0.18709934931887803,-1.0914098501336846
0.5543781387859703,-0.6670679926006812,-0.539965969260503,-1.0450843911638101,-0.7568497592417813
0.7478329078804375,-1.0610683019994431,-0.8061732282633111,-2.3343123557485153,-1.3934121754704558
0.373180727415481,0.1962391529051077,0.11048103255857221,1.1393639607197672,-0.07426892717119311
-0.471308161236756,0.8000337538309054,0.38079030612523984,1.6040077412015628,-0.620765551958502
1.4338097775709133,0.019318833999689748,-0.2665191696271352,0.7293369831207744,-0.2317884369938948
-2.847368434922285,0.5022065007363083,0.4057806708785812,-0.14842357502256465,-1.9972985061528128
0.0828978676097739,-0.8281324030531896,-0.6507920654078789,-1.771074264614878,-0.8154976106392106
0.46613266445356855,0.7222506860497175,0.1697605156118094,1.6903900927477447,-0.7609896154783932
0.2833765224859843,0.3692479099910544,0.43078757277746854,-0.2701633670873844,-0.35065770930656626
0.46662711399926554,1.516918904799938,1.9868619265603324,0.13732457447041876,-0.322662220589181
