GLCM_Pan,Mean_G,Mean_R,Mean_NIR,SD_Plan,name,is_train,target,prediction,score_0,score_1
0.6349733170328362,0.06316575316559939,0.013631650230462393,0.2579750976833365,0.333905729216206,0,0,0,0,0.96495872616025,0.035041273839749955
0.6741334959879197,0.07381671413687166,0.02233866023225774,0.3829191509589875,0.1756511630370779,1,0,0,0,0.9664032085022203,0.03359679149777969
0.6110589758683249,0.0763986929421028,0.012449803752015435,0.2953569058650396,0.14481860771108293,2,0,0,0,0.9531968691033075,0.0468031308966925
0.6795786138281837,0.07453328933850359,0.02544043065665663,0.35077978020455847,0.2446949810686742,3,0,0,0,0.9681804740841599,0.031819525915840106
0.6889484027419873,0.07001209368016742,0.01731804516778978,0.3071196574188946,0.17883391748707841,4,0,0,0,0.9569476072004982,0.043052392799501765
0.7104902635443391,0.15796645974175352,0.10551741092483577,0.22603893230705047,0.18657494741423827,5,0,0,0,0.9492967445992838,0.05070325540071622
0.7159279314536546,0.08564310507938777,0.03471754525810192,0.4175320588325508,0.18350210907342024,6,0,0,0,0.9706414383452152,0.029358561654784805
0.7184644644672199,0.12326854598863389,0.06848328875261672,0.24051191840963876,0.18605382882536753,7,0,0,0,0.949873602259738,0.05012639774026197
0.7401048973055839,0.07123255974086519,0.018603535684721915,0.3575282693944908,0.21003712794441073,8,0,0,0,0.965732876969407,0.034267123030593004
0.7891045457240214,0.07892191060767743,0.024267791575984344,0.31325624563922544,0.19982180926479834,9,0,0,0,0.9593146302614415,0.0406853697385585
0.6012682897955832,0.09596446661156864,0.04049045401545111,0.31127300892718046,0.15342695006471424,10,0,0,0,0.9570770226201918,0.04292297737980826
0.6726568402073442,0.07624256063069351,0.026756307957314884,0.2933523072881441,0.2594501452889023,11,0,0,0,0.9629928161560244,0.03700718384397558
0.7454859429425837,0.0,0.19315542573717068,0.0,0.0,12,0,1,0,0.7863450152553352,0.2136549847446648
0.7258602106462173,0.07648704050142889,0.019778641813864427,0.34882402633521625,0.13095771108264567,13,0,0,0,0.9580449333042867,0.04195506669571322
0.7169133267293233,0.08361203958210411,0.024689475353297692,0.33775954595053603,0.14154362326861333,14,0,0,0,0.9580335522726875,0.04196644772731251
0.7064639393118647,0.0,0.20773856231996984,0.0,0.0,15,0,1,0,0.7857074400712263,0.21429255992877375
0.6650628634018704,0.07738910493211769,0.029790376722621942,0.28391416628601696,0.3376544666977029,16,0,0,0,0.9682992388344722,0.03170076116552782
0.6172605046378615,0.06896400820204618,0.013115446537034415,0.30121883084765216,0.2078160745690991,17,0,0,0,0.9597379840014414,0.04026201599855859
0.7191766224624254,0.07519110986020978,0.018378920890879162,0.30589712797113466,0.19090730278684123,18,0,0,0,0.9580526201330302,0.04194737986696979
0.773240716312752,0.07674502757670429,0.020562017311636614,0.3063860850562575,0.20452040692217455,19,0,0,0,0.9589610768027668,0.04103892319723325
0.4920786807040339,0.07148618670319802,0.01898069882873911,0.32174518856189016,0.11234867845022933,20,0,0,0,0.9542655489260039,0.045734451073996096
0.658363163973596,0.07507820799152934,0.017785656567719604,0.3338020262790029,0.1411197461936322,21,0,0,0,0.9575999942470814,0.042400005752918586
0.7709584884157468,0.0,0.2245005150242299,0.0,0.0,22,0,1,0,0.7804444208387761,0.21955557916122395
0.7577727746160887,0.07502018428985067,0.02092681499281477,0.35096729842613833,0.1545578417380449,23,0,0,0,0.9601371355919898,0.03986286440801019
0.8431126660259358,0.0,0.21253627675038078,0.0,0.0,24,0,1,0,0.779300334283642,0.22069966571635805
0.7034644849005578,0.10247252174762739,0.04283795134045808,0.2491984042189855,0.1241947179052845,25,0,0,0,0.94302767736793,0.056972322632069985
0.6529938239777121,0.08072450302805152,0.01942614319469546,0.3067736391126734,0.15905586938765934,26,0,0,0,0.956043813721857,0.043956186278143045
0.6154234050340237,0.06602058530016296,0.01217777912441278,0.28894593491771725,0.20061267044511874,27,0,0,0,0.9571896753792126,0.04281032462078733
0.7274686760906026,0.07583567876101646,0.0018454388087442153,0.20380782625981686,0.15669480721769669,28,0,0,0,0.9376239198443254,0.06237608015567469
0.5749387555044452,0.08321661507077728,0.02646398352157422,0.4064098062370883,0.12564201255335522,29,0,0,0,0.9663005339724835,0.03369946602751653
0.725402620213052,0.07689421730978703,0.026611990485469625,0.447842164739543,0.11882484998629322,30,0,0,0,0.9686837668844079,0.03131623311559208
0.7725206539354904,0.08845532033181064,0.035007026516643426,0.3977053828877161,0.2402423325857317,31,0,0,0,0.9723686446417452,0.027631355358254752
0.6562351707153969,0.1088095080219892,0.04439291078767902,0.2709318363697348,0.13081500948952476,32,0,0,0,0.9488023723009609,0.051197627699039155
0.7302333388604991,0.06768487655260279,0.021000190959001797,0.33941130096714994,0.21792203112228298,33,0,0,0,0.9640604742719934,0.035939525728006586
0.6844346085682613,0.05820520190783033,0.018052961951090858,0.277879406817442,0.41429852827568836,34,0,0,0,0.9721955529634451,0.027804447036554977
0.7144160560633878,0.08045308311563051,0.005284149051525241,0.21437128524965393,0.1353914436490332,35,0,0,0,0.9372200350116637,0.06277996498833631
0.6825322349114268,0.07778542848198326,0.03214826722546952,0.44192586460350836,0.2158649983248055,36,0,0,0,0.9748142394416079,0.025185760558392018
0.8013728288557529,0.08150806271938599,0.019171901759275606,0.2916013820311152,0.1353328533275243,37,0,0,0,0.9495679063505602,0.05043209364943981
0.7475621804559692,0.0,0.19716029160579293,0.0,0.0,38,0,1,0,0.7856459207434219,0.21435407925657818
0.4993308433547466,0.08429633176471311,0.017350630217861252,0.17422737662921806,0.16292220782686773,39,0,0,0,0.9359720625879637,0.06402793741203631
0.6083624676343975,0.08057161320849293,0.027653967551685033,0.37132885003827376,0.1498391071771129,40,0,0,0,0.963765087337819,0.036234912662181026
0.7843784723393519,0.061878975441774724,0.015502002148332566,0.34777620910736196,0.1878524231564164,41,0,0,0,0.9617587414969414,0.03824125850305861
0.6690096268018305,0.07954951455962278,0.008228111977023379,0.20552703701625674,0.1634824990434577,42,0,0,0,0.9398190440516458,0.06018095594835412
0.7788693336672984,0.06494718202903838,0.026707619666693473,0.4368956546481942,0.25061774877762655,43,0,0,0,0.9753997682072201,0.024600231792779956
0.6386072482119994,0.08064215885822153,0.026163585397146197,0.3281704489513643,0.19838868128951498,44,0,0,0,0.9625334211139716,0.0374665788860285
0.7224023859374782,0.07896194921340083,0.005835579463160191,0.17702889928137877,0.14816374759944984,45,0,0,0,0.9309572357639047,0.06904276423609529
0.6132524794895146,0.24905302556578182,0.20873038253891496,0.2967092927736737,0.20042146455225268,46,0,0,0,0.9648784772414407,0.0351215227585593
0.6915299368843486,0.06191560940084052,0.0018337286227686957,0.21308899275066517,0.20804050571427385,47,0,0,0,0.9452630332665561,0.054736966733443825
0.5920263736766858,0.07802607769798652,0.024481728036449886,0.42064510021685614,0.16174899071691518,48,0,0,0,0.9701252568648078,0.029874743135192203
0.7177781924995174,0.06414391852853019,0.004480141112540406,0.24396324163068697,0.16693508408381455,49,0,0,0,0.945294326736007,0.05470567326399296
0.7516009364883395,0.07422169817175633,0.014184180728437006,0.2638460082751291,0.19861947640029703,50,0,0,0,0.9524665450798094,0.047533454920190565
0.6429324716812149,0.08596191989299876,0.031953037677116124,0.39800790321369894,0.1598585349261578,51,0,0,0,0.9675398677738004,0.0324601322261996
0.7234370456984262,0.07746167720104793,0.024250908180200106,0.33361219926640767,0.1580449764612861,52,0,0,0,0.9585503421342968,0.04144965786570321
0.6734699874098454,0.0,0.22781291420649186,0.0,0.0,53,0,1,0,0.783974181915973,0.21602581808402702
0.634632867697817,0.09340766690433394,0.045679607253335475,0.3940845961172947,0.24937830608930983,54,0,0,0,0.9735139038083316,0.0264860961916684
0.6305357189086663,0.09214532180792154,0.03533669893889743,0.3807372233867798,0.14619624121007152,55,0,0,0,0.9649177898878585,0.03508221011214153
0.7803079059958525,0.07089130710688735,0.028127434176081045,0.4469872906588734,0.1227691668467424,56,0,0,0,0.9680778565970887,0.031922143402911336
0.7225299255198381,0.07739525759764058,0.025749095465808895,0.38776549129680915,0.2130006647474961,57,0,0,0,0.9695028179615384,0.03049718203846163
0.636436369534599,0.06139390657348298,0.01303814111888312,0.2640822358373936,0.3196515270823479,58,0,0,0,0.9643704350795671,0.03562956492043294
0.7559711244955297,0.0,0.21352856749779703,0.0,0.0,59,0,1,0,0.7827745603369344,0.2172254396630656
0.765123677191306,0.07061396196153921,0.01941866992040743,0.34559987744203907,0.21434796785060647,60,0,0,0,0.9644431004480571,0.03555689955194282
0.7188308996205749,0.08505524455056274,0.03176688837509124,0.37420125058708353,0.19083420460988465,61,0,0,0,0.966721718142785,0.033278281857215035
0.8149919331036573,0.07783977696522106,0.02702444389366671,0.456162694391132,0.18138879391304466,62,0,0,0,0.9732177209705655,0.026782279029434475
0.7325287960777701,0.1547730982794529,0.11170421000202818,0.21042662500099077,0.2892040104792116,63,0,0,0,0.9573040417801723,0.04269595821982773
0.744920677037021,0.07688610065632781,0.02866254844080317,0.3026859889461812,0.24572215959606486,64,0,0,0,0.9622832046912305,0.03771679530876949
0.7082832986845489,0.06843005922362187,0.015742811242323563,0.3214991881333653,0.20284639185789505,65,0,0,0,0.9609403831574682,0.03905961684253183
0.6125434462929663,0.07201605871465253,0.011762316750624793,0.2311878409087076,0.21037652343993482,66,0,0,0,0.9500965886824676,0.049903411317532384
0.6859259428992057,0.08583702671067221,0.030437980844187397,0.35420910461911015,0.1525845505198424,67,0,0,0,0.9615024506059271,0.03849754939407286
0.6558445468847361,0.07930241862542066,0.009621317589003808,0.20059904847414417,0.13750702950524127,68,0,0,0,0.9351984918383269,0.06480150816167303
0.7792492776712114,0.07563087666502344,0.015512458227219288,0.2865682371250593,0.16814602114539354,69,0,0,0,0.9523753559889282,0.04762464401107179
0.7216749644981928,0.0682355785854908,0.004790596801098947,0.22400494066169285,0.19926817285492082,70,0,0,0,0.946197742815523,0.05380225718447695
0.7783706871473525,0.06745379448203398,0.015788344694881315,0.3165741760967842,0.21454804670865033,71,0,0,0,0.9606674449123132,0.03933255508768682
0.6317769628640797,0.07325618626623047,0.02993077547352018,0.40659869617882133,0.26251367208927595,72,0,0,0,0.9747846408873233,0.02521535911267673
0.619993641781639,0.07594739034697107,0.013463777339688553,0.24040738020580177,0.1625144137805887,73,0,0,0,0.9461046492018166,0.05389535079818343
0.5997403892203153,0.07854169756615453,0.031397712272773104,0.3664430781147849,0.30290065050289217,74,0,0,0,0.9742454557373723,0.025754544262627646
0.7245914729908739,0.0940666021392085,0.04081068719257901,0.3382575811329429,0.25348997434306614,75,0,0,0,0.9679326929403999,0.03206730705960012
0.6426880493062085,0.13141297144438485,0.09147045390876535,0.31011340178517,0.2081357011173628,76,0,0,0,0.9625706041862754,0.037429395813724634
0.801406159414885,0.08150461114246041,0.030198902098924316,0.49383355846134713,0.16785875661364624,77,0,0,0,0.9757823460701138,0.024217653929886212
0.6193030773533471,0.09034026562369463,0.03130711652566638,0.3532704804644864,0.12406191192733161,78,0,0,0,0.95965906337175,0.04034093662825003
0.7573485613059018,0.07731814020036584,0.01747396651918662,0.2678265645356326,0.17334804264984666,79,0,0,0,0.9503159114984021,0.049684088501597876
0.7239566958881842,0.11567971595817073,0.03787557414535131,0.1437087147118309,0.20819856418434218,80,0,0,0,0.9356378138223398,0.06436218617766015
0.6280617735239113,0.08465627858016271,0.033092084361725164,0.44953128741095577,0.2087683111348817,81,0,0,0,0.9756477891511158,0.024352210848884136
0.8432563393582174,0.09992573805796928,0.041075821579414404,0.43375553512868176,0.1117170091954936,82,0,0,0,0.9667376585901964,0.033262341409803525
0.7048011416198026,0.10776378667015973,0.023149858457950798,0.13532276930106524,0.13477024500369678,83,0,0,0,0.9220902852934181,0.0779097147065819
0.6857325803580712,0.09098284537745799,0.03271466926832672,0.2840249546617241,0.17254527673588663,84,0,0,0,0.9541232445436943,0.04587675545630568
0.6784427542994651,0.08649407589334884,0.023138975087311775,0.20021349853604753,0.20721482455325477,85,0,0,0,0.9445277647276176,0.05547223527238245
0.8503008542398167,0.07637480566285773,0.021520011948649984,0.38708452125844833,0.1064974843061433,86,0,0,0,0.9595801612590442,0.04041983874095578
0.7648699163315857,0.12433182836817523,0.06361113679379411,0.21097342378266845,0.19888549815375736,87,0,0,0,0.9462112135955483,0.05378878640445176
0.5751846801006353,0.07568069917843674,0.03000602171116825,0.4855477739684088,0.1498165498110296,88,0,0,0,0.9750976811905544,0.024902318809445628
0.6650174671529947,0.06696716880364764,0.021090987279095266,0.39464288421306976,0.20755223389188415,89,0,0,0,0.9697388565248897,0.030261143475110316
0.699092636576656,0.12615220656713683,0.0842491904217723,0.2400245363770303,0.2790275178118983,90,0,0,0,0.9594342723426381,0.04056572765736186
0.6469862788393647,0.08646640917832188,0.03627146190933174,0.30748037370983683,0.28232791307351457,91,0,0,0,0.9670980593666256,0.032901940633374364
0.8690432250497468,0.0715155696579837,0.011987174297758602,0.29819778292818566,0.1429517693720867,92,0,0,0,0.9501240343805325,0.04987596561946755
0.7152144336459939,0.0978241893133841,0.044872180669674605,0.48622748902982044,0.14659996428380836,93,0,0,0,0.9748582416765253,0.02514175832347464
0.6888756456955212,0.0,0.18943694615527887,0.0,0.0,94,0,1,0,0.7892162860452461,0.21078371395475387
0.7832150422143648,0.08658550137087616,0.03930448089505587,0.5502025145584353,0.1575790255360172,95,0,0,0,0.9795638522248196,0.020436147775180477
0.707748578616465,0.0736445323706337,0.01102834878901174,0.27197989110860776,0.14726361134920785,96,0,0,0,0.9484507219284634,0.05154927807153663
0.7021366014559024,0.07713426157626602,0.02937339076186278,0.35499716181015717,0.3116481193735357,97,0,0,0,0.9731289005645894,0.026871099435410568
0.6833865776797995,0.19597975037839932,0.08343291841738731,0.23146149637240637,0.09326777217958974,98,0,0,0,0.943817897482576,0.05618210251742393
0.7609790703772596,0.0798578761169343,0.014235000327535484,0.26896656278697517,0.12203904967975683,99,0,0,0,0.9446221432198706,0.05537785678012946
0.7121149003149722,0.0877624060477912,0.013421984573318339,0.18022639566536178,0.18035299147929226,100,0,0,0,0.9372590547249661,0.0627409452750339
0.6258744923768939,0.07625919765980918,0.023256751051936343,0.38124699536382706,0.1912134036433698,101,0,0,0,0.9679282214793296,0.03207177852067043
0.7587741886122414,0.06732345507634091,0.015527512254794538,0.3516736660450732,0.16611302280851972,102,0,0,0,0.9609056384781438,0.03909436152185621
0.6922402617558913,0.07676983881169698,0.0074260403549578635,0.24091392743881268,0.16501831268185946,103,0,0,0,0.9459706556667179,0.05402934433328208
0.731954930001474,0.11551752948269957,0.03510521066903918,0.15119324203955076,0.1773339361078078,104,0,0,0,0.9325846385036365,0.06741536149636347
0.7648251297571226,0.0,0.21837398705507327,0.0,0.0,105,0,1,0,0.781654850726475,0.21834514927352502
0.5959435192500563,0.07551225504630162,0.026150650031739,0.43000936692253944,0.1954967693128002,106,0,0,0,0.9730783411518527,0.026921658848147324
0.6625593969235561,0.10305516887401835,0.05162710673467501,0.3308774969243448,0.25275235876444113,107,0,0,0,0.9678027299320769,0.03219727006792308
0.7123496627290024,0.0763323964823873,0.018520083492150556,0.3115256281710144,0.1590773244352149,108,0,0,0,0.955793753797682,0.044206246202317945
0.7598902317139443,0.08037386474146968,0.021993580905037537,0.2952967596087585,0.18753476046574746,109,0,0,0,0.9560999674931122,0.04390003250688776
0.6787476609171545,0.09260436320638099,0.03726575419868023,0.30883849335151903,0.17666996089986808,110,0,0,0,0.9581323096649748,0.04186769033502521
0.8020358994408023,0.06485073072668715,0.013175700071432398,0.3564830969289951,0.08218053530852015,111,0,0,0,0.952569539560287,0.04743046043971304
0.7030972431156189,0.09765373360935321,0.03293967107670455,0.16309141073171962,0.1766879324200319,112,0,0,0,0.9334037650934696,0.0665962349065304
0.707659199081815,0.07552646766846727,0.0,0.16917687049759667,0.15668796042563365,113,0,0,0,0.9307112224357743,0.06928877756422572
0.744842176838717,0.0854686186397318,0.034379498140976725,0.3743629498775346,0.17060254879546116,114,0,0,0,0.9648445890067959,0.035155410993204045
0.6922276279248301,0.08893347255261243,0.027099563485688788,0.28135306047454867,0.1486829331934037,115,0,0,0,0.9510553440439367,0.048944655956063315
0.7015444177750361,0.08801021943979317,0.03368826872729593,0.4029665388993368,0.1389328287936718,116,0,0,0,0.9660619706616377,0.033938029338362326
0.7488489439175912,0.0748060273729443,0.02795750719564239,0.43877683295937464,0.1355460655200203,117,0,0,0,0.9686493406347999,0.03135065936520014
0.6612933353257451,0.0780163543739989,0.012677353392112935,0.22923956350667715,0.14187004413209364,118,0,0,0,0.9411090582196429,0.05889094178035714
0.6684264997440686,0.08931826729460121,0.03872209534623842,0.4219826410421307,0.16340039310360874,119,0,0,0,0.9701004550527644,0.02989954494723554
0.611651178093217,0.0859308197728758,0.03503754811679237,0.49181283032863155,0.1546400879909455,120,0,0,0,0.9760465646516437,0.02395343534835628
0.818761524383129,0.0,0.1992704865554787,0.0,0.0,121,0,1,0,0.7823843559692031,0.21761564403079695
0.6617009142442078,0.06585878152412025,0.01821983765386468,0.3412055795242259,0.21487599205872482,122,0,0,0,0.9645537628669936,0.035446237133006465
0.7214224874191149,0.1019481824156022,0.0682608207054756,0.3217665704937469,0.17543219311829483,123,0,0,0,0.9589598161111612,0.04104018388883875
0.6555389793206611,0.07911527359458675,0.03408455901361224,0.40361048401547783,0.33214075970035356,124,0,0,0,0.9784729575435722,0.021527042456427826
0.6047429643190388,0.0703347027407661,0.018817964185128128,0.3436581792896405,0.21127618724191638,125,0,0,0,0.9652874174626545,0.03471258253734557
0.7178905884873319,0.07045791288790923,0.004267967783422507,0.23749660846128925,0.1686355467335306,126,0,0,0,0.9450136586072193,0.05498634139278067
0.7693303807621636,0.0857725623812998,0.03722310755031949,0.3848567311626715,0.32526126460379146,127,0,0,0,0.9762983825957632,0.02370161740423677
0.7048142989352552,0.08349012013764721,0.03793765350674776,0.4640325806467908,0.23547170182933944,128,0,0,0,0.9776853993904325,0.02231460060956751
0.6516627232615029,0.06935810475664522,0.019612595453718233,0.32018150934728584,0.24639822176068876,129,0,0,0,0.9650032548017038,0.034996745198296174
0.6278687484219388,0.07306306722839012,0.023616795323655883,0.3688372027641473,0.1699103876824796,130,0,0,0,0.9646204596397547,0.03537954036024527
0.6806132841770778,0.08375980704796715,0.038293178609752856,0.4923465498985028,0.16773610570729697,131,0,0,0,0.9762753049650106,0.023724695034989453
0.7085191543978665,0.06298429435465741,0.012660633647857477,0.3213798855614148,0.20648621754300012,132,0,0,0,0.9609619917816717,0.03903800821832828
0.6927248601790835,0.06808432653461229,0.012812738461817706,0.24033942808711287,0.2532009979960388,133,0,0,0,0.9549667620906601,0.04503323790933989
0.8395539589872982,0.07823504291132868,0.013248191126643766,0.32244351265474236,0.1296538014261228,134,0,0,0,0.953319255392042,0.04668074460795798
0.671382913739263,0.07940394596827853,0.023079556881249626,0.2811889036848487,0.2217342963826221,135,0,0,0,0.9583134750179133,0.04168652498208668
0.6791632842524211,0.20648737665600575,0.2095470979650096,0.2998979596935748,0.6732377738661872,136,0,0,0,0.9876283525817816,0.012371647418218404
0.7608541078234494,0.08142570718859016,0.02726140134487047,0.3663503192678759,0.1705956181712494,137,0,0,0,0.9637170791443674,0.0362829208556326
0.6980761232882723,0.21709457081335787,0.15809209582748543,0.28677743487636675,0.24185203591532245,138,0,0,0,0.9658890810110721,0.03411091898892798
0.5767437964896281,0.06898804720034073,0.029983522660143754,0.47683473807929677,0.13332000386521872,139,0,0,0,0.9729853663853056,0.027014633614694323
0.6898774221924551,0.08167033933482491,0.0,0.16575583683727368,0.12915475799731727,140,0,0,0,0.9265607200906573,0.0734392799093427
0.6742692583950561,0.07244279238812247,0.03150642385472155,0.4866286995257836,0.11135568648908428,141,0,0,0,0.9719523225443875,0.028047677455612544
0.7545295655620212,0.07159661945755975,0.012761826986945416,0.2781090811715355,0.20214387574890788,142,0,0,0,0.9548013888450209,0.04519861115497917
0.7757175469533827,0.08320933471571158,0.01669284923775622,0.33951663321701075,0.1028953793925803,143,0,0,0,0.9539862560224259,0.04601374397757405
0.6528526232789414,0.07898309261265508,0.02101804024981096,0.31247546438581836,0.1657206756494829,144,0,0,0,0.9573265955558297,0.042673404444170296
0.7076636596042043,0.0,0.23619362632073473,0.0,0.0,145,0,1,0,0.7812579730962735,0.2187420269037265
0.6820266644955694,0.06782732348557337,0.013332883193321227,0.30310266632222066,0.18756189580476768,146,0,0,0,0.9573023907873373,0.04269760921266272
0.6899649304174664,0.07590311707911421,0.02392924893180157,0.3556371715680778,0.23524838988507663,147,0,0,0,0.9680273315121598,0.03197266848784019
0.6464370686004145,0.0744798433621521,0.020069502257214877,0.31907317536189794,0.17421564307953633,148,0,0,0,0.9588100126608676,0.041189987339132386
0.7604716713187617,0.07154602306597105,0.01976061708258452,0.30452452223867277,0.11867952470067648,149,0,0,0,0.9492494965604218,0.050750503439578216
0.7444848112756585,0.06084442867001888,0.012488975376427607,0.26153215974102734,0.2795270618672249,150,0,0,0,0.9594800012782183,0.040519998721781636
0.6720287886412726,0.09513112640006634,0.04962835712252079,0.3592626320603257,0.20369937033687552,151,0,0,0,0.9665682206973571,0.03343177930264282
0.7257185712211005,0.08597848107251907,0.015205833283219039,0.26969659032006194,0.11316431789188622,152,0,0,0,0.944647687567614,0.05535231243238604
0.7102082102936508,0.0,0.18863673342740397,0.0,0.0,153,0,1,0,0.788472511972032,0.21152748802796792
0.7899628310593139,0.0757026078582556,0.02554452307167477,0.35110708290979786,0.19732283654005683,154,0,0,0,0.9635945980732803,0.03640540192671973
0.7323217705567113,0.08302415453092428,0.03854241266141949,0.3596407396172982,0.272997812577194,155,0,0,0,0.9708770229817817,0.02912297701821829
0.7675827818591283,0.0,0.21754870780533142,0.0,0.0,156,0,1,0,0.7816686332858855,0.21833136671411446
0.6292341135787205,0.07449394141047033,0.016981032958416048,0.28657272545888485,0.1800835923874641,157,0,0,0,0.9551169994936032,0.04488300050639679
0.6845099796128802,0.08890269774347573,0.034884552485439715,0.36084949637559394,0.1777294621808284,158,0,0,0,0.9645786197997493,0.035421380200250624
0.752855961421391,0.0,0.21492899445074332,0.0,0.0,159,0,1,0,0.782686472860876,0.217313527139124
0.6216315146605595,0.08081759710569968,0.03571879365082795,0.33950311164980257,0.20332135225409162,160,0,0,0,0.9641770800536282,0.03582291994637182
0.7142512226531077,0.12722391508513917,0.06765741879389439,0.24215434475710743,0.20353870176464312,161,0,0,0,0.952559263161137,0.047440736838863004
0.7676226796041504,0.0,0.20270675008679245,0.0,0.0,162,0,1,0,0.7839670841654492,0.21603291583455078
0.6351201045158607,0.13147162694686904,0.07104480348773433,0.3422066402976786,0.11831869925134351,163,0,0,0,0.9592166948800772,0.04078330511992276
0.7242051654580469,0.07168476853238907,0.01643753395864527,0.3181435366240952,0.18163990768859495,164,0,0,0,0.9585673100750628,0.04143268992493718
0.7912357121305461,0.08114655063458036,0.009079324567761064,0.24245872058672013,0.12322686991574647,165,0,0,0,0.9398426813092527,0.06015731869074729
0.7136708187293529,0.09230157735786788,0.0,0.13798438347930314,0.1432051843626141,166,0,0,0,0.9234001644551197,0.0765998355448803
0.7417148428135081,0.07450359147213054,0.010094447356720446,0.2870876136791112,0.1359090687481605,167,0,0,0,0.9493307992237999,0.05066920077620007
0.6446064700566824,0.08962181461774538,0.03836305861018091,0.51844753758172,0.10857760535525693,168,0,0,0,0.9754456221795821,0.02455437782041792
0.6830322706779349,0.13888555647870202,0.10973049379009474,0.35361594889018655,0.31982481173300353,169,0,0,0,0.9748419908976288,0.025158009102371183
0.6938770206522168,0.08976552060948077,0.04184575468144878,0.33563636319426804,0.21607971658015024,170,0,0,0,0.964600339532729,0.03539966046727105
0.6642362773674846,0.08412683264544801,0.004889116007787776,0.16578803316379181,0.13444328321969284,171,0,0,0,0.9278859346222901,0.07211406537770995
0.9714862192722336,0.1531203194248218,0.09976189143332853,0.2361786459629288,0.13609686292218573,172,0,0,0,0.9412091182068075,0.058790881793192515
0.5950450649752199,0.07045404936313944,0.020353330589799323,0.34551821141991673,0.18477868664484368,173,0,0,0,0.9633178932508777,0.03668210674912229
0.7120772951823828,0.08480816297534646,0.0,0.16606323454311955,0.13174927326777278,174,0,0,0,0.9271123386067404,0.07288766139325968
0.6166424440941735,0.08363778348862685,0.027090042684561798,0.3204299665311121,0.1663681914097945,175,0,0,0,0.9589774025619923,0.041022597438007735
0.658865625637195,0.08123077396800546,0.03220190926344489,0.3866368363070341,0.17984610332913617,176,0,0,0,0.9674335967092751,0.03256640329072486
0.5675002483755679,0.07122650355899889,0.00914849913380683,0.24218485032698667,0.19334657180508627,177,0,0,0,0.9504632740517994,0.049536725948200605
0.6708711311796749,0.07061749826835681,0.0030043690082996732,0.17936381356900083,0.23680413023591385,178,0,0,0,0.944010274132882,0.05598972586711802
0.6879512577533159,0.20344016153985192,0.22892784698878554,0.4368696458355596,0.16021409868684208,179,0,0,0,0.9725637114532423,0.027436288546757684
0.8062250825360532,0.1364696089726915,0.09182408218715721,0.2312795835711292,0.2719544615264398,180,0,0,0,0.9570348564070064,0.04296514359299362
0.7702680087827407,0.07813247609371357,0.02726867500151607,0.40735084856416487,0.1828086324203888,181,0,0,0,0.9689531484743913,0.03104685152560873
0.6240550658024326,0.08415431704750424,0.03754750130796709,0.43327058917752315,0.2075875887744676,182,0,0,0,0.9741167940035299,0.02588320599647013
0.7082980910714406,0.07108053802321282,0.0,0.21556192614330677,0.12465379204303828,183,0,0,0,0.9351752849068711,0.06482471509312888
0.6982709569524876,0.06455755002081082,0.019663106456700084,0.2660343048038522,0.3630509158992204,184,0,0,0,0.967584949701668,0.03241505029833198
0.6834928188225055,0.08436550337507365,0.03606225917385745,0.37966567461116724,0.27729243112563906,185,0,0,0,0.9734652061001817,0.026534793899818297
0.7425477044080526,0.07172879600246565,0.013652265950713864,0.30851206391702035,0.16541221328181532,186,0,0,0,0.9555077725316635,0.04449222746833646
0.5812151258962666,0.07544052350453201,0.01875707294504332,0.3074880960741106,0.18204289748940652,187,0,0,0,0.9587504943015457,0.04124950569845433
0.89131962320775,0.08310701892575383,0.019366267777697718,0.3086133716099362,0.10464381157418531,188,0,0,0,0.9478244206185369,0.05217557938146314
0.6595344823348653,0.4451468299888442,0.39123489546541373,0.42624699071418864,0.11707187269527429,189,0,0,0,0.9772174198228766,0.022782580177123476
0.7281152446274486,0.07204653354485033,0.015188881323174643,0.28015000576213506,0.16857849636873923,190,0,0,0,0.9516831236392493,0.04831687636075067
0.8993605622586706,0.07412199116231398,0.02333477673946199,0.40454077422285317,0.16304220831320004,191,0,0,0,0.9660091083632345,0.03399089163676545
0.7067703637548801,0.11475276930292667,0.043949978674529086,0.13782027120370766,0.1750972681345634,192,0,0,0,0.9290690339482677,0.07093096605173237
0.815405860440822,0.08702196575639826,0.03459626953257036,0.4195547421120194,0.19221968403792572,193,0,0,0,0.9708350391794422,0.0291649608205577
0.7311514398246687,0.0,0.21727623813461663,0.0,0.0,194,0,1,0,0.7832210382225824,0.21677896177741762
0.7207912866047205,0.07086220599963973,0.016701273917063518,0.2520687257823683,0.2703549450255572,195,0,0,0,0.958168490832466,0.04183150916753395
0.7644917962410054,0.07758398223484915,0.033527357020152686,0.3598995257035421,0.262022842400892,196,0,0,0,0.9697283889556606,0.030271611044339352
0.6517356910373541,0.09840110091916873,0.04404649487152651,0.5758807569795552,0.14058545657411056,197,0,0,0,0.9814192492080853,0.01858075079191466
0.8100375224313916,0.0794996080729479,0.028197128509243902,0.388183254935752,0.18346924350081706,198,0,0,0,0.9667201754782557,0.03327982452174431
0.6236808011803915,0.06778390799349457,0.0258423062912898,0.560701663100419,0.14484534667935262,199,0,0,0,0.9799417140964305,0.020058285903569457
0.6310475525186103,0.07743272927932414,0.02659880084802347,0.41315108499658026,0.17416772359467086,200,0,0,0,0.9698969150183776,0.030103084981622348
0.8136191935665262,0.07126088700647859,0.005643606341955369,0.26364473930307275,0.14175330333493838,201,0,0,0,0.9450484766595948,0.05495152334040525
0.7353094114906781,0.08261347180338352,0.02636503472862925,0.33388653271178387,0.1850125456245874,202,0,0,0,0.9613237828829763,0.038676217117023695
0.46131401685693485,0.08025356006583316,0.026060168038082823,0.415367055416381,0.024639761145971262,203,0,0,0,0.9593753003793489,0.04062469962065109
0.754561339268758,0.07144990024442274,0.010070001096710097,0.26662202369050353,0.17066992205085976,204,0,0,0,0.9496156697055889,0.05038433029441115
0.5223853024643997,0.08336212567432472,0.026393643387090583,0.4241878856060545,0.08331567305015554,205,0,0,0,0.965324458781515,0.03467554121848508
0.6622442850123772,0.0750567479155021,0.015763410778443565,0.2670842655167282,0.18689163869000594,206,0,0,0,0.9526631899297411,0.04733681007025894
0.7683135271729226,0.06673074988843128,0.017044006890408893,0.3477290929836768,0.1356510633387132,207,0,0,0,0.9572653741695202,0.042734625830479836
0.6492281547615705,0.08984164518368769,0.03965140190141146,0.38898260435451204,0.23150915214757642,208,0,0,0,0.9717531173568984,0.02824688264310157
0.7549587128177637,0.06195511577348939,0.018512986356358067,0.38861225939219435,0.26998734683143005,209,0,0,0,0.9726105137056108,0.027389486294389222
0.7567533843703387,0.0,0.1973668510051608,0.0,0.0,210,0,1,0,0.7852370101879553,0.21476298981204472
0.7690920854171077,0.08393852288614473,0.031214423878502005,0.45316792006044554,0.1810248448686509,211,0,0,0,0.9734300282938229,0.02656997170617711
0.6975808791582341,0.08125177206812972,0.030519892136326533,0.4463934034809674,0.19822203625761078,212,0,0,0,0.9742369930282484,0.025763006971751556
0.8403606839554241,0.09754572060785927,0.03276880190107412,0.26769063590751974,0.13562688709547518,213,0,0,0,0.9460321176946765,0.05396788230532349
0.6808171578320739,0.06837740251521701,0.013830469199966786,0.28726061978058226,0.18762599704201333,214,0,0,0,0.9550793227810302,0.04492067721896977
0.7333869184337581,0.09070447218799568,0.027763304914234274,0.23478123916513371,0.16806619753386165,215,0,0,0,0.9452105232471881,0.05478947675281193
0.6674529722337158,0.09252574229153496,0.007788653199256961,0.15521288718889037,0.17850231315197787,216,0,0,0,0.9333455877752339,0.06665441222476612
0.6727008589197401,0.08474513560121866,0.026101199804751115,0.3865271520484703,0.1415707058628256,217,0,0,0,0.9646507025354071,0.03534929746459292
0.6686267599512427,0.09052855507887231,0.03976083237750241,0.3925923212409364,0.2009387397727011,218,0,0,0,0.9698874808437381,0.030112519156261952
0.647746771535088,0.07790275596595411,0.03195702657006033,0.3644350707863222,0.2678024462557713,219,0,0,0,0.9714442389562367,0.02855576104376337
0.702523043239621,0.07294718271111841,0.0,0.19245620525286647,0.14256688187614983,220,0,0,0,0.9333247482779916,0.06667525172200839
0.6907953344731633,0.07522693757561638,0.0,0.1699785148337923,0.15684326205790575,221,0,0,0,0.9311381907806174,0.06886180921938258
0.6384377761039782,0.08181594132292047,0.03367271321119003,0.4153364800800078,0.20611155029213196,222,0,0,0,0.9723064169282475,0.0276935830717525
0.6776639168388154,0.0,0.2331356323141559,0.0,0.0,223,0,1,0,0.7829778594581216,0.21702214054187846
0.696253781217381,0.08115785216966474,0.031622834918429,0.41963877337321576,0.2007146989863577,224,0,0,0,0.9719818182868724,0.028018181713127602
0.8164633429734175,0.07110549026749348,0.018672866702352672,0.347733754630448,0.1999712271638178,225,0,0,0,0.9630913583773235,0.03690864162267651
0.7287601872281969,0.0827880202228096,0.032847640566109435,0.26493804682867295,0.22585404927187716,226,0,0,0,0.9557765688267952,0.044223431173204764
0.702201628598809,0.08520311014490975,0.036187652004006914,0.39465749942092276,0.1744706750132598,227,0,0,0,0.9676806763101123,0.032319323689887644
0.7423208231652072,0.07402142985532298,0.005226449900983525,0.21599111683271216,0.17809696144321865,228,0,0,0,0.9423446860115456,0.057655313988454304
0.6838891603422107,0.08172791796860517,0.027937901104509055,0.4328541490453695,0.11549469313243764,229,0,0,0,0.9674155381963145,0.03258446180368547
0.6388584644211438,0.09694128570405358,0.052576991607013075,0.44474858325422456,0.13110672911357213,230,0,0,0,0.9703423671789222,0.029657632821077768
0.7327034583472003,0.09339443136216621,0.004586341591323494,0.15592325373423788,0.16027822734533015,231,0,0,0,0.9299458768070039,0.07005412319299606
0.6840879459525157,0.07703233240430868,0.023169456256883852,0.3294425062510413,0.16817811151329004,232,0,0,0,0.9593473662789108,0.04065263372108921
0.785819904549511,0.08367107860941336,0.038654404062438315,0.5034779792532308,0.2220102183997709,233,0,0,0,0.9794041107897091,0.020595889210290923
0.649830238128386,0.08815483878662189,0.033703336675599514,0.27636204544028053,0.1701816459934026,234,0,0,0,0.9528067791237763,0.047193220876223685
0.7248692318127197,0.08462177864005521,0.026692241982062423,0.2838401448867134,0.20184683255621932,235,0,0,0,0.9564509171899349,0.043549082810065066
0.7725154662529808,0.07502210095719575,0.015915229036674097,0.3206688018964633,0.14030099199306936,236,0,0,0,0.9545306956613246,0.045469304338675326
0.7375422747378997,0.08941480631397095,0.00833199492065988,0.20989594553109775,0.13542262035828245,237,0,0,0,0.9368614816061552,0.06313851839384473
0.7651551363397464,0.07036158046656861,0.02071479595146118,0.36929742533065446,0.18346371779688594,238,0,0,0,0.9645737628138772,0.03542623718612276
0.7233209999980001,0.06820033833758357,0.01932330417100887,0.3420721219747221,0.26274532645870374,239,0,0,0,0.9680843209330616,0.03191567906693841
0.7883961894294766,0.0,0.19949665040205963,0.0,0.0,240,0,1,0,0.7836057113912291,0.2163942886087709
0.600659440091813,0.07159835240557379,0.011522335956147198,0.2905896662112819,0.1336883370657067,241,0,0,0,0.9509367452577517,0.049063254742248215
0.6918166139529784,0.1223467345798915,0.035453306963996456,0.15135119812817466,0.1163464503782421,242,0,0,0,0.9242366366239803,0.07576336337601969
0.7162948698157185,0.08670129644968859,0.041841864187561785,0.48874650269170006,0.16601595888036808,243,0,0,0,0.9757444264656012,0.024255573534398736
0.6615810426803482,0.06626557238064962,0.026226858161919806,0.5402265772570028,0.14947528796598386,244,0,0,0,0.9784927528075291,0.021507247192470897
0.6117918562193944,0.07546498218997022,0.015113380463095051,0.2630188091291533,0.18308450863177966,245,0,0,0,0.9522316679700081,0.047768332029991825
0.7331465664699336,0.07959861502426203,0.015504499871301466,0.236855229703263,0.22986124055489685,246,0,0,0,0.9523731317916672,0.04762686820833286
0.7109114822387226,0.07499390300408906,0.028683478294625017,0.4670217587167423,0.18916482797959175,247,0,0,0,0.9750899394381737,0.024910060561826295
0.6292110654217722,0.070855897351997,0.013191562561930725,0.22485239769423196,0.2625771489883394,248,0,0,0,0.9545578241394553,0.04544217586054469
0.7304232360413841,0.08191404536476005,0.0,0.18111489836025496,0.12059455936889896,249,0,0,0,0.9280557497707739,0.07194425022922608
0.7144219887866243,0.07745946583792276,0.0,0.16855944426988978,0.11708022245773461,250,0,0,0,0.924201980002503,0.07579801999749705
0.6946252468508253,0.06023199525326319,0.014355945004760742,0.2923263956048658,0.34000329127370094,251,0,0,0,0.968536629993068,0.03146337000693199
0.7846033735525001,0.09097955448886197,0.04009780606374211,0.5141317803713381,0.1329909491955732,252,0,0,0,0.9757295680958727,0.024270431904127244
0.6746944871091514,0.07120563101764646,0.011695255500499248,0.24586452557186073,0.20912936548941094,253,0,0,0,0.9515212292794171,0.04847877072058299
0.7309674030241998,0.07782744771229239,0.025490205822956892,0.3152228672207913,0.23695507933522028,254,0,0,0,0.9633413703897862,0.03665862961021381
0.6160230430393089,0.07435690175829024,0.022686723169684703,0.370174466213885,0.17587271553055703,255,0,0,0,0.9654776628444344,0.03452233715556568
0.7426006543493991,0.07241516373824158,0.012398997965711266,0.26525279464317053,0.16134102818407617,256,0,0,0,0.9484153657876623,0.0515846342123377
0.6928861973410938,0.07308730894541049,0.0179259945390413,0.3277679212854241,0.14672591098480736,257,0,0,0,0.9568071257180546,0.04319287428194537
0.5314840636536392,0.07608973325708197,0.015974524503388154,0.31262222267423045,0.13968329439133836,258,0,0,0,0.9558874573661853,0.0441125426338147
0.51822688599945,0.09464413477917667,0.03942206839681027,0.3839269114581062,0.11976354875258932,259,0,0,0,0.9640545934266622,0.03594540657333783
0.7159686874960647,0.10038888637616536,0.043073030557823036,0.464956288158762,0.14611955650923575,260,0,0,0,0.973152100193775,0.02684789980622505
0.6997346143302965,0.06596501021312891,0.01832919277387976,0.3230605836571277,0.18753064125196595,261,0,0,0,0.9595194492564062,0.04048055074359378
0.7270375798865937,0.11369922701152434,0.06207342085380175,0.2577779857391286,0.11093222981706102,262,0,0,0,0.942791940390886,0.057208059609113994
0.6205253442477964,0.08306191884451278,0.03546923860321504,0.4601047816590872,0.14319267960185014,263,0,0,0,0.9724239447954263,0.027576055204573773
0.7231200688665508,0.07649925390167871,0.010694066689639228,0.24367502220927806,0.15061333979604824,264,0,0,0,0.944058194039499,0.05594180596050103
0.7655091508948131,0.07864313036223455,0.02657620010125803,0.3291366215001356,0.2067394232462704,265,0,0,0,0.9621174227613069,0.037882577238693135
0.6309580517439353,0.07279135508209564,0.0036307179213813066,0.19842001969549591,0.181783065023196,266,0,0,0,0.940977345813439,0.059022654186561004
0.6410570032921369,0.10764127844783702,0.05312008010212272,0.2843580214074446,0.13434963643594686,267,0,0,0,0.9510840304769218,0.04891596952307819
0.5863187102088023,0.0866088650228038,0.029892064492819212,0.35463880441898643,0.14525930761721906,268,0,0,0,0.9618644601335742,0.03813553986642579
0.6039835132809331,0.1371555065539493,0.05794748713719645,0.23324051295054593,0.09386082738688789,269,0,0,0,0.9402628655393129,0.05973713446068711
0.7474104089860767,0.08089241627797965,0.01890726877114879,0.36318514720639333,0.12186674431719748,270,0,0,0,0.9592750916227261,0.04072490837727393
0.5486192830067161,0.08092986158104942,0.005307801677999326,0.2536674414717419,0.092795987374367,271,0,0,0,0.9412964921278512,0.05870350787214879
0.6512054632474561,0.10577527085422085,0.05512757571319403,0.2696245221314005,0.2319991585523368,272,0,0,0,0.9588266346943266,0.041173365305673344
0.7139960075497445,0.07943148985877967,0.015602942052825421,0.26490386979715774,0.1556757792796206,273,0,0,0,0.9485495031345436,0.05145049686545643
0.7126418657217151,0.0755532757972932,0.008724288874887564,0.19669364499982267,0.20477553419428032,274,0,0,0,0.9426859080010512,0.057314091998948824
0.5904794413460496,0.06981988202820563,0.02620950389347868,0.4547151992098329,0.2160838246139182,275,0,0,0,0.9761643577209866,0.023835642279013396
0.7064589254036833,0.0763673441418109,0.009065908716564427,0.24335506203135568,0.12441324878249135,276,0,0,0,0.9408111133557955,0.05918888664420451
0.6793565274880343,0.10806423741185844,0.0468372579025064,0.33767757014961114,0.13641819162014737,277,0,0,0,0.9589896508823301,0.04101034911766986
0.7693859695755519,0.0,0.21175339575273255,0.0,0.0,278,0,1,0,0.7824941190013068,0.21750588099869314
0.7264124264008371,0.07800140099246856,0.01587616057213264,0.28471811260166213,0.14677187344051185,279,0,0,0,0.9504618565606865,0.049538143439313474
0.6739731160893712,0.07863559740531355,0.022468599456262048,0.3317585525616292,0.19660375855028647,280,0,0,0,0.9624875039392301,0.03751249606076994
0.6698124721506277,0.4852685431575839,0.440740811500833,0.472161515104023,0.11663972957317012,281,0,0,0,0.9810268685723286,0.01897313142767144
0.6882705804376066,0.07494852321679715,0.022379696849127342,0.3731986689760452,0.175064712551311,282,0,0,0,0.965217020608443,0.03478297939155695
0.7621045118494294,0.0,0.2109793297837363,0.0,0.0,283,0,1,0,0.7829156905818269,0.2170843094181732
0.624013580351792,0.09693049672938282,0.04130958710452638,0.5463151345870144,0.1030284513378641,284,0,0,0,0.9776941225201451,0.022305877479854935
0.820987076643003,0.0,0.1868454803982109,0.0,0.0,285,0,1,0,0.7842148229977232,0.21578517700227687
0.6430362273405852,0.07289457492951806,0.027298138404827272,0.3839920802602786,0.2569406823883753,286,0,0,0,0.9724229725952718,0.027577027404728276
0.7540035981895539,0.0,0.20121349226654517,0.0,0.0,287,0,1,0,0.7847582328881507,0.2152417671118493
0.681988043678698,0.08101718329318498,0.0350426915256649,0.2494178859132357,0.316583215821173,288,0,0,0,0.9625996351141567,0.03740036488584334
0.7303715578864425,0.06924126647176707,0.009065202134268905,0.27599554251138175,0.15891691510352624,289,0,0,0,0.9498918899093661,0.0501081100906339
0.75589199607412,0.06753430090947496,0.01336003440997992,0.3297459059624782,0.18690419619064189,290,0,0,0,0.9601076772648404,0.03989232273515962
0.8019303741340376,0.14625101722954503,0.08999484379304354,0.20757097128216195,0.24212425120201486,291,0,0,0,0.9512626955632384,0.048737304436761664
0.6644859149426745,0.06713036468608242,0.012180179955868849,0.27365887510332165,0.21615962137941774,292,0,0,0,0.9561943823590753,0.04380561764092471
0.6912440947543719,0.06747980015640012,0.021233313301954486,0.3118863083610917,0.21717703644263195,293,0,0,0,0.9609200586456315,0.039079941354368486
0.7808079931909085,0.07446821510802755,0.026493164504454873,0.37664736638552165,0.21576144301491068,294,0,0,0,0.9679315565074533,0.032068443492546714
0.6396882042872676,0.07215483465664294,0.01973077562739497,0.2992270591124354,0.2108626616499076,295,0,0,0,0.9595598050873253,0.04044019491267474
0.5665032315300568,0.07232060638846559,0.009927397032120387,0.3321917270120753,0.1308672325143556,296,0,0,0,0.9573377105164442,0.04266228948355574
0.6417687220723202,0.06841785781760727,0.01950316892474177,0.3215711234312838,0.16629131195614918,297,0,0,0,0.9579703428018729,0.04202965719812714
0.5491817899784094,0.08991400310788353,0.03460595515300386,0.3632317841164833,0.11027518468286629,298,0,0,0,0.9601814667202457,0.039818533279754216
0.6979097595706054,0.12105194186764656,0.07892255270900372,0.23271903678118222,0.15878078403536633,299,0,0,0,0.9447790880614504,0.05522091193854963
0.5120770519328975,0.07793551654128053,0.019649262050718194,0.3237860317971985,0.09556140764380067,300,0,0,0,0.953076545825824,0.04692345417417594
0.6935858055348666,0.14876118715709796,0.10437371269007634,0.2637236159268595,0.13875003494846438,301,0,0,0,0.9492497541067423,0.050750245893257696
0.7669483401681029,0.0,0.21266695990670892,0.0,0.0,302,0,1,0,0.7824534117723673,0.2175465882276327
0.7086222802597575,0.0712775884531058,0.003108036258936457,0.21467745236459249,0.14622092867610365,303,0,0,0,0.9379773850276943,0.062022614972305636
0.6831865699784475,0.09329366934638948,0.03687779550686373,0.48635806974112294,0.1345339957490925,304,0,0,0,0.9742922813611783,0.025707718638821757
0.7576146157469447,0.07674770015275106,0.004827442895044713,0.219756171769985,0.15244286142199265,305,0,0,0,0.9396880527662134,0.06031194723378667
0.6325216485927815,0.06918367791876014,0.021697841589002457,0.3308733856807534,0.2844527937871026,306,0,0,0,0.9691978425212686,0.030802157478731416
0.6462339789025109,0.06649882874720399,0.013499136193980566,0.27270130217565114,0.1779762557574521,307,0,0,0,0.9520553857108474,0.04794461428915269
0.6665861597902883,0.06686256666023034,0.02029336407334482,0.38101066236264075,0.186986544795756,308,0,0,0,0.9667672013708949,0.03323279862910506
0.6957983677753322,0.07002467116513454,0.006088010603503065,0.19629429433532036,0.22488278789905242,309,0,0,0,0.9449898506955554,0.05501014930444462
0.6858193916146019,0.06886533914967458,0.01643609736827511,0.35146766278294683,0.15712240942768815,310,0,0,0,0.9608030304034597,0.039196969596540274
0.6668431253458189,0.07816098721992193,0.013593354051603761,0.2526786990590687,0.16505950727896532,311,0,0,0,0.9481565045595178,0.05184349544048215
0.7173945734088043,0.07227270631486142,0.01766776015292445,0.2261108248795553,0.24923587451562945,312,0,0,0,0.9522892918645859,0.047710708135414163
0.703651617147797,0.09176513383040326,0.03420322627569574,0.4538809902757311,0.06558531903641064,313,0,0,0,0.9660978553207418,0.03390214467925828
0.6799870893500288,0.07526087008286092,0.02006943030971204,0.33889782202306024,0.18440968852682457,314,0,0,0,0.9620775229431568,0.03792247705684321
0.5980300777793697,0.07625115484837616,0.023509189688529657,0.2962305996085204,0.1551365432215292,315,0,0,0,0.9541255476290541,0.04587445237094594
0.5556313158169357,0.08442552088928115,0.01771784125809591,0.2851058359258581,0.10600795377261651,316,0,0,0,0.948258113564835,0.05174188643516496
0.7255267778282165,0.11322800050508719,0.039218781518710354,0.16138474711798684,0.17123408468225043,317,0,0,0,0.9334133239314946,0.0665866760685054
0.6363217018972852,0.08923611712405863,0.03788719220697659,0.47380043823490103,0.2074380213165911,318,0,0,0,0.9775284772630662,0.02247152273693375
0.9144076968119257,0.06796244297463938,0.02249875093052565,0.4407028227048967,0.12911099634960777,319,0,0,0,0.9668427167856427,0.03315728321435729
0.7180810064212033,0.07995985747737487,0.0,0.1656620397586261,0.15969937066919765,320,0,0,0,0.9308074887239127,0.06919251127608726
0.5985578206877368,0.08462328351759815,0.036138093650949075,0.4841529793013218,0.19285153301962601,321,0,0,0,0.9775610047536624,0.022438995246337613
0.7050681002931877,0.0712361585247683,0.012936813647717284,0.2466549260364592,0.19039529930752272,322,0,0,0,0.9490862671760418,0.05091373282395822
0.7426623896981609,0.07054319895395504,0.027130588203229014,0.3812391961052134,0.253825951806676,323,0,0,0,0.9711695455356256,0.028830454464374357
0.6340399667717855,0.07741209414036102,0.014703573761612259,0.2511560333889259,0.16674957113390734,324,0,0,0,0.9483741156068505,0.05162588439314949
0.6892139588913311,0.1257250815643615,0.06116292461979818,0.20621805593399303,0.11935237894966386,325,0,0,0,0.9358408507205247,0.06415914927947533
0.6508045439935412,0.07715723371731911,0.015022349846864604,0.2387715840378114,0.25319271899752405,326,0,0,0,0.9558438383092662,0.044156161690733824
0.7245115674722536,0.06771809711068773,0.021932788647426874,0.2914097618642344,0.2788602648212128,327,0,0,0,0.963554836849732,0.03644516315026807
0.6868569448948146,0.08072531540645476,0.03049712488850505,0.38364315433109464,0.20479937680947166,328,0,0,0,0.9688074790499458,0.03119252095005423
0.6163145559995211,0.09515822491309367,0.044492544929990906,0.3266758070757225,0.18920710522146025,329,0,0,0,0.9621564947702058,0.03784350522979416
0.6717355150105163,0.08558091762899384,0.03126156558531309,0.41824603927238113,0.20593822706681308,330,0,0,0,0.9726007285768309,0.027399271423169155
0.6528777640614004,0.08679691176612744,0.039784507062235144,0.5444932779583095,0.13409145927981841,331,0,0,0,0.9786385773284904,0.02136142267150963
0.7100610199825449,0.08164370287034958,0.007000950530940509,0.15607579161215834,0.18992000556615254,332,0,0,0,0.9333388190525411,0.06666118094745883
0.627592800833927,0.08087501437355513,0.03622189830848424,0.5371095412909701,0.19338690899509173,333,0,0,0,0.9809622521643411,0.019037747835658914
0.7178461766052325,0.08698766886774761,0.015348113228935131,0.16891502439026512,0.1858757915681264,334,0,0,0,0.9354816398088339,0.06451836019116612
0.7302825255442584,0.07143442691166468,0.01307269879478924,0.2491399191362248,0.19575234375762784,335,0,0,0,0.94984038803699,0.05015961196300996
0.671108084762851,0.07565332847545397,0.0,0.1648222362360902,0.14092638037468025,336,0,0,0,0.9278011736900128,0.07219882630998721
0.7063825551619421,0.14224918025622174,0.08871512828610892,0.2938024682010467,0.24092345062008785,337,0,0,0,0.963728697756567,0.036271302243433015
0.7198106257152669,0.06598084914650415,0.006751934076178287,0.251530859158735,0.19094934635919497,338,0,0,0,0.9495566023564946,0.050443397643505375
0.7534012565836108,0.06945238409679158,0.020030887806956874,0.36739859005112013,0.2638299712202417,339,0,0,0,0.9705718537197771,0.029428146280222955
0.6700514633700165,0.09040139354819725,0.03539856792623519,0.32832511041149504,0.2703437965616721,340,0,0,0,0.9684954667690896,0.031504533230910375
0.7071096458510835,0.08155128326729563,0.031100375536120627,0.37456987718944823,0.1881666214947723,341,0,0,0,0.9664418693472868,0.03355813065271315
0.5909309196564883,0.0856743956157542,0.034684111834527936,0.43335585701940715,0.1833655515218101,342,0,0,0,0.9729504251266451,0.02704957487335495
0.6300487337234671,0.19751825892408684,0.17699699747325706,0.28615093231708294,0.10931298595130447,343,0,0,0,0.9515809880746822,0.048419011925317834
0.7282648144430105,0.07088060916963831,0.00023197094790419412,0.19402224601910376,0.19249717071998432,344,0,0,0,0.9402411460150446,0.05975885398495543
0.6311594084339572,0.069094728822107,0.02048829301407196,0.29926045885645725,0.27792533207740355,345,0,0,0,0.9653140109192428,0.0346859890807572
0.7870781348534165,0.08500022253686376,0.012750083838429184,0.24079790454648278,0.15149315909172492,346,0,0,0,0.9436086136320118,0.05639138636798825
0.6474994094543546,0.06960949773592275,0.017695664717845366,0.30705234708874807,0.1986663253286769,347,0,0,0,0.9592442662468721,0.04075573375312794
0.7511289745481997,0.07093112075805835,0.017332831419485724,0.3628790763614788,0.17106868246352822,348,0,0,0,0.9630166238113419,0.03698337618865813
0.7336104937600658,0.07953444796946266,0.015157039116163512,0.29837380827345694,0.1575132757500288,349,0,0,0,0.9538695548875579,0.04613044511244215
0.5956622531974609,0.08734768412576888,0.033832755659467806,0.3892833645460611,0.1436232055541073,350,0,0,0,0.9657009887448873,0.034299011255112664
0.6643215886003607,0.0783401321427658,0.031170818974616692,0.40034445150978515,0.2760041062112204,351,0,0,0,0.9750902167617067,0.0249097832382933
0.7947318616873674,0.0,0.20721167312545152,0.0,0.0,352,0,1,0,0.7821480755326948,0.2178519244673051
0.6625232143694588,0.073518419850995,0.019076066001307353,0.3153702758101108,0.22653080912449333,353,0,0,0,0.9629541533463215,0.037045846653678445
0.7523324929230351,0.07123532663967991,0.02451807939200075,0.3625477066091008,0.35641499316797604,354,0,0,0,0.9759991885426281,0.02400081145737189
0.7356417163522213,0.09482433601644832,0.04251986544799129,0.4755023619309073,0.1046537284962282,355,0,0,0,0.9709664057286885,0.02903359427131143
0.8126559406317273,0.10073019765111266,0.049544449749376954,0.28271274074159325,0.11722741722389966,356,0,0,0,0.9462390469642423,0.053760953035757675
0.6369652291505533,0.06482128420617088,0.01912306948346922,0.32834282147316746,0.2552415309120327,357,0,0,0,0.9664805323946818,0.03351946760531818
0.7617107806801393,0.0,0.20114028051710936,0.0,0.0,358,0,1,0,0.7844523364628451,0.21554766353715496
0.682579049313857,0.0744436441269692,0.011199661557823653,0.24731735157011822,0.1458335906279945,359,0,0,0,0.9443820965475305,0.05561790345246951
0.7633316039666411,0.06886379533698284,0.02508397789745607,0.38257104259918673,0.23574960594156968,360,0,0,0,0.9698503854130562,0.030149614586943818
0.7260236653550985,0.10074139962185852,0.06022987893152906,0.31683115977790277,0.19498088094659644,361,0,0,0,0.9603061767943982,0.03969382320560182
0.6645296141988806,0.0,0.1960286013940979,0.0,0.0,362,0,1,0,0.7892029708442849,0.2107970291557151
0.7810667361540894,0.07467216531501061,0.015600976924549105,0.34293749953845454,0.10145907390956585,363,0,0,0,0.9535963072569228,0.04640369274307723
0.7013116257869287,0.08492670881594741,0.03378617549402336,0.3238807927751798,0.2158068343924771,364,0,0,0,0.9630384900610821,0.03696150993891789
0.741898513424432,0.06936092375261191,0.01590314689645516,0.30834184454567476,0.19104662493627278,365,0,0,0,0.9578108762896638,0.042189123710336195
0.6610151250772007,0.08240536282956873,0.03334336041574813,0.4449408314605969,0.18621210348024816,366,0,0,0,0.9735830313550684,0.026416968644931624
0.6323810860467437,0.07153744910197009,0.017079589006893707,0.35402404930200065,0.16502142734522246,367,0,0,0,0.9624887521715324,0.03751124782846761
0.7332928947073147,0.10636776699336621,0.0618416522275064,0.19412580099402746,0.2726730837844626,368,0,0,0,0.950936134304683,0.04906386569531697
0.7668573743347578,0.08534958697981358,0.02735333735716759,0.3630725477383776,0.15734314525568366,369,0,0,0,0.9623840504061729,0.03761594959382711
0.6596197070740305,0.07749645250336132,0.02155091916675322,0.31746011104362,0.22568276008772883,370,0,0,0,0.9633556577137676,0.036644342286232326
0.6811124212846354,0.20487372552849376,0.17637960797213234,0.31959263249948344,0.31860453492214297,371,0,0,0,0.9735780479201186,0.026421952079881458
0.8845293146539708,0.0726741569309505,0.023277252433301,0.41338848079421875,0.17987839483601492,372,0,0,0,0.9683028078141646,0.03169719218583545
0.5554293418072026,0.07107378322141691,0.019743771495234354,0.27125991510979025,0.2835884155880288,373,0,0,0,0.9632877201187854,0.03671227988121462
0.6222640298132641,0.07202826490236543,0.016054285675157133,0.2737825641256932,0.23386541623639165,374,0,0,0,0.9586421246033994,0.04135787539660064
0.6147729485221956,0.07548736207965,0.022616717370318295,0.3697274210165238,0.1404559885101756,375,0,0,0,0.9625103803505792,0.03748961964942074
0.6149141291873852,0.07858446764579748,0.03409479338322419,0.3596876616420336,0.18729056122736193,376,0,0,0,0.9651501663158237,0.03484983368417621
0.6787394899536326,0.07121767235501643,0.01880714015928704,0.40152132332374457,0.13996751148676598,377,0,0,0,0.9655272481866239,0.034472751813376105
0.6684227987838042,0.06958389423368455,0.018947957032167995,0.324091415254843,0.2408298348145872,378,0,0,0,0.9648922675123345,0.035107732487665536
0.7440879074378688,0.06775936507084339,0.019768928230792533,0.3664338711358026,0.22890902369176733,379,0,0,0,0.9679054579609109,0.032094542039089104
0.7069956328336062,0.0,0.22164290405125306,0.0,0.0,380,0,1,0,0.7835437629465684,0.21645623705343162
0.7517344880445144,0.07181606559070897,0.01960871623770196,0.3131626269640967,0.17492718193941464,381,0,0,0,0.9568346934338595,0.0431653065661405
0.7669860211874867,0.07260003429065498,0.029687810222749474,0.3830573022127568,0.15984464527266812,382,0,0,0,0.964059381939567,0.035940618060433076
0.5777219798962363,0.06409018982960639,0.015016228724185588,0.33209245500942763,0.19833544868371367,383,0,0,0,0.9627435261706984,0.0372564738293016
0.6295546892427488,0.11847836397550228,0.0798420710726355,0.35260518655608714,0.22603356300819566,384,0,0,0,0.9684653820079335,0.03153461799206644
0.682555555699736,0.06800357869415966,0.015762861935231298,0.3558487782044109,0.15780612673791777,385,0,0,0,0.961414855912685,0.03858514408731493
0.6381614489683248,0.08570091301149071,0.02930404851360345,0.29121369245427925,0.17246468495863596,386,0,0,0,0.9553642745280632,0.04463572547193682
0.6097040685220528,0.06548937187699944,0.008595694888358842,0.2103401040587859,0.28038593475877,387,0,0,0,0.9542251883715626,0.045774811628437405
0.6476820191409923,0.0780039352168887,0.03469514842937054,0.49781914867223687,0.2296567064198883,388,0,0,0,0.9799121765194274,0.02008782348057264
0.7842315140459383,0.08431609888099965,0.03610967313712242,0.45372587281415555,0.21790430677922165,389,0,0,0,0.975534192086716,0.024465807913284
0.6806242737651553,0.07652777020311162,0.024582057609462107,0.3958488202696176,0.19831393059966215,390,0,0,0,0.9695410557562553,0.030458944243744707
0.6597358671965251,0.11479036147961627,0.06436237653647299,0.28968088855329727,0.1333049353740768,391,0,0,0,0.9517702656042278,0.0482297343957722
0.6678147701778934,0.10485130333187091,0.04793442419460809,0.19692187231642613,0.24008442362834573,392,0,0,0,0.9488193857983662,0.0511806142016338
0.6149325723213859,0.07825094357300347,0.025474974405491742,0.31437482682436885,0.13454007368060705,393,0,0,0,0.9545473241442025,0.04545267585579752
0.6948720984497444,0.08629382521591625,0.0090241685947651,0.1857658492171942,0.1485226982196725,394,0,0,0,0.9340350916838529,0.06596490831614708
0.7119874311479792,0.06910496311069808,0.011839451422849924,0.2363091421160704,0.25541876378024775,395,0,0,0,0.9545278316576334,0.04547216834236655
0.8001180857297615,0.08114033822304859,0.0050393594355461376,0.22753294913670025,0.10245698840638505,396,0,0,0,0.9339156158181992,0.06608438418180085
0.6232910069126377,0.0916366174968943,0.037423153245362814,0.2876385599420073,0.15884686135280757,397,0,0,0,0.9537301375091257,0.04626986249087431
0.683596215742322,0.08905029558958288,0.03184829466099256,0.2788621887874751,0.20399237873428894,398,0,0,0,0.956544700828709,0.04345529917129101
0.6554731482754231,0.07761137011207385,0.026978491983279253,0.469292520018562,0.12410489552755444,399,0,0,0,0.9716986755501654,0.028301324449834582
0.6382577415930027,0.07620574393594376,0.022853436457684322,0.33159635810765775,0.18384699815344163,400,0,0,0,0.961457550555008,0.038542449444991994
0.6398441427509478,0.066531786816138,0.0,0.16509295483241504,0.1594780825934777,401,0,0,0,0.9301776516442968,0.06982234835570322
0.7691227133724509,0.08670190949047585,0.04796495176491347,0.4169686826975512,0.1976168417619825,402,0,0,0,0.9709145690283849,0.02908543097161512
0.7016966733602098,0.0694334074079243,0.005650657912509939,0.20921658301692286,0.2075410062346304,403,0,0,0,0.9449679993464976,0.05503200065350243
0.6732831599756138,0.09426564889899464,0.039612892501015885,0.34244505355376964,0.1623141378513311,404,0,0,0,0.9613094525607855,0.03869054743921455
0.6322556120959868,0.20344599395620197,0.24524191088969763,0.48035413783249215,0.14520835748689426,405,0,0,0,0.975367187591277,0.024632812408722914
0.40760337383400813,0.1372235466826551,0.10808033878103207,0.24003115592120017,0.27359873857218625,406,0,0,0,0.9616211712777497,0.03837882872225024
0.6701003423684481,0.11067042986241069,0.0621168704465564,0.2933679494390641,0.1391111202124472,407,0,0,0,0.9526012367419991,0.0473987632580009
0.8050794522050795,0.09002250412973001,0.02170544723790768,0.2583932934474643,0.15097263096746041,408,0,0,0,0.9465239676275363,0.053476032372463726
0.6681981983556274,0.06899183539360698,0.017127733827800376,0.31888763702260936,0.1908498426113508,409,0,0,0,0.95985038825526,0.04014961174473993
0.7482621944770987,0.07864097499277209,0.028121560471516586,0.3433977113032681,0.21917283371290444,410,0,0,0,0.964993291066225,0.03500670893377498
0.7072596499571286,0.07493561206474766,0.0,0.19995420996890162,0.1322329671729382,411,0,0,0,0.9335178934593367,0.06648210654066337
0.6836232125799425,0.07169699612668622,0.02507317247600548,0.4111769201474293,0.19454464792705733,412,0,0,0,0.9704875249971124,0.029512475002887607
0.7501100906051005,0.09383423118458493,0.029885714006290927,0.3108844151865748,0.13651584807725287,413,0,0,0,0.9539573915248973,0.04604260847510264
0.6453848641987866,0.08752599702610636,0.038465106398164695,0.2958564286343144,0.23706669434232297,414,0,0,0,0.9619784686007347,0.038021531399265285
0.6153653578460585,0.06849299520919258,0.0077929107841310866,0.2851496350922644,0.13935112450088505,415,0,0,0,0.950420219398215,0.04957978060178501
0.6851619175486668,0.09451901182006324,0.030987573385964133,0.25239553147752064,0.14559157460545105,416,0,0,0,0.9463154928836138,0.05368450711638618
0.6993479008250827,0.07188830131777607,0.0,0.1629515329023395,0.17294839820242558,417,0,0,0,0.9315685545287284,0.06843144547127156
0.5982254536730026,0.07204455366088744,0.01117349860420535,0.2811924601609034,0.18319920132720544,418,0,0,0,0.9549999024953715,0.04500009750462848
0.7786748655459335,0.0727847366294605,0.005840535862218853,0.2813960923719462,0.09892369806797176,419,0,0,0,0.9433244904553665,0.056675509544633525
0.6017223330313183,0.0805419622845744,0.027178918323128364,0.4766174794855345,0.12195691390581417,420,0,0,0,0.9727367104953449,0.027263289504655057
0.6694615096062494,0.08610947403043104,0.033361757634410676,0.44993189986598014,0.14607133957399254,421,0,0,0,0.9715592902104868,0.028440709789513158
0.6912971020138656,0.09209967890915105,0.03726327431816664,0.46162199667779646,0.3051189429362513,422,0,0,0,0.9813440356345349,0.018655964365465072
0.7904219352365374,0.08403670982386716,0.018699546611881387,0.3204608957278199,0.08152763538663724,423,0,0,0,0.9483648627038701,0.05163513729612989
0.6869569063419713,0.07122257877061029,0.011051907862448928,0.2699948103170673,0.14490699272582705,424,0,0,0,0.9478484796172879,0.052151520382712035
0.6474397734759473,0.07995156559465807,0.0327772362820648,0.4676231173916957,0.18625761460156687,425,0,0,0,0.9754848057953313,0.024515194204668744
0.648090763696939,0.06923877372991007,0.020519358188519576,0.38196923965840135,0.18554023002726594,426,0,0,0,0.9670453690267602,0.03295463097323979
0.6836651977575071,0.08736902709147107,0.041332754465675595,0.46655667109673216,0.18277345588960345,427,0,0,0,0.975141605088674,0.02485839491132602
0.6730121175390208,0.08625173125558555,0.035405125819696466,0.47580161290612216,0.1443383487355196,428,0,0,0,0.9737331542490535,0.026266845750946483
0.5743101820111545,0.07322476943562546,0.023490802500315502,0.3732137643514479,0.1982565698517933,429,0,0,0,0.9678087270764376,0.032191272923562435
0.8662536733278242,0.0942791330675556,0.029472490939046504,0.33088252966254067,0.10523967097998646,430,0,0,0,0.9523891802701329,0.047610819729867186
0.6352895206557688,0.06780412942721428,0.0172041481532484,0.28387024737778555,0.278881018666746,431,0,0,0,0.9635717778111372,0.03642822218886275
0.7371999803070561,0.08437071934688008,0.02762498578714579,0.37252677925606925,0.1185716752605979,432,0,0,0,0.9602494392919538,0.039750560708046195
0.6514185767237746,0.08042115187951954,0.027316733602834757,0.38161514508614836,0.13112691150616734,433,0,0,0,0.9630224792419209,0.036977520758079155
0.6339042594522836,0.07512141233683936,0.022619393025210283,0.32979736857072134,0.26905270709524526,434,0,0,0,0.9682626304018274,0.0317373695981726
0.7617148281031864,0.07104005422567362,0.015138107914660432,0.3092346689369105,0.14527436462364865,435,0,0,0,0.9531487290754214,0.046851270924578615
0.7032523316754985,0.0709057407792704,0.02514657147791621,0.3628005214265326,0.22890772673409696,436,0,0,0,0.967867586034118,0.032132413965882005
0.6846653732696097,0.06740023603518022,0.0225899059622666,0.4631066636959196,0.21429917577109428,437,0,0,0,0.9761631269695966,0.023836873030403362
0.6436343377694083,0.09243657681793753,0.03556454711527203,0.45253172515327994,0.09536517939479008,438,0,0,0,0.9687101630908578,0.031289836909142194
0.7163057763918279,0.06964370172979328,0.02018333365923534,0.3792802280305134,0.14181367480034526,439,0,0,0,0.9625832874498258,0.0374167125501742
0.6817370578024793,0.0923583760422193,0.03692463723663189,0.17562458747194837,0.22613996682615628,440,0,0,0,0.9424123640016947,0.05758763599830534
0.7265610894388318,0.08221626173939102,0.027785770624491155,0.32837009268406897,0.1880814134292443,441,0,0,0,0.9609015415279095,0.039098458472090473
0.6650275724471514,0.08426191013253612,0.030908596624133564,0.4162182047461133,0.12534714165252744,442,0,0,0,0.96658809613894,0.033411903861060015
0.7292376537476172,0.08017594016719301,0.024760288756959584,0.36186693789900576,0.18827895768002612,443,0,0,0,0.9649360705917602,0.035063929408239713
0.8263073381290499,0.0,0.2198916006476438,0.0,0.0,444,0,1,0,0.7788506983928901,0.2211493016071099
0.6372082285140309,0.06506631332951493,0.004398411377276286,0.2543621947018327,0.16830234795746052,445,0,0,0,0.948334695607513,0.051665304392487
0.6227174321778076,0.07667210872563973,0.027394070681563933,0.3757961256847049,0.19404313841336626,446,0,0,0,0.9674936233659588,0.03250637663404124
0.7690990494252922,0.07305319553861933,0.021022945926611525,0.3864881177068552,0.12377311877313428,447,0,0,0,0.9616203900032658,0.03837960999673415
0.5622931566519077,0.07684047137064241,0.026046119255859895,0.38266292088829656,0.16122691457395635,448,0,0,0,0.9661959728557878,0.03380402714421219
0.5851816320652525,0.06971739330951957,0.019410531354567755,0.30788231522369214,0.3075036449356713,449,0,0,0,0.9689707764508857,0.031029223549114318
0.7088830954019966,0.07181406562172793,0.0,0.1977759519044544,0.14713754124634884,450,0,0,0,0.9348997635660923,0.06510023643390776
0.7496091285380364,0.07328562664304578,0.006113156085663754,0.23283351752739292,0.14282829197755312,451,0,0,0,0.9405434105926042,0.05945658940739587
0.7870576020743479,0.08420794941955002,0.03703575508238607,0.5377099239878,0.18323207816232,452,0,0,0,0.9798913323665849,0.020108667633415102
0.5792070044392008,0.09217707044390816,0.040063544196080964,0.5182415739114217,0.12319504747814741,453,0,0,0,0.9767157595798684,0.023284240420131525
0.6416232386338975,0.07796319009510823,0.01219627398594536,0.23179716476132953,0.17213318322759347,454,0,0,0,0.9457937916402371,0.05420620835976286
0.6439143885009982,0.06416408656730559,0.01532621640940451,0.340307680134693,0.20474222793705582,455,0,0,0,0.9637171372099423,0.0362828627900577
0.6959289395878858,0.15487395851720867,0.09313193814836054,0.20911424024948755,0.16944174010923116,456,0,0,0,0.9447349683845669,0.055265031615433065
0.6285532668452818,0.09246522505735136,0.04120967057479622,0.3312461011424993,0.15761307443101086,457,0,0,0,0.9596444611685367,0.04035553883146325
0.687097905293284,0.0734451092016751,0.027998487694932562,0.45568785697682673,0.23303165254435787,458,0,0,0,0.9767778452913479,0.02322215470865207
0.6351155268077255,0.0816034365307442,0.034925382119143505,0.43102239561441563,0.1948389535959128,459,0,0,0,0.9729799041912267,0.027020095808773327
0.6994202298647321,0.070822972912301,0.023741279035576216,0.2972840218271229,0.34193331291174933,460,0,0,0,0.9695176759542392,0.030482324045760806
0.6077760055372105,0.0678652450711404,0.019556268366478908,0.4011226394051923,0.14365280230213215,461,0,0,0,0.9661108264174179,0.03388917358258216
0.6644007246080987,0.11038476162408034,0.04610062986325242,0.1729487365282336,0.23045734738877244,462,0,0,0,0.944155053007872,0.05584494699212809
0.6594965970093419,0.06897681023743613,0.006055352187605974,0.1905274156860526,0.23389529510681875,463,0,0,0,0.9454629422330654,0.05453705776693465
0.6254557213071945,0.08161629495705591,0.008860730967193892,0.24327849328335663,0.10110606132792185,464,0,0,0,0.9392866596066513,0.06071334039334874
0.790739249311443,0.0817360499151802,0.025046061017680487,0.4000278648444876,0.12110504513685835,465,0,0,0,0.9633472983917123,0.03665270160828767
0.6419656697952394,0.07430953299165514,0.025473078643232543,0.3282935822386437,0.2395648412748589,466,0,0,0,0.9655975270506775,0.03440247294932253
0.5801748521793446,0.14316513138415643,0.09492262129856445,0.2685734845232845,0.11782573330305818,467,0,0,0,0.9487994349596335,0.051200565040366554
0.7472184357924492,0.0,0.21547125626826621,0.0,0.0,468,0,1,0,0.7828358586288807,0.21716414137111928
0.7283481481980034,0.07242929597147252,0.009204409794813913,0.21263895159690646,0.2344413235813169,469,0,0,0,0.948672792535362,0.05132720746463809
0.5640298198748542,0.0924179854919965,0.039078035269532296,0.546924479902396,0.1004144714005143,470,0,0,0,0.9777701857259965,0.02222981427400352
0.5665125334280957,0.06808079570223363,0.027623901233342213,0.4240957176366678,0.1892939149592921,471,0,0,0,0.9718982532322836,0.02810174676771641
0.7739981846947374,0.0870209014375434,0.028472232646041686,0.36043524443802016,0.16124347802369446,472,0,0,0,0.9624215162599749,0.037578483740025134
0.7129245617867658,0.06438822959003979,0.01664479320939934,0.3206466094702629,0.24592257169902002,473,0,0,0,0.9642691378134489,0.035730862186551055
0.7240220070674265,0.1387482900120361,0.09120577803924518,0.24627360858940647,0.2153963178293028,474,0,0,0,0.9544129627158628,0.04558703728413716
0.6496660782307169,0.06578638296396819,0.014197518214777983,0.3225966853943304,0.1645181326142839,475,0,0,0,0.9578465283495611,0.0421534716504389
0.6549545527378561,0.08334740302662644,0.033812684348106484,0.47466361096308085,0.16226481948387766,476,0,0,0,0.9747394787594558,0.02526052124054419
0.7194262024062752,0.08440304061912467,0.02816459901422419,0.38129699349870017,0.13594984857913722,477,0,0,0,0.9630641366289997,0.03693586337100027
0.7864921576469363,0.08210707749058448,0.02065019042963602,0.3469053311389696,0.11447367418047391,478,0,0,0,0.955929124691252,0.044070875308748016
0.6576253114585556,0.08722392567581382,0.04011970728336265,0.5486065803193062,0.16739588908682704,479,0,0,0,0.9805341813956725,0.01946581860432755
0.7614610960994036,0.0,0.22107124643834244,0.0,0.0,480,0,1,0,0.7813749111005249,0.2186250888994751
0.8812576880664916,0.09069016839221407,0.022230146036654616,0.2856637871160226,0.09589168141800553,481,0,0,0,0.9434489399860526,0.056551060013947385
0.6500410115286165,0.08601459412641647,0.036691873947557734,0.33924890321734474,0.24041771653934307,482,0,0,0,0.9672289494648663,0.03277105053513369
0.5903194114887514,0.06842254479334277,0.02007605945804404,0.3048265039666254,0.26851191438470534,483,0,0,0,0.965481587218706,0.03451841278129399
0.7297731227261359,0.0,0.21481196806822445,0.0,0.0,484,0,1,0,0.7836590890624031,0.2163409109375969
0.7419718421984597,0.11413387774078011,0.04801440583249876,0.294199282312336,0.12890236641279929,485,0,0,0,0.9516909147905892,0.04830908520941082
0.6493857450848287,0.07884318034940434,0.030154989850830906,0.36877541169593203,0.21508425377597146,486,0,0,0,0.9681995529021639,0.03180044709783611
0.7573212801184346,0.07308788211569164,0.02305649791800806,0.3654089423386159,0.14289795195302446,487,0,0,0,0.9607165293888198,0.039283470611180246
0.8424449712553015,0.07900532433493636,0.009938361315493985,0.3098786393377452,0.07934233974845986,488,0,0,0,0.9455498721866277,0.05445012781337232
0.7074939314871052,0.0,0.1888629507968128,0.0,0.0,489,0,1,0,0.7885483465721665,0.2114516534278334
0.6908237822906378,0.1202422794841751,0.04825488537136652,0.17112239950281916,0.1620408303213462,490,0,0,0,0.934936110218009,0.06506388978199094
0.7207421881736721,0.06260545429562603,0.02340547249977896,0.3168434794398078,0.35823175278055847,491,0,0,0,0.9719517536969323,0.02804824630306768
0.7521502015754938,0.07837611700826683,0.011472078670657368,0.25036334453398046,0.18147385536637073,492,0,0,0,0.9488305889919568,0.05116941100804314
0.5926622728111118,0.14436911531635677,0.10578581057922096,0.2866048114566304,0.10055706648420124,493,0,0,0,0.9492269210414196,0.05077307895858046
0.9026327100231366,0.07784641628496904,0.028854601381350223,0.38569853789293224,0.1462826502024319,494,0,0,0,0.9624265899271669,0.03757341007283309
0.6249173190161823,0.08054604644274072,0.027879538235695424,0.4014089148896073,0.16075877629616228,495,0,0,0,0.9678934641166559,0.0321065358833441
0.7332119387440171,0.09861078582121147,0.045239412724515815,0.2656198723673348,0.1323346482437985,496,0,0,0,0.9461179619530733,0.053882038046926706
0.6736512076173435,0.0808443200401726,0.02860066383269895,0.3264835999291771,0.2059692578342906,497,0,0,0,0.9626201716971626,0.03737982830283742
0.7008466859410057,0.07926060622452344,0.0,0.1518458068315091,0.1328731386295834,498,0,0,0,0.9233790581938888,0.07662094180611127
0.8153081343416589,0.07854493683761352,0.025400902234063327,0.37681527694452777,0.1618962121368065,499,0,0,0,0.9636224739366133,0.03637752606338674
0.6633373980927062,0.08540617131371696,0.030338815670564914,0.286048591393757,0.18562190774301318,500,0,0,0,0.9556559008263389,0.044344099173661104
0.7616105491843539,0.06662231008753948,0.0024008152862679683,0.26533902796096176,0.13927079420535599,501,0,0,0,0.9453724962700627,0.05462750372993726
0.7095704036104348,0.09329705351200829,0.035264807994714105,0.3294616937911726,0.13595218545365273,502,0,0,0,0.9567727854384546,0.0432272145615454
0.6147521099478103,0.0707574299145626,0.02230555934583253,0.33014347818315826,0.24039726175218193,503,0,0,0,0.9659582768987008,0.034041723101299146
0.6377311875721453,0.07030770653083082,0.022504483794119755,0.4146543324362195,0.17418382489894613,504,0,0,0,0.9697014421601033,0.030298557839896694
0.5711447418150511,0.07016339791365468,0.02148969119664359,0.34834372217668536,0.15911874430392414,505,0,0,0,0.9615516428155125,0.038448357184487435
0.7116215466729712,0.0,0.21953174479255702,0.0,0.0,506,0,1,0,0.7836790660550841,0.21632093394491592
0.6281156547496918,0.0752083405666778,0.025377616467388887,0.33570966680492526,0.22979851430326434,507,0,0,0,0.9658192105544139,0.03418078944558607
0.6135174489320215,0.11205391078280338,0.055467090268721264,0.2368915307824809,0.1432946105076672,508,0,0,0,0.9448159461921873,0.055184053807812654
0.6741127771313795,0.10134002679682308,0.046085228134770014,0.37365423268155085,0.20212316357016932,509,0,0,0,0.9684606799498103,0.031539320050189695
0.644421903216143,0.06976890427406139,0.024915265276735266,0.3923370758080353,0.19707457264577966,510,0,0,0,0.9689519995021657,0.031048000497834263
0.6857543181338077,0.10387924847760356,0.054516473700403155,0.25638430022186437,0.1300117544585113,511,0,0,0,0.9448901133716143,0.0551098866283857
0.6181671575508828,0.07885383344586812,0.029116164051720926,0.4411489129295689,0.20746697651612328,512,0,0,0,0.9747488996726471,0.025251100327352942
0.6881924223284426,0.11675686107133733,0.05994063383791166,0.2878908672042765,0.1294546248132405,513,0,0,0,0.951096587401367,0.04890341259863293
0.6486786984425594,0.08528773947405668,0.02945239823470292,0.3346893253634126,0.16650884132047836,514,0,0,0,0.9606120548420758,0.03938794515792419
0.64805478289145,0.10834097609403873,0.059667088746893006,0.31689734390394314,0.21354356892501464,515,0,0,0,0.9632456582739611,0.03675434172603882
0.6612240646686789,0.12474128927184619,0.09672201126664458,0.2538811449240955,0.19685218273316968,516,0,0,0,0.9527980126218779,0.047201987378122076
0.649609059521898,0.14865217679940496,0.09995485615398564,0.2477095061320555,0.16546893906755503,517,0,0,0,0.9504456010159182,0.04955439898408176
0.8723363218092018,0.07673282415535737,0.02499160461423952,0.41577982793497037,0.15283926248182111,518,0,0,0,0.9667774812631735,0.03322251873682649
0.6704750291976336,0.10024119534631441,0.04892319116511691,0.27554759316755073,0.14031326265246935,519,0,0,0,0.9495079162264508,0.050492083773549225
0.6788594654463386,0.07165667074152388,0.028417996283999464,0.4673389504889902,0.2024211375515698,520,0,0,0,0.9759261886722733,0.02407381132772673
0.6450393618528387,0.07498413112234986,0.026545732382245224,0.42991044941266837,0.18453493420625727,521,0,0,0,0.9719971033069802,0.028002896693019818
0.6621839711811032,0.0,0.21716824022447234,0.0,0.0,522,0,1,0,0.7860754561053936,0.21392454389460638
0.7177151973804298,0.06900944571168816,0.019610469459603472,0.38595052491239445,0.15883975555295005,523,0,0,0,0.9647997966888922,0.035200203311107896
0.6385541892540615,0.16665795822054244,0.1743111374451142,0.4311287092822566,0.29891652467696483,524,0,0,0,0.9797138007128616,0.02028619928713837
0.559367223117566,0.08071512827070704,0.02372076744877069,0.38584113119390673,0.11211677723626015,525,0,0,0,0.9628167372211457,0.03718326277885435
0.6154343284048356,0.07414660659110976,0.016672855384035894,0.26623419025214623,0.24174238918175198,526,0,0,0,0.9585906820072447,0.041409317992755316
0.6386888442419127,0.07102099640814089,0.031957674759066725,0.38218745265083076,0.271388770625282,527,0,0,0,0.9730146231290914,0.026985376870908667
0.6384663713415134,0.07358589213529589,0.012816834823632604,0.268070712731162,0.1880891625384474,528,0,0,0,0.9531967214266831,0.046803278573316946
0.6637766557238607,0.08377088616820563,0.029584485769817863,0.34477946746175353,0.15311572045812083,529,0,0,0,0.9604216697734709,0.039578330226529075
0.7953593269702764,0.07495944615665165,0.020241812791135256,0.36397677865361355,0.120531161051062,530,0,0,0,0.9582842038213178,0.0417157961786821
0.725298302443462,0.07813680529716786,0.019573058523673165,0.25821475395188664,0.21422402872483604,531,0,0,0,0.9537210613346512,0.04627893866534877
0.7211450683297965,0.07307289432809991,0.02645437998736225,0.40996907964495644,0.12659944818425362,532,0,0,0,0.9649410853235768,0.03505891467642316
0.6648269903784174,0.08940930348625283,0.033431429387723914,0.4065343585814108,0.11038474368911882,533,0,0,0,0.964531825718728,0.03546817428127203
0.6969618771818056,0.07012999727695132,0.007729339353853344,0.17449045645564903,0.2545883217049278,534,0,0,0,0.9448085675884323,0.05519143241156761
0.7089922104081702,0.1650473968885257,0.08614495350320156,0.18997367223523215,0.11438854503106194,535,0,0,0,0.9347375963617368,0.06526240363826315
0.6585262150935096,0.08885050390410398,0.045237152131990706,0.33363512809536294,0.26309106379463154,536,0,0,0,0.9682264750639451,0.03177352493605486
0.6204241841100482,0.09280218488717723,0.03753161838577677,0.4233981826675025,0.14176521302656792,537,0,0,0,0.9692638778573859,0.030736122142614068
0.6182948043899096,0.06518875112832806,0.02007165761178222,0.3854478389728198,0.24762401113728505,538,0,0,0,0.9718737748612233,0.028126225138776755
0.7199036505411838,0.08589205484500036,0.033925795760219,0.49470598985326547,0.1451943444770677,539,0,0,0,0.9751266836426103,0.024873316357389662
0.8386950442429735,0.07275350624976508,0.029106263505784626,0.4369137688666276,0.21166208197709668,540,0,0,0,0.9729711027546761,0.027028897245323914
0.6525216610323252,0.067119710823831,0.023021167941050146,0.29092303713745604,0.28820253890024716,541,0,0,0,0.9648166002315367,0.035183399768463304
0.7484633610642613,0.07354854715409759,0.021690979776582773,0.316309191234538,0.2168148972140636,542,0,0,0,0.9613597051708439,0.038640294829156124
0.697766040440187,0.07417130002779174,0.02217090339797344,0.35620030764306293,0.20529573708763155,543,0,0,0,0.965622934517232,0.03437706548276802
0.7372387372949528,0.16110447669400485,0.10748525321754332,0.27181376432339643,0.16457079749305148,544,0,0,0,0.9539222758782049,0.0460777241217951
0.49390333806314796,0.07484768627080808,0.024497483012053452,0.43501370521621735,0.12767794187001996,545,0,0,0,0.969642501386022,0.030357498613977924
0.606228836626495,0.0775614952103811,0.03097164359451723,0.5460288337521297,0.11580562848327056,546,0,0,0,0.9778261927495077,0.02217380725049231
0.741721322310135,0.08209526106642231,0.0269700528954981,0.36382070709470216,0.20006919024390685,547,0,0,0,0.9660753215161023,0.0339246784838977
0.8429910015487048,0.0710494198147301,0.015175815184589022,0.4041566943024402,0.09452901559596497,548,0,0,0,0.9605853585511296,0.03941464144887042
0.6476189107041316,0.12431322195484643,0.08838962502552153,0.22638973787326558,0.24844414862876502,549,0,0,0,0.9546612791886869,0.0453387208113131
0.5664314404707389,0.10055454604965061,0.04455094302972051,0.2632928606495255,0.18537192813303793,550,0,0,0,0.9540136530772143,0.04598634692278564
0.6419463400725818,0.08000166268528339,0.02604715343591119,0.32827963684319067,0.219942395483562,551,0,0,0,0.9643335792977488,0.03566642070225126
0.5673410595879664,0.09345973441592641,0.038289395958527796,0.3027374507880119,0.13651506487096224,552,0,0,0,0.9543188460023213,0.045681153997678706
0.707753081056253,0.0,0.21001447124879163,0.0,0.0,553,0,1,0,0.7853050117981536,0.2146949882018464
0.8003293448162592,0.08760294411866842,0.035833514611320574,0.47073327751139116,0.21634829044792914,554,0,0,0,0.9768607463263028,0.023139253673697218
0.7057538331630143,0.08073564615681385,0.024092091838959807,0.281059736524937,0.2552792800070656,555,0,0,0,0.9612045865984359,0.03879541340156416
0.6002481851313325,0.07791602147639838,0.015576226561624641,0.2896763744400163,0.12430207727002918,556,0,0,0,0.9501237308238634,0.0498762691761366
0.6872869226864844,0.08206510930991122,0.030889647468352953,0.478674484015177,0.14297152741704008,557,0,0,0,0.9737054689361508,0.02629453106384916
0.7289123366719998,0.09083504020610848,0.03604143731129675,0.34323760030017497,0.17241932496622656,558,0,0,0,0.9616945857909878,0.03830541420901225
0.7829615028586112,0.09179020227325677,0.021712528788548874,0.2307534879000429,0.1421614208684801,559,0,0,0,0.9408316165750736,0.059168383424926356
0.6323133874299502,0.08034810084815389,0.02269392908047764,0.3663641421802778,0.16389565767620615,560,0,0,0,0.9643075369538552,0.03569246304614485
0.6908741603768386,0.0,0.24152878100721342,0.0,0.0,561,0,1,0,0.7811255385257181,0.21887446147428194
0.7613514961916232,0.08157053892270302,0.03569616993788729,0.5303936660554485,0.21671849375118332,562,0,0,0,0.9810248125771484,0.01897518742285163
0.647387957162782,0.08673348735289137,0.04359901025064217,0.3924747892233042,0.2174127101120472,563,0,0,0,0.9708680098679557,0.0291319901320443
0.7218095400601577,0.0,0.22368839525501982,0.0,0.0,564,0,1,0,0.7826142771536959,0.21738572284630406
0.7685730549409485,0.06153874493373693,0.01784855129338498,0.35797163539759,0.1541321084115628,565,0,0,0,0.9600095340469417,0.03999046595305835
0.8140065588724104,0.06429776126899026,0.021041493919441958,0.3871735158901024,0.1845803037821866,566,0,0,0,0.9659078267627437,0.03409217323725629
0.6479901076831232,0.08400413785808952,0.03824352000159587,0.46157762086483933,0.19038020440290365,567,0,0,0,0.9752984151290097,0.02470158487099029
0.5267365395068555,0.0844351707044685,0.024066000294323854,0.2860596935495968,0.10787497503177446,568,0,0,0,0.9487024867497468,0.05129751325025319
0.7279224411093245,0.08179873163474119,0.02271947784954436,0.22673297990506755,0.22097696931860486,569,0,0,0,0.9497047899557234,0.0502952100442766
0.7253177968702464,0.0,0.20936611287203677,0.0,0.0,570,0,1,0,0.7846828644623528,0.21531713553764717
0.6836309650503094,0.07755505437434204,0.017714504853735363,0.3198107644086493,0.12403849393249354,571,0,0,0,0.9537550640088119,0.046244935991188015
0.783460068188216,0.10042927572802245,0.04110948225567968,0.24652265592788683,0.15525754976619255,572,0,0,0,0.9453921315047363,0.054607868495263695
0.6761074123895661,0.10507579369285289,0.02872813904960396,0.1879299711172179,0.13779997027826485,573,0,0,0,0.9343168059996829,0.06568319400031714
0.6995424565434407,0.06853303658147979,0.022303501147457765,0.3255758245433683,0.24814033518357576,574,0,0,0,0.9652379276811344,0.03476207231886559
0.6391291762001579,0.0912968758737821,0.0352341359595693,0.49869948348656057,0.12816051803246814,575,0,0,0,0.9751526156324842,0.024847384367515754
0.7839082241554856,0.0,0.2105818107569098,0.0,0.0,576,0,1,0,0.7820737168067984,0.21792628319320156
0.7109440311884009,0.10203664557405533,0.04987546003865095,0.3012469087883622,0.16019665542012185,577,0,0,0,0.9553569526875761,0.044643047312423814
0.7771651835113669,0.08415924450587597,0.029370904079657936,0.37044506900038043,0.20763222230898143,578,0,0,0,0.9671835567525826,0.0328164432474174
0.6068418928278039,0.06612487058572424,0.022900485830957246,0.35884799666160455,0.2481531754550287,579,0,0,0,0.9693778479608127,0.030622152039187254
0.7402071440526936,0.0751721259784075,0.0021973950691628434,0.21869552111700966,0.14450957478893972,580,0,0,0,0.9385750040005341,0.0614249959994659
0.6645494260343011,0.13365745042477561,0.029401927610075533,0.13368460166692114,0.09944879551679918,581,0,0,0,0.9193805042655948,0.08061949573440515
0.6273200213973422,0.09274650223178751,0.04217598758416192,0.286948674936361,0.18713527446035683,582,0,0,0,0.9564598063604243,0.04354019363957573
0.6740011513310655,0.07847479674952625,0.02490910510198139,0.36466151896203014,0.1852455091296657,583,0,0,0,0.9653438222877647,0.03465617771223526
0.6935312791764087,0.10823488308576092,0.044003131937674564,0.242147267445481,0.15379077895162568,584,0,0,0,0.9462126707407571,0.05378732925924289
0.7394815642029559,0.07414557891742322,0.017840101074559446,0.28158526357708197,0.21358731522638608,585,0,0,0,0.9566581087055824,0.043341891294417526
0.6556485197824123,0.059560731712824534,0.014988053673171797,0.3379988526491685,0.27038281528950087,586,0,0,0,0.9683384112474008,0.031661588752599154
0.7170188088657765,0.07096620272774158,0.02267557877512522,0.307911661525917,0.2682062856228644,587,0,0,0,0.9648617280648756,0.03513827193512447
0.4748240971373194,0.16470875353044204,0.12246029258753083,0.24411491224639742,0.10207675351403744,588,0,0,0,0.9448038686065765,0.05519613139342355
0.6172148981515926,0.07380935802370933,0.024555212201496507,0.438501075180249,0.17476735502350318,589,0,0,0,0.9723158238433092,0.02768417615669085
0.7672503146955775,0.07629507289821572,0.0,0.16537575340527544,0.1715610273848068,590,0,0,0,0.9313765733512824,0.06862342664871751
0.657579833942515,0.06548916542096167,0.012348470549041627,0.2535226993520535,0.29340964211057685,591,0,0,0,0.9608924066002318,0.03910759339976818
0.802714376520225,0.08776764629946605,0.03359586298423036,0.2885102557984236,0.2118902555620404,592,0,0,0,0.9573349711141853,0.042665028885814665
0.7019349282014375,0.07606724507393309,0.0,0.17612379086771315,0.13953611309445618,593,0,0,0,0.9296897068330927,0.07031029316690734
0.6313359423636407,0.06920697633477449,0.021421069141798577,0.4070080272452868,0.19986450680256374,594,0,0,0,0.9707708721405304,0.029229127859469684
0.7516495925999626,0.07015616208864614,0.02148713001538001,0.3355672885949573,0.2571184868900626,595,0,0,0,0.9667918765474302,0.03320812345256989
0.7955240806625351,0.08525806330921383,0.005440762226758093,0.22265283294148147,0.10746336476654292,596,0,0,0,0.9341851974696588,0.06581480253034118
0.5590677368835916,0.06759008788758625,0.015764623283097898,0.2743581027612379,0.19594542339454973,597,0,0,0,0.9551896798844705,0.04481032011552959
0.6133188892822257,0.07051114663571603,0.02272847712974105,0.34785079671733843,0.2135912118165376,598,0,0,0,0.9657761288158735,0.03422387118412647
0.7093907230131419,0.08940595849795559,0.0,0.15419251011017698,0.10626009577883486,599,0,0,0,0.9205554587913259,0.07944454120867404
0.4140153373586697,0.14841139037998227,0.10195317231843257,0.22796087455695524,0.14387567570779056,600,0,0,0,0.9472816577214862,0.052718342278513755
0.6255328695852197,0.07076739672471227,0.01946174879405134,0.3579084043931021,0.22180163385116014,601,0,0,0,0.9675469415317921,0.032453058468207854
0.6947310424939391,0.08564721621208757,0.024926147397344056,0.28379570920473807,0.128219144284475,602,0,0,0,0.948832840410805,0.05116715958919502
0.7301850055271353,0.08562693419962272,0.014732280645418237,0.2222120502838587,0.14121402282096077,603,0,0,0,0.9394601466049369,0.0605398533950631
0.6455527355721234,0.07429380754049184,0.01439495758025744,0.2526223168378959,0.19410324085353622,604,0,0,0,0.951384906687486,0.04861509331251399
0.7260512610422015,0.07060261440592702,0.018061130132323206,0.3417840455776778,0.22100209083553102,605,0,0,0,0.9649185332714223,0.03508146672857769
0.6993183495448428,0.23943923391155317,0.13226855279554656,0.25047145857509223,0.14424843657065844,606,0,0,0,0.9546829950491574,0.04531700495084255
0.7972581346629147,0.07316356866177323,0.0187516439841017,0.32704590508829584,0.22872892354645502,607,0,0,0,0.96338262176708,0.03661737823291998
0.7056185383151158,0.07648005729013413,0.003550132076834144,0.19297258273624168,0.1648079402140764,608,0,0,0,0.9369080530831758,0.06309194691682422
0.7483310136371271,0.08998171897558858,0.019740056393783477,0.2651537320140106,0.11654148232670938,609,0,0,0,0.9441714853329104,0.055828514667089595
0.7071241389516735,0.0942101650411894,0.036233814930702705,0.43847519561201126,0.06416589704749696,610,0,0,0,0.9642825608581934,0.035717439141806556
0.6520047549029202,0.06864012182719245,0.020141903805372435,0.3453319786211159,0.22040714840537423,611,0,0,0,0.9656876385405129,0.034312361459487135
0.7876648898044379,0.117264587628746,0.0596903555836837,0.2025014962276486,0.1669144229299343,612,0,0,0,0.9395993457695211,0.060400654230478926
0.7021378466291514,0.0,0.21461836877001014,0.0,0.0,613,0,1,0,0.7848276107241436,0.21517238927585636
0.6260618735349388,0.07529568770724217,0.027214303602328564,0.4337734182568776,0.18864159657935972,614,0,0,0,0.9727457343023805,0.027254265697619455
0.690364830098217,0.07902540452186185,0.0011287325656484902,0.18167579692140126,0.15144713023544257,615,0,0,0,0.9332436088883577,0.06675639111164229
0.7080772613487126,0.08641070655664125,0.033293004481628946,0.552512303850083,0.10543647433096197,616,0,0,0,0.9775475959812766,0.022452404018723435
0.7329627592786291,0.06492789669065431,0.024875251805349313,0.4644807807081938,0.1724788670753336,617,0,0,0,0.9733034179001109,0.02669658209988909
0.8166295252998604,0.12438820142779762,0.06430195138546578,0.22146034903656472,0.16490681357455572,618,0,0,0,0.9430557398449182,0.056944260155081826
0.7491774763077241,0.0,0.21443510022439194,0.0,0.0,619,0,1,0,0.7829153162777824,0.21708468372221754
0.6564890784325372,0.0737774150771199,0.017471125704103613,0.2755734579104682,0.20795726948466003,620,0,0,0,0.956053258138896,0.04394674186110405
0.7249778048959914,0.07850878002645012,0.021247115950160562,0.3690062326424675,0.12761767322309328,621,0,0,0,0.9605305209560777,0.039469479043922236
0.7418123077659732,0.08584913494169573,0.03682660148933001,0.3123231852990723,0.2617351672846285,622,0,0,0,0.9651815883748005,0.03481841162519944
0.6999400230951743,0.06669863409109733,0.024567986347238443,0.4739673817116906,0.22460154105974173,623,0,0,0,0.977419167754586,0.022580832245413938
0.7209344370578049,0.07128650113371979,0.0197422619725759,0.3610519844967527,0.15465580551729324,624,0,0,0,0.9615460536613935,0.03845394633860651
0.645619864143894,0.07986620855875415,0.03672032476706591,0.4106375914702751,0.23245868366028571,625,0,0,0,0.9733635493829402,0.02663645061705981
0.7384561186559088,0.06841202471080253,0.013144318095718203,0.29496695099494774,0.19246824679878755,626,0,0,0,0.956133069772967,0.043866930227033044
0.9085281148815033,0.07539522536463329,0.0253650432846782,0.4007648686900194,0.06873611975919273,627,0,0,0,0.956975817582144,0.043024182417856015
0.7824384138586391,0.08039118294924717,0.031424230637126564,0.4498157313666581,0.28781089895298295,628,0,0,0,0.9789643234800715,0.02103567651992856
0.7058129690654269,0.24373752725875683,0.29705648182341515,0.432382079062197,0.5515774460760263,629,0,0,0,0.9892501341854054,0.010749865814594566
0.7074412206799807,0.06258805208958773,0.015595484698137152,0.25449319672218457,0.2594140205417608,630,0,0,0,0.9569324701053469,0.043067529894653164
0.7504867170935924,0.07834278460345649,0.026255238293441403,0.3651364622122373,0.19696922922973467,631,0,0,0,0.9656826595007052,0.03431734049929483
0.6707571962687611,0.07560811842164891,0.014131125949018511,0.2654088917758288,0.1657297411745781,632,0,0,0,0.9500267569787809,0.04997324302121904
0.7231502295342923,0.0711059495976341,0.024392633401668577,0.43811561291511153,0.18883256959959327,633,0,0,0,0.9723730092796061,0.027626990720393884
0.6234920346613279,0.07683843349838151,0.02976727121378797,0.40265172096359225,0.21944244708194818,634,0,0,0,0.9719454754479305,0.02805452455206942
0.5711017706663758,0.06668454693137724,0.01712734039030523,0.2460533722373474,0.33482517444125326,635,0,0,0,0.9643020863716859,0.03569791362831413
0.6182270542905157,0.084928053124675,0.032137161072860694,0.41631818313894964,0.15807686981149804,636,0,0,0,0.9694334030231115,0.030566596976888443
0.6819251934010855,0.06993361774600715,0.0192739421806032,0.31278775646425094,0.20851642195589642,637,0,0,0,0.9605719393181107,0.03942806068188928
0.729007637548531,0.07597886703005036,0.02632146604918907,0.4511996488225386,0.21477627732017326,638,0,0,0,0.9752884798713377,0.024711520128662286
0.6046714522808349,0.07436811093598263,0.014140156062344415,0.2531459111329038,0.19039175400215666,639,0,0,0,0.9515257115773975,0.04847428842260245
0.6348673374614471,0.10658150285097842,0.0497881793148311,0.2706722605298452,0.11626315687050127,640,0,0,0,0.9467966652345949,0.05320333476540505
0.6596282795028925,0.06719255755274382,0.012790815062872829,0.2806317575876044,0.2222554188083019,641,0,0,0,0.9578189346096304,0.04218106539036956
0.7825929438983846,0.07198189497155466,0.012402850966897819,0.29014872860101903,0.14057789262313555,642,0,0,0,0.9495650723721913,0.05043492762780861
0.7226259269755532,0.07081585404280534,0.014942247414487169,0.282866895625959,0.20012722323431625,643,0,0,0,0.9554692582966182,0.04453074170338178
0.6138030479655899,0.07394339923154382,0.008634829170584073,0.24564976805114352,0.16107853553083085,644,0,0,0,0.9469345055261245,0.05306549447387557
0.6751809128182548,0.08083314408561756,0.030573267425461896,0.4726781828760558,0.15032821758793286,645,0,0,0,0.9736621982918767,0.026337801708123294
0.6903777510545117,0.2113927001534131,0.14318426685407512,0.22228131550984628,0.11536054363636065,646,0,0,0,0.9436403063280651,0.05635969367193491
0.6187279097357063,0.06673440856474488,0.008566451132194957,0.2889616223647824,0.13798044552505936,647,0,0,0,0.9506417507135665,0.04935824928643345
0.6964277472142747,0.07796339991673151,0.018215586261930983,0.33478866547342817,0.1285463730122679,648,0,0,0,0.9563075618895293,0.04369243811047079
0.6570103024153706,0.07438408657623621,0.024797177465066357,0.3457817601640317,0.22303396465028374,649,0,0,0,0.9661403058827779,0.033859694117222124
0.6606149651363143,0.07483576180714951,0.01610267911478168,0.2609232477315692,0.18749420917389448,650,0,0,0,0.9517561204614583,0.04824387953854168
0.7200975212904633,0.07576856391631494,0.008478767930107795,0.25226617967966875,0.1525044716572977,651,0,0,0,0.9458943373771368,0.05410566262286323
0.6094656020309824,0.07388527714169324,0.026502150378935958,0.3747154575027949,0.12913277529821396,652,0,0,0,0.9619280034170757,0.03807199658292426
0.6914809714969514,0.07574222100596002,0.016918246459699172,0.31085199399453145,0.1480687070135387,653,0,0,0,0.9547757998411032,0.04522420015889683
0.5118894070777407,0.2889331902692816,0.33427046128651355,0.4341724878387959,0.6346105733332146,654,0,0,0,0.9921004039873808,0.00789959601261922
0.7226435767866479,0.06712648193243657,0.013610737418744114,0.34946607137624364,0.17169442745968866,655,0,0,0,0.9615118634671447,0.03848813653285535
0.6815194106466257,0.08541512318657682,0.028589093194804495,0.4238667681787186,0.08161561117523165,656,0,0,0,0.9638913115548982,0.036108688445101886
0.69101124521353,0.0778906595756432,0.02662237605329136,0.2511916363762021,0.15910584116189977,657,0,0,0,0.9462599826427226,0.053740017357277424
0.639931115094479,0.08246723940235132,0.010759819490828467,0.2524941270496072,0.1383593284303294,658,0,0,0,0.9457282578453029,0.05427174215469705
0.6289169186566217,0.4106281132187703,0.37901036851201264,0.507839411559565,0.30034160578258745,659,0,0,0,0.9883033831731108,0.011696616826889189
0.6264146605562659,0.07714073155524244,0.013189154906813013,0.2511062304771156,0.17893269017435925,660,0,0,0,0.9499338756886825,0.05006612431131751
0.6907582924386098,0.0865535148219436,0.03353795394038405,0.39625563985847545,0.15579426581982747,661,0,0,0,0.9666534367893133,0.03334656321068675
0.5755549495372245,0.05874771242523495,0.006820862768471273,0.21322128380501454,0.2959982431646519,662,0,0,0,0.9561404762479357,0.04385952375206422
0.9136080679209226,0.07573578859330587,0.014733673220825801,0.4013293494902874,0.07730128903331897,663,0,0,0,0.958273920371553,0.04172607962844695
0.6299929871927132,0.07986609740779664,0.031715622354663776,0.44515919282685534,0.18875748891928273,664,0,0,0,0.9738653273335536,0.026134672666446396
0.6120907642803255,0.09244007786619853,0.03442835912294566,0.37821849447644335,0.1708449068731907,665,0,0,0,0.9668146651818927,0.033185334818107315
0.6618939459643485,0.07463632968712462,0.02812909291290586,0.4100199191141452,0.18616263145288375,666,0,0,0,0.9700204188346438,0.029979581165356203
0.6287530077109226,0.08396643217336491,0.023480857572079517,0.3817431833430679,0.10460399860328384,667,0,0,0,0.9612580200785579,0.03874197992144208
0.5967694140980092,0.08899143963444983,0.03637821671833329,0.3210595831369139,0.15919640167882237,668,0,0,0,0.9586408262280829,0.041359173771917064
0.6950858513370475,0.074424420814408,0.025196737491068755,0.31808406207765133,0.25857718992679857,669,0,0,0,0.9655684134273187,0.03443158657268127
0.7393852208667453,0.10272592430445204,0.03270696338399089,0.2102905693004002,0.14777166155699936,670,0,0,0,0.9388974317967191,0.06110256820328081
0.65781345249804,0.07657289752406621,0.025412952041268637,0.3776754740083212,0.14143897817277276,671,0,0,0,0.9631782890847154,0.03682171091528459
0.7832380056004287,0.08334114790239322,0.02789623706421946,0.359155881907586,0.18102845359500738,672,0,0,0,0.9636693516877907,0.03633064831220934
0.6569534653795248,0.21261391093560672,0.27088064607272955,0.4857403656700514,0.2809308895162305,673,0,0,0,0.9823211215648863,0.017678878435113704
0.696838638969174,0.2689624066266158,0.21743647521315554,0.3699209374043921,0.16491664318067714,674,0,0,0,0.9703260595749164,0.0296739404250837
0.6874420441622217,0.07429305242299139,0.026771594667652016,0.37867434173622133,0.2257889665548878,675,0,0,0,0.9695537433597119,0.030446256640288157
0.6349177335663228,0.07726778936671297,0.025780468757783986,0.34939455930529884,0.19789776037334555,676,0,0,0,0.9648419539461823,0.035158046053817615
0.7071521325616833,0.07273300092061542,0.023779035265711852,0.39102670613457624,0.20867089895530347,677,0,0,0,0.969413112388322,0.030586887611678087
0.7207119247764039,0.14900923693097246,0.1075322474887179,0.2823534119321249,0.12851231307217567,678,0,0,0,0.9506595536747727,0.04934044632522723
0.7137706650170547,0.07746114376347463,0.006681194583815338,0.2614287547408003,0.17425555639203974,679,0,0,0,0.9503667806102494,0.049633219389750634
0.7142311346794306,0.07377735138975597,0.012265116262626451,0.24657877986567722,0.19217294989616937,680,0,0,0,0.9494448028107845,0.05055519718921552
0.6632509071974731,0.06856250348084873,0.022183763691450028,0.3939671233105716,0.14063650382614484,681,0,0,0,0.9645592734741485,0.035440726525851514
0.7261528727434406,0.06518246271900852,0.00891125543379341,0.2501967465750501,0.16238427943034878,682,0,0,0,0.9456109086047334,0.05438909139526655
0.6864814385850042,0.08302316855516814,0.03380273470993045,0.4528053418363548,0.16769593502117197,683,0,0,0,0.972964090141617,0.027035909858383025
0.6273514281959944,0.07188897028108152,0.02355584409744983,0.31382368717807774,0.3001977711977504,684,0,0,0,0.968749166390155,0.031250833609845
0.6255029532925097,0.08009900358119329,0.037950640072283666,0.5463815086973463,0.1428230703780855,685,0,0,0,0.9791145524661561,0.020885447533843863
0.801387783421389,0.09765503692622472,0.0440858606287046,0.538299126257541,0.11403997414094182,686,0,0,0,0.976696273256603,0.023303726743397004
0.6943212429609698,0.14966473429472474,0.07686883217277804,0.22389007785798914,0.14174211885497606,687,0,0,0,0.9440945262921822,0.05590547370781783
0.6354162159748654,0.07728464595859799,0.024032091976230095,0.38472640635936256,0.12439928172831043,688,0,0,0,0.9628416649599021,0.03715833504009793
0.7058554558326384,0.07203623285418917,0.02656654300485328,0.3015557105120462,0.3563212045574033,689,0,0,0,0.9709050867047313,0.02909491329526871
0.6695491461543861,0.0752528082444374,0.025450835018019712,0.3773078707513142,0.2060720245765439,690,0,0,0,0.9681835082673002,0.031816491732699896
0.8916665635852127,0.07887180856625023,0.033405901954142454,0.46430114784955945,0.16140908499695023,691,0,0,0,0.9720604231357456,0.027939576864254377
0.6908864633380708,0.0650288547873794,0.000592475353804538,0.22817754103884041,0.17841273383718118,692,0,0,0,0.9445618582822407,0.055438141717759334
0.7014458434233174,0.06822362104269596,0.021295130233027874,0.4023719836548979,0.13436829186277902,693,0,0,0,0.9647043379488556,0.03529566205114438
0.7356804733478713,0.06715215904514137,0.00653932569036548,0.2677357886988455,0.20045709853561028,694,0,0,0,0.9531315561004494,0.04686844389955053
0.8366374920240492,0.0740697775252767,0.015570896724530698,0.34590647023037063,0.11223502375299274,695,0,0,0,0.954551948647602,0.04544805135239801
0.6834351429103924,0.09405215233862924,0.03961884272498349,0.26940966892534046,0.2073579809051606,696,0,0,0,0.9556493671664041,0.04435063283359584
0.7828209148440249,0.07960088120221624,0.030340064118985807,0.35631215020547363,0.19426360805950874,697,0,0,0,0.9641281455332803,0.03587185446671965
0.6658385254061215,0.07653058286067142,0.0028067652668968893,0.20867281443597624,0.16367591056204817,698,0,0,0,0.9404397025837405,0.059560297416259435
0.6932436077833509,0.1103654721157199,0.052248422295774616,0.33608339615592353,0.12280321939931442,699,0,0,0,0.9572834342105765,0.04271656578942354
0.7162479413325202,0.08787157699335305,0.01303428507347466,0.2707096682704431,0.04869212866927219,700,0,0,0,0.9364889133547881,0.0635110866452119
0.5627208678434675,0.08140150108044283,0.032992388339925696,0.36625852186481034,0.19526691399110668,701,0,0,0,0.9671509399084445,0.03284906009155555
0.7026417196829858,0.0745254261036943,0.01181329782915699,0.25904022148620137,0.14449897511426119,702,0,0,0,0.9460150026193406,0.053984997380659476
0.7030182563345284,0.07737705535549104,0.02732429314183503,0.3638120558761557,0.13209546751049075,703,0,0,0,0.9601795856843323,0.039820414315667754
0.7466734720702679,0.07966906033593057,0.02921220083020906,0.3047144153230199,0.20625871244385685,704,0,0,0,0.9590729954694208,0.04092700453057922
0.7794533756637922,0.07028511467434818,0.017853665189583603,0.32981445580709107,0.1772615892231003,705,0,0,0,0.9590297388151314,0.04097026118486852
0.7058966545118741,0.08802689486371927,0.03202519443515475,0.37064331163650405,0.18363317276236035,706,0,0,0,0.9660383774236669,0.0339616225763331
0.7307025011226033,0.07509499626197227,0.013535833581239434,0.27047621163805396,0.15302605747180822,707,0,0,0,0.94864176584596,0.051358234154039964
0.6554318703846577,0.07983620071345315,0.030174226721280232,0.3767843138480735,0.16475022136604311,708,0,0,0,0.9651331681276581,0.03486683187234183
0.6465445756993852,0.10522509234349477,0.0473711031689244,0.4419429654983016,0.1261367912982087,709,0,0,0,0.9702662555816624,0.0297337444183377
0.7478905472215378,0.07570883962539118,0.025780397814339866,0.33122348222698333,0.2767712934436013,710,0,0,0,0.9680857252881017,0.031914274711898366
0.5943258472922268,0.07162646005020278,0.02311461732223674,0.46548201788107035,0.14136878128363423,711,0,0,0,0.9726686209105704,0.027331379089429647
0.7024985840353454,0.0697259023848669,0.017226897336424848,0.26278086149366453,0.24910155045139848,712,0,0,0,0.957620225336764,0.042379774663235975
0.7368153092146081,0.09152159010397315,0.0012612587844117729,0.18557842325681603,0.11042233958693054,713,0,0,0,0.9284886584760339,0.07151134152396614
0.7065890145854241,0.07887715077858352,0.029878106646012353,0.33360064949908363,0.26471218108863404,714,0,0,0,0.9678118277054636,0.03218817229453637
0.7330176774632227,0.07199707315640558,0.018322240939428573,0.35234879124111657,0.12047696021473658,715,0,0,0,0.9571194549428279,0.04288054505717207
0.7164944637213421,0.11375319218163397,0.04417096340652906,0.27072611456310613,0.13232540686584085,716,0,0,0,0.9487149594344099,0.05128504056559009
0.7005443619898042,0.16564421469834523,0.11980784998163851,0.2082686814867291,0.24562720189652024,717,0,0,0,0.9533716421732711,0.046628357826728944
0.6412024213010333,0.09229033910741241,0.03986706123306227,0.36456400629302144,0.18354825004049477,718,0,0,0,0.9659058274651765,0.034094172534823504
0.656473107885641,0.07066521529012726,0.010768987803347464,0.22988856357791684,0.21317697545947115,719,0,0,0,0.9496187557488165,0.050381244251183496
0.6953035482089533,0.07711455601881032,0.009174780825812317,0.23119897309851056,0.17577961090668315,720,0,0,0,0.9455312359249248,0.054468764075075164
0.6829869372197416,0.07129778050540356,0.025101082038549806,0.35408669224194145,0.2818237818444405,721,0,0,0,0.9709867537647476,0.029013246235252334
0.7333144213339229,0.09221897440535043,0.03218243267237868,0.25086933651713117,0.18875016096747554,722,0,0,0,0.9503783150835367,0.04962168491646338
0.6795733342241183,0.08678183804411595,0.030263779782360816,0.28073473068451005,0.1886627143106436,723,0,0,0,0.9551479511524534,0.04485204884754662
0.5255146254266589,0.08769301070142264,0.033952587053221045,0.46838921626228275,0.14539384738573963,724,0,0,0,0.9741721772567976,0.02582782274320236
0.7180724936130584,0.0,0.20957853778681093,0.0,0.0,725,0,1,0,0.784948119381831,0.21505188061816902
0.6289301625368733,0.07075129364603114,0.020769382089944163,0.256291142042492,0.29570864705914107,726,0,0,0,0.9618098292790508,0.03819017072094925
0.7365407644817124,0.12709346899681268,0.08163130691728165,0.3527912819856994,0.1276001225827504,727,0,0,0,0.9598361943638141,0.040163805636185886
0.6684116304029423,0.09918448934962906,0.034601157076858464,0.28876131240707564,0.11192677198223736,728,0,0,0,0.9488934379045242,0.05110656209547582
0.7088366328926188,0.0,0.18909951462080954,0.0,0.0,729,0,1,0,0.7884578597240441,0.21154214027595583
0.7525938850644093,0.26445076426920666,0.3314914393485078,0.47685521434196726,0.36780450161421724,730,0,0,0,0.985550951230294,0.014449048769706029
0.6597659418203843,0.22704475673548322,0.2784495352284242,0.4750052635750427,0.17304834517764656,731,0,0,0,0.9767465243902025,0.023253475609797507
0.7290919499411773,0.0,0.21068323144158413,0.0,0.0,732,0,1,0,0.7843245221031478,0.21567547789685215
0.7523337042536661,0.08557437627143559,0.03141487695896089,0.3359996646386328,0.287439458889732,733,0,0,0,0.9697570927901169,0.030242907209883096
0.8521596125688415,0.08075654973325645,0.035083536133469706,0.5102323117646334,0.13879880279991555,734,0,0,0,0.9749836457037574,0.025016354296242646
0.6963949606530123,0.0,0.2070207182063955,0.0,0.0,735,0,1,0,0.7862299770697037,0.21377002293029637
0.8131414568558722,0.0912434132790537,0.03199662466073697,0.3777084471107247,0.1384156075591219,736,0,0,0,0.9623767498241282,0.03762325017587173
0.7033574715935214,0.07690991683568076,0.02739847680780102,0.41302848463025515,0.18408688130225373,737,0,0,0,0.9700271785068563,0.029972821493143776
0.6628018437023101,0.0734619554310301,0.023451613263215168,0.35078455224527405,0.21197751572521262,738,0,0,0,0.9657481888575612,0.03425181114243882
0.7286277679627908,0.12161565894808705,0.07306070201855919,0.21536207906480553,0.19544513498642657,739,0,0,0,0.9462866053077057,0.05371339469229432
0.8121478591375549,0.0,0.21006681559179208,0.0,0.0,740,0,1,0,0.7809797370783547,0.2190202629216454
0.6237035541623066,0.0898227145186069,0.030848072136699062,0.32039799568948074,0.11249667059704689,741,0,0,0,0.9537744875325794,0.046225512467420585
0.7659747334903299,0.08666303012408703,0.038486642212467725,0.4001443379186902,0.28439533720583837,742,0,0,0,0.9752044260695639,0.024795573930436042
0.712546918698821,0.07730997871247652,0.027969294327852563,0.4449664746406282,0.18906692253639315,743,0,0,0,0.9733099843041025,0.026690015695897417
0.8350775314213901,0.10583394183430975,0.05456898553902441,0.3054558939118203,0.15065769154340117,744,0,0,0,0.9537960780460787,0.04620392195392128
0.7053129319089435,0.07207039920277805,0.00676400221087357,0.1930902364717943,0.20341349392293087,745,0,0,0,0.9416562266797035,0.05834377332029646
0.7144581304663797,0.08354010817076392,0.029311184055390786,0.38904339562033197,0.13934469398399538,746,0,0,0,0.9642290268720832,0.03577097312791676
0.6038875539287204,0.07196311258051011,0.011826399264733823,0.22732956148582603,0.21367852458578102,747,0,0,0,0.9499460428013523,0.05005395719864773
0.7253605658804687,0.06917084474437549,0.020525689003865366,0.4017653645194906,0.14413623649703505,748,0,0,0,0.9653302532206629,0.03466974677933707
0.6187634947749163,0.12059697922881053,0.07394915331129281,0.25219598960424705,0.2185953629414724,749,0,0,0,0.9558642524897192,0.04413574751028084
0.8124564342005398,0.13631472312343415,0.09014198291418313,0.19639016715790786,0.22631859290944928,750,0,0,0,0.9464610484804439,0.053538951519556115
0.61653632925607,0.09984444506215177,0.040117938416113004,0.30641132807277227,0.14217829442361685,751,0,0,0,0.9554077136219224,0.04459228637807759
0.6498062307591497,0.08754335149925925,0.034871637826053056,0.3524486218413646,0.19884339934004686,752,0,0,0,0.9655463348992861,0.03445366510071385
0.6135623408849566,0.10031946039878673,0.051262315126066056,0.3134636446174247,0.1632725507286482,753,0,0,0,0.9581837544813895,0.041816245518610545
0.650797198516862,0.06463569773104431,0.012600975523958651,0.280423910294651,0.21569182091916395,754,0,0,0,0.9570263814147947,0.04297361858520536
0.7016303257213847,0.2068909649774461,0.24154032813708803,0.43439882954457665,0.23777858269172988,755,0,0,0,0.9768240446848311,0.02317595531516889
0.760345685585473,0.0797881122218515,0.0,0.2078899101070656,0.10926210243144927,756,0,0,0,0.9314750944226343,0.0685249055773657
0.7437600703932777,0.08496268860320519,0.033530984073516706,0.3676071894822234,0.19768427365322924,757,0,0,0,0.966279657032756,0.03372034296724401
0.735473279951514,0.06544964560061356,0.011163554233555369,0.2854439907775863,0.205689656905828,758,0,0,0,0.9559860412000384,0.044013958799961624
0.6685864195638122,0.07815773277767182,0.02066396758254831,0.256439046918488,0.2429803908138168,759,0,0,0,0.9570071382803288,0.04299286171967123
0.6607231459138027,0.2214345999097405,0.2774978264071586,0.5117725379237066,0.2981560416943055,760,0,0,0,0.9846168485538904,0.015383151446109532
0.7226853842695996,0.07012185648775168,0.023460111360077467,0.302390806071489,0.2590661050074382,761,0,0,0,0.9633048523499356,0.036695147650064444
0.6537182777926182,0.08347348521249988,0.03883456668352453,0.5135291357821217,0.15906852934898968,762,0,0,0,0.9775540526921128,0.0224459473078872
0.7757313709715693,0.0,0.211223904697012,0.0,0.0,763,0,1,0,0.782313227392139,0.21768677260786096
0.6944091440345349,0.06940117304615727,0.022394790345815624,0.35923169760687884,0.2370978604988059,764,0,0,0,0.9681629172200539,0.03183708277994617
0.7813300633684966,0.1623935874649329,0.14616942634341512,0.2789567821648629,0.30762586688358035,765,0,0,0,0.9664616210001296,0.03353837899987041
0.7866591002713824,0.0766248555442477,0.03434263395318701,0.44596984064765566,0.20582736004350916,766,0,0,0,0.9738044724135061,0.02619552758649393
0.8043760059599521,0.09748176755790072,0.03531352614117227,0.42664897636632304,0.09475795462416507,767,0,0,0,0.9648950679751727,0.03510493202482738
0.6410051240232386,0.1400116506541762,0.09166225398310573,0.26009840631467307,0.20606087164107356,768,0,0,0,0.9564026428650793,0.043597357134920696
0.6743189202269787,0.07396637258687681,0.013966374528632178,0.27145314588136404,0.1923488737299987,769,0,0,0,0.9537708235048881,0.04622917649511192
0.6217628787065371,0.08535273151374821,0.019170100618251758,0.2867369390638206,0.1125307336560299,770,0,0,0,0.9485474222935685,0.051452577706431545
0.6100481381961128,0.09664921655421257,0.05437631628392976,0.3519098619731346,0.22030731745664603,771,0,0,0,0.9674993003704537,0.032500699629546284
0.47619233807947176,0.10136902971352324,0.04655782604392238,0.5973413688196691,0.041108720863651395,772,0,0,0,0.9790264618081255,0.020973538191874582
0.7411860153848453,0.08328962260508943,0.02463093330128093,0.339303150204595,0.2642682259199791,773,0,0,0,0.9685331638858263,0.03146683611417362
0.5929045401590751,0.07511389496792646,0.029793623280716188,0.43019139784108484,0.1909865778326737,774,0,0,0,0.9727153654860565,0.027284634513943515
0.8626499856603266,0.10412693641827477,0.029028723285709167,0.2308047511330798,0.13568383662422515,775,0,0,0,0.9398459295731396,0.060154070426860363
0.5848199953916271,0.0834565147905574,0.029002445981816113,0.46939918690904436,0.11115280663701722,776,0,0,0,0.9715748739802018,0.028425126019798148
0.6562685774104073,0.1509496075215587,0.09935063042755642,0.22342814219872223,0.20013707515733828,777,0,0,0,0.950689208821854,0.04931079117814594
0.7092663150540114,0.06385400715651693,0.013480720044847735,0.25844524775227173,0.34636802165949016,778,0,0,0,0.9654781002675162,0.03452189973248374
0.7622919659356368,0.06273183375710147,0.01191922582588565,0.2829333642622837,0.2197689470276325,779,0,0,0,0.9565421414384897,0.04345785856151029
0.7241536065455402,0.08512366620057737,0.029267573970325388,0.4071929329154712,0.12754364141528918,780,0,0,0,0.9653824645260906,0.03461753547390941
0.6311322097901962,0.0719310053615275,0.03147964579586885,0.5289104017465962,0.18091305289016307,781,0,0,0,0.9795583153826194,0.020441684617380575
0.6913804200807281,0.09461243891124924,0.04149708449845273,0.4996905202922931,0.09243497441007176,782,0,0,0,0.9727201024688327,0.027279897531167344
0.679873957663316,0.08647481205894385,0.038300324547083785,0.38967841345169363,0.2421604940732393,783,0,0,0,0.9721780194758644,0.027821980524135648
0.6692609138429862,0.07821203152627054,0.02917381638972077,0.35359084161634696,0.2164646800748622,784,0,0,0,0.9665034777822359,0.03349652221776408
0.7554299952051724,0.074487200957796,0.02725294972981497,0.3831287842237582,0.19188860140323177,785,0,0,0,0.9669652742476237,0.03303472575237633
0.7496033540797662,0.08734995240835382,0.038559634432589564,0.5094361822209542,0.26010484636259573,786,0,0,0,0.9818625010033591,0.018137498996640872
0.7161058062839092,0.0899529033646429,0.050189188223954455,0.3638591267657498,0.1813120617445274,787,0,0,0,0.9645601619039958,0.03543983809600413
0.6687265322620942,0.12915350612018378,0.06585430892642465,0.21649264044053465,0.15564097206078997,788,0,0,0,0.9432861846470061,0.056713815352993927
0.7018920499032003,0.08766060653397874,0.027162853516366485,0.37070217639730224,0.10867460290260479,789,0,0,0,0.9596740293566746,0.04032597064332539
0.8619082264900308,0.08362816998840517,0.014003991960570969,0.28686168885650476,0.0921649316129893,790,0,0,0,0.9430936524871961,0.05690634751280385
0.7873002081141208,0.0,0.197883709033892,0.0,0.0,791,0,1,0,0.7839001290206821,0.2160998709793179
0.626369671662797,0.08726971894685204,0.034007423212285254,0.40028207268408283,0.16246117111672498,792,0,0,0,0.9681269881635506,0.031873011836449416
0.5979143367041138,0.073189044018301,0.02400731747549687,0.3769782230074131,0.17075567212927945,793,0,0,0,0.9658643921531463,0.03413560784685365
0.6442525347594023,0.11990784956593233,0.057401201223566733,0.29277031130825043,0.07474923056501674,794,0,0,0,0.9463375974201016,0.05366240257989843
0.7550596035336407,0.08202899935353711,0.020568436658042567,0.3113099921176043,0.14413852598203436,795,0,0,0,0.9541439082994533,0.045856091700546726
0.7082299590589333,0.0,0.18934331386395908,0.0,0.0,796,0,1,0,0.7884454332802525,0.21155456671974748
0.6850605765059881,0.07774836077050352,0.032785624883152356,0.46606362552204095,0.24670604654158665,797,0,0,0,0.9783871171238999,0.021612882876100043
0.6852035987245687,0.09720650278198922,0.04394805499645661,0.36293375214386825,0.14441901058654444,798,0,0,0,0.9622357083623237,0.03776429163767623
0.6961985730153314,0.07652041411145134,0.011393924972822,0.27129584083765446,0.14249493443366543,799,0,0,0,0.9481622518067565,0.051837748193243466
0.7494649709047322,0.07592063256663312,0.016473759815472826,0.29559380305803007,0.1822887216838419,800,0,0,0,0.9555526223159705,0.04444737768402954
0.742449134346852,0.07941774604754707,0.028813343727106963,0.37003536726135966,0.2053826230586339,801,0,0,0,0.9669534163028413,0.03304658369715879
0.6802313217438755,0.07127464488989894,0.024285416874135296,0.3598535522769182,0.27681491178361683,802,0,0,0,0.9712346673319076,0.02876533266809247
0.7370188841014088,0.09256305341744298,0.046522588482302944,0.27242002050836756,0.3080508012235294,803,0,0,0,0.9645821727874475,0.0354178272125525
0.6941416973206258,0.10554906550838339,0.07058824506539889,0.1875207421984503,0.17564817206272954,804,0,0,0,0.9372908791457392,0.06270912085426082
0.693432316921896,0.0803504812271376,0.03289152503415681,0.4337834741053634,0.1619193950403579,805,0,0,0,0.9706289661692686,0.029371033830731384
0.7257872968680225,0.08933883332031808,0.037390628250500546,0.3614439218457397,0.1664076746262403,806,0,0,0,0.9632878929547846,0.036712107045215416
0.585407066081102,0.07007349878628924,0.005213681106748226,0.2040505574277608,0.20868308436234906,807,0,0,0,0.945748110928583,0.054251889071417016
0.7688270663874541,0.10523341906966419,0.05211777344752735,0.3413672901407519,0.167552269499043,808,0,0,0,0.9611582344879325,0.03884176551206748
0.731270781006113,0.0680010355576321,0.0180416004951003,0.29298271690770117,0.25001758151299835,809,0,0,0,0.9612884223676926,0.03871157763230736
0.6528688083503255,0.13016413259501203,0.09255516509278212,0.31044114935051026,0.1698093410859456,810,0,0,0,0.9588556336533227,0.04114436634667728
0.6979059229305761,0.09471981715654133,0.03361716761230412,0.32648720439903184,0.13911722517825809,811,0,0,0,0.9569667241901137,0.043033275809886244
0.646078728528475,0.07130908872591442,0.01889848300788697,0.33327257267863475,0.16311745026829177,812,0,0,0,0.9594509028326637,0.04054909716733639
0.8408527924831248,0.09642892496676139,0.04217324977680181,0.51849053209205,0.20351232656208706,813,0,0,0,0.9796941070329446,0.02030589296705541
0.7336760153351375,0.0860030565623545,0.031038003766150533,0.37213665460301015,0.1611366872375535,814,0,0,0,0.9640233999254346,0.035976600074565324
0.5686964270307653,0.09133335520629818,0.060357170464292884,0.23277272705311894,0.9915079039997162,815,0,0,0,0.9923539743815005,0.007646025618499503
0.704067444269773,0.07367678979085439,0.023938034361816317,0.2635025358862714,0.3100335338004979,816,0,0,0,0.9634013512945685,0.036598648705431516
0.8068135088082851,0.07789024754603349,0.03071839690463294,0.4263233743139538,0.1934845548555967,817,0,0,0,0.9712280097477624,0.028771990252237638
0.7648565192928631,0.07709062828617057,0.023543846558896672,0.3819138044873064,0.19996856600653318,818,0,0,0,0.9676541740537293,0.032345825946270626
0.7028013061123749,0.07726115702638836,0.029920377860019255,0.4102369105175001,0.2118932875590786,819,0,0,0,0.971639801697817,0.02836019830218298
0.6514255322311081,0.08928913056973216,0.036643496309609794,0.31956560393206607,0.2407982224615301,820,0,0,0,0.9652649944173518,0.03473500558264824
0.6589634333819703,0.08907668703864008,0.03651824207676604,0.24001487068079236,0.25330292804959664,821,0,0,0,0.9561084213193695,0.043891578680630546
0.58484125811468,0.08504707287640152,0.031746343533851556,0.3890903630594741,0.1473157449769754,822,0,0,0,0.965978080975553,0.03402191902444695
0.6393273227189682,0.07186208610218667,0.01999684272035237,0.3843382618432359,0.14957472283501244,823,0,0,0,0.9646691678426301,0.035330832157369915
0.7448632211358479,0.07620267611114154,0.0,0.20336780173227426,0.15657919279096688,824,0,0,0,0.9374117769778809,0.06258822302211912
0.7820020316330666,0.0917721682060878,0.039902329709744964,0.555030738337249,0.08705630339380474,825,0,0,0,0.9764269796254532,0.02357302037454677
0.7256793124130226,0.07660939264133623,0.031092844096889005,0.4842568336568504,0.24450568114258808,826,0,0,0,0.9793434483459172,0.02065655165408279
0.7070469205621699,0.12468604582309782,0.07636639346652738,0.31682840927704353,0.17428882233374726,827,0,0,0,0.9597774257321063,0.04022257426789366
0.6536837360261953,0.09676739442281566,0.04378790047228596,0.2910397415603073,0.1688908595064817,828,0,0,0,0.9551661099318387,0.04483389006816133
0.6879743853327871,0.08386582335079906,0.031249125894039616,0.2555382443317569,0.2366324202114359,829,0,0,0,0.9561016960163569,0.043898303983643104
0.7244523509821479,0.07115654522241244,0.022111022888338744,0.37530315466870484,0.17286759761348966,830,0,0,0,0.9647381000864276,0.03526189991357243
0.5376041072880985,0.07584012871634963,0.025025455757133094,0.34968585021445087,0.19867935678418502,831,0,0,0,0.9656634831817587,0.03433651681824131
0.6956169176691618,0.08180699504653463,0.03847989739578488,0.37093014793351936,0.13094907375098286,832,0,0,0,0.9610063355308985,0.03899366446910147
0.7838077007405024,0.09090801368898309,0.04315741798353839,0.35394948518371794,0.12647146913721555,833,0,0,0,0.9580199948721468,0.04198000512785317
0.5948769529049565,0.06948779307515886,0.022386082253014437,0.35782985623814195,0.18981915400041444,834,0,0,0,0.9650681568690229,0.03493184313097706
0.6541295306554447,0.07423770910035446,0.0,0.17561150111566218,0.1406478607429576,835,0,0,0,0.9302773059663807,0.06972269403361925
0.5760206175808086,0.12090528522510012,0.08982180243432805,0.23527573644099717,0.18572716849329943,836,0,0,0,0.9494869094935925,0.05051309050640749
0.6654214866933178,0.12540923396888307,0.09198858458253682,0.2237380607435997,0.19907313888119055,837,0,0,0,0.9484342607884826,0.051565739211517414
0.7844851827377263,0.07871764378533821,0.025662199287167124,0.3880911037601266,0.19070788421948207,838,0,0,0,0.9674957945356764,0.03250420546432367
0.6288828251976596,0.07858365360928929,0.02627387786920691,0.40770534759120397,0.11298300669017675,839,0,0,0,0.9646829593606141,0.03531704063938589
0.7892628713666688,0.09237632101751159,0.03971279080089482,0.2711767886775936,0.19077017936872334,840,0,0,0,0.9528719038903081,0.04712809610969189
0.6595888132964199,0.12073547877214641,0.06751306953679477,0.2596930134186044,0.12167105402667694,841,0,0,0,0.9458436173292615,0.054156382670738565
0.5827125788726684,0.0726420333945998,0.017647767005081933,0.27495489529104494,0.22231180075670037,842,0,0,0,0.9580489789499258,0.041951021050074165
0.5343154988435591,0.08093516495490936,0.01964274829248588,0.41177558409743165,0.09983472542051636,843,0,0,0,0.9652054622235425,0.03479453777645742
0.6313117280655683,0.07828120973340674,0.012475280814056102,0.23164771820401947,0.16047816490352257,844,0,0,0,0.944438631979956,0.05556136802004402
0.7175457081488845,0.09167559539477482,0.027536747452472223,0.2724582482845962,0.13168948646224538,845,0,0,0,0.9475359173317413,0.052464082668258694
0.74226427099144,0.0,0.2432815791597015,0.0,0.0,846,0,1,0,0.7787033069239396,0.22129669307606037
0.7075705153627184,0.0876385690173572,0.004957001189231838,0.18227918100252394,0.1641430500095798,847,0,0,0,0.9358308058887069,0.06416919411129307
0.6643711744400936,0.07074125576129216,0.015559795622913014,0.25259360719432616,0.2550660000164805,848,0,0,0,0.9573168703422669,0.04268312965773312
0.7375180681359689,0.11893990479137642,0.09213142195173514,0.17869291047458424,0.46928561021498705,849,0,0,0,0.9673353324777737,0.032664667522226264
0.7173932730459386,0.08900080529397855,0.024816239756571136,0.28815104383119583,0.13884063184458292,850,0,0,0,0.9508342487732192,0.04916575122678084
0.6878954802993447,0.08160967562625096,0.012101215047137986,0.1873230260880489,0.1601208413839904,851,0,0,0,0.9354621604859252,0.06453783951407473
0.7377658750200047,0.08404278258633685,0.03414668813976804,0.37203199564239453,0.2005175210734031,852,0,0,0,0.9669620213457799,0.033037978654220104
0.6798310687621362,0.08817812544502031,0.035575135676950254,0.36098674179249346,0.1513776853788181,853,0,0,0,0.9622942704621699,0.03770572953783013
0.7464641663899941,0.07465406219704519,0.007783229377246339,0.24572782484403854,0.14593978603128727,854,0,0,0,0.9434715051367162,0.056528494863283825
0.7086052783956217,0.09354883137012455,0.038526259179288,0.15648394244826241,0.29988737269253274,855,0,0,0,0.9480604235147175,0.05193957648528249
0.6759403564547568,0.07536814957754415,0.0,0.17252549004566214,0.13690409902159334,856,0,0,0,0.9287839254138762,0.07121607458612379
0.6266576062082392,0.0,0.21008869700934077,0.0,0.0,857,0,1,0,0.7886044303047326,0.21139556969526735
0.6189771889236155,0.07454535129437823,0.026599961155539822,0.4046050527272315,0.1281934386772457,858,0,0,0,0.9653846047150492,0.03461539528495089
0.6702289110113234,0.07212519095412474,0.014102989529174319,0.25790103494175237,0.24687011305351333,859,0,0,0,0.9573461826622016,0.04265381733779836
0.7140135333409113,0.06991802487140766,0.0036349423930093373,0.22147729158542784,0.18329204297799961,860,0,0,0,0.9440462810522454,0.05595371894775453
0.6693726713887124,0.09534838088943724,0.05666079149158117,0.22559017833723355,0.379122744529496,861,0,0,0,0.9654719214813048,0.03452807851869526
0.7082293155173173,0.08691975530319188,0.02586516215172297,0.1718155023474809,0.22718854471464603,862,0,0,0,0.9414562816846868,0.058543718315313235
0.6874871666310904,0.14132735386283415,0.048620329109099934,0.1620216027780405,0.25969151727499756,863,0,0,0,0.9485597919881498,0.05144020801185018
0.6597968483954633,0.07714605078684908,0.030530163554173574,0.39255391075563467,0.18555841557825664,864,0,0,0,0.9682886216687232,0.03171137833127681
0.665814071449563,0.06637721318037129,0.006367035019312333,0.25059927021427253,0.16351327805028182,865,0,0,0,0.9468063942417742,0.053193605758225834
0.6545430797840974,0.10525748831610812,0.027779602519043867,0.18517167785014765,0.15265373255020864,866,0,0,0,0.9363345531606758,0.06366544683932414
0.7664437687405177,0.08854728607211029,0.0391196725104174,0.26077406938276165,0.22137230949876144,867,0,0,0,0.9545429885757786,0.045457011424221413
0.7008851595743398,0.08718436048255668,0.03179269473489832,0.27157910241606054,0.2108407702898478,868,0,0,0,0.9558761094357577,0.04412389056424231
0.6133623048332713,0.08062392778847964,0.023440787757851307,0.3370909576794622,0.1786352323868184,869,0,0,0,0.9621999722653936,0.0378000277346064
0.675641998660822,0.11414609567148334,0.05195248592568747,0.2684873625428878,0.1347961337585279,870,0,0,0,0.9488127667438785,0.05118723325612154
0.578805825152137,0.07756060688131919,0.0343509207572396,0.4434168817977174,0.19738251977702556,871,0,0,0,0.9743864805334863,0.025613519466513662
0.6052412436299143,0.07913133867580986,0.02993759969123789,0.4470818105817052,0.16650092205292702,872,0,0,0,0.9727845129931431,0.02721548700685694
0.6630915090192572,0.07324577597305956,0.02510268660639335,0.43277314000680955,0.16999649425484226,873,0,0,0,0.9711059620235513,0.028894037976448766
0.6387184366961288,0.07333047080846844,0.01644684768038765,0.30282120973148696,0.1691817087528689,874,0,0,0,0.9561677680264258,0.04383223197357417
0.7864509640380134,0.06735851247096727,0.02061670914491988,0.42559449735930377,0.18615055196034375,875,0,0,0,0.9704671117512241,0.02953288824877589
0.7194026803581309,0.0,0.2263557772516774,0.0,0.0,876,0,1,0,0.7823001700030088,0.21769982999699117
0.7345465527917745,0.07013577533196219,0.014334332262482645,0.25968054951332276,0.24604724554293494,877,0,0,0,0.9567005234237791,0.04329947657622086
0.6410071392418709,0.07095825228968371,0.027305646194106265,0.3311148442220648,0.2756868128463112,878,0,0,0,0.9684638196310248,0.03153618036897516
0.6926207170926623,0.09381323811764636,0.03643695312531291,0.4028875156239155,0.13627604731619009,879,0,0,0,0.9662016561950307,0.03379834380496923
0.676375275318736,0.09099576673068298,0.05053013510295831,0.45183750520345034,0.1981750763906033,880,0,0,0,0.9748449852312122,0.02515501476878773
0.8392414424378895,0.0754536134780409,0.017514445387254336,0.35367702480920343,0.10435866827908041,881,0,0,0,0.9548810146819511,0.045118985318048914
0.718525416471028,0.08806552495796315,0.0011876320031884817,0.18151076351707635,0.13726314730572078,882,0,0,0,0.9317044371501874,0.0682955628498126
0.6419517658142314,0.08099656061335735,0.029443447795393422,0.4270723612863622,0.15006537760615662,883,0,0,0,0.9696151917121794,0.030384808287820697
0.6405659791421986,0.07324339104099796,0.015964678465111425,0.26893672844065175,0.2069526550222075,884,0,0,0,0.9551650471604215,0.04483495283957845
0.7541902212649286,0.08702448543916488,0.016726919057151,0.25828321312791636,0.11955385199929108,885,0,0,0,0.9430759259442989,0.05692407405570107
0.7788933748184661,0.07669119924550258,0.008823097179671646,0.2940444670078039,0.11378597762059325,886,0,0,0,0.9476742862204213,0.052325713779578675
0.7281013697550988,0.07516290717389847,0.015153227145522516,0.263860337373995,0.23520468124753546,887,0,0,0,0.9566362654989959,0.04336373450100405
0.7052900335765392,0.09910083095829494,0.03986895719103277,0.19320669349386882,0.19466024335976284,888,0,0,0,0.9417536559256652,0.05824634407433481
0.5979227849071248,0.06499822830486178,0.0226739084900472,0.43807169281513664,0.18577792964264508,889,0,0,0,0.9727062562760184,0.027293743723981596
0.7042517910643211,0.07249961791420198,0.02344402758746548,0.26347492487102786,0.19387873367351888,890,0,0,0,0.9518679520750639,0.048132047924936125
0.6599374759977495,0.08072068802258167,0.03274207732884449,0.44057868636094444,0.21192841986962757,891,0,0,0,0.9747276906872577,0.02527230931274232
0.7575823585563076,0.07811054407654602,0.02752379941283935,0.37850010922630933,0.20368005510353882,892,0,0,0,0.9675772739340701,0.03242272606592986
0.6818107223042558,0.0932547512472082,0.03595019624018751,0.42642774256613336,0.127873163041957,893,0,0,0,0.968166041111503,0.031833958888497084
0.6850724181461338,0.07348220465122175,0.013020572298810004,0.29298885444882605,0.14389753020798188,894,0,0,0,0.951628693180442,0.04837130681955805
0.7025031467213625,0.07189088302111345,0.020922804475712035,0.3635833580509427,0.19032978928552013,895,0,0,0,0.9650934186920949,0.034906581307905145
0.6850546611594844,0.06744618732732448,0.025166046976321337,0.4027614964544139,0.23105760006620418,896,0,0,0,0.9719339727041055,0.02806602729589448
0.7066651844103564,0.1267439032173341,0.07318736851382787,0.2749046309783404,0.14073571293055293,897,0,0,0,0.9504496730665203,0.04955032693347971
0.5961076638712005,0.08470029004928994,0.04174800077889021,0.5060026850999186,0.15057009631815055,898,0,0,0,0.976824539525517,0.023175460474483035
0.7018824356638936,0.0791641118888424,0.0,0.16298071784264118,0.12677138194474316,899,0,0,0,0.924970069994738,0.07502993000526204
0.745795163354365,0.07662243569113092,0.0197560586386543,0.3266960985919154,0.2023636561154997,900,0,0,0,0.9616782844418138,0.038321715558186226
0.759919605476167,0.07115670329335287,0.018652179552957764,0.421821005307697,0.10780992476462922,901,0,0,0,0.9645497333520522,0.0354502666479478
0.6240457480617475,0.06758479092860945,0.00899582237144576,0.25764184788605715,0.17739826475991036,902,0,0,0,0.9501366092715451,0.049863390728454894
0.7251583752029078,0.07744918569446163,0.00769389662025838,0.21619151640722858,0.16517724530096706,903,0,0,0,0.9411234217146333,0.05887657828536679
0.7529802632890987,0.077674246854651,0.019719791655511902,0.29537148633625404,0.15986191675676661,904,0,0,0,0.9531138908808983,0.04688610911910178
0.639566612393439,0.09197552792880646,0.04103734203671746,0.4001612167996409,0.14728509665173034,905,0,0,0,0.9669358629858769,0.033064137014123106
0.622285183031298,0.07452675785495952,0.02880964295062857,0.4381786003433226,0.1585769248172878,906,0,0,0,0.9710954575125462,0.02890454248745381
0.5946478007936672,0.13236517413608945,0.08749610470582929,0.33648808977164485,0.5656635795149966,907,0,0,0,0.9856367469306925,0.014363253069307507
0.776996439335533,0.08346203955889986,0.02317252294265697,0.3475568913839084,0.22337709846372333,908,0,0,0,0.9660404705637559,0.03395952943624419
0.9092341913867916,0.0806872541635734,0.030922618190173085,0.4686244349569617,0.07873275278430945,909,0,0,0,0.9665460796182537,0.03345392038174633
0.7712901813217701,0.0957798977127498,0.035228729508448575,0.35768641658379596,0.1378897929102168,910,0,0,0,0.9603872284338846,0.03961277156611543
0.6042364971365067,0.09788529888097805,0.03551126013795221,0.2735646280852937,0.1212646175252228,911,0,0,0,0.9480692844321089,0.05193071556789107
0.6505530564262988,0.07861140569650676,0.022147905620688677,0.27886664716830506,0.2117638279347221,912,0,0,0,0.9571826490512966,0.04281735094870345
0.6801715971375871,0.09402461495724279,0.04064206715267817,0.29243907850600515,0.13819105338742288,913,0,0,0,0.9516481851902573,0.04835181480974266
0.6945401700536714,0.07348637345424745,0.026725218127155802,0.3769318038548173,0.2550855224309302,914,0,0,0,0.971342852329485,0.02865714767051493
0.6280722121127299,0.08180551772348058,0.025567429573432745,0.32580724425129143,0.16123428926028366,915,0,0,0,0.9590106600456255,0.04098933995437448
0.6839864178862826,0.07304540585671088,0.02289501898935469,0.28535977728557904,0.35681399973640954,916,0,0,0,0.9696504487025285,0.03034955129747156
0.6896193535688925,0.07962393115889427,0.028122906691709804,0.3194144827568329,0.213574751397138,917,0,0,0,0.9622072785276509,0.037792721472349085
0.6328706750932064,0.06595627292781417,0.020511348505508984,0.27481469893635674,0.29365337138933556,918,0,0,0,0.9635407177850815,0.03645928221491849
0.6720148736728236,0.11449541200908613,0.059393957263658426,0.28580318496994056,0.12282574957780631,919,0,0,0,0.9499997065993787,0.05000029340062126
0.6253101041556868,0.14399839225854738,0.07887407038227301,0.2237945772319947,0.21789671658599732,920,0,0,0,0.9533053127981115,0.04669468720188849
0.7539852446882487,0.07407487983254149,0.029389340926941003,0.30561354159668325,0.29310008419458644,921,0,0,0,0.9663225221464198,0.03367747785358025
0.5274777413940528,0.09496741016739374,0.03864200384141532,0.39361195139375016,0.09626161439377116,922,0,0,0,0.9631689109282188,0.03683108907178122
0.6873924347457754,0.11326673070828883,0.05612904734542188,0.23552257318606423,0.181857599495513,923,0,0,0,0.9485196204578162,0.05148037954218374
0.0,0.1460115328607006,0.08114582744750377,0.3603029859943142,0.024548564654096324,924,0,0,0,0.959471608091816,0.040528391908184004
0.6452141827546696,0.0,0.20100592664772388,0.0,0.0,925,0,1,0,0.7892306656388698,0.21076933436113018
0.6034307341983699,0.06532738800800045,0.019721800613730998,0.36376642477116483,0.21777463979775066,926,0,0,0,0.9676932212874799,0.032306778712520114
0.6729938623527048,0.0776167791584783,0.023533760475797187,0.347181207221086,0.18822561822539752,927,0,0,0,0.9635385472628035,0.03646145273719649
0.5919208325126369,0.07147026966440519,0.029992423979959486,0.46311137125122903,0.22638309629437187,928,0,0,0,0.9773738980086152,0.02262610199138482
0.6839309956177085,0.07835315381184495,0.029065331605816973,0.3306796022967707,0.18246591708170978,929,0,0,0,0.9607439317889965,0.03925606821100345
0.7724282567835428,0.07587876175019331,0.016425699583590244,0.28126797242064816,0.11186509149963239,930,0,0,0,0.9448621952250461,0.05513780477495394
0.7324152084441503,0.0693521148018578,0.0177905307540502,0.3148086176114763,0.1919748257335286,931,0,0,0,0.9588075441512036,0.04119245584879634
0.6697263885770115,0.09088632634631909,0.029082950193575985,0.29916013611995695,0.1720981184012334,932,0,0,0,0.956582276835455,0.04341772316454495
0.643323268309839,0.07470272045021184,0.01064565258046708,0.2154789265360026,0.1903492917172921,933,0,0,0,0.9449346456356837,0.05506535436431621
0.6930556142670011,0.07215695342462111,0.013161313707125274,0.29323242223927426,0.17884658637009615,934,0,0,0,0.9552498937813265,0.04475010621867353
0.7236912086179076,0.06845456574763568,0.020583534241439633,0.35377151210613783,0.18877526789655413,935,0,0,0,0.9634072486592146,0.03659275134078544
0.7332496296767187,0.08933730162811196,0.04166536578127904,0.28456892415894497,0.23612631585179927,936,0,0,0,0.9596582147991726,0.04034178520082746
0.6890216510518896,0.10585988828243756,0.03863339858077149,0.23613824156395002,0.1281176480687511,937,0,0,0,0.9418850575890817,0.05811494241091832
0.7788407460158275,0.07820608380818049,0.030149275285103395,0.44487453787441855,0.17091012082894094,938,0,0,0,0.9716765354438517,0.02832346455614835
0.6690286007422601,0.07162872005746765,0.00885664468692171,0.22992359068313134,0.19747722150367686,939,0,0,0,0.9477846258113858,0.05221537418861427
0.8542245447708237,0.07258054686778201,0.01336280709945636,0.36479331348301824,0.0945846394474709,940,0,0,0,0.95525060251091,0.04474939748908999
0.6959478905811186,0.08006563081794313,0.027202636741083974,0.33863052772117125,0.21459703243054645,941,0,0,0,0.9646158178402929,0.035384182159707095
0.7116725474807026,0.06534149183224658,0.012954502367927886,0.2845717083771379,0.24586741090650535,942,0,0,0,0.9599762760140468,0.04002372398595317
0.6193766618945605,0.07685908167622743,0.023084321246900977,0.3124765087888349,0.1894212445546276,943,0,0,0,0.9597137655502308,0.040286234449769184
0.5898184660126305,0.07553653297612646,0.017547984392508906,0.3665732544757595,0.1115859713410679,944,0,0,0,0.9598790116525562,0.04012098834744387
0.6695255992666267,0.07638505644148556,0.017271804387908637,0.26981506577662384,0.1918953690359828,945,0,0,0,0.9536022557709263,0.046397744229073716
0.7382527967713564,0.06978102595638902,0.015236094714238303,0.3233363316158843,0.14638249617586713,946,0,0,0,0.9555051086689048,0.04449489133109517
0.632880828627524,0.127576957627424,0.0763950016632492,0.3291228911831546,0.11931711124935893,947,0,0,0,0.9570409274559446,0.042959072544055406
0.8018880979477059,0.10535420462658833,0.050170296394321925,0.20242906892754695,0.1673249128466938,948,0,0,0,0.9386065666480706,0.061393433351929386
0.644838391820411,0.0710799280104696,0.022449326900536276,0.3325812566147322,0.26424001692254223,949,0,0,0,0.9678708353122639,0.03212916468773612
0.7155179782743697,0.07533755215026902,0.0,0.19238252258465288,0.14428340555107785,950,0,0,0,0.933663891786785,0.06633610821321498
0.6792199210242208,0.07370561223877058,0.017400425010763117,0.3185437907637325,0.17956570967885607,951,0,0,0,0.9589757257075524,0.04102427429244755
0.7588225003101613,0.07284325668866819,0.022525390871823227,0.44934556128452435,0.09495833333297046,952,0,0,0,0.9666326842963328,0.033367315703667216
0.6462086440267594,0.07773528984028345,0.01530527150986823,0.2678388360877751,0.15145629235181948,953,0,0,0,0.9491885813321255,0.0508114186678745
0.5902238240975545,0.08451524351683612,0.031868123089481094,0.3636564251081623,0.1541619882262395,954,0,0,0,0.9635072393649171,0.03649276063508283
0.7570172898373557,0.0,0.22363765302117175,0.0,0.0,955,0,1,0,0.7811600589586666,0.21883994104133342
0.5656061215793551,0.0856100575407366,0.029699855978488756,0.4403314158488024,0.09964501281550202,956,0,0,0,0.9680899518262799,0.03191004817372014
0.7682682129842502,0.07275487110562256,0.007915449120694341,0.3080117218922495,0.15799037054755116,957,0,0,0,0.9546981968852077,0.04530180311479229
0.6702964976706532,0.12049082008376778,0.07874908866029842,0.26944437130373144,0.15795631159059131,958,0,0,0,0.9511501583326477,0.04884984166735231
0.7523808596089996,0.07835094652694453,0.02131086775898487,0.2190826693530532,0.2131736852441855,959,0,0,0,0.9469285925232025,0.0530714074767975
0.638950216310548,0.09052647991472446,0.03453224206822056,0.38277496110241643,0.15263731456269858,960,0,0,0,0.9655295946806399,0.03447040531936006
0.7400819217428148,0.07161309515311895,0.0036045394587179216,0.23619660801564607,0.14014371252131105,961,0,0,0,0.9408927117773157,0.05910728822268429
0.7455905389048235,0.08867372298820092,0.034297291920838205,0.28481270804763037,0.147334853642903,962,0,0,0,0.9505156713059951,0.0494843286940049
0.6735585062862282,0.14803449641523417,0.09390581797661748,0.27180366022673974,0.1657080052924886,963,0,0,0,0.9541428091046129,0.04585719089538712
0.744834269121614,0.07881016120253202,0.009097794989371313,0.22763664355005356,0.18848442126440965,964,0,0,0,0.9460549179737352,0.05394508202626479
0.6929383798288078,0.08562504738738938,0.036168499717545516,0.48382443250082224,0.14024527367671694,965,0,0,0,0.9740039985734961,0.02599600142650398
0.6631371413586049,0.07454580161228724,0.021875200356354936,0.35704397626404605,0.19587044849241997,966,0,0,0,0.9652651604317031,0.03473483956829695
0.7879860051934013,0.0780379729215302,0.020739627390249857,0.30807746553568094,0.1758334200968521,967,0,0,0,0.956301314785151,0.04369868521484897
