GLCM_Pan,Mean_G,Mean_R,Mean_NIR,SD_Plan,name,is_train,target,prediction,score_0,score_1
0.6370181,0.04671727,0.021285884,0.22927009,0.31337583,0,0,0,0,0.958014696251522,0.04198530374847801
0.6760771,0.05818179,0.029614309,0.3556339,0.15613669,1,0,0,0,0.9600913268326488,0.039908673167351236
0.61400455,0.05270394,0.02347606,0.2540061,0.115244396,2,0,0,0,0.9395183441101848,0.06048165588981524
0.6814003,0.05987932,0.032259595,0.32520646,0.22640488,3,0,0,0,0.9625952541986882,0.03740474580131184
0.6915904,0.04875916,0.027208012,0.27003017,0.15230742,4,0,0,0,0.945751168223245,0.05424883177675504
0.71377033,0.13158101,0.11779577,0.17999245,0.15364239,5,0,0,0,0.9326502475674435,0.06734975243255646
0.7175851,0.072312646,0.04092082,0.39426845,0.16686392,6,0,0,0,0.9659735535945744,0.034026446405425674
0.72169375,0.09729155,0.08057158,0.19517826,0.15363108,7,0,0,0,0.933692847421107,0.06630715257889296
0.74209523,0.055221945,0.02605401,0.3295874,0.19005375,8,0,0,0,0.959132367177112,0.040867632822887974
0.7915633,0.059143465,0.03347161,0.27873996,0.17513567,9,0,0,0,0.9495148519983002,0.050485148001699794
0.60390013,0.07479343,0.05034231,0.27432644,0.12700267,10,0,0,0,0.9459602119245152,0.054039788075484874
0.6748423,0.05866234,0.03493719,0.26267225,0.23750769,11,0,0,0,0.9551258953140138,0.04487410468598622
0.70127964,0.041446682,0.027676769,0.13907292,0.10818903,12,0,1,0,0.9076900207420671,0.0923099792579329
0.7284165,0.055923764,0.029347679,0.3129381,0.105292,13,0,0,0,0.9475115438367595,0.05248845616324054
0.7194705,0.063041665,0.034261815,0.30186123,0.11586905,14,0,0,0,0.9474934257403228,0.05250657425967716
0.66098416,0.042936444,0.03749286,0.23219538,0.124277435,15,0,1,0,0.9338384033673698,0.06616159663263017
0.6668765,0.06279992,0.036579393,0.2584539,0.31944522,16,0,0,0,0.9627606224483253,0.037239377551674745
0.6196871,0.04944419,0.022198914,0.2671539,0.18345274,17,0,0,0,0.9501750100789071,0.04982498992109286
0.7217323,0.054632626,0.027945727,0.27001956,0.16524757,18,0,0,0,0.9475237792857012,0.05247622071429881
0.77572644,0.056749433,0.029866885,0.27149084,0.17956324,19,0,0,0,0.9489605726278006,0.05103942737219934
0.49493605,0.048500996,0.029676763,0.28163266,0.083660096,20,0,0,0,0.9413295274033658,0.05867047259663412
0.66095406,0.054236583,0.027484221,0.29743034,0.11510662,21,0,0,0,0.9468010518604443,0.053198948139555675
0.7253813,0.055040102,0.05389024,0.25331336,0.111008555,22,0,1,0,0.9358381754916825,0.06416182450831756
0.7601692,0.055742837,0.02989745,0.3173255,0.13049714,23,0,0,0,0.9507939235342796,0.049206076465720415
0.79818916,0.05027539,0.044372905,0.22952415,0.06819078,24,0,1,0,0.9224163223960269,0.07758367760397313
0.7073291,0.0713849,0.05730445,0.19494595,0.08539322,25,0,0,0,0.9206477975328131,0.07935220246718686
0.6557075,0.05889537,0.02958424,0.2686786,0.1318102,26,0,0,0,0.9442804080461545,0.05571959195384551
0.6180464,0.044920713,0.021996519,0.25212356,0.17427722,27,0,0,0,0.9461418651215986,0.05385813487840142
0.73189306,0.04024511,0.018407365,0.14169706,0.11227303,28,0,0,0,0.909153871157253,0.090846128842747
0.5768895,0.06752435,0.033766314,0.3790245,0.106055975,29,0,0,0,0.9599449683137151,0.04005503168628484
0.72719026,0.06251415,0.033303697,0.42274684,0.10087661,30,0,0,0,0.9632943908086918,0.03670560919130816
0.7740652,0.07603074,0.040788755,0.37602267,0.2247348,31,0,0,0,0.9682858371274675,0.031714162872532516
0.65955913,0.08207097,0.05683558,0.22426917,0.09744175,32,0,0,0,0.9317489794086428,0.06825102059135724
0.73234195,0.050722864,0.028893394,0.3098101,0.19675118,33,0,0,0,0.9567038909115154,0.043296109088484615
0.68599033,0.045690667,0.02387655,0.2560397,0.39867872,34,0,0,0,0.968056228190688,0.03194377180931194
0.7188847,0.044506446,0.02201177,0.15163913,0.09052525,35,0,0,0,0.9082449978148515,0.09175500218514855
0.68392116,0.066612676,0.037347462,0.42242777,0.20191991,36,0,0,0,0.9714811727381474,0.028518827261852585
0.80462897,0.055315085,0.031360697,0.2458908,0.102640525,37,0,0,0,0.9331415422541646,0.06685845774583546
0.7027816,0.03850066,0.029531991,0.18737225,0.10503482,38,0,1,0,0.9194813288181436,0.08051867118185638
0.5039386,0.047230575,0.03459903,0.1095422,0.1166592,39,0,0,0,0.9053884090516319,0.09461159094836814
0.6104922,0.06343942,0.035626363,0.34143066,0.12845585,40,0,0,0,0.9562695037327298,0.04373049626727022
0.7866541,0.043573294,0.024020476,0.3158301,0.16500449,41,0,0,0,0.9532741316430666,0.04672586835693339
0.6731996,0.045844655,0.02391253,0.14670712,0.12141434,42,0,0,0,0.9139672129133377,0.08603278708666233
0.78022164,0.054068975,0.03176975,0.4179116,0.2370403,43,0,0,0,0.9722330108499272,0.027766989150072773
0.6408261,0.06279326,0.034469496,0.2970215,0.17611088,44,0,0,0,0.9544400908595759,0.04555990914042407
0.72760886,0.037080128,0.025325114,0.10393898,0.09588965,45,0,0,0,0.8930952412223601,0.10690475877764
0.6153029,0.2325589,0.21640585,0.26792464,0.1798346,46,0,0,0,0.9578982049187722,0.04210179508122779
0.69517887,0.032562956,0.015492866,0.16186431,0.17140448,47,0,0,0,0.9250763649126243,0.07492363508737562
0.59371763,0.06442127,0.030812671,0.3969027,0.14476837,48,0,0,0,0.965273261097591,0.034726738902408925
0.72142416,0.034815073,0.0181282,0.1927801,0.13032877,49,0,0,0,0.9251371347957672,0.07486286520423276
0.7546076,0.050035406,0.025439173,0.22163738,0.16843176,50,0,0,0,0.9382636750264437,0.061736324973556266
0.6447978,0.07095686,0.03893558,0.37182188,0.14113022,51,0,0,0,0.9616990884853136,0.0383009115146864
0.7259543,0.057212472,0.033673793,0.29827437,0.13277127,52,0,0,0,0.948313222164894,0.051686777835105994
0.62682354,0.057486355,0.053200014,0.31851298,0.18860772,53,0,1,0,0.9577935294596273,0.042206470540372715
0.636104,0.08157371,0.05118649,0.3734326,0.23460795,54,0,0,0,0.9697934263500051,0.030206573649994947
0.6325834,0.075673565,0.043001764,0.3519916,0.1256373,55,0,0,0,0.9579552870962376,0.04204471290376246
0.78213656,0.056181286,0.034972683,0.42131615,0.1044091,56,0,0,0,0.9624521748779503,0.037547825122049724
0.7242626,0.06345735,0.032235045,0.3634418,0.1956043,57,0,0,0,0.9644230152914746,0.03557698470852543
0.63852286,0.04460977,0.02084857,0.23479146,0.2987027,58,0,0,0,0.9571579270028633,0.042842072997136715
0.70987797,0.053073164,0.0409868,0.29391,0.1278879,59,0,1,0,0.9464328778464834,0.053567122153516514
0.767205,0.053871423,0.027209742,0.3163817,0.19345105,60,0,0,0,0.9572641058663495,0.042735894133650545
0.7207525,0.06959772,0.038959984,0.3472256,0.17154115,61,0,0,0,0.9605441511879145,0.03945584881208557
0.81648195,0.06585383,0.032602057,0.43524545,0.16642873,62,0,0,0,0.9694054585796349,0.030594541420365086
0.7351428,0.13374536,0.12148938,0.17373013,0.2629586,63,0,0,0,0.9463259837273963,0.053674016272603764
0.7471578,0.05889018,0.037036877,0.27128047,0.22326085,64,0,0,0,0.9540648038299158,0.04593519617008424
0.71061957,0.049636677,0.024488235,0.28870198,0.17938974,65,0,0,0,0.9520292591697765,0.047970740830223416
0.61575323,0.046195947,0.0237776,0.18612796,0.17814958,66,0,0,0,0.9340932949691979,0.06590670503080207
0.6882205,0.067379184,0.039027262,0.32199746,0.1295467,67,0,0,0,0.9528857354764197,0.04711426452358031
0.6605404,0.041528106,0.02719944,0.13467734,0.09035965,68,0,0,0,0.903579795100635,0.09642020489936504
0.78226364,0.051382825,0.02679619,0.24425183,0.13788122,69,0,0,0,0.9381060315211014,0.06189396847889859
0.7252362,0.039588533,0.018121382,0.17401165,0.16351284,70,0,0,0,0.9268774529342318,0.07312254706576814
0.7807273,0.048496556,0.024610018,0.28349102,0.19088688,71,0,0,0,0.951611009609945,0.0483889903900549
0.63316774,0.062068492,0.035136923,0.38707453,0.24854994,72,0,0,0,0.9714430343217242,0.02855696567827579
0.6235635,0.047230575,0.02682703,0.19029233,0.126672,73,0,0,0,0.9266993629938868,0.07330063700611324
0.6011651,0.06708094,0.03673093,0.34644237,0.2885961,74,0,0,0,0.9707460237889435,0.029253976211056524
0.72643,0.079277165,0.04769289,0.31244785,0.23503079,75,0,0,0,0.962249464579172,0.037750535420827964
0.6449042,0.11358588,0.09976622,0.27900252,0.18588512,76,0,0,0,0.9544957539605239,0.04550424603947616
0.8027347,0.070817806,0.035171963,0.47518352,0.1545202,77,0,0,0,0.9727215697799954,0.027278430220004608
0.62173563,0.07077235,0.040412966,0.3191216,0.099638544,78,0,0,0,0.9500522364135282,0.049947763586471794
0.76053923,0.05165179,0.029417697,0.22303502,0.14131302,79,0,0,0,0.9344857792278088,0.06551422077219118
0.72860235,0.07830923,0.055265777,0.07849174,0.16155522,80,0,0,0,0.9046105782261736,0.09538942177382635
0.62939864,0.07390225,0.038096428,0.43076393,0.19534585,81,0,0,0,0.9725499784411203,0.027450021558879618
0.8451768,0.084477074,0.048264794,0.40679535,0.09243502,82,0,0,0,0.9605667662201106,0.039433233779889436
0.7112691,0.055734508,0.04736147,0.04452405,0.06983077,83,0,0,0,0.8671935145475056,0.1328064854524944
0.6886016,0.067903824,0.043454397,0.24374868,0.14373958,84,0,0,0,0.9410900216219611,0.0589099783780389
0.6821617,0.05657829,0.037060164,0.14800607,0.16987593,85,0,0,0,0.9236389490065858,0.07636105099341416
0.8527394,0.05675875,0.030648263,0.35285163,0.08201403,86,0,0,0,0.9499293583533334,0.05007064164666662
0.7684299,0.09569487,0.07693723,0.16099773,0.16314276,87,0,0,0,0.9269031994021959,0.0730968005978041
0.57655585,0.064650774,0.035138752,0.46629894,0.13604973,88,0,0,0,0.9718457447886214,0.028154255211378598
0.6667344,0.05315587,0.02751802,0.37054014,0.19031389,89,0,0,0,0.9647461930754151,0.03525380692458488
0.70154226,0.106447004,0.093418926,0.20563607,0.2544328,90,0,0,0,0.9497018067357846,0.05029819326421539
0.6488819,0.07121759,0.043367438,0.28086895,0.26329535,91,0,0,0,0.9610768735193924,0.0389231264806076
0.8722506,0.04571473,0.02399349,0.25317153,0.11074888,92,0,0,0,0.9341424847356717,0.06585751526432823
0.7166006,0.08667364,0.050061043,0.46676815,0.13268259,93,0,0,0,0.9715378468912205,0.02846215310877954
0.64466673,0.034446135,0.023948513,0.11621621,0.13898942,94,0,1,0,0.907743644702073,0.09225635529792699
0.78431374,0.07774739,0.04341726,0.5347787,0.14654788,95,0,0,0,0.9774404224583011,0.022559577541698905
0.711104,0.046653107,0.023588698,0.2248759,0.11357471,96,0,0,0,0.9311034778894716,0.06889652211052849
0.7036323,0.06510263,0.03497226,0.3340002,0.29663104,97,0,0,0,0.9692888538670611,0.030711146132938908
0.68717396,0.16551334,0.09761034,0.17829314,0.055241626,98,0,0,0,0.9222334536698038,0.07776654633019615
0.76468897,0.05001478,0.028122364,0.21688598,0.084790885,99,0,0,0,0.9238244902035828,0.07617550979641718
0.71657926,0.051850297,0.030133538,0.1175545,0.13552989,100,0,0,0,0.908333131946263,0.09166686805373699
0.6277133,0.061467312,0.030140094,0.355433,0.17275116,101,0,0,0,0.9622432147558438,0.0377567852441562
0.76111305,0.048509248,0.024282627,0.31884012,0.14263038,102,0,0,0,0.9519761022500064,0.04802389774999355
0.69582266,0.047952406,0.020836115,0.19062328,0.12905031,103,0,0,0,0.9264425332091357,0.07355746679086426
0.73695964,0.07525876,0.053839464,0.08093579,0.12708563,104,0,0,0,0.8972381402327834,0.10276185976721663
0.7180212,0.05332871,0.043171614,0.31738064,0.23284447,105,0,1,0,0.9610269264556159,0.03897307354438403
0.59744245,0.0634546,0.03176163,0.408967,0.1804472,106,0,0,0,0.9692224250844313,0.030777574915568626
0.6644068,0.08819451,0.058542453,0.30494347,0.23420428,107,0,0,0,0.962067672779865,0.037932327220134954
0.7150833,0.054342512,0.028752986,0.27315006,0.13163102,108,0,0,0,0.9438700799213883,0.056129920078611735
0.7625994,0.058580752,0.032134917,0.25726458,0.16033405,109,0,0,0,0.944372347486347,0.055627652513653
0.6812972,0.07209554,0.04680945,0.2730476,0.15107222,110,0,0,0,0.9476505465968245,0.052349453403175504
0.8050339,0.04073409,0.02439828,0.31439602,0.052079752,111,0,0,0,0.938441462701705,0.06155853729829502
0.7080032,0.05818914,0.05130436,0.09421991,0.12743086,112,0,0,0,0.8992652935398777,0.10073470646012225
0.71285456,0.033734005,0.013753203,0.0962429,0.104525395,113,0,0,0,0.8933233324227347,0.10667666757726532
0.746895,0.06895521,0.042063944,0.34554464,0.14999162,114,0,0,0,0.9578489759358945,0.04215102406410557
0.69535434,0.06378161,0.03880388,0.23745938,0.11729006,115,0,0,0,0.9357990285177422,0.0642009714822578
0.7035118,0.07218444,0.04105273,0.37534824,0.11918015,116,0,0,0,0.9596041742496023,0.0403958257503977
0.7506389,0.060407277,0.034657907,0.4136489,0.117574506,117,0,0,0,0.9632467056025744,0.03675329439742563
0.66535014,0.045382686,0.027863298,0.17228903,0.101138875,118,0,0,0,0.9167014631251639,0.08329853687483614
0.6701194,0.07570023,0.045059193,0.39821717,0.14640327,119,0,0,0,0.9652395037953266,0.03476049620467335
0.6129633,0.07537572,0.03994932,0.47339264,0.14146592,120,0,0,0,0.973057754802229,0.02694224519777103
0.77470523,0.0343073,0.034353364,0.16559713,0.071809806,121,0,1,0,0.9046098678137907,0.0953901321862093
0.6637744,0.049179517,0.025981465,0.31209782,0.19405805,122,0,0,0,0.9574256152995122,0.042574384700487806
0.7239083,0.08195181,0.07756605,0.28686997,0.15047406,123,0,0,0,0.9489585913300952,0.05104140866990481
0.656703,0.06975172,0.03844185,0.3872697,0.3204538,124,0,0,0,0.9760992070566288,0.023900792943371163
0.60676455,0.05407266,0.02638544,0.31527853,0.19097899,125,0,0,0,0.9584905872534252,0.041509412746574846
0.72156316,0.040915076,0.018015606,0.18594003,0.13176215,126,0,0,0,0.9245909138229468,0.07540908617705318
0.77062696,0.075342625,0.042076636,0.36665496,0.3122433,127,0,0,0,0.9733772347962217,0.026622765203778313
0.70602596,0.07374331,0.04247329,0.44702297,0.22330639,128,0,0,0,0.9751209481705327,0.024879051829467255
0.65370435,0.052934926,0.027255055,0.29152066,0.2258999,129,0,0,0,0.9580792835297713,0.0419207164702287
0.62993747,0.056421895,0.031360697,0.33979592,0.14913999,130,0,0,0,0.957522846776881,0.04247715322311896
0.6819113,0.073318414,0.043152038,0.4741248,0.15470386,131,0,0,0,0.9733479938483915,0.02665200615160845
0.7108538,0.04420386,0.021400033,0.28860527,0.18304573,132,0,0,0,0.9520623062716684,0.04793769372833159
0.6955251,0.04555861,0.023294989,0.20102875,0.2250859,133,0,0,0,0.9425023480918545,0.057497651908145514
0.84248936,0.05462213,0.024236364,0.28123552,0.100181736,134,0,0,0,0.9397272415713369,0.06027275842866304
0.6739184,0.059007823,0.03257081,0.24559468,0.19627722,135,0,0,0,0.9479382109094422,0.0520617890905578
0.67980176,0.20135134,0.21193713,0.29093483,0.6668273,136,0,0,0,0.9868901052929143,0.013109894707085689
0.7629873,0.064265795,0.035246696,0.33640376,0.14917776,137,0,0,0,0.9561987467755144,0.043801253224485616
0.70005554,0.20117179,0.1655017,0.25898984,0.22197828,138,0,0,0,0.9593565548631512,0.04064344513684885
0.5782487,0.056882493,0.035616793,0.45570877,0.11821066,139,0,0,0,0.9691001660111203,0.030899833988879726
0.69560903,0.035564218,0.014311313,0.0852939,0.07160817,140,0,0,0,0.8823125729236693,0.11768742707633076
0.67584074,0.059801545,0.037388977,0.46456787,0.095577724,141,0,0,0,0.9677327906009929,0.03226720939900702
0.75734323,0.04896297,0.023294304,0.23861004,0.17389406,142,0,0,0,0.9422268463489264,0.05777315365107362
0.77859783,0.0600398,0.027474698,0.2990824,0.07397671,143,0,0,0,0.9408589820289097,0.059141017971090296
0.6554649,0.057969563,0.0307966,0.27580377,0.13949299,144,0,0,0,0.9463622577369771,0.053637742263022876
0.66111314,0.06282213,0.06193981,0.33694744,0.14573362,145,0,1,0,0.9558238709912511,0.04417612900874887
0.6846408,0.046798542,0.02311854,0.26640436,0.16131517,146,0,0,0,0.9463233279222523,0.053676672077747734
0.691797,0.06116547,0.030787352,0.32991782,0.21685384,147,0,0,0,0.9623816614608932,0.03761833853910684
0.64893436,0.054391142,0.029417697,0.28401545,0.14914227,148,0,0,0,0.948722913663509,0.051277086336491015
0.7637559,0.04512695,0.032054625,0.25841936,0.085705,149,0,0,0,0.9325644230829351,0.06743557691706488
0.74693096,0.04116719,0.021645699,0.22719249,0.25496724,150,0,0,0,0.9497731820885522,0.05022681791144777
0.673961,0.0795882,0.056861196,0.33213794,0.18429972,151,0,0,0,0.9603261500661867,0.03967384993381333
0.729426,0.056155037,0.029084051,0.21765031,0.07594068,152,0,0,0,0.9238746556774605,0.07612534432253944
0.66581416,0.034093242,0.02245528,0.16447876,0.09226039,153,0,1,0,0.9115450229771977,0.08845497702280222
0.79210484,0.058471896,0.033562765,0.32103696,0.17581661,154,0,0,0,0.956018027476091,0.043981972523908994
0.73396343,0.06981835,0.04468768,0.33659467,0.2565152,155,0,0,0,0.966291733619529,0.03370826638047096
0.7224131,0.048561953,0.048463892,0.19016363,0.1483645,156,0,1,0,0.9274706626680149,0.0725293373319851
0.6320222,0.05206605,0.02741776,0.24743277,0.1520906,157,0,0,0,0.9427520535907414,0.0572479464092586
0.6865817,0.07223763,0.042639572,0.33176652,0.15692924,158,0,0,0,0.9574618618304002,0.0425381381695998
0.7075567,0.046469368,0.045359127,0.22075415,0.12108989,159,0,1,0,0.9301312868040852,0.06986871319591487
0.6237318,0.063922584,0.04358082,0.31001884,0.18223412,160,0,0,0,0.9568749106117078,0.04312508938829218
0.7172501,0.10310033,0.07888323,0.20005515,0.17342925,161,0,0,0,0.9384237362950452,0.061576263704954816
0.7228237,0.046847504,0.035009433,0.18276256,0.11092698,162,0,1,0,0.9198599036076492,0.08014009639235078
0.6375863,0.11163314,0.080276564,0.30758557,0.09355762,163,0,0,0,0.9493615864346506,0.05063841356534938
0.7267211,0.05144607,0.02585553,0.28282404,0.15637931,164,0,0,0,0.9483400384163243,0.05165996158367573
0.7954232,0.047461558,0.024754498,0.18367347,0.08118351,165,0,0,0,0.9140179230131941,0.08598207698680597
0.71989983,0.04219425,0.020095924,0.050539754,0.08066456,166,0,0,0,0.8720993630965986,0.12790063690340137
0.7449919,0.04814236,0.02236154,0.2410834,0.103006735,167,0,0,0,0.932712066093592,0.067287933906408
0.6459559,0.07876659,0.043414492,0.49950358,0.09502884,168,0,0,0,0.9722916785582079,0.027708321441792114
0.68441945,0.12772681,0.11492317,0.3341423,0.3058972,169,0,0,0,0.9715169194598697,0.028483080540130216
0.6959472,0.07311286,0.049595002,0.30657503,0.19529498,170,0,0,0,0.957493524191175,0.04250647580882508
0.66984594,0.039001696,0.025887914,0.087038055,0.078121096,171,0,0,0,0.884816569600389,0.115183430399611
0.9755328,0.12056865,0.11490968,0.17937121,0.09546804,172,0,0,0,0.9169107631519448,0.0830892368480552
0.597207,0.05306297,0.028446198,0.31516823,0.1630723,173,0,0,0,0.9556086889416828,0.04439131105831719
0.7177537,0.039146062,0.01657231,0.086376175,0.07475688,174,0,0,0,0.8834459505239726,0.11655404947602739
0.6191269,0.06365224,0.036390234,0.28555226,0.14142357,175,0,0,0,0.9489862269921958,0.05101377300780422
0.6607382,0.066167206,0.03921168,0.3603487,0.16104476,176,0,0,0,0.9615497347234515,0.038450265276548524
0.5706781,0.045663167,0.021044293,0.19757308,0.16144012,177,0,0,0,0.9347487225971896,0.06525127740281042
0.6746399,0.04030099,0.017112032,0.12645707,0.19896509,178,0,0,0,0.9226160959180671,0.0773839040819329
0.6894832,0.19111674,0.2346625,0.41536346,0.14483282,179,0,0,0,0.9685440398928266,0.03145596010717342
0.80886024,0.1152719,0.10168835,0.19428648,0.2454969,180,0,0,0,0.9458921435880394,0.05410785641196054
0.7720375,0.06389832,0.033892483,0.38251016,0.1650425,181,0,0,0,0.9636668311967099,0.03633316880329006
0.6254879,0.07262815,0.042911157,0.41315573,0.1932014,182,0,0,0,0.9705790653520592,0.029420934647940787
0.7129867,0.033364452,0.01598837,0.14974183,0.07757909,183,0,0,0,0.903728422213064,0.09627157778693593
0.7001332,0.049577292,0.026634108,0.23989156,0.34435356,184,0,0,0,0.9617623873996303,0.03823761260036973
0.68496704,0.07250659,0.041580755,0.35897014,0.26249093,185,0,0,0,0.9697297287951174,0.03027027120488253
0.7453043,0.049554348,0.023971055,0.2698144,0.13773555,186,0,0,0,0.9433989751990656,0.05660102480093443
0.583717,0.055315085,0.028122364,0.27236626,0.15692367,187,0,0,0,0.9486291402957314,0.05137085970426852
0.89473146,0.055661567,0.032137897,0.26071703,0.07038823,188,0,0,0,0.9299445591816105,0.07005544081838957
0.66077465,0.4351707,0.39587724,0.4088372,0.104620345,189,0,0,0,0.9745356182159086,0.025464381784091415
0.73118824,0.047326818,0.0266921,0.23701048,0.137725,190,0,0,0,0.9369020944369099,0.0630979055630901
0.9013316,0.058266576,0.03071303,0.37687075,0.14325254,191,0,0,0,0.9595285201722642,0.040471479827735836
0.712221,0.07090665,0.06435359,0.06130236,0.12037146,192,0,0,0,0.8880812960844634,0.11191870391553659
0.8170503,0.07379397,0.040751863,0.39646995,0.17570938,193,0,0,0,0.9662350957832989,0.03376490421670107
0.68533146,0.053380072,0.045757074,0.23614828,0.16457461,194,0,1,0,0.9408236471571281,0.05917635284287187
0.723338,0.050375916,0.026234485,0.21631715,0.24478532,195,0,0,0,0.9477080554975625,0.052291944502437425
0.7662094,0.063767076,0.039956998,0.335787,0.2447775,196,0,0,0,0.9647318806667251,0.035268119333274874
0.65272504,0.09044259,0.047749955,0.561992,0.13065217,197,0,0,0,0.9796856341053379,0.020314365894662047
0.8119592,0.06404123,0.035390623,0.3612061,0.16417512,198,0,0,0,0.9605419623393603,0.03945803766063968
0.62475705,0.059126355,0.029871063,0.54559296,0.13403957,199,0,0,0,0.9779013039966925,0.022098696003307487
0.63275397,0.06370601,0.032986473,0.38919595,0.15703495,200,0,0,0,0.964962088564114,0.03503791143588597
0.81728846,0.041744653,0.019378865,0.21213458,0.10491311,201,0,0,0,0.924658819711475,0.07534118028852499
0.7376172,0.064049244,0.035003822,0.30148923,0.16184191,202,0,0,0,0.9526141835890272,0.04738581641097285
0.46376812,0.06051227,0.035246696,0.3809156,0.0,203,0,0,0,0.9496096947247927,0.05039030527520722
0.7578133,0.04529074,0.02224306,0.22097045,0.1380198,204,0,0,0,0.9332278588948868,0.06677214110511323
0.5244043,0.067121044,0.033951364,0.39584482,0.06304464,205,0,0,0,0.9585440919452681,0.04145590805473187
0.66523445,0.051003344,0.026956564,0.22510755,0.15686978,206,0,0,0,0.9386028779289185,0.06139712207108145
0.7709306,0.045678634,0.026840523,0.31099007,0.109375216,207,0,0,0,0.9462637662130489,0.05373623378695119
0.65081257,0.07709635,0.045582373,0.3667402,0.21560133,208,0,0,0,0.967467206369644,0.032532793630355966
0.75648767,0.049655925,0.024236364,0.36714837,0.25463632,209,0,0,0,0.9686059028679896,0.03139409713201034
0.71253365,0.041364744,0.031837925,0.15057915,0.096186735,210,0,1,0,0.9079657557863176,0.09203424421368248
0.77056855,0.072061576,0.036741313,0.4324409,0.16620083,211,0,0,0,0.9696836932392254,0.030316306760774542
0.69900614,0.06978671,0.03585511,0.4263852,0.18391211,212,0,0,0,0.970735049679335,0.029264950320664954
0.84393734,0.06877447,0.046157386,0.21748058,0.09971653,213,0,0,0,0.9265604125117912,0.07343958748820877
0.6836083,0.045925,0.024278603,0.24807788,0.1596024,214,0,0,0,0.9426894839591828,0.057310516040817175
0.7370408,0.06131184,0.041441046,0.18348679,0.13138027,215,0,0,0,0.9249743197475884,0.07502568025241169
0.6723659,0.053005226,0.026179364,0.08624379,0.12917544,216,0,0,0,0.8991225520397629,0.10087744796023715
0.67476743,0.068121225,0.03383707,0.357516,0.12082185,217,0,0,0,0.9575669078185806,0.04243309218141948
0.6703338,0.07679679,0.046150852,0.36862838,0.18379967,218,0,0,0,0.9649492137578242,0.03505078624217581
0.6493513,0.06499565,0.037963297,0.34191027,0.25169265,219,0,0,0,0.9670541686557248,0.03294583134427524
0.7074072,0.033658326,0.013649664,0.12389139,0.09352915,220,0,0,0,0.8997138701893369,0.10028612981066307
0.6959357,0.03387669,0.013321711,0.09781627,0.10523264,221,0,0,0,0.8944521040581359,0.10554789594186403
0.63998634,0.06935904,0.03946948,0.39359736,0.19056368,222,0,0,0,0.9682033446194174,0.0317966553805826
0.63192785,0.060149293,0.06193056,0.2721393,0.09705155,223,0,1,0,0.9391007802130737,0.060899219786926265
0.69782335,0.06853199,0.03749823,0.3976048,0.18495594,224,0,0,0,0.9677720620347638,0.0322279379652361
0.81864166,0.05358269,0.02682703,0.3171539,0.17810044,225,0,0,0,0.9552724642836281,0.044727535716371884
0.7314952,0.060787067,0.043085694,0.22654316,0.19839393,226,0,0,0,0.9438418260170686,0.0561581739829314
0.70405734,0.07027546,0.04313417,0.36860657,0.15583898,227,0,0,0,0.9618966787090497,0.03810332129095033
0.7462531,0.042389695,0.019946149,0.1607891,0.13861634,228,0,0,0,0.9192589312365244,0.08074106876347566
0.685763,0.0666544,0.0349523,0.40654865,0.09668093,229,0,0,0,0.9615243356470544,0.038475664352945575
0.64053535,0.083452076,0.05885414,0.42120793,0.1142704,230,0,0,0,0.9655683375523233,0.03443166244767674
0.7380393,0.05047183,0.024560198,0.081017025,0.1067051,231,0,0,0,0.8904386183563554,0.10956138164364464
0.6865442,0.05727394,0.032363944,0.2949612,0.143517,232,0,0,0,0.9495660365337873,0.05043396346621266
0.7869281,0.07475641,0.042802807,0.48792058,0.21088353,233,0,0,0,0.9772450178019143,0.02275498219808566
0.65280837,0.06419822,0.044851452,0.23455423,0.14028059,234,0,0,0,0.9388499199413345,0.061150080058665554
0.7275505,0.063053116,0.03672913,0.24619967,0.17492627,235,0,0,0,0.9449452632606691,0.055054736739330964
0.77535117,0.05221121,0.026530184,0.28086045,0.11182996,236,0,0,0,0.9417744334949971,0.058225566505002865
0.7420505,0.053149592,0.025207864,0.14660783,0.0901588,237,0,0,0,0.9074318203372543,0.09256817966274566
0.7672272,0.05369374,0.028471107,0.3402096,0.16266003,238,0,0,0,0.9574547802550937,0.042545219744906326
0.7251492,0.05349385,0.026166908,0.31640714,0.24438967,239,0,0,0,0.9624611934186975,0.03753880658130253
0.74270463,0.04175535,0.028458191,0.24297358,0.14463134,240,0,1,0,0.9381868657552285,0.06181313424477153
0.60379636,0.046364374,0.023264864,0.24655268,0.10219297,241,0,0,0,0.935589422071999,0.06441057792800094
0.69794977,0.073010534,0.058411706,0.0652523,0.054768294,242,0,0,0,0.8740676877927326,0.1259323122072674
0.71762574,0.07599556,0.046823736,0.47006342,0.15265377,243,0,0,0,0.9726732397919994,0.027326760208000615
0.66274387,0.056911606,0.030579688,0.52390254,0.13780029,244,0,0,0,0.9761236868889774,0.02387631311102261
0.61481833,0.05111944,0.02644248,0.22053227,0.15269803,245,0,0,0,0.9378571824636083,0.06214281753639169
0.7361611,0.055349056,0.026788933,0.1945362,0.19959456,246,0,0,0,0.9381021836783545,0.061897816321645524
0.71228313,0.06396008,0.03381802,0.44776613,0.17539315,247,0,0,0,0.9718358026732843,0.028164197326715695
0.63204455,0.0480628,0.023798237,0.1850751,0.23412833,248,0,0,0,0.9418198554092729,0.05818014459072709
0.7359823,0.037195932,0.017473027,0.103075236,0.06478039,249,0,0,0,0.8858555110092572,0.11414448899074284
0.72044855,0.028980682,0.0107917,0.08395686,0.056572236,250,0,0,0,0.8762562719237345,0.12374372807626552
0.6964228,0.045772027,0.021084832,0.26709163,0.32195532,251,0,0,0,0.9630904449734414,0.0369095550265586
0.78593516,0.08026639,0.04508313,0.49543574,0.119619496,252,0,0,0,0.9726542966019021,0.02734570339809796
0.6777813,0.046374876,0.023250146,0.20253122,0.17813727,253,0,0,0,0.9366186623016919,0.06338133769830809
0.73312765,0.06045,0.03357673,0.28489667,0.2152657,254,0,0,0,0.9556434769002933,0.044356523099706675
0.61803126,0.058202412,0.030204149,0.3419825,0.15570976,255,0,0,0,0.9587651211797725,0.041234878820227513
0.7459592,0.04539823,0.024971217,0.21810429,0.1276203,256,0,0,0,0.9310383714843123,0.06896162851568768
0.6955393,0.051745303,0.02785741,0.290523,0.12008824,257,0,0,0,0.945523811521729,0.054476188478271015
0.5342102,0.054160155,0.026179364,0.2743519,0.11231226,258,0,0,0,0.9440240143940398,0.05597598560596018
0.5203359,0.07767874,0.047316846,0.3543198,0.098588474,259,0,0,0,0.956695258939133,0.04330474106086698
0.7174629,0.08836919,0.048666347,0.44398016,0.13111737,260,0,0,0,0.969319322260231,0.030680677739768982
0.70217776,0.046311878,0.027474698,0.288763,0.16300091,261,0,0,0,0.9498347177760421,0.05016528222395793
0.73092544,0.082424566,0.07662696,0.20319912,0.07189728,262,0,0,0,0.9201703756395521,0.0798296243604479
0.6220663,0.07066604,0.04123761,0.43847215,0.12772097,263,0,0,0,0.9683590956995786,0.0316409043004214
0.7268842,0.04622001,0.02478439,0.1908333,0.112820804,264,0,0,0,0.9227112065493196,0.07728879345068043
0.7677584,0.060549527,0.034995984,0.29756063,0.1841562,265,0,0,0,0.9538154695377793,0.04618453046222071
0.6350283,0.040049516,0.018867,0.14128071,0.14091688,266,0,0,0,0.9164253530000043,0.0835746469999957
0.64418125,0.08250926,0.06481516,0.24049896,0.10298152,267,0,0,0,0.935849669209888,0.064150330790112
0.58858657,0.0683658,0.0383814,0.32280198,0.12248953,268,0,0,0,0.9534339559457534,0.04656604405424663
0.6081273,0.103822164,0.07345902,0.17506894,0.05225637,269,0,0,0,0.9149155219441699,0.08508447805583012
0.74987215,0.06108974,0.028122364,0.32862657,0.09715036,270,0,0,0,0.9494530003322605,0.0505469996677394
0.552657,0.048449665,0.020422328,0.19698474,0.05225637,271,0,0,0,0.9170932059315391,0.08290679406846094
0.6537015,0.085696824,0.064471,0.23458469,0.20693858,272,0,0,0,0.9487490884208212,0.05125091157917881
0.71734256,0.05251125,0.028130166,0.2179241,0.12207573,273,0,0,0,0.9312851785701506,0.06871482142984943
0.7165402,0.044194225,0.023317095,0.1419675,0.16563526,274,0,0,0,0.9199549680555341,0.0800450319444659
0.5917843,0.059323374,0.03109401,0.43639725,0.20298278,275,0,0,0,0.9732073104753197,0.026792689524680332
0.7105462,0.0434886,0.024365898,0.18597683,0.08337619,276,0,0,0,0.9160758974502359,0.08392410254976417
0.68184006,0.08808623,0.05613394,0.30281302,0.11148298,277,0,0,0,0.9490054702367635,0.050994529763236526
0.72297055,0.051486704,0.038005274,0.29550776,0.18389696,278,0,1,0,0.9530500135686361,0.0469499864313639
0.7295904,0.052437074,0.027772415,0.24010462,0.114864185,279,0,0,0,0.9347461962468405,0.06525380375315946
0.6761953,0.060759757,0.030787049,0.3005626,0.17429233,280,0,0,0,0.9543713150460162,0.045628684953983804
0.67082477,0.47712547,0.44453016,0.45795065,0.10647608,281,0,0,0,0.9792145211778345,0.020785478822165505
0.6902971,0.058646616,0.029965723,0.34474945,0.15471776,282,0,0,0,0.9583888321735343,0.04161116782646569
0.7155158,0.051669836,0.036582507,0.3141892,0.19011748,283,0,1,0,0.9566082916924866,0.04339170830751341
0.6252247,0.08718795,0.04584324,0.52931297,0.09086846,284,0,0,0,0.9751318300060094,0.024868169993990573
0.77785254,0.03823174,0.025378777,0.10177422,0.07219202,285,0,1,0,0.885683496303884,0.11431650369611604
0.64457726,0.06049819,0.033066746,0.36235857,0.24146834,286,0,0,0,0.9683578081918516,0.03164219180814842
0.7093497,0.039071202,0.03405931,0.15440339,0.13885675,287,0,1,0,0.9168806853027711,0.08311931469722886
0.6842021,0.06320711,0.043330535,0.2183367,0.29435387,288,0,0,0,0.9545391942929154,0.04546080570708456
0.73359925,0.04327716,0.021147493,0.23068437,0.12651025,289,0,0,0,0.933725742738437,0.06627425726156302
0.75829065,0.048239104,0.022338975,0.29607296,0.16282122,290,0,0,0,0.950748361680182,0.04925163831981801
0.8050393,0.12124236,0.10163252,0.1639272,0.21091011,291,0,0,0,0.9361645589493183,0.06383544105068174
0.6671876,0.045397747,0.022293365,0.23573227,0.18903442,292,0,0,0,0.9445267627576812,0.05547323724231877
0.6935819,0.048674237,0.029984405,0.27906784,0.19370519,293,0,0,0,0.9519981671216967,0.04800183287830331
0.7826466,0.059678156,0.033375658,0.35083655,0.19730148,294,0,0,0,0.9622478762036977,0.0377521237963023
0.6421283,0.05252635,0.02886481,0.26497248,0.1863637,295,0,0,0,0.9498976350581706,0.05010236494182936
0.5691146,0.05131408,0.019702699,0.29553226,0.104648285,296,0,0,0,0.9463801300320092,0.05361986996799083
0.6443308,0.04780804,0.029093863,0.28560397,0.14056751,297,0,0,0,0.9473927462523184,0.052607253747681645
0.5515749,0.070663504,0.043564096,0.32963684,0.086247995,298,0,0,0,0.9508624539471405,0.04913754605285943
0.70160466,0.091329455,0.09275379,0.18084894,0.12168316,299,0,0,0,0.9241323529551029,0.07586764704489708
0.51503265,0.054160155,0.03071303,0.28229454,0.06588659,300,0,0,0,0.9393125904435317,0.06068740955646834
0.69687,0.122342296,0.116667636,0.21761878,0.105775736,301,0,0,0,0.9325648910846809,0.06743510891531908
0.72122246,0.050834753,0.04150003,0.2680754,0.10997916,302,0,1,0,0.9388915674038781,0.06110843259612182
0.7130082,0.03599625,0.019526063,0.15310635,0.102185115,303,0,0,0,0.9099431983109728,0.09005680168902719
0.68460834,0.08185669,0.042199947,0.46639886,0.12025912,304,0,0,0,0.9708067262069382,0.029193273793061792
0.7618183,0.04293258,0.02056317,0.16074383,0.110237084,305,0,0,0,0.91368577075535,0.08631422924465006
0.6342747,0.055081643,0.028260166,0.30626327,0.26685157,306,0,0,0,0.9640040817020508,0.03599591829794919
0.64927536,0.042033385,0.02488403,0.23000552,0.14744012,307,0,0,0,0.9375511327195377,0.06244886728046226
0.6685046,0.05143032,0.027474698,0.35407913,0.16772504,308,0,0,0,0.960608667229141,0.039391332770859086
0.6994732,0.040463634,0.019844119,0.14470595,0.18798667,309,0,0,0,0.9245444573748821,0.07545554262511786
0.6881659,0.049989574,0.025219858,0.3185267,0.13356294,310,0,0,0,0.9518189733403283,0.04818102665967174
0.67022496,0.050956856,0.026252685,0.2052035,0.13110512,311,0,0,0,0.9305605407117832,0.0694394592882168
0.7204162,0.047966287,0.028978653,0.18369256,0.21889822,312,0,0,0,0.9379570455217536,0.06204295447824642
0.7056165,0.07595947,0.04155833,0.42629778,0.04585774,313,0,0,0,0.9596555019576715,0.04034449804232856
0.6822393,0.057143725,0.02850017,0.30728075,0.16179708,314,0,0,0,0.9537553786264271,0.04624462137357293
0.6008989,0.053173654,0.03424821,0.25595698,0.12633274,315,0,0,0,0.9410939018813507,0.058906098118649386
0.559004,0.057294965,0.030342935,0.23775904,0.0721454,316,0,0,0,0.9307483425115978,0.0692516574884022
0.7304316,0.07377259,0.057579197,0.09252927,0.12198847,317,0,0,0,0.8992887289034074,0.10071127109659266
0.6375429,0.07941255,0.04245855,0.45665687,0.1951769,318,0,0,0,0.9749250136369586,0.02507498636304137
0.9163209,0.052572127,0.029660571,0.41384447,0.10990183,319,0,0,0,0.9607157016341215,0.03928429836587856
0.7232919,0.03804269,0.017545737,0.09251044,0.10738116,320,0,0,0,0.8930050208868062,0.10699497911319382
0.59977704,0.07481564,0.04070204,0.4670372,0.18061028,321,0,0,0,0.9749656556794423,0.025034344320557688
0.7083668,0.044700727,0.025284968,0.20034671,0.15727554,322,0,0,0,0.9322674176751605,0.06773258232483946
0.74428487,0.057491686,0.033204056,0.3584624,0.23753592,323,0,0,0,0.9666855744503252,0.03331442554967479
0.63740224,0.050365385,0.02728965,0.20395556,0.13299167,324,0,0,0,0.9309623638479744,0.0690376361520256
0.69383657,0.08853996,0.07846687,0.14132456,0.07294039,325,0,0,0,0.9050837206823306,0.09491627931766944
0.6535342,0.055199593,0.025240248,0.20045228,0.22578666,326,0,0,0,0.9439523838913755,0.056047616108624534
0.72665644,0.050464377,0.029961737,0.2612995,0.25732532,327,0,0,0,0.9559592982724098,0.04404070172759025
0.68863624,0.066412315,0.03715762,0.35866487,0.18693484,328,0,0,0,0.9634655841954738,0.03653441580452623
0.61856097,0.07708766,0.052901607,0.29514003,0.16665263,329,0,0,0,0.9538742828652168,0.04612571713478318
0.6732651,0.07327666,0.0369873,0.3967733,0.19058087,330,0,0,0,0.9685929717284308,0.031407028271569166
0.6540318,0.07751353,0.04410449,0.5282924,0.12250456,331,0,0,0,0.9763038577917393,0.023696142208260638
0.71497476,0.042116676,0.025394691,0.087095335,0.140585,332,0,0,0,0.8991059324692746,0.10089406753072541
0.6286089,0.07270147,0.040025424,0.5228455,0.18318523,333,0,0,0,0.9791367505260193,0.020863249473980668
0.7225096,0.04947406,0.032804918,0.10344828,0.1390538,334,0,0,0,0.9042452522569022,0.09575474774309782
0.7335147,0.045434017,0.025171883,0.20376539,0.16330037,335,0,0,0,0.9336330780102546,0.06636692198974539
0.67665666,0.031019552,0.011977803,0.08692975,0.085217476,336,0,0,0,0.8860707826328384,0.1139292173671615
0.7085149,0.12509598,0.0966973,0.26386762,0.21951397,337,0,0,0,0.9562158749388834,0.04378412506111661
0.72306776,0.039779864,0.018944455,0.2058063,0.15824702,338,0,0,0,0.9331211042935144,0.0668788957064856
0.755063,0.05608504,0.026251327,0.3440706,0.24714574,339,0,0,0,0.9658794016004756,0.034120598399524416
0.6718518,0.07591905,0.04213787,0.3030513,0.2522679,340,0,0,0,0.963033323044925,0.03696667695507505
0.7090506,0.06593793,0.038365986,0.3473223,0.16867907,341,0,0,0,0.9601463874152336,0.0398536125847664
0.59243804,0.07355083,0.040325765,0.41219845,0.16823372,342,0,0,0,0.9690541851494923,0.030945814850507753
0.63313043,0.17272852,0.1885328,0.24288921,0.07837209,343,0,0,0,0.9367233663475661,0.06327663365243386
0.73241085,0.03752916,0.015751932,0.13581908,0.15087011,344,0,0,0,0.9148693019004333,0.0851306980995667
0.6331791,0.052847736,0.028048765,0.27090707,0.25764692,345,0,0,0,0.9585290029863802,0.04147099701361973
0.79088587,0.054370143,0.027003666,0.18734393,0.113262735,346,0,0,0,0.921815689937526,0.07818431006247394
0.6499635,0.04978792,0.026919555,0.2724608,0.17392635,347,0,0,0,0.9494047556772228,0.05059524432277715
0.7533127,0.05336478,0.025507256,0.33222324,0.14914355,348,0,0,0,0.9551613235311684,0.04483867646883159
0.7365004,0.056287657,0.025974838,0.25780475,0.12849818,349,0,0,0,0.940661784906415,0.05933821509358498
0.5976548,0.07131912,0.041291583,0.36131117,0.12361742,350,0,0,0,0.9590865459048645,0.04091345409513547
0.6656932,0.06730645,0.036305297,0.38108906,0.2622326,351,0,0,0,0.9718361588328659,0.028163841167134072
0.74861133,0.05018832,0.034567434,0.28292415,0.15158144,352,0,1,0,0.946994950258186,0.05300504974181397
0.6647115,0.05591565,0.027267443,0.28465086,0.2045602,353,0,0,0,0.9550683375052588,0.04493166249474127
0.75364757,0.06065664,0.029440828,0.34408635,0.34321138,354,0,0,0,0.9729975480716475,0.02700245192835253
0.7372775,0.08166573,0.048643168,0.45253867,0.088230036,355,0,0,0,0.9664122203256814,0.03358777967431863
0.8162133,0.07211407,0.06286085,0.23277341,0.08151068,356,0,0,0,0.9269563781237068,0.07304362187629322
0.6389035,0.04922949,0.026378646,0.30113286,0.2357809,357,0,0,0,0.9602014243999041,0.039798575600095906
0.7162546,0.043621417,0.030982891,0.22857143,0.12867741,358,0,1,0,0.9333539865772588,0.0666460134227412
0.68631196,0.04441543,0.025173169,0.19491372,0.108354375,359,0,0,0,0.9233519709239364,0.07664802907606355
0.7650411,0.055112194,0.03148323,0.35857248,0.21858577,360,0,0,0,0.9648985754828523,0.03510142451714767
0.7284074,0.08156634,0.069152914,0.28336787,0.17104785,361,0,0,0,0.9510550181193902,0.04894498188060976
0.6207337,0.037090287,0.03208608,0.12267402,0.08868716,362,0,1,0,0.8992639388279806,0.10073606117201933
0.7839792,0.051243957,0.026503198,0.30205184,0.07221755,363,0,0,0,0.9401987101652735,0.05980128983472656
0.7034938,0.06737311,0.04195467,0.2932472,0.1938976,364,0,0,0,0.9551938529843095,0.04480614701569057
0.744473,0.048651442,0.02554022,0.27220076,0.16519843,365,0,0,0,0.9471383506997639,0.05286164930023602
0.66248184,0.070606805,0.03883377,0.42435062,0.17148593,366,0,0,0,0.969883785054492,0.030116214945507997
0.6346032,0.05366234,0.025397697,0.32282937,0.14271091,367,0,0,0,0.9543731852294676,0.0456268147705324
0.73642987,0.081133366,0.07358438,0.15008807,0.24117719,368,0,0,0,0.93558834128974,0.06441165871025996
0.76908714,0.06741298,0.035700064,0.33177054,0.13495587,369,0,0,0,0.9542162067962178,0.04578379320378226
0.6617789,0.060127296,0.029633585,0.2871484,0.20400374,370,0,0,0,0.9556646423480988,0.04433535765190124
0.68257946,0.19307262,0.1818712,0.29899797,0.30387518,371,0,0,0,0.9698772734668663,0.030122726533133717
0.8863427,0.05808692,0.030065363,0.38793162,0.16167158,372,0,0,0,0.9627655881698648,0.0372344118301352
0.55759346,0.053665183,0.027844792,0.24087936,0.26186016,373,0,0,0,0.9555639633064087,0.044436036693591356
0.6247742,0.051835857,0.02545074,0.23854385,0.2086626,374,0,0,0,0.9484582001250951,0.05154179987490488
0.6169935,0.057624947,0.03092892,0.3385549,0.11816131,375,0,0,0,0.954405585085263,0.04559441491473702
0.6169454,0.06224467,0.041698452,0.33117232,0.16689631,376,0,0,0,0.9582921130470529,0.04170788695294717
0.68074423,0.055091172,0.026311541,0.37337822,0.11983949,377,0,0,0,0.9588365662919139,0.0411634337080861
0.67047226,0.05309762,0.026619777,0.29532045,0.22025277,378,0,0,0,0.9579182317409273,0.04208176825907274
0.7459283,0.052955013,0.026658073,0.3405981,0.21043122,379,0,0,0,0.9622113925258167,0.03778860747418339
0.660085,0.057336215,0.04604114,0.37751794,0.16544339,380,0,1,0,0.9632176922454426,0.03678230775455741
0.7543854,0.050491553,0.029531991,0.27594823,0.14831135,381,0,0,0,0.9455684634510222,0.054431536548977776
0.7690947,0.055637393,0.037581306,0.353455,0.13867301,382,0,0,0,0.9567022876231355,0.04329771237686448
0.57992554,0.046364374,0.023264864,0.3011583,0.17621127,383,0,0,0,0.9547542597252349,0.0452457402747651
0.6313571,0.103979655,0.086588986,0.3273028,0.20793724,384,0,0,0,0.9629915564085277,0.03700844359147223
0.6848566,0.04949361,0.0243764,0.32354617,0.13470322,385,0,0,0,0.9527526841700905,0.04724731582990949
0.6409296,0.063433565,0.039666068,0.2523539,0.14467207,386,0,0,0,0.9431618453290689,0.056838154670931125
0.61256474,0.04247759,0.019304134,0.17018117,0.25166416,387,0,0,0,0.9412616500296792,0.05873834997032074
0.64876,0.069332294,0.03873046,0.48268586,0.21883334,388,0,0,0,0.9778653443842995,0.022134655615700518
0.78557545,0.07350524,0.041140463,0.43485934,0.20441091,389,0,0,0,0.9724049130054265,0.027595086994573515
0.6823544,0.062610395,0.031058451,0.37156096,0.18094319,390,0,0,0,0.9644754320667603,0.035524567933239666
0.66280144,0.0901303,0.075837836,0.24664547,0.10252589,391,0,0,0,0.9370543614580892,0.06294563854191086
0.6711372,0.07812496,0.060371418,0.15028049,0.20672639,392,0,0,0,0.9317801162148803,0.06821988378511964
0.6177669,0.05545096,0.036084853,0.27458552,0.106082655,393,0,0,0,0.941802277160817,0.05819772283918299
0.6997032,0.04743143,0.027108625,0.117945276,0.10001725,394,0,0,0,0.9008024327114029,0.09919756728859712
0.71482337,0.046292193,0.02245528,0.19649751,0.22694539,395,0,0,0,0.9417696371536212,0.058230362846378794
0.8049633,0.042164627,0.023176547,0.15951462,0.053810105,396,0,0,0,0.9005131866038818,0.09948681339611816
0.6261924,0.06829736,0.048283983,0.24690813,0.12971635,397,0,0,0,0.9404257505117837,0.05957424948821638
0.68627006,0.06754142,0.04185736,0.24132605,0.17714643,398,0,0,0,0.9450978723760641,0.05490212762393583
0.6570611,0.0648376,0.032922715,0.4470004,0.108161524,399,0,0,0,0.9673945150383062,0.03260548496169383
0.6405556,0.05772119,0.031455148,0.2993381,0.16077581,400,0,0,0,0.9528175543978246,0.047182445602175486
0.64510065,0.02424746,0.013148313,0.09130061,0.106701605,401,0,0,0,0.8920678329459351,0.10793216705406496
0.7707619,0.07351594,0.05410099,0.39395723,0.18115899,402,0,0,0,0.9663423607768615,0.03365763922313848
0.7053736,0.03985566,0.019414542,0.15759908,0.17062403,403,0,0,0,0.9245018018061139,0.07549819819388612
0.675592,0.07569288,0.048255656,0.31003284,0.13913284,404,0,0,0,0.9525923751264386,0.0474076248735614
0.63360995,0.19255145,0.25031164,0.46134156,0.13161051,405,0,0,0,0.9721913072066249,0.02780869279337505
0.40988916,0.118836254,0.11663679,0.20794263,0.25064895,406,0,0,0,0.9530658163229612,0.0469341836770388
0.6730957,0.0865752,0.073329486,0.25131825,0.109037064,407,0,0,0,0.938496121629114,0.06150387837088599
0.8086104,0.06161908,0.034922864,0.20882516,0.11552137,408,0,0,0,0.9274993055656641,0.0725006944343359
0.67061627,0.049540434,0.026179364,0.2849421,0.1665719,409,0,0,0,0.9503496434129769,0.0496503565870231
0.7503045,0.062212136,0.035766654,0.31472698,0.19866745,410,0,0,0,0.9580648346665065,0.041935165333493486
0.7121435,0.035649188,0.017013082,0.13139364,0.08319827,411,0,0,0,0.899720080087894,0.10027991991210607
0.6852905,0.05828491,0.031314433,0.38777086,0.17780457,412,0,0,0,0.9657651950498674,0.03423480495013265
0.75299275,0.0706456,0.04067645,0.27041686,0.107573345,413,0,0,0,0.9408102399387661,0.059189760061233866
0.64764434,0.069350354,0.046923067,0.26413727,0.21438107,414,0,0,0,0.9536060604499617,0.04639393955003835
0.61854696,0.042899586,0.019702699,0.24048539,0.10740714,415,0,0,0,0.9346719623429515,0.06532803765704856
0.6887122,0.06596006,0.044277366,0.20255597,0.10994619,416,0,0,0,0.9271023069085731,0.07289769309142687
0.70441604,0.031119294,0.0103763,0.09180364,0.12206324,417,0,0,0,0.8959357379759009,0.10406426202409913
0.601023,0.049540434,0.021645699,0.24191947,0.15511106,418,0,0,0,0.9425574773002233,0.057442522699776656
0.78251034,0.04193148,0.020197973,0.22755264,0.06041472,419,0,0,0,0.9212460245566124,0.07875397544338758
0.6032432,0.068308055,0.032871917,0.45526752,0.10668737,420,0,0,0,0.9687725409620337,0.031227459037966348
0.67105854,0.07326271,0.03933995,0.4275124,0.13003686,421,0,0,0,0.9672081932783415,0.0327918067216585
0.69229084,0.08410585,0.04098317,0.4476716,0.29514158,422,0,0,0,0.9795954808133768,0.02040451918662318
0.79378504,0.05698332,0.03128873,0.27324876,0.047761396,423,0,0,0,0.9309453073796456,0.06905469262035438
0.69036657,0.043794654,0.02381538,0.22212906,0.110673286,424,0,0,0,0.9299892997602168,0.07001070023978317
0.6487868,0.069115974,0.037819535,0.44871342,0.17273335,425,0,0,0,0.9723417878190471,0.02765821218095286
0.64999,0.053960793,0.027628904,0.35530692,0.16647127,426,0,0,0,0.961002439311148,0.03899756068885192
0.6850336,0.076361194,0.046455204,0.4473464,0.16903421,427,0,0,0,0.9719021362244955,0.028097863775504522
0.6744693,0.07452995,0.040859807,0.4553454,0.129708,428,0,0,0,0.9700797672886207,0.0299202327113793
0.57615715,0.0583674,0.030404618,0.34728548,0.1797126,429,0,0,0,0.9620760679840555,0.03792393201594446
0.86926687,0.07004045,0.040751863,0.28858247,0.07498656,430,0,0,0,0.9381299444706154,0.061870055529384654
0.6374332,0.050560214,0.025228534,0.2537771,0.2573583,431,0,0,0,0.9559843245929364,0.04401567540706363
0.73958796,0.065161355,0.036563985,0.33900362,0.09459583,432,0,0,0,0.9509674506278851,0.04903254937211483
0.6536019,0.062858224,0.03548957,0.35096526,0.109206036,433,0,0,0,0.9551700353118411,0.04482996468815894
0.6357204,0.06051227,0.029417697,0.30430228,0.25081855,434,0,0,0,0.9627096745192388,0.03729032548076119
0.7646644,0.047313068,0.026179364,0.2678276,0.11565992,435,0,0,0,0.9394360693145347,0.060563930685465235
0.7050953,0.05608064,0.03204537,0.33692855,0.21040402,436,0,0,0,0.962158429712517,0.037841570287483
0.6859703,0.056903116,0.027474698,0.44478765,0.20119737,437,0,0,0,0.9732057488761979,0.02679425112380211
0.6454202,0.07807083,0.04224959,0.4274614,0.07743481,438,0,0,0,0.9633309396900667,0.036669060309933305
0.718521,0.05182405,0.028475637,0.34818232,0.11957237,439,0,0,0,0.9545147345681821,0.04548526543181787
0.68566257,0.06078086,0.051619105,0.120517194,0.18672702,440,0,0,0,0.9193973288338653,0.08060267116613469
0.72890025,0.0633996,0.03654203,0.29553226,0.16459571,441,0,0,0,0.9519698325594859,0.04803016744051408
0.6669584,0.06873005,0.038136285,0.38911283,0.10596131,442,0,0,0,0.9603544013328474,0.039645598667152525
0.731284,0.06371458,0.032420516,0.33313945,0.16773298,443,0,0,0,0.9579818209897739,0.04201817901022605
0.78034693,0.054855738,0.047846753,0.265612,0.1541224,444,0,1,0,0.9437071456588926,0.056292854341107396
0.64057404,0.03799113,0.016997738,0.20711203,0.13450891,445,0,0,0,0.9308896804640227,0.06911031953597736
0.6245859,0.0616416,0.034388456,0.34956568,0.17528306,446,0,0,0,0.9616341206008635,0.03836587939913647
0.7713849,0.05466544,0.029579613,0.3543988,0.10082275,447,0,0,0,0.9530646321858388,0.04693536781416123
0.5642512,0.06108974,0.033375658,0.35517558,0.1415679,448,0,0,0,0.9597957260715162,0.040204273928483754
0.58694994,0.055492766,0.026029903,0.28305826,0.2897494,449,0,0,0,0.9636911605942468,0.03630883940575328
0.71359473,0.03391278,0.014723762,0.13163266,0.099831685,450,0,0,0,0.9032556970792567,0.09674430292074335
0.7537239,0.0401855,0.021516165,0.17506894,0.10151492,451,0,0,0,0.9155108126366357,0.08448918736336435
0.78813684,0.075526364,0.041075695,0.5225593,0.1723963,452,0,0,0,0.977839961425316,0.022160038574683943
0.5804779,0.08195381,0.044820897,0.5004005,0.11043505,453,0,0,0,0.9739047802586001,0.026095219741399996
0.6452222,0.049012594,0.025668316,0.18127413,0.13599898,454,0,0,0,0.9261026289786962,0.07389737102130375
0.6460476,0.047004208,0.023311496,0.31036118,0.18332441,455,0,0,0,0.9561988323822473,0.04380116761775262
0.69962806,0.1251176,0.10697894,0.15718503,0.13230184,456,0,0,0,0.9240458933792435,0.07595410662075656
0.6309869,0.072888404,0.050319664,0.29708168,0.13317859,457,0,0,0,0.9500295057512276,0.04997049424877242
0.688365,0.06325251,0.032741573,0.43790027,0.22030993,458,0,0,0,0.9739830440474885,0.026016955952511547
0.63662076,0.06949507,0.040559962,0.40989152,0.1797261,459,0,0,0,0.9690929792813199,0.03090702071868012
0.7011519,0.056893043,0.030223515,0.27297425,0.3245469,460,0,0,0,0.9644433856656716,0.03555661433432848
0.60973996,0.052066844,0.02690799,0.3735521,0.12393429,461,0,0,0,0.9596740494794402,0.0403259505205598
0.6681555,0.080180734,0.06015595,0.12023828,0.1927587,462,0,0,0,0.9229032040204778,0.07709679597952222
0.66312665,0.039776023,0.019643819,0.13956776,0.19744882,463,0,0,0,0.9254640090778326,0.07453599092216744
0.6297016,0.047461558,0.024754498,0.18367347,0.058476396,464,0,0,0,0.9128188848214014,0.0871811151785986
0.7928991,0.06436204,0.033130985,0.36970767,0.09941997,465,0,0,0,0.9556522592076342,0.04434774079236584
0.6439655,0.058222674,0.032959033,0.30021966,0.2194863,466,0,0,0,0.9589377506147997,0.0410622493852003
0.5834991,0.116424486,0.10736627,0.22190714,0.08444984,467,0,0,0,0.9317436028378759,0.06825639716212406
0.70155096,0.04831099,0.044522952,0.23169759,0.15356085,468,0,1,0,0.9376923421464193,0.062307657853580715
0.7316837,0.04559774,0.021690365,0.16581395,0.20095196,469,0,0,0,0.9315115491683206,0.06848845083167945
0.56523633,0.0827126,0.043594398,0.52998716,0.088300854,470,0,0,0,0.9752266721738059,0.02477332782619407
0.5680875,0.05541133,0.033519585,0.40198565,0.17348073,471,0,0,0,0.9676607658797333,0.03233923412026678
0.7762252,0.06910631,0.036808714,0.32917166,0.13888368,472,0,0,0,0.9542724040087283,0.04572759599127171
0.7150183,0.04754604,0.024482237,0.29125452,0.22490127,473,0,0,0,0.9570097449489126,0.04299025505108743
0.7268673,0.11586009,0.10185671,0.20633034,0.18682879,474,0,0,0,0.9415770983260956,0.05842290167390435
0.6522378,0.045099203,0.023824213,0.28649452,0.13869777,475,0,0,0,0.947195275774853,0.05280472422514708
0.65634817,0.0721369,0.039029445,0.45509964,0.14827262,476,0,0,0,0.971384817115553,0.028615182884446984
0.7216065,0.066864386,0.03632614,0.35068947,0.11405927,477,0,0,0,0.9552319943554123,0.04476800564458772
0.78921497,0.06020429,0.030842563,0.30868176,0.087136075,478,0,0,0,0.944092397444851,0.05590760255514904
0.65866655,0.078848004,0.044017408,0.53398937,0.15694162,479,0,0,0,0.9786201789117634,0.021379821088236592
0.7153568,0.055700064,0.04848788,0.29876816,0.124177456,480,0,1,0,0.9466610545189889,0.0533389454810111
0.885081,0.059934806,0.03654203,0.23199117,0.05750489,481,0,0,0,0.921495902660375,0.07850409733962502
0.65192765,0.07083813,0.04375418,0.31276375,0.22147547,482,0,0,0,0.9612615671512993,0.03873843284870067
0.59232736,0.05227027,0.027592454,0.27663842,0.24835172,483,0,0,0,0.9587707772613652,0.04122922273863478
0.6838353,0.052290834,0.04285177,0.27134952,0.13311927,484,0,1,0,0.9432428318792673,0.05675716812073274
0.7450442,0.0894195,0.05951514,0.25106907,0.09805553,485,0,0,0,0.936915716633011,0.06308428336698899
0.65120614,0.06419963,0.036969308,0.34322026,0.19680715,486,0,0,0,0.9626218358499788,0.03737816415002118
0.75967425,0.054160155,0.03186444,0.33237728,0.119273625,487,0,0,0,0.9516863404560876,0.04831365954391248
0.84606683,0.049870413,0.023496173,0.25903395,0.042978086,488,0,0,0,0.9256321577987329,0.0743678422012671
0.6643227,0.032793943,0.027258808,0.08689097,0.08980632,489,0,1,0,0.8864373838502922,0.11356261614970779
0.69554985,0.082224965,0.06594609,0.10477661,0.11459015,490,0,0,0,0.9029595255964838,0.0970404744035162
0.7223137,0.04996391,0.029288163,0.29478213,0.34245342,491,0,0,0,0.9677320330882024,0.03226796691179759
0.75547165,0.051657807,0.023905335,0.20373598,0.14812584,492,0,0,0,0.9318006147408229,0.06819938525917711
0.5959485,0.117933966,0.1180873,0.2404716,0.067562476,493,0,0,0,0.9325233922872932,0.06747660771270678
0.90485936,0.059934806,0.037189696,0.35444015,0.12392657,494,0,0,0,0.9542800121549728,0.04571998784502716
0.6267585,0.065735124,0.03477174,0.37556168,0.14227277,495,0,0,0,0.9621946221529609,0.03780537784703904
0.7367806,0.069903955,0.05859802,0.21552224,0.096504696,496,0,0,0,0.9267248478870859,0.0732751521129141
0.67586374,0.063046284,0.036882907,0.29542342,0.18375494,497,0,0,0,0.9545699140871203,0.045430085912879635
0.7070234,0.029574137,0.014246599,0.065135635,0.0708578,498,0,0,0,0.8731736156288373,0.12682638437116264
0.81744814,0.06133035,0.03341164,0.3467733,0.14041011,499,0,0,0,0.9560591833023723,0.043940816697627685
0.6660821,0.06332742,0.040613074,0.24751793,0.15806468,500,0,0,0,0.9436432360129602,0.056356763987039864
0.76524913,0.03735288,0.016021226,0.21425958,0.10273864,501,0,0,0,0.9252887911018564,0.07471120889814362
0.7122262,0.07193325,0.045206368,0.29217872,0.10928731,502,0,0,0,0.9454681652854797,0.05453183471452022
0.6167267,0.054873496,0.029697083,0.3024237,0.220572,503,0,0,0,0.9594557248791032,0.04054427512089674
0.6394506,0.056476362,0.028940843,0.3905166,0.15692046,504,0,0,0,0.9646950277345313,0.03530497226546874
0.57343566,0.0517348,0.030065363,0.31618312,0.1361174,505,0,0,0,0.9529603871605073,0.04703961283949268
0.66651344,0.045007333,0.05067735,0.15718147,0.1849619,506,0,1,0,0.9262067402718516,0.07379325972814846
0.63009995,0.05924629,0.03280549,0.30785355,0.20987575,507,0,0,0,0.9592563299579437,0.040743670042056215
0.61720884,0.0823597,0.06928517,0.18507078,0.10623228,508,0,0,0,0.9242045312152217,0.07579546878477827
0.6759155,0.08683876,0.052833334,0.3483474,0.18402365,509,0,0,0,0.9629850271561633,0.037014972843836695
0.6461915,0.055534124,0.031539362,0.3674953,0.17930767,510,0,0,0,0.9636652452518846,0.03633475474811542
0.68943864,0.074241884,0.0683081,0.20466276,0.09302037,511,0,0,0,0.9243496298961192,0.07565037010388077
0.6195602,0.06764809,0.03433071,0.42159325,0.19348072,512,0,0,0,0.9713969638163168,0.028603036183683175
0.6913156,0.09163352,0.07163168,0.24404696,0.09809735,513,0,0,0,0.9358718290245631,0.06412817097543683
0.6510395,0.06629717,0.03828958,0.301548,0.14280608,514,0,0,0,0.9515259412469771,0.04847405875302288
0.65022194,0.09090794,0.06777948,0.28647414,0.19178481,515,0,0,0,0.9555015855641668,0.044498414435833286
0.6642029,0.100778766,0.10787287,0.21206303,0.16694376,516,0,0,0,0.9388348528588725,0.061165147141127564
0.65278846,0.1230765,0.11185639,0.2030762,0.13354708,517,0,0,0,0.9347172204440017,0.06528277955599823
0.87425405,0.061306287,0.03217028,0.38885826,0.13358489,518,0,0,0,0.9606232437367923,0.03937675626320767
0.67373645,0.07400571,0.061131768,0.22976282,0.10756788,519,0,0,0,0.9330330358763157,0.06696696412368432
0.68017906,0.061041616,0.03335767,0.44881412,0.18917213,520,0,0,0,0.9729047152888723,0.027095284711127703
0.64660794,0.06236624,0.032417417,0.40789038,0.16878612,521,0,0,0,0.9677924075724167,0.032207592427583275
0.6158161,0.052063044,0.043598186,0.30291754,0.15564625,522,0,1,0,0.9520732681892327,0.04792673181076731
0.7197712,0.052470535,0.027306784,0.3570877,0.13819699,523,0,0,0,0.9577838739133433,0.04221612608665668
0.63964397,0.15789159,0.17839053,0.4158301,0.28797492,524,0,0,0,0.9776235409649893,0.022376459035010773
0.56156546,0.06303212,0.031949483,0.3549817,0.090046026,525,0,0,0,0.954863527478959,0.045136472521040985
0.6179485,0.053922374,0.02608412,0.23093994,0.21649985,526,0,0,0,0.9483769651824888,0.05162303481751113
0.64019185,0.05893052,0.03758393,0.3610878,0.25629824,527,0,0,0,0.9691386519969543,0.03086134800304579
0.64141196,0.04989104,0.023843138,0.22671972,0.15851483,528,0,0,0,0.9395180918117949,0.060481908188205105
0.6661517,0.06466558,0.038475063,0.3114379,0.12926975,529,0,0,0,0.951233058715111,0.04876694128488902
0.7978971,0.054545134,0.02974153,0.3283508,0.09505138,530,0,0,0,0.9478917819822594,0.052108218017740536
0.72820044,0.054791518,0.030436693,0.2174738,0.185086,531,0,0,0,0.9404103673826748,0.05958963261732521
0.7231911,0.056614384,0.03411328,0.38124657,0.10605703,532,0,0,0,0.9579890986371196,0.04201090136288042
0.666902,0.0727175,0.04119889,0.37740472,0.08955115,533,0,0,0,0.9573936167845392,0.04260638321546081
0.700654,0.04043013,0.021550052,0.12265983,0.21751893,534,0,0,0,0.9241900856237083,0.0758099143762917
0.71374124,0.12684532,0.103922136,0.12330544,0.06670725,535,0,0,0,0.9024879005870332,0.09751209941296685
0.6603448,0.07422164,0.052044634,0.30810562,0.24483229,536,0,0,0,0.962659334674687,0.03734066532531297
0.62217283,0.07873574,0.04407738,0.39885017,0.12420841,537,0,0,0,0.9640949234651969,0.03590507653480311
0.6198714,0.052506506,0.025973288,0.36331546,0.23179488,538,0,0,0,0.9676281436352415,0.032371856364758526
0.721273,0.07487672,0.039051738,0.4754826,0.13144574,539,0,0,0,0.9718829825648307,0.028117017435169308
0.84020084,0.0606406,0.034742955,0.41577497,0.19654356,540,0,0,0,0.969081398076759,0.030918601923241078
0.6545765,0.05059037,0.03071303,0.2620769,0.26757172,541,0,0,0,0.9578083008904447,0.04219169910955529
0.7507685,0.05500573,0.030319804,0.28394926,0.19367099,542,0,0,0,0.9526688331322403,0.0473311668677597
0.6997641,0.058098763,0.029650193,0.32815138,0.18523507,543,0,0,0,0.9589743089154839,0.04102569108451615
0.7401243,0.1378926,0.1182868,0.23130564,0.13559929,544,0,0,0,0.9407509134601184,0.059249086539881625
0.4956267,0.060984746,0.030948546,0.41082084,0.11037514,545,0,0,0,0.9646143774526981,0.03538562254730195
0.60743195,0.06788345,0.035475284,0.5291392,0.10372613,546,0,0,0,0.9752964557617925,0.024703544238207576
0.74368775,0.06627697,0.03433103,0.33621547,0.18032585,547,0,0,0,0.9596232733913215,0.0403767266086785
0.8453538,0.052042782,0.024020476,0.37098733,0.0708062,548,0,0,0,0.9514849181154126,0.04851508188458746
0.650444,0.10158792,0.09896475,0.18673076,0.22007994,549,0,0,0,0.9419929054928993,0.05800709450710071
0.5693095,0.07740313,0.05532436,0.22289024,0.15647587,550,0,0,0,0.9409052266709943,0.059094773329005666
0.64403546,0.06319641,0.033867408,0.298952,0.1989672,551,0,0,0,0.957104035177018,0.04289596482298202
0.57019407,0.070509635,0.04896913,0.26268616,0.10787028,552,0,0,0,0.9414190986585798,0.0585809013414203
0.6622795,0.058408648,0.039791927,0.22511229,0.121930785,553,0,1,0,0.9337113778201663,0.06628862217983363
0.80159134,0.07745125,0.040557563,0.4530171,0.20367762,554,0,0,0,0.9740874628132098,0.025912537186790197
0.70807046,0.062100302,0.032763973,0.24853833,0.23201989,555,0,0,0,0.9524326579823944,0.047567342017605575
0.6034556,0.052114967,0.027582642,0.24464975,0.09209892,556,0,0,0,0.9341419408013383,0.06585805919866167
0.68874586,0.07032918,0.036350913,0.45819357,0.12832353,557,0,0,0,0.9700436502001017,0.029956349799898273
0.7311927,0.07249132,0.044577613,0.31122512,0.14952391,558,0,0,0,0.9531770317011946,0.04682296829880534
0.7870467,0.058928367,0.03700465,0.17340477,0.10114547,559,0,0,0,0.9161190589030055,0.08388094109699447
0.63440436,0.06352793,0.030521128,0.33701047,0.14290184,560,0,0,0,0.9570659396863149,0.04293406031368504
0.6447429,0.07011263,0.0688444,0.29315656,0.1255432,561,0,1,0,0.9472151380520049,0.05278486194799512
0.7623639,0.07342649,0.03948597,0.5161811,0.20655364,562,0,0,0,0.9792120474592816,0.0207879525407184
0.6490302,0.07352292,0.049746495,0.3694204,0.20092416,563,0,0,0,0.9662795769530093,0.03372042304699074
0.6766771,0.050944723,0.054742932,0.21497768,0.10492077,564,0,1,0,0.9267062798911092,0.07329372010889075
0.7709791,0.04218403,0.02685519,0.32419482,0.12997484,565,0,0,0,0.9505964356441169,0.0494035643558831
0.81598467,0.048385505,0.028446198,0.3594043,0.16471969,566,0,0,0,0.9593834294294729,0.04061657057052712
0.64934874,0.073075086,0.04332931,0.44250482,0.17673929,567,0,0,0,0.9721032270178205,0.02789677298217949
0.5300694,0.057624947,0.03654203,0.23927192,0.07441224,568,0,0,0,0.931566002442798,0.06843399755720204
0.73116654,0.055702597,0.034863207,0.1811914,0.18840551,569,0,0,0,0.933388737863168,0.06661126213683204
0.68059105,0.049424943,0.04193925,0.17727524,0.10674921,570,0,1,0,0.9183763890890457,0.08162361091095421
0.6865303,0.05423234,0.028567635,0.2791092,0.09492864,571,0,0,0,0.9404679874430945,0.0595320125569055
0.7870968,0.071174756,0.054722954,0.19546923,0.11874401,572,0,0,0,0.9253268530839944,0.07467314691600561
0.68090546,0.066479415,0.046688806,0.12057363,0.08962654,573,0,0,0,0.9014814437102853,0.09851855628971469
0.70156753,0.052242972,0.029884016,0.29714727,0.22780816,574,0,0,0,0.9584190618230151,0.04158093817698493
0.6404969,0.08029458,0.04035401,0.47949886,0.114428185,575,0,0,0,0.9719162676435598,0.028083732356440263
0.73841393,0.045591317,0.04028178,0.26532036,0.08656356,576,0,1,0,0.9341364080847501,0.06586359191524992
0.71371275,0.07976455,0.060239688,0.26237884,0.13239811,577,0,0,0,0.9431497326698188,0.05685026733018117
0.77905494,0.0689577,0.03644488,0.34391615,0.18865867,578,0,0,0,0.9611975494424317,0.03880245055756828
0.6085829,0.05211978,0.029417697,0.33440706,0.23067296,579,0,0,0,0.9642515358027085,0.03574846419729149
0.7445287,0.040408656,0.018374434,0.15802817,0.10112013,580,0,0,0,0.9112650729606014,0.08873492703939852
0.6714744,0.07795172,0.05532436,0.03646994,0.029920619,581,0,0,0,0.8578092530968355,0.1421907469031645
0.6300006,0.07118351,0.052210238,0.2493181,0.16022179,582,0,0,0,0.9449597369703451,0.055040263029654916
0.6760188,0.06224467,0.03246173,0.33633757,0.16498815,583,0,0,0,0.9585720517006258,0.04142794829937419
0.6970911,0.079599015,0.057328716,0.19217348,0.1180494,584,0,0,0,0.9269059840643591,0.07309401593564092
0.74214643,0.052708894,0.027815575,0.2441751,0.18683147,585,0,0,0,0.9452821403593711,0.054717859640628946
0.6574595,0.044992898,0.021767136,0.31257585,0.25220022,586,0,0,0,0.9628151133162559,0.037184886683744034
0.71907043,0.054462552,0.030355485,0.27911037,0.24760753,587,0,0,0,0.9578738762874023,0.042126123712597704
0.47851664,0.13500528,0.13628268,0.192278,0.06500286,588,0,0,0,0.9241808851377014,0.07581911486229866
0.61876285,0.061357345,0.030349705,0.4167705,0.15922558,589,0,0,0,0.9682158188024339,0.0317841811975661
0.77236855,0.035123054,0.014262299,0.093524545,0.12017286,590,0,0,0,0.894907036010214,0.1050929639897859
0.6599197,0.046667024,0.021107277,0.2206753,0.2699171,591,0,0,0,0.951955851845674,0.04804414815432602
0.805326,0.06675939,0.043371968,0.25184777,0.18566915,592,0,0,0,0.9463757254737253,0.05362427452627472
0.7072638,0.03320061,0.014735735,0.10131523,0.08603284,593,0,0,0,0.8905814724444833,0.1094185275555167
0.6329846,0.055945046,0.027592454,0.38386402,0.18331185,594,0,0,0,0.9661484771344091,0.03385152286559094
0.7535663,0.05473762,0.028662086,0.30865967,0.23787409,595,0,0,0,0.9606436525685644,0.03935634743143559
0.80033755,0.046537615,0.023459164,0.15507998,0.059135083,596,0,0,0,0.9011647535170652,0.09883524648293487
0.56184995,0.045209445,0.026179364,0.2353006,0.1680114,597,0,0,0,0.9428726559874859,0.057127344012514084
0.6153062,0.05452487,0.030167626,0.3199524,0.1936382,598,0,0,0,0.9591944876385756,0.040805512361424344
0.7160052,0.036197852,0.015140064,0.061336566,0.039849285,599,0,0,0,0.8641845183862009,0.1358154816137991
0.41747656,0.12056865,0.11490968,0.17937121,0.10912422,600,0,0,0,0.9289304630121771,0.07106953698782291
0.6273977,0.055766232,0.02644248,0.33172917,0.20307818,601,0,0,0,0.9617090229899097,0.03829097701009036
0.6980523,0.05893052,0.037358653,0.23717116,0.094873145,602,0,0,0,0.9318047337197432,0.06819526628025685
0.7344126,0.05161931,0.03055759,0.16286376,0.09876797,603,0,0,0,0.9131943945716462,0.08680560542835382
0.6486512,0.049369335,0.025993459,0.20912546,0.16299418,604,0,0,0,0.9363794454831593,0.06362055451684065
0.72809887,0.05413128,0.025725998,0.31303915,0.20044367,605,0,0,0,0.9579563662163535,0.04204363378364655
0.70214164,0.21672815,0.14283706,0.21083729,0.11590198,606,0,0,0,0.9420291961576592,0.057970803842340816
0.7994154,0.055810057,0.02682703,0.29676148,0.20706943,607,0,0,0,0.9557045765193826,0.04429542348061747
0.71012163,0.040256355,0.020406684,0.12975691,0.11959593,608,0,0,0,0.9075377807321237,0.09246221926787636
0.7520842,0.05979044,0.033789445,0.21246552,0.07885874,609,0,0,0,0.922935744118322,0.07706425588167798
0.7092169,0.07737567,0.044067677,0.40909654,0.043154206,610,0,0,0,0.9570293919018419,0.042970608098158086
0.65399826,0.05260404,0.02760423,0.31734666,0.20039198,611,0,0,0,0.9590673570411108,0.04093264295888919
0.79187787,0.08337464,0.0754609,0.14335857,0.12461525,612,0,0,0,0.9134947728383191,0.0865052271616809
0.6567108,0.050984096,0.04457008,0.21847638,0.13210993,613,0,1,0,0.9327555382817568,0.06724446171824316
0.62758213,0.063066445,0.03290513,0.4124316,0.17337787,614,0,0,0,0.9687844471723712,0.03121555282762881
0.69528997,0.039406687,0.01956514,0.11253533,0.10199769,615,0,0,0,0.8988718902599543,0.10112810974004569
0.7092973,0.0765965,0.037860006,0.5353851,0.093187034,616,0,0,0,0.9749489036230802,0.025051096376919796
0.7344473,0.052985977,0.030432375,0.44364038,0.15757376,617,0,0,0,0.9695178490725325,0.030482150927467505
0.8204914,0.09332279,0.07875811,0.16724665,0.12613304,618,0,0,0,0.9207044948206878,0.07929550517931216
0.70368934,0.049323883,0.04415811,0.22570018,0.13611747,619,0,1,0,0.9340100336536736,0.06598996634632637
0.659202,0.051954344,0.027626403,0.237489,0.18071917,620,0,0,0,0.9442958764297364,0.055704123570263525
0.7273447,0.05946911,0.030107148,0.33577922,0.10385363,621,0,0,0,0.9514006047263194,0.04859939527368067
0.74384135,0.06952715,0.04442197,0.28383893,0.24136315,622,0,0,0,0.9583375820988662,0.041662417901133834
0.7011679,0.056821518,0.029164262,0.45673037,0.21227358,623,0,0,0,0.9747883278723471,0.02521167212765285
0.7232258,0.052854583,0.02831948,0.32888559,0.13165031,624,0,0,0,0.9529519078107964,0.0470480921892036
0.64710057,0.06795516,0.042263083,0.38985106,0.2175921,625,0,0,0,0.9695966442582419,0.030403355741758148
0.74116266,0.04664013,0.02327578,0.2569718,0.16529402,626,0,0,0,0.9444265101856627,0.055573489814337275
0.9111679,0.054160155,0.035246696,0.36370656,0.04223192,627,0,0,0,0.9457967691623335,0.05420323083766656
0.7835729,0.07126507,0.03567103,0.43388933,0.2764203,628,0,0,0,0.9767052937306654,0.02329470626933462
0.7063634,0.23930992,0.29911685,0.42465526,0.5460512,629,0,0,0,0.9886983882157726,0.011301611784227348
0.71008444,0.04132553,0.025489913,0.21738698,0.23287556,630,0,0,0,0.9457266921427127,0.054273307857287345
0.75248057,0.062303897,0.03371887,0.33714625,0.17695056,631,0,0,0,0.9590601996060735,0.0409398003939265
0.6739731,0.049738936,0.026169244,0.22026338,0.13344155,632,0,0,0,0.9339680415950841,0.06603195840491592
0.7246945,0.058683634,0.030173307,0.41643685,0.17332786,633,0,0,0,0.9682916208796407,0.0317083791203593
0.62506396,0.064193614,0.035651486,0.38058466,0.20366003,634,0,0,0,0.9677236722433563,0.03227632775664365
0.57319313,0.04986125,0.024955994,0.21669425,0.31382746,635,0,0,0,0.9570579647971068,0.042942035202893164
0.61996436,0.07095284,0.03864047,0.3919294,0.14063394,636,0,0,0,0.964327798561823,0.03567220143817693
0.684289,0.0509189,0.028122364,0.2796043,0.18478352,637,0,0,0,0.9514642916999397,0.04853570830006024
0.7303669,0.06504483,0.031409577,0.43211815,0.20112914,638,0,0,0,0.9720904967895304,0.02790950321046957
0.60775787,0.049540434,0.025693614,0.20981798,0.1594035,639,0,0,0,0.936626519159049,0.06337348084095101
0.6383731,0.0783807,0.06291131,0.22145772,0.08106479,640,0,0,0,0.9280164926627692,0.07198350733723083
0.6622021,0.046488117,0.022425542,0.24449947,0.19641352,641,0,0,0,0.9471512197953553,0.05284878020464473
0.78584933,0.04578691,0.02459258,0.24443464,0.10788306,642,0,0,0,0.9331364186847027,0.06686358131529732
0.7253856,0.04861649,0.02527263,0.24412575,0.17241946,643,0,0,0,0.9433353793996002,0.05666462060039984
0.6172961,0.045844655,0.021710465,0.19661334,0.12600756,644,0,0,0,0.9282770109552517,0.0717229890447483
0.6766426,0.06907509,0.03604483,0.45215866,0.1356526,645,0,0,0,0.9699871780671452,0.030012821932854827
0.6941824,0.18078744,0.1574263,0.16887066,0.0771611,646,0,0,0,0.9218790539784808,0.07812094602151921
0.6218903,0.041295514,0.020404337,0.24456702,0.10622931,647,0,0,0,0.9350663642594899,0.06493363574051017
0.6991204,0.056303192,0.028295076,0.29698843,0.101511545,648,0,0,0,0.944711590166056,0.055288409833944015
0.6589722,0.058602195,0.032141216,0.31824005,0.20333606,649,0,0,0,0.9597161912263046,0.040283808773695466
0.66368175,0.050166022,0.027582642,0.21787094,0.15670308,650,0,0,0,0.9370296589951198,0.06297034100488015
0.72368705,0.04689372,0.021915559,0.20187534,0.116464816,651,0,0,0,0.9262959880933628,0.0737040119066372
0.6117288,0.0556798,0.034973994,0.34294423,0.106409915,652,0,0,0,0.9535299116386828,0.04647008836131712
0.6942967,0.053091846,0.027458506,0.27132377,0.11979802,653,0,0,0,0.9421841565639689,0.05781584343603104
0.5122884,0.2857237,0.335764,0.42857143,0.6306047,654,0,0,0,0.9918076328978167,0.008192367102183342
0.72493744,0.048674237,0.022197414,0.3172642,0.14866357,655,0,0,0,0.9529000237788587,0.04709997622114131
0.6836401,0.06835573,0.03652761,0.39409563,0.060323216,656,0,0,0,0.9564553290308808,0.043544670969119154
0.69456667,0.0492902,0.039931484,0.20127964,0.12340865,657,0,0,0,0.9269963614400473,0.07300363855995273
0.6435362,0.0534672,0.02425487,0.2018848,0.10216341,658,0,0,0,0.9259764214386332,0.0740235785613668
0.62951857,0.40578833,0.38126254,0.49939328,0.2943009,659,0,0,0,0.9876462961336311,0.012353703866368863
0.6296387,0.051206198,0.025257684,0.20584667,0.14656293,660,0,0,0,0.9338012292575936,0.06619877074240646
0.6926846,0.07105802,0.04074872,0.36921373,0.13645382,661,0,0,0,0.9604472279739554,0.039552772026044576
0.5782609,0.036980566,0.016950116,0.17523442,0.26882994,662,0,0,0,0.9444386252770748,0.0555613747229252
0.91614664,0.055315085,0.024236364,0.36569223,0.051813528,663,0,0,0,0.9478754662198488,0.0521245337801513
0.6314418,0.06821181,0.037138898,0.42482075,0.17421138,664,0,0,0,0.9702520361194714,0.029747963880528607
0.6140059,0.07703419,0.041597426,0.35133296,0.1516163,665,0,0,0,0.9606759535135369,0.0393240464864631
0.66359216,0.06097559,0.034486063,0.38617992,0.1691122,666,0,0,0,0.9651304992983685,0.03486950070163153
0.63106567,0.06536298,0.032137897,0.34927744,0.08138441,667,0,0,0,0.9525140685095286,0.047485931490471374
0.5992797,0.06879823,0.045775045,0.28581947,0.13399258,668,0,0,0,0.9484561505285897,0.05154384947141034
0.6970877,0.058321144,0.03269033,0.28998148,0.23847815,669,0,0,0,0.9588958450972885,0.041104154902711465
0.7436724,0.06823931,0.04875517,0.15010637,0.10472777,670,0,0,0,0.9119717535589114,0.08802824644108866
0.6599855,0.05910069,0.03354357,0.3471839,0.119631335,671,0,0,0,0.9554016054262606,0.04459839457373934
0.78537464,0.06615366,0.035894364,0.3291612,0.15957618,672,0,0,0,0.956128359768535,0.043871640231464955
0.65789044,0.20507672,0.27438805,0.47258687,0.27152348,673,0,0,0,0.980761077434404,0.019238922565596
0.6985166,0.25546452,0.22371766,0.34636515,0.14806949,674,0,0,0,0.9655462004190668,0.034453799580933205
0.6891713,0.06038249,0.03324482,0.35439837,0.20842673,675,0,0,0,0.9644928190132631,0.035507180986736886
0.63697076,0.060752884,0.033465613,0.32057363,0.17728496,676,0,0,0,0.957845147122719,0.04215485287728102
0.7088908,0.058746878,0.03028742,0.36661887,0.19121435,677,0,0,0,0.9642999507065019,0.03570004929349816
0.7238728,0.123582736,0.119364366,0.23798044,0.09677665,678,0,0,0,0.9350979998019783,0.06490200019802171
0.7169569,0.05183038,0.018608365,0.21669932,0.14226495,679,0,0,0,0.9345766158697643,0.0654233841302357
0.7174981,0.047497097,0.024494525,0.20071588,0.15937169,680,0,0,0,0.9329187672683407,0.0670812327316593
0.665324,0.051886387,0.029943926,0.36486486,0.11982249,681,0,0,0,0.9574336519005171,0.042566348099482905
0.729769,0.036093745,0.022447571,0.19943267,0.12607768,682,0,0,0,0.9257500700484139,0.07424992995158605
0.6879877,0.07090665,0.03944111,0.43166023,0.1525729,683,0,0,0,0.9690721698142365,0.030927830185763477
0.62913465,0.05754437,0.030231046,0.28879026,0.2822938,684,0,0,0,0.9633849231194326,0.036615076880567386
0.62662846,0.071045235,0.042163774,0.53058136,0.13152276,685,0,0,0,0.9768899504908586,0.023110049509141452
0.80265987,0.08742215,0.048847694,0.52044123,0.10126796,686,0,0,0,0.9738802050915717,0.026119794908428258
0.69808185,0.11941372,0.09094602,0.17109762,0.10398482,687,0,0,0,0.9227832643300886,0.07721673566991137
0.63761264,0.059616204,0.03225403,0.3538924,0.10234671,688,0,0,0,0.9549007081871712,0.04509929181282882
0.7074953,0.05884525,0.032704912,0.27853552,0.3398571,689,0,0,0,0.9663295769292618,0.03367042307073824
0.6713706,0.060600497,0.03226923,0.35173744,0.18778399,690,0,0,0,0.9625994820052443,0.03740051799475575
0.89323103,0.06628692,0.039262228,0.44233868,0.14570147,691,0,0,0,0.9678766522372896,0.03212334776271041
0.69460213,0.03513934,0.0145014385,0.17601596,0.14110664,692,0,0,0,0.9237060099259533,0.07629399007404666
0.7035086,0.051630307,0.029016761,0.37341422,0.11365762,693,0,0,0,0.9576450074500236,0.042354992549976475
0.7386315,0.04341367,0.017585935,0.22630864,0.1708283,694,0,0,0,0.9394067049403021,0.06059329505969788
0.83947146,0.051272828,0.026179364,0.30612245,0.08378139,695,0,0,0,0.9418100194698389,0.058189980530161105
0.68618035,0.07196918,0.049895063,0.23087165,0.17979549,696,0,0,0,0.9436324732463512,0.05636752675364874
0.7849247,0.06267776,0.038215168,0.32677883,0.1731413,697,0,0,0,0.9568031722891819,0.043196827710818106
0.669964,0.04334439,0.018249825,0.15075804,0.12225512,698,0,0,0,0.9152911249817629,0.08470887501823705
0.69585925,0.08932474,0.06203964,0.29936424,0.09654158,699,0,0,0,0.9462928296976798,0.05370717030232021
0.72079766,0.051272828,0.030065363,0.20683949,0.0030120104,700,0,0,0,0.9065804618448005,0.09341953815519952
0.56461287,0.06618193,0.040074755,0.33969814,0.17627086,701,0,0,0,0.9611515273101844,0.03884847268981562
0.70622,0.04574132,0.025207864,0.20880774,0.10857257,702,0,0,0,0.9265275995991186,0.07347240040088146
0.7054115,0.058125418,0.036282964,0.33021513,0.10806686,703,0,0,0,0.9508595469417065,0.04914045305829355
0.74915063,0.05974232,0.038485028,0.26993933,0.18138748,704,0,0,0,0.9491363255219869,0.050863674478013064
0.78193384,0.050331775,0.02713887,0.29499295,0.15235716,705,0,0,0,0.94906842922865,0.05093157077135
0.70786566,0.07218789,0.03939581,0.34300193,0.16386399,706,0,0,0,0.9595704149369614,0.04042958506303862
0.7340408,0.04824114,0.026032167,0.2236123,0.11950886,707,0,0,0,0.9314546242220827,0.06854537577791729
0.6574643,0.06348676,0.03778237,0.34825215,0.14434394,708,0,0,0,0.9582675083436458,0.0417324916563542
0.6482265,0.09169539,0.053667095,0.41833165,0.10924992,709,0,0,0,0.9654649810804874,0.0345350189195126
0.74971867,0.06100312,0.032623645,0.30555984,0.2584166,710,0,0,0,0.9624631525711784,0.03753684742882157
0.59585106,0.05935734,0.028824002,0.4440706,0.12605529,711,0,0,0,0.9686826616893036,0.031317338310696365
0.7050879,0.048896972,0.026919555,0.22643133,0.22310427,712,0,0,0,0.9468334544500531,0.05316654554994696
0.74234337,0.047052894,0.021954585,0.10797403,0.054919478,713,0,0,0,0.886492156112629,0.11350784388737101
0.7084358,0.06402148,0.03679113,0.30767533,0.24617033,714,0,0,0,0.9620804082083267,0.0379195917916733
0.7356462,0.050852854,0.028161617,0.31544903,0.094086155,715,0,0,0,0.9460286685221111,0.05397133147788886
0.7198262,0.08695193,0.056642823,0.22395398,0.09887385,716,0,0,0,0.9315888670022671,0.06841113299773295
0.7034754,0.14206629,0.13077974,0.16712174,0.2161988,717,0,0,0,0.9398165409945533,0.06018345900544676
0.64318067,0.07637696,0.047272287,0.33679283,0.16368623,718,0,0,0,0.9593805634699578,0.040619436530042186
0.6597248,0.044508237,0.02294103,0.1842408,0.18052958,719,0,0,0,0.933233433633015,0.06676656636698494
0.69892716,0.04796553,0.02273916,0.18032965,0.13939774,720,0,0,0,0.9255961308933036,0.07440386910669643
0.6846214,0.058149915,0.031219387,0.33114174,0.2654135,721,0,0,0,0.9664396313033187,0.03356036869668134
0.73649967,0.06659628,0.04410585,0.20615397,0.15676962,722,0,0,0,0.9345972027204924,0.06540279727950757
0.6823589,0.064374074,0.04069114,0.2416299,0.16069484,723,0,0,0,0.9428034290388715,0.05719657096112856
0.526944,0.07619501,0.039303135,0.44832352,0.13104281,724,0,0,0,0.9706509638405117,0.029349036159488206
0.67244995,0.049121305,0.038798414,0.24736401,0.119560026,725,0,1,0,0.9367698326182707,0.0632301673817293
0.63120204,0.05247588,0.02927377,0.22439787,0.2728985,726,0,0,0,0.953351393754069,0.04664860624593099
0.7389599,0.107633434,0.090686955,0.31883067,0.103311405,727,0,0,0,0.9503276063693524,0.0496723936306476
0.6717275,0.0725112,0.04701346,0.24221252,0.078634955,728,0,0,0,0.9319155404340415,0.06808445956595856
0.6649517,0.0354664,0.024823783,0.13786477,0.07876468,729,0,1,0,0.9010916867111954,0.09890831328880456
0.7533473,0.25839034,0.33431163,0.46627888,0.36024028,730,0,0,0,0.9845305560229978,0.01546944397700225
0.66103494,0.21683669,0.28319982,0.4571907,0.16030732,731,0,0,0,0.9739435684218071,0.02605643157819295
0.68395567,0.051503815,0.041723363,0.23371208,0.07462517,732,0,1,0,0.9267852969821234,0.07321470301787661
0.7540494,0.07177284,0.037837364,0.31191397,0.2702133,733,0,0,0,0.9647711233806288,0.03522887661937129
0.8535379,0.06966922,0.04024298,0.4908833,0.12496033,734,0,0,0,0.9716992097390565,0.028300790260943478
0.6513473,0.04531669,0.038392507,0.21493341,0.09050652,735,0,1,0,0.9249660807878204,0.07503391921217964
0.81537175,0.073302515,0.04034535,0.34639895,0.116022974,736,0,0,0,0.9542052529835165,0.04579474701648348
0.70505524,0.063252784,0.033753768,0.3891948,0.16704096,737,0,0,0,0.9651397096185379,0.03486029038146214
0.6647911,0.057459958,0.030898077,0.32285872,0.19200489,738,0,0,0,0.9591543627683176,0.04084563723168246
0.7321807,0.09303511,0.086360544,0.16548483,0.1597728,739,0,0,0,0.9270471852846457,0.0729528147153543
0.76751035,0.04619512,0.04297403,0.18209864,0.10173779,740,0,1,0,0.9165439083893618,0.08345609161063816
0.6266013,0.06651289,0.041695204,0.27971894,0.0834029,741,0,0,0,0.9405008888610834,0.059499111138916566
0.7673392,0.075686775,0.043594398,0.38098916,0.2706955,742,0,0,0,0.9719827397808102,0.02801726021918987
0.71403104,0.06537143,0.03352485,0.42413196,0.17416602,743,0,0,0,0.9695264562339385,0.03047354376606149
0.8379735,0.08253844,0.06540945,0.26480183,0.1215818,744,0,0,0,0.940537449688297,0.05946255031170296
0.7093142,0.039883252,0.02174216,0.13691895,0.16323964,745,0,0,0,0.9178412241410416,0.08215877585895837
0.7165547,0.06667491,0.037159335,0.35961115,0.11829468,746,0,0,0,0.9569510153312735,0.043048984668726524
0.6071105,0.046037145,0.023890942,0.18208495,0.18131946,747,0,0,0,0.9338230951391207,0.06617690486087935
0.72737914,0.05293304,0.028081885,0.37342802,0.12386929,748,0,0,0,0.9585524594950962,0.041447540504903846
0.6214915,0.098652475,0.08416094,0.21389961,0.1912057,749,0,0,0,0.9439859133739025,0.0560140866260975
0.8159932,0.10786442,0.10338122,0.14674021,0.19080882,750,0,0,0,0.9273796365059052,0.07262036349409488
0.61930096,0.07760524,0.05046686,0.26760066,0.1144208,751,0,0,0,0.9432336807653744,0.05676631923462558
0.65180963,0.07142762,0.042371027,0.3243243,0.17872882,752,0,0,0,0.9588640554109701,0.04113594458902996
0.6161079,0.07984267,0.060791105,0.27772865,0.13771479,753,0,0,0,0.9477323078576003,0.052267692142399666
0.653433,0.04343263,0.022467736,0.24342145,0.18922757,754,0,0,0,0.9458784575808613,0.05412154241913869
0.70289457,0.19672117,0.2462728,0.41665104,0.22508532,755,0,0,0,0.9740412468081603,0.025958753191839705
0.76546717,0.038589984,0.016416391,0.13599314,0.057841346,756,0,0,0,0.8948403916965666,0.10515960830343346
0.7457123,0.06925876,0.040838744,0.34020153,0.17808367,757,0,0,0,0.9599151859217097,0.04008481407829035
0.73819155,0.043583427,0.02133891,0.24728423,0.1783977,758,0,0,0,0.9441857401825603,0.05581425981743971
0.67122376,0.05694249,0.030536395,0.21941534,0.21650094,759,0,0,0,0.9458473762796089,0.05415262372039112
0.661529,0.21495213,0.28051442,0.5004597,0.29006505,760,0,0,0,0.9834532675566564,0.016546732443343638
0.7248483,0.052723207,0.031556502,0.2720276,0.23735027,761,0,0,0,0.9555893605792602,0.044410639420739785
0.6549379,0.07366244,0.043400098,0.49640742,0.14682303,762,0,0,0,0.9749569705313154,0.025043029468684634
0.7305395,0.042969815,0.042055946,0.22041711,0.11174567,763,0,1,0,0.9279267232285067,0.07207327677149332
0.696232,0.05473762,0.029218415,0.33364165,0.21879579,764,0,0,0,0.9625707875077552,0.03742921249224481
0.78326964,0.14679125,0.15342991,0.25172842,0.28815207,765,0,0,0,0.9601745073015833,0.03982549269841674
0.78811175,0.06493951,0.039780363,0.4255772,0.19124249,766,0,0,0,0.9701727529304407,0.029827247069559325
0.8064253,0.08099709,0.042984605,0.3978808,0.074182875,767,0,0,0,0.9579222982608239,0.04207770173917609
0.6436902,0.11841218,0.10171348,0.22240417,0.17910185,768,0,0,0,0.9448666286800473,0.055133371319952634
0.67721695,0.050654117,0.024814637,0.23076984,0.16325207,769,0,0,0,0.9404946831147963,0.05950531688520362
0.6251096,0.058430992,0.031698022,0.23975456,0.07892881,770,0,0,0,0.931281354043423,0.06871864595657698
0.61191624,0.08162183,0.061369248,0.32568488,0.20155114,771,0,0,0,0.9616420981212531,0.03835790187874685
0.4773231,0.092272855,0.050790694,0.5814672,0.029755482,772,0,0,0,0.976781708794559,0.02321829120544111
0.7429838,0.06882777,0.031360697,0.3140651,0.2462179,773,0,0,0,0.9630856361895844,0.036914363810415525
0.59442675,0.06286895,0.035491757,0.40882218,0.17570326,774,0,0,0,0.9687443729030664,0.03125562709693365
0.86683714,0.07044467,0.044702627,0.17202426,0.09364388,775,0,0,0,0.9140248898544697,0.08597511014553023
0.586416,0.070617914,0.034976836,0.44699395,0.09512852,776,0,0,0,0.9672290399246791,0.03277096007532084
0.65942687,0.12554374,0.111173145,0.17909119,0.16842717,777,0,0,0,0.9351506767547023,0.06484932324529771
0.7112745,0.047699764,0.02099803,0.23025373,0.32620537,778,0,0,0,0.9587657516383674,0.04123424836163261
0.764966,0.041221328,0.021929052,0.24539438,0.19292097,779,0,0,0,0.9450937103485293,0.054906289651470694
0.7261685,0.06891539,0.03681003,0.3789071,0.10731355,780,0,0,0,0.9586278281963102,0.04137217180368976
0.63223124,0.06309024,0.03559366,0.513482,0.1698786,781,0,0,0,0.9774336551316378,0.02256634486836222
0.6929023,0.082369946,0.04719408,0.47832558,0.07715471,782,0,0,0,0.9687506246932415,0.03124937530675849
0.6814308,0.073951155,0.044128157,0.3678228,0.2265293,783,0,0,0,0.9680329437540331,0.03196705624596689
0.6711976,0.06263303,0.03642344,0.3264032,0.19702001,784,0,0,0,0.9602340746093657,0.03976592539063424
0.75733477,0.059164856,0.03438314,0.35638905,0.17276427,785,0,0,0,0.9608891978938783,0.03911080210612169
0.7505669,0.079599015,0.0421665,0.49590966,0.25043064,786,0,0,0,0.9802154724753797,0.01978452752462037
0.7181788,0.073277295,0.057949115,0.33475775,0.16049868,787,0,0,0,0.9574349475222301,0.04256505247776984
0.67256576,0.09827007,0.08022579,0.16259652,0.11709433,788,0,0,0,0.9211689989770027,0.07883100102299732
0.7043235,0.068101816,0.036264457,0.33656922,0.084262624,789,0,0,0,0.9500755286267377,0.04992447137326226
0.86576635,0.05259275,0.028446198,0.23270033,0.05342859,790,0,0,0,0.9207810476506484,0.0792189523493516
0.7429138,0.041785903,0.031730793,0.16220944,0.099613935,791,0,1,0,0.9113884898095769,0.0886115101904231
0.628195,0.072586544,0.04084018,0.37465778,0.14413461,792,0,0,0,0.9625207014414381,0.037479298558561885
0.5998955,0.05725239,0.031423375,0.34916642,0.1508646,793,0,0,0,0.9593211503268305,0.04067884967316952
0.64780074,0.09136541,0.07068331,0.24295957,0.039124463,794,0,0,0,0.9271444672395904,0.07285553276040954
0.75792694,0.058963615,0.03130182,0.27105752,0.11534985,795,0,0,0,0.9411248313418457,0.058875168658154356
0.66317135,0.035392538,0.020674199,0.19062328,0.12834401,796,0,1,0,0.9251904453460986,0.07480955465390132
0.68622977,0.06834319,0.03716228,0.44965023,0.23496714,797,0,0,0,0.9759929910589392,0.024007008941060757
0.6874442,0.07918262,0.052335396,0.33147943,0.1219228,798,0,0,0,0.9539934259045482,0.04600657409545182
0.6995799,0.04932045,0.024051318,0.22382791,0.10854575,799,0,0,0,0.9305711716036598,0.06942882839634024
0.75221795,0.05377518,0.026779056,0.25694674,0.15464824,800,0,0,0,0.9434729873802837,0.05652701261971624
0.7443547,0.06408883,0.035946593,0.34328416,0.18625009,801,0,0,0,0.9608724230070967,0.03912757699290326
0.68184954,0.05825741,0.030342935,0.33713657,0.26056767,802,0,0,0,0.9667730658826621,0.033226934117337875
0.7390903,0.07590002,0.054276664,0.24334058,0.2872531,803,0,0,0,0.9574670418720403,0.0425329581279596
0.69860256,0.0696651,0.0872867,0.12489796,0.1308602,804,0,0,0,0.9084049619857668,0.09159503801423323
0.6950903,0.06701341,0.039097875,0.41050833,0.14527296,805,0,0,0,0.9659566837774093,0.0340433162225907
0.7279514,0.071930334,0.045491602,0.33106354,0.14467955,806,0,0,0,0.955564219551489,0.044435780448511084
0.5890103,0.041088443,0.018701758,0.15346739,0.17250587,807,0,0,0,0.926014670285465,0.07398532971453502
0.77114713,0.08657039,0.060802538,0.30879757,0.14425832,808,0,0,0,0.9523619891175013,0.047638010882498694
0.7335812,0.049415722,0.0266902,0.26054862,0.22682063,809,0,0,0,0.9525603629271224,0.04743963707287757
0.6553626,0.11010357,0.101890266,0.27543253,0.14477108,810,0,0,0,0.9487947386705275,0.05120526132947243
0.70054644,0.07347899,0.0435015,0.28941885,0.11260584,811,0,0,0,0.9457820720698962,0.0542179279301038
0.6485271,0.051614057,0.028063485,0.29890186,0.13853543,812,0,0,0,0.9497277694032725,0.050272230596727446
0.84194374,0.08765314,0.046257026,0.5031755,0.19255897,813,0,0,0,0.9775995077741118,0.022400492225888205
0.7357873,0.06901972,0.03894113,0.34249824,0.13993922,814,0,0,0,0.9566494617646285,0.04335053823537145
0.56908214,0.0882306,0.061801024,0.22735797,0.98763525,815,0,0,0,0.9920801191528682,0.007919880847131822
0.70622337,0.05633414,0.032008365,0.23323707,0.2883876,816,0,0,0,0.9557323069539506,0.04426769304604934
0.80843216,0.06486951,0.036777545,0.40360028,0.17723294,817,0,0,0,0.9667641244874319,0.033235875512568125
0.76671404,0.062148422,0.030497141,0.35583746,0.1813187,818,0,0,0,0.9618595155998994,0.03814048440010069
0.7043931,0.06445657,0.03587894,0.38789102,0.19591145,819,0,0,0,0.9673158534641685,0.032684146535831474
0.6534487,0.07301439,0.04421688,0.2911638,0.22048518,820,0,0,0,0.958458185792414,0.04154181420758597
0.66167194,0.067288995,0.046657056,0.20199215,0.22610898,821,0,0,0,0.9443861822948274,0.05561381770517254
0.58681446,0.06917425,0.039132696,0.36138996,0.12750435,822,0,0,0,0.9594840916823352,0.040515908317664835
0.6413926,0.05524871,0.027727809,0.3553455,0.12883902,823,0,0,0,0.9575938016077321,0.042406198392267884
0.7493081,0.040447187,0.016177425,0.14096923,0.111951575,824,0,0,0,0.9087329099160539,0.09126709008394612
0.7832907,0.08140601,0.044726178,0.5369403,0.07411796,825,0,0,0,0.9735400378765738,0.02645996212342621
0.72679114,0.06766562,0.03525479,0.46864864,0.23334266,826,0,0,0,0.9771707235230105,0.02282927647698954
0.7094705,0.10519025,0.08543868,0.28280538,0.14995547,827,0,0,0,0.9502363181554818,0.04976368184451815
0.65646785,0.074371435,0.05420977,0.2519555,0.14093772,828,0,0,0,0.9428335592216921,0.05716644077830796
0.6906834,0.06207382,0.041389946,0.217508,0.2094331,829,0,0,0,0.944375176377197,0.05562482362280293
0.72651273,0.05458248,0.029823696,0.34637898,0.15218095,830,0,0,0,0.9576941416107012,0.042305858389298845
0.5395993,0.05979044,0.032494113,0.3216768,0.1786472,831,0,0,0,0.9590326291730488,0.040967370826951205
0.6979483,0.063053116,0.04720694,0.33820188,0.10754173,832,0,0,0,0.9521300931112485,0.04786990688875153
0.7863659,0.07032918,0.052733693,0.3180364,0.10078634,833,0,0,0,0.9474718391753298,0.05252816082467019
0.596914,0.05310147,0.030011391,0.32923332,0.16936684,834,0,0,0,0.9581733559057409,0.041826644094259055
0.6593698,0.032083817,0.012608999,0.10204678,0.08803418,835,0,0,0,0.8924007713326157,0.10759922866738422
0.5792839,0.0946549,0.10203731,0.18946497,0.15296319,836,0,0,0,0.9329950154756186,0.06700498452438142
0.66877836,0.098405935,0.10455446,0.17661335,0.16536942,837,0,0,0,0.9310731702875352,0.0689268297124648
0.7863535,0.06368833,0.03265603,0.36186275,0.1719493,838,0,0,0,0.9616371716689233,0.03836282833107673
0.6309471,0.061978146,0.034001183,0.3787263,0.09225712,839,0,0,0,0.9576138840964946,0.04238611590350534
0.79223555,0.06846353,0.050840512,0.22944546,0.16092382,840,0,0,0,0.9389617876621783,0.061038212337821716
0.6631831,0.09182244,0.080967635,0.20923552,0.085583724,841,0,0,0,0.9261984902479016,0.07380150975209843
0.58526856,0.05208128,0.02721563,0.23907337,0.19664924,842,0,0,0,0.9475179836261298,0.052482016373870136
0.53634286,0.06462671,0.027231822,0.38331494,0.0794796,843,0,0,0,0.9583721163811046,0.041627883618895314
0.6350392,0.048296664,0.026428467,0.17932029,0.123053454,844,0,0,0,0.92346343769272,0.07653656230727998
0.72098374,0.06401941,0.04040644,0.22419415,0.09717088,845,0,0,0,0.9294066606449676,0.07059333935503247
0.69581145,0.076115265,0.06939347,0.34647787,0.10896961,846,0,1,0,0.9538178719821497,0.04618212801785022
0.71219426,0.050444294,0.022265205,0.11736972,0.117719635,847,0,0,0,0.9050603606959161,0.09493963930408392
0.6669842,0.0497216,0.025341207,0.21591122,0.22883067,848,0,0,0,0.9463466177690876,0.05365338223091237
0.7393974,0.103822164,0.0991664,0.15231024,0.45041665,849,0,0,0,0.9614114584670583,0.038588541532941646
0.72053903,0.063695736,0.03659185,0.24398999,0.10725653,850,0,0,0,0.9354079596013936,0.06459204039860647
0.69256115,0.044078182,0.029566342,0.12182507,0.113276534,851,0,0,0,0.9041996005374562,0.09580039946254379
0.7396709,0.068718635,0.041277718,0.3452891,0.18139094,852,0,0,0,0.9608845964109745,0.039115403589025495
0.6820674,0.070188716,0.043946434,0.3295926,0.1289245,853,0,0,0,0.9540814271176336,0.0459185728823665
0.75028527,0.043916427,0.022086862,0.19208615,0.10757512,854,0,0,0,0.9215411506983164,0.07845884930168356
0.7119958,0.066275015,0.051218018,0.108887136,0.265846,855,0,0,0,0.9303826670564233,0.06961733294357678
0.68135494,0.031812254,0.010969995,0.09651407,0.082540534,856,0,0,0,0.8888221115841056,0.11117788841589442
0.5810147,0.047452673,0.039232336,0.21559677,0.15926555,857,0,1,0,0.9371880130420139,0.06281198695798605
0.62099195,0.058338284,0.034141853,0.37632135,0.10796486,858,0,0,0,0.9586309165590671,0.041369083440932916
0.67283964,0.051124,0.023875808,0.22125088,0.22065783,859,0,0,0,0.9463937509186365,0.05360624908136351
0.7177788,0.03962952,0.017729575,0.16861941,0.14548795,860,0,0,0,0.9226875694040297,0.07731243059597026
0.6713813,0.07919065,0.064179726,0.19739257,0.35895574,861,0,0,0,0.9587568458187349,0.04124315418126513
0.7122508,0.05456997,0.040919002,0.11536039,0.1868117,862,0,0,0,0.9174260864047481,0.08257391359525192
0.6908328,0.11441452,0.061144106,0.115054764,0.22610071,863,0,0,0,0.9313040872801728,0.06869591271982721
0.6616112,0.06255108,0.037321873,0.36708355,0.16734195,864,0,0,0,0.9627458489040293,0.037254151095970724
0.6693189,0.03818362,0.01948681,0.20139731,0.12832391,865,0,0,0,0.9280349003409386,0.0719650996590614
0.65911007,0.06851979,0.04487534,0.121059015,0.10680019,866,0,0,0,0.9062257974939482,0.09377420250605185
0.76927847,0.06574446,0.049730875,0.2209798,0.19291134,867,0,0,0,0.941795018102723,0.05820498189727701
0.7036122,0.06524748,0.04200093,0.23329604,0.18346062,868,0,0,0,0.944005383374573,0.05599461662542709
0.61560553,0.06257899,0.031837925,0.3055999,0.15611275,869,0,0,0,0.9539396917086432,0.04606030829135679
0.67896503,0.08741501,0.06439169,0.2218377,0.101432174,870,0,0,0,0.9317680035500857,0.06823199644991426
0.58022165,0.06617143,0.039650828,0.4235411,0.18316731,871,0,0,0,0.9709287428525512,0.02907125714744889
0.606759,0.066922136,0.035619102,0.42577496,0.15126221,872,0,0,0,0.9688355983935804,0.03116440160641967
0.66471815,0.06016077,0.03119174,0.4099379,0.15366466,873,0,0,0,0.9666000844777508,0.03339991552224917
0.6414222,0.05158081,0.026567964,0.26486486,0.14203523,874,0,0,0,0.9444832564203499,0.0555167435796501
0.7881196,0.053935587,0.026863012,0.40216953,0.16939695,875,0,0,0,0.9657375320398591,0.03426246796014087
0.6726195,0.058352552,0.051231105,0.34002426,0.19101171,876,0,1,0,0.960600721856924,0.03939927814307601
0.73720807,0.04872606,0.024297256,0.22231746,0.21932507,877,0,0,0,0.9453509798117894,0.05464902018821062
0.6428096,0.056458693,0.034052957,0.305811,0.25758943,878,0,0,0,0.9629893869421646,0.03701061305783538
0.69457835,0.078065686,0.043765012,0.37540573,0.116621,879,0,0,0,0.9598038430708757,0.040196156929124205
0.67776227,0.07983853,0.05572211,0.4323665,0.18424936,880,0,0,0,0.9715207757941159,0.028479224205884068
0.84204865,0.052871965,0.028022723,0.31426874,0.07617376,881,0,0,0,0.9423595819748659,0.057640418025134116
0.7236383,0.04693659,0.020326814,0.109734744,0.08592875,882,0,0,0,0.8950170099485747,0.10498299005142527
0.64367694,0.06711897,0.035901327,0.40285394,0.1327443,883,0,0,0,0.9645769894091577,0.03542301059084233
0.6433502,0.05084674,0.026386868,0.22985129,0.17899865,884,0,0,0,0.9428317960261223,0.057168203973877625
0.7580501,0.055975046,0.031175649,0.20409739,0.08080001,885,0,0,0,0.9207452609229406,0.0792547390770594
0.78231883,0.04913621,0.021645699,0.24595697,0.07939368,886,0,0,0,0.9296649632158793,0.07033503678412073
0.73076797,0.053712327,0.025135167,0.22642593,0.2084315,887,0,0,0,0.9452466722978912,0.05475332770210887
0.7092815,0.066992715,0.054810338,0.13717332,0.15458503,888,0,0,0,0.9180429534596874,0.08195704654031251
0.5994456,0.052748576,0.028374234,0.41669425,0.17048873,889,0,0,0,0.9687323497510769,0.03126765024892314
0.70730907,0.04790633,0.034888413,0.22055604,0.16318303,890,0,0,0,0.9372248093269794,0.06277519067302059
0.66133183,0.06950423,0.03796161,0.42100433,0.19792879,891,0,0,0,0.9713696165212201,0.02863038347877991
0.75944513,0.063126065,0.034496766,0.35235,0.18497743,892,0,0,0,0.9617516124565822,0.03824838754341776
0.6836334,0.078592904,0.042773027,0.40084067,0.10957322,893,0,0,0,0.9625751412504148,0.037424858749585205
0.68815005,0.048725188,0.024541149,0.24978423,0.11299747,894,0,0,0,0.9368068812650184,0.06319311873498154
0.7045384,0.055518895,0.028541442,0.33501184,0.16989537,895,0,0,0,0.9582099505862534,0.041790049413746665
0.6866273,0.054795366,0.031053055,0.38068396,0.21526769,896,0,0,0,0.9677083522539537,0.03229164774604629
0.70984423,0.10117107,0.08508758,0.23027629,0.108817406,897,0,0,0,0.9347244796475446,0.06527552035245547
0.5973719,0.074530736,0.04648036,0.48825532,0.13787714,898,0,0,0,0.974041870054617,0.02595812994538308
0.70781934,0.03140655,0.012839088,0.079636775,0.06716358,899,0,0,0,0.8780972201388576,0.12190277986114238
0.74807674,0.058269043,0.028296735,0.29466674,0.17945617,900,0,0,0,0.953152346273943,0.046847653726057
0.76199335,0.054475136,0.026414879,0.39270923,0.086989105,901,0,0,0,0.9574197383442934,0.04258026165570663
0.62725204,0.041792776,0.02099803,0.212631,0.14520639,902,0,0,0,0.9341650150077521,0.0658349849922479
0.7292137,0.044827297,0.022874359,0.15926154,0.12446078,903,0,0,0,0.9167315320994893,0.08326846790051068
0.75593275,0.05392392,0.03077191,0.25392368,0.13021834,904,0,0,0,0.9393764908968332,0.06062350910316683
0.6414734,0.07663688,0.04817512,0.37339303,0.12814042,905,0,0,0,0.9608475865821431,0.039152413417856906
0.6239125,0.061436217,0.034901273,0.4153337,0.14223818,906,0,0,0,0.9665859546317082,0.033414045368291886
0.5953964,0.12634331,0.090298355,0.32597905,0.5581475,907,0,0,0,0.9846289888260356,0.015371011173964498
0.7789653,0.06762421,0.030542592,0.31991756,0.20360938,908,0,0,0,0.9595734103952587,0.0404265896047413
0.9111679,0.06513199,0.038161196,0.44147822,0.05931771,909,0,0,0,0.9602946700935655,0.03970532990643455
0.7736678,0.0766538,0.04412898,0.32430857,0.114017874,910,0,0,0,0.9511799942320582,0.04882000576794179
0.6076262,0.070617914,0.048200026,0.22597905,0.087231286,911,0,0,0,0.9303990829507021,0.06960091704929798
0.6531766,0.057507098,0.03196871,0.24203654,0.18542284,912,0,0,0,0.9461305436529588,0.05386945634704121
0.68324757,0.06928096,0.052156426,0.24925777,0.10730767,913,0,0,0,0.9368409871509069,0.06315901284909312
0.6961513,0.06052602,0.032756265,0.3543141,0.23890927,914,0,0,0,0.9669182637487105,0.03308173625128949
0.63055414,0.06184044,0.034858096,0.29096526,0.13631521,915,0,0,0,0.9490384699619068,0.05096153003809317
0.68570924,0.059186727,0.029344099,0.26117435,0.33951652,916,0,0,0,0.9646252553325776,0.03537474466742243
0.69186205,0.0615833,0.03651804,0.28793094,0.19105764,917,0,0,0,0.9539506797633767,0.04604932023662338
0.63501656,0.04869438,0.0285441,0.24469016,0.27210823,918,0,0,0,0.9559384364234476,0.04406156357655248
0.6752331,0.08860721,0.07144093,0.24062447,0.09051382,919,0,0,0,0.9339194853267663,0.06608051467323375
0.62824667,0.12037616,0.08986658,0.18257032,0.18841302,920,0,0,0,0.9397034628771858,0.06029653712281427
0.7559345,0.0583949,0.036685955,0.27824968,0.27352938,921,0,0,0,0.9599763274993179,0.0400236725006821
0.52965045,0.07748975,0.046775162,0.36311087,0.07444716,922,0,0,0,0.9553876806524988,0.04461231934750121
0.69074166,0.08632497,0.06866629,0.18850525,0.14823069,923,0,0,0,0.9312302425754848,0.06876975742451523
0.0,0.12634331,0.090298355,0.32597905,0.0,924,0,0,0,0.9497961989298612,0.05020380107013879
0.5999871,0.044689726,0.031706117,0.18195257,0.15173104,925,0,1,0,0.9286499558630952,0.07135004413690481
0.6052856,0.05040663,0.026665114,0.33772752,0.19915155,926,0,0,0,0.9619142658072146,0.03808573419278543
0.6751399,0.06035363,0.031567097,0.31705448,0.1666789,927,0,0,0,0.9559352289930976,0.04406477100690245
0.59315145,0.061570957,0.03459903,0.44583562,0.21402743,928,0,0,0,0.974731672048317,0.025268327951683
0.6862819,0.059441894,0.03786561,0.29767668,0.15886214,929,0,0,0,0.9517283736422812,0.04827162635771878
0.77611524,0.04622001,0.03022728,0.2295091,0.07484701,930,0,0,0,0.9242950336478947,0.07570496635210532
0.7349127,0.04926189,0.027139435,0.27974823,0.16689955,931,0,0,0,0.9487190259790893,0.0512809740209107
0.67239726,0.06940138,0.03908088,0.26166576,0.14528205,932,0,0,0,0.945158960079805,0.054841039920195005
0.64700335,0.045099452,0.024421412,0.16381688,0.15340047,933,0,0,0,0.9244366613709566,0.07556333862904345
0.69583297,0.049815416,0.023557857,0.25424317,0.15096137,934,0,0,0,0.9429724747041907,0.057027525295809296
0.7258467,0.051115338,0.028652273,0.32351202,0.1671336,935,0,0,0,0.9557410370290341,0.044258962970965925
0.73568225,0.06976887,0.050771456,0.25041914,0.2117023,936,0,0,0,0.950050915599593,0.04994908440040701
0.6929999,0.073858134,0.053525284,0.18029049,0.08817519,937,0,0,0,0.9183144463588461,0.08168555364115392
0.78043014,0.065420724,0.03609889,0.4225622,0.15495229,938,0,0,0,0.9673649399664621,0.03263506003353794
0.67244405,0.04415426,0.021641772,0.18197663,0.16318543,939,0,0,0,0.9298705168688115,0.07012948313118854
0.85700184,0.05023947,0.023759136,0.32580486,0.0667,940,0,0,0,0.9429736490657145,0.05702635093428551
0.69801694,0.06342181,0.03494777,0.30958462,0.19382332,941,0,0,0,0.9575160825971945,0.042483917402805556
0.7140811,0.045966588,0.021970535,0.25075966,0.22168495,942,0,0,0,0.9505449058291051,0.049455094170894935
0.6218051,0.05732451,0.032174654,0.27838582,0.1650395,943,0,0,0,0.9501373485569902,0.04986265144300978
0.5922344,0.056102537,0.026591515,0.33265808,0.08732975,944,0,0,0,0.9503940702701842,0.049605929729815854
0.67243755,0.052960806,0.028172184,0.22893631,0.16265878,945,0,0,0,0.9402088113994737,0.05979118860052635
0.7410096,0.047604855,0.025555685,0.28463566,0.11870368,946,0,0,0,0.9433945777045972,0.05660542229540278
0.6355155,0.10638309,0.08625748,0.2921365,0.09286434,947,0,0,0,0.945901946522668,0.054098053477332014
0.8062063,0.070617914,0.06633469,0.14180915,0.12396939,948,0,0,0,0.9113344496780936,0.08866555032190639
0.64668113,0.056256607,0.029347299,0.3067124,0.24573854,949,0,0,0,0.962162974706308,0.03783702529369208
0.7203744,0.03627157,0.015399314,0.124206655,0.09552385,950,0,0,0,0.9002827617279957,0.09971723827200425
0.6817045,0.053719036,0.026701096,0.2836643,0.1546198,951,0,0,0,0.948983592244165,0.051016407755835096
0.76075023,0.057336215,0.02974153,0.4222835,0.07560348,952,0,0,0,0.960417754039909,0.039582245960090946
0.6494983,0.051272828,0.02761947,0.22165796,0.11842761,953,0,0,0,0.9324536759274257,0.06754632407257435
0.5923721,0.067233965,0.039909896,0.33349806,0.13259265,954,0,0,0,0.9558889544969909,0.04411104550300915
0.711136,0.05375007,0.05188891,0.2663709,0.13622212,955,0,1,0,0.9420829462097314,0.05791705379026856
0.56743395,0.07090665,0.03654203,0.4146718,0.081293195,956,0,0,0,0.9624690486199707,0.037530951380029286
0.77109027,0.050053738,0.018479329,0.26839492,0.12965633,957,0,0,0,0.9420545939159359,0.05794540608406405
0.67341506,0.0954045,0.090422906,0.22566506,0.12664524,958,0,0,0,0.9359663193439249,0.0640336806560751
0.75587445,0.05024783,0.03438854,0.17003861,0.17809725,959,0,0,0,0.9282658477762753,0.07173415222372474
0.6409548,0.074401304,0.042036027,0.35463417,0.13251095,960,0,0,0,0.9588399461255566,0.04116005387444344
0.74416083,0.038801607,0.018873231,0.17893575,0.0991906,961,0,0,0,0.9162475716063384,0.08375242839366161
0.74876386,0.063146956,0.04617607,0.24026476,0.115474045,962,0,0,0,0.9348420688666749,0.06515793113332512
0.67642593,0.12496839,0.10463954,0.23154992,0.13691843,963,0,0,0,0.9411229799318755,0.058877020068124425
0.7484088,0.05005603,0.022478413,0.17745647,0.15259543,964,0,0,0,0.9266041101513985,0.07339588984860142
0.6943784,0.074041456,0.041558877,0.46360937,0.1257874,965,0,0,0,0.9704324931114645,0.029567506888535516
0.6651603,0.05827116,0.029448539,0.32864234,0.17555752,966,0,0,0,0.9584584257183763,0.04154157428162373
0.79067916,0.05637377,0.030820975,0.27027026,0.14879361,967,0,0,0,0.9447013962277672,0.055298603772232884
