GLCM_Pan,Mean_G,Mean_R,Mean_NIR,SD_Plan,name,is_train,target,prediction,score_0,score_1
0.6936553856129175,0.2607392663906385,0.0,0.24472883938861767,0.1253670431657701,0,0,0,0,0.9999998999999902,1.0000000994736041e-07
0.693378621365789,0.2640209697202338,0.0,0.24622676262004245,0.12418571788279448,1,0,0,0,0.9999998999999902,1.0000000994736041e-07
0.6925049560506172,0.26527310130572196,0.0,0.24546149456283195,0.12394665170865643,2,0,0,0,0.9999998999999902,1.0000000994736041e-07
0.693588829982694,0.2601224945628753,0.0,0.2455742869133093,0.12489890521093039,3,0,0,0,0.9999998999999902,1.0000000994736041e-07
0.693494486190523,0.26289935474229364,0.0,0.2453600986537503,0.12437734080288076,4,0,0,0,0.9999998999999902,1.0000000994736041e-07
0.694869397484371,0.2721472722842727,0.0,0.24137543361337624,0.1266727867867882,5,0,0,0,0.9999998999999902,1.0000000994736041e-07
0.6927342171463926,0.25170766240896214,0.0,0.2325941880349865,0.12453783433996995,6,0,0,0,0.9999998999999902,1.0000000994736041e-07
0.6944080012624716,0.27549352594543614,0.0,0.24242999570529827,0.1258476332808365,7,0,0,0,0.9999998999999902,1.0000000994736041e-07
0.7003829700021205,0.2766051200218602,0.0,0.24709008484362927,0.1377727941895499,8,0,0,0,0.9999998999999902,1.0000000994736041e-07
0.6935571804936254,0.2684615528003556,0.0,0.2451105179956603,0.12454189894902859,9,0,0,0,0.9999998999999902,1.0000000994736041e-07
0.6941917633089085,0.2579756887819369,0.0,0.2442024168197015,0.1253528112587268,10,0,0,0,0.9999998999999902,1.0000000994736041e-07
0.6942892463316462,0.2646675568262196,0.0,0.24368598235961364,0.12609968116846815,11,0,0,0,0.9999998999999902,1.0000000994736041e-07
0.6928705705065553,0.0,0.11375217800521803,0.2531493547367071,0.1263501297226951,12,0,1,1,3.00000089999998e-14,0.9999999999999699
0.6936376633233837,0.25343739605820537,0.0,0.24690829173672263,0.12419508537083608,13,0,0,0,0.9999998999999902,1.0000000994736041e-07
0.6935407470826314,0.2640619547366818,0.0,0.2454670872325529,0.12427072326966976,14,0,0,0,0.9999998999999902,1.0000000994736041e-07
0.6953253612300461,0.0,0.0772863401296553,0.2534706709740265,0.12632483514127224,15,0,1,1,3.00000089999998e-14,0.9999999999999699
0.6938454903851113,0.26450796221302353,0.0,0.2444075525499844,0.125653049000567,16,0,0,0,0.9999998999999902,1.0000000994736041e-07
0.693291840475092,0.2492516048720385,0.0,0.2460295587974952,0.12448603238123035,17,0,0,0,0.9999998999999902,1.0000000994736041e-07
0.6935569603588007,0.2593874830429045,0.0,0.24533003915789164,0.1245667497550193,18,0,0,0,0.9999998999999902,1.0000000994736041e-07
0.6939607568462093,0.2548159250700158,0.0,0.24472552499260564,0.1253601064895719,19,0,0,0,0.9999998999999902,1.0000000994736041e-07
0.6929062666463238,0.2503798148968457,0.0,0.24667686751711465,0.12348978523692579,20,0,0,0,0.9999998999999902,1.0000000994736041e-07
0.6934264460338708,0.267774525287071,0.0,0.24560591815556784,0.12401293973417946,21,0,0,0,0.9999998999999902,1.0000000994736041e-07
0.6914123116736929,0.00260538825881651,0.0812315482007765,0.24994441465032352,0.12765443681104355,22,0,1,1,3.00000089999998e-14,0.9999999999999699
0.69339946527547,0.2574105071596392,0.0,0.2458649931641844,0.1244079055329507,23,0,0,0,0.9999998999999902,1.0000000994736041e-07
0.6927328913507869,0.0,0.11371792998865132,0.253468930036042,0.1264434536150038,24,0,1,1,3.00000089999998e-14,0.9999999999999699
0.6946147889435748,0.26003037127370743,0.0,0.2420381698570273,0.12600337297872216,25,0,0,0,0.9999998999999902,1.0000000994736041e-07
0.693488112172143,0.27045250635680995,0.0,0.24509847373902477,0.12419148905703657,26,0,0,0,0.9999998999999902,1.0000000994736041e-07
0.6933318967451749,0.24938436512666065,0.0,0.24591402470023643,0.12434873160192339,27,0,0,0,0.9999998999999902,1.0000000994736041e-07
0.6935826072156961,0.26124036040406595,0.0,0.24431636340160268,0.12437821785219536,28,0,0,0,0.9999998999999902,1.0000000994736041e-07
0.6982772131416952,0.24471648568405638,0.0,0.2362275848275579,0.12018301125836785,29,0,0,0,0.9999998999999902,1.0000000994736041e-07
0.6933197285239646,0.2580912261437072,0.0,0.2469550576422839,0.12387844611267335,30,0,0,0,0.9999998999999902,1.0000000994736041e-07
0.6935692757199758,0.2755190694178765,0.0,0.24571064515075683,0.12475053446604091,31,0,0,0,0.9999998999999902,1.0000000994736041e-07
0.6938076837751951,0.2662171382680325,0.0,0.24412248901771627,0.12465265162020978,32,0,0,0,0.9999998999999902,1.0000000994736041e-07
0.6934739054484226,0.26909187523340833,0.0,0.24552121531766258,0.12450394256433868,33,0,0,0,0.9999998999999902,1.0000000994736041e-07
0.6935924104451486,0.2650176262204573,0.0,0.24497469096438693,0.1260641858351093,34,0,0,0,0.9999998999999902,1.0000000994736041e-07
0.6936100384680369,0.2675704235210977,0.0,0.2440678262167046,0.124238345478101,35,0,0,0,0.9999998999999902,1.0000000994736041e-07
0.6934342199066698,0.26928556931993086,0.0,0.24646578083592674,0.12444542113483385,36,0,0,0,0.9999998999999902,1.0000000994736041e-07
0.693532474579082,0.2738073480948369,0.0,0.24479321085122716,0.12408676916836807,37,0,0,0,0.9999998999999902,1.0000000994736041e-07
0.6922799651318368,0.010580724157305155,0.06465614404494457,0.26053626148779646,0.12814764106983678,38,0,1,1,3.00000089999998e-14,0.9999999999999699
0.693476426963187,0.257939841732408,0.0,0.24284440561909046,0.12433260350620164,39,0,0,0,0.9999998999999902,1.0000000994736041e-07
0.6933898578131094,0.25827089014045,0.0,0.24613853658950413,0.12412308262539344,40,0,0,0,0.9999998999999902,1.0000000994736041e-07
0.698592444042504,0.2539192655940055,0.0,0.24404945417436177,0.12898711231435336,41,0,0,0,0.9999998999999902,1.0000000994736041e-07
0.6936583067785557,0.26996640521935483,0.0,0.24384225889742422,0.12445743324020314,42,0,0,0,0.9999998999999902,1.0000000994736041e-07
0.6934242466361364,0.264899409007441,0.0,0.24561441998214575,0.12453854125325592,43,0,0,0,0.9999998999999902,1.0000000994736041e-07
0.6935441707609129,0.25331327498463063,0.0,0.24580726212673934,0.12503290224786529,44,0,0,0,0.9999998999999902,1.0000000994736041e-07
0.6935527865839429,0.267354389760569,0.0,0.24392194936700176,0.12419056485821127,45,0,0,0,0.9999998999999902,1.0000000994736041e-07
0.6938054181212746,0.287914332383458,0.0,0.2439601000419161,0.12479661818932869,46,0,0,0,0.9999998999999902,1.0000000994736041e-07
0.6951398676264102,0.2735394324567849,0.0,0.23836653757007398,0.13836326047185532,47,0,0,0,0.9999998999999902,1.0000000994736041e-07
0.6995382435022484,0.24740277902572688,0.0,0.23125582489648044,0.11981928485690026,48,0,0,0,0.9999998999999902,1.0000000994736041e-07
0.6934516165096095,0.24959793177585035,0.0,0.24493445294703664,0.12427452932919808,49,0,0,0,0.9999998999999902,1.0000000994736041e-07
0.6942884428768584,0.26196164499589414,0.0,0.2438882397785516,0.12497116854996289,50,0,0,0,0.9999998999999902,1.0000000994736041e-07
0.6902795230761984,0.2582465411738998,0.0,0.24452068822461304,0.12360809228515592,51,0,0,0,0.9999998999999902,1.0000000994736041e-07
0.6939425041557399,0.2617590718359174,0.0,0.24615563208504185,0.12463284922453571,52,0,0,0,0.9999998999999902,1.0000000994736041e-07
0.6933113491190854,0.0,0.10378155058026117,0.2530878879234302,0.12671229993504726,53,0,1,1,3.00000089999998e-14,0.9999999999999699
0.6935832649932726,0.2763269654462769,0.0,0.24563987947570037,0.12482408295433306,54,0,0,0,0.9999998999999902,1.0000000994736041e-07
0.6935459471641157,0.26584891352120443,0.0,0.24578116248347895,0.12430159972591241,55,0,0,0,0.9999998999999902,1.0000000994736041e-07
0.693012276499218,0.2480784539901173,0.0,0.24513522719617548,0.12356175928560609,56,0,0,0,0.9999998999999902,1.0000000994736041e-07
0.6950042637440043,0.25807434887930475,0.0,0.2411483242229822,0.1313500820252071,57,0,0,0,0.9999998999999902,1.0000000994736041e-07
0.6970163546881173,0.2645961135086102,0.0,0.24068860567932135,0.1342378384134295,58,0,0,0,0.9999998999999902,1.0000000994736041e-07
0.6916127240747971,0.0027044274048168004,0.07087859908774508,0.24652565950201658,0.1258658197566741,59,0,1,1,3.00000089999998e-14,0.9999999999999699
0.6935464497769372,0.26225189109882013,0.0,0.24558718122641596,0.1246626920076029,60,0,0,0,0.9999998999999902,1.0000000994736041e-07
0.6936651690537498,0.27746721429968546,0.0,0.2452516309460137,0.12462604014265395,61,0,0,0,0.9999998999999902,1.0000000994736041e-07
0.6934518845578457,0.27699400993020706,0.0,0.2462796768281185,0.12420736512783703,62,0,0,0,0.9999998999999902,1.0000000994736041e-07
0.6943904424507531,0.2753356846150861,0.0,0.24231557583106159,0.12633915894038247,63,0,0,0,0.9999998999999902,1.0000000994736041e-07
0.6935961099160018,0.2677693615052526,0.0,0.24496637607180505,0.12483350781235894,64,0,0,0,0.9999998999999902,1.0000000994736041e-07
0.6936684419780687,0.26157847131053835,0.0,0.24627549794857534,0.12465858971675307,65,0,0,0,0.9999998999999902,1.0000000994736041e-07
0.6847797153177887,0.2789174623706248,0.0,0.23867155034767112,0.13869392622066146,66,0,0,0,0.9999998999999902,1.0000000994736041e-07
0.6937182129473018,0.25818192479790436,0.0,0.2464481613631329,0.1248541624490183,67,0,0,0,0.9999998999999902,1.0000000994736041e-07
0.6944171621589514,0.2549612340251381,0.0,0.2501714771864088,0.12491540829269318,68,0,0,0,0.9999998999999902,1.0000000994736041e-07
0.6939176181552751,0.25246308479264035,0.0,0.2448290639620709,0.12485990938598641,69,0,0,0,0.9999998999999902,1.0000000994736041e-07
0.693710959153727,0.2547248410428478,0.0,0.2441210717055285,0.12494765754345957,70,0,0,0,0.9999998999999902,1.0000000994736041e-07
0.7061520821359348,0.2782543819406828,0.0,0.24282012445285223,0.140063731902411,71,0,0,0,0.9999998999999902,1.0000000994736041e-07
0.6934571101606517,0.26909003283253474,0.0,0.24614098760506825,0.1247251790106906,72,0,0,0,0.9999998999999902,1.0000000994736041e-07
0.6937852968552362,0.2589080902733847,0.0,0.2445006990907974,0.12453345377622914,73,0,0,0,0.9999998999999902,1.0000000994736041e-07
0.6937067599862385,0.2592973064051292,0.0,0.24481575219063936,0.12561753068628193,74,0,0,0,0.9999998999999902,1.0000000994736041e-07
0.6937033845698419,0.27759672113169076,0.0,0.2448512954588375,0.12503288648555608,75,0,0,0,0.9999998999999902,1.0000000994736041e-07
0.6963112725231738,0.2770882128152093,0.0,0.23909794329579903,0.12927041765608177,76,0,0,0,0.9999998999999902,1.0000000994736041e-07
0.69552434844851,0.2699886944635552,0.0,0.25625987370718123,0.1255638975649729,77,0,0,0,0.9999998999999902,1.0000000994736041e-07
0.6936834807188399,0.2543537385061526,0.0,0.24587703793304316,0.12437393288928202,78,0,0,0,0.9999998999999902,1.0000000994736041e-07
0.6942726924122068,0.258723901407268,0.0,0.24397705850425283,0.1249134631949501,79,0,0,0,0.9999998999999902,1.0000000994736041e-07
0.6937986582674784,0.26996103413647676,0.0,0.24307889031915836,0.1248966210029317,80,0,0,0,0.9999998999999902,1.0000000994736041e-07
0.6933669514214659,0.2519079306152462,0.0,0.24536285250570045,0.12445291219337504,81,0,0,0,0.9999998999999902,1.0000000994736041e-07
0.6935663801389851,0.2634374397214732,0.0,0.24614227586967374,0.12416812427051843,82,0,0,0,0.9999998999999902,1.0000000994736041e-07
0.6936423161467884,0.2733533228399269,0.0,0.24217041794383637,0.12406009674592383,83,0,0,0,0.9999998999999902,1.0000000994736041e-07
0.6935263420936301,0.27914664434685416,0.0,0.24463339607285567,0.1242323900432959,84,0,0,0,0.9999998999999902,1.0000000994736041e-07
0.693981682434923,0.2783710900206748,0.0,0.2428917504562128,0.1251827734889392,85,0,0,0,0.9999998999999902,1.0000000994736041e-07
0.6937605717400925,0.2654380767386922,0.0,0.24625455200567106,0.12386255885450176,86,0,0,0,0.9999998999999902,1.0000000994736041e-07
0.6961329733089638,0.28048886826478253,0.0,0.237988269104914,0.1291848548709025,87,0,0,0,0.9999998999999902,1.0000000994736041e-07
0.6933160704605502,0.2524730352962893,0.0,0.2491123200057783,0.12418001612554443,88,0,0,0,0.9999998999999902,1.0000000994736041e-07
0.6925266808588546,0.2441280703530376,0.0,0.24035914587043117,0.12605234941288274,89,0,0,0,0.9999998999999902,1.0000000994736041e-07
0.6940804677172129,0.2747729582155385,0.0,0.24324797640015233,0.12571708252130478,90,0,0,0,0.9999998999999902,1.0000000994736041e-07
0.6938688881775247,0.26246920505803906,0.0,0.24455166646159854,0.12549340325190053,91,0,0,0,0.9999998999999902,1.0000000994736041e-07
0.6800103214430171,0.2636458887253008,0.0,0.2434155470672603,0.12638415749966045,92,0,0,0,0.9999998999999902,1.0000000994736041e-07
0.6934665000831072,0.2594713211921461,0.0,0.24627007601016185,0.1242294984049822,93,0,0,0,0.9999998999999902,1.0000000994736041e-07
0.6956339885499437,0.0,0.09521197041814039,0.2591675820323635,0.12699170492932804,94,0,1,1,3.00000089999998e-14,0.9999999999999699
0.6935061695941872,0.24687846173231898,0.0,0.25042793793555007,0.12464904618133191,95,0,0,0,0.9999998999999902,1.0000000994736041e-07
0.6934901747538385,0.2612618292916333,0.0,0.24500099326201624,0.12420735352553677,96,0,0,0,0.9999998999999902,1.0000000994736041e-07
0.6937139832904751,0.26453018544072665,0.0,0.24523588194618828,0.1253147954952167,97,0,0,0,0.9999998999999902,1.0000000994736041e-07
0.6938588178883965,0.27845990361206974,0.0,0.24348963233153323,0.12442461875920875,98,0,0,0,0.9999998999999902,1.0000000994736041e-07
0.6937124398460253,0.25232430257804067,0.0,0.2446310778235623,0.12451585314930616,99,0,0,0,0.9999998999999902,1.0000000994736041e-07
0.6936182188105136,0.2682838280661307,0.0,0.243859727277158,0.12447441908935457,100,0,0,0,0.9999998999999902,1.0000000994736041e-07
0.6887703607487936,0.2557138322592531,0.0,0.24574934176082158,0.12770012600779002,101,0,0,0,0.9999998999999902,1.0000000994736041e-07
0.6931411207087265,0.2636307284896691,0.0,0.2460574085630054,0.12408369845679994,102,0,0,0,0.9999998999999902,1.0000000994736041e-07
0.6935539186365886,0.2609204115523464,0.0,0.24464145055420394,0.1243970844067321,103,0,0,0,0.9999998999999902,1.0000000994736041e-07
0.6937597525445796,0.26934533577511627,0.0,0.2432150069774105,0.12466964573103445,104,0,0,0,0.9999998999999902,1.0000000994736041e-07
0.6931892240330448,0.0,0.09462381914352352,0.25228670012018606,0.12699727195041016,105,0,1,1,3.00000089999998e-14,0.9999999999999699
0.69302343925455,0.26916196022636163,0.0,0.24734856568566663,0.124166131554039,106,0,0,0,0.9999998999999902,1.0000000994736041e-07
0.6937454031493719,0.2718023236766511,0.0,0.24481232395786812,0.12512910461139387,107,0,0,0,0.9999998999999902,1.0000000994736041e-07
0.6935268354588123,0.27299604881076256,0.0,0.24507961717026705,0.12421536258424941,108,0,0,0,0.9999998999999902,1.0000000994736041e-07
0.6945732461249093,0.26704174733526387,0.0,0.24440481204803988,0.12512177229405252,109,0,0,0,0.9999998999999902,1.0000000994736041e-07
0.6937047878696762,0.2691284161198832,0.0,0.2447631746522584,0.12466318402620305,110,0,0,0,0.9999998999999902,1.0000000994736041e-07
0.6894446282725559,0.2410433419212301,0.0,0.2445336912666934,0.11880198666939337,111,0,0,0,0.9999998999999902,1.0000000994736041e-07
0.6936963142472303,0.269748993452279,0.0,0.2434035787960681,0.12455772660794902,112,0,0,0,0.9999998999999902,1.0000000994736041e-07
0.6930132042278091,0.2569876495220667,0.0,0.2606424563730014,0.12832007857379762,113,0,0,0,0.9999998999999902,1.0000000994736041e-07
0.6936281359610851,0.2610401282976037,0.0,0.2456221468755071,0.1245987317215935,114,0,0,0,0.9999998999999902,1.0000000994736041e-07
0.6935076849152233,0.27868416544723873,0.0,0.24462505187320824,0.1240801714314301,115,0,0,0,0.9999998999999902,1.0000000994736041e-07
0.6934134339982503,0.26206993689440794,0.0,0.24500944507940753,0.1213447805550813,116,0,0,0,0.9999998999999902,1.0000000994736041e-07
0.6933573906175777,0.25837301845653754,0.0,0.24680278008883133,0.12401181095646528,117,0,0,0,0.9999998999999902,1.0000000994736041e-07
0.693801543318816,0.2642001432893595,0.0,0.2440611140511884,0.12452875846946565,118,0,0,0,0.9999998999999902,1.0000000994736041e-07
0.6940096024544999,0.2509789111129228,0.0,0.2328122183190846,0.12314714034732849,119,0,0,0,0.9999998999999902,1.0000000994736041e-07
0.6934247304057055,0.2650537941857243,0.0,0.24783802531306479,0.12418471135385245,120,0,0,0,0.9999998999999902,1.0000000994736041e-07
0.693684673835087,0.0,0.10989481103526261,0.2511330866199285,0.12687779208365588,121,0,1,1,3.00000089999998e-14,0.9999999999999699
0.6935165898138069,0.2605997492733278,0.0,0.2459333078984864,0.1245051440168711,122,0,0,0,0.9999998999999902,1.0000000994736041e-07
0.6937818330551185,0.27164649548247627,0.0,0.24460038333726597,0.12477391338760069,123,0,0,0,0.9999998999999902,1.0000000994736041e-07
0.6935333736894003,0.275131048547864,0.0,0.245890933086101,0.12519752295225348,124,0,0,0,0.9999998999999902,1.0000000994736041e-07
0.6933914640731151,0.2578123566105703,0.0,0.2459854713355384,0.124416147083899,125,0,0,0,0.9999998999999902,1.0000000994736041e-07
0.6936961246915618,0.25522393244479386,0.0,0.24396741441988745,0.12434626711001526,126,0,0,0,0.9999998999999902,1.0000000994736041e-07
0.6935656253768391,0.2681899371362071,0.0,0.2456731519616009,0.12516003191963168,127,0,0,0,0.9999998999999902,1.0000000994736041e-07
0.6934862192200778,0.2592643932943654,0.0,0.2461498069023623,0.12466592763694215,128,0,0,0,0.9999998999999902,1.0000000994736041e-07
0.693487749727414,0.2689075671106991,0.0,0.2453506818176587,0.12467782812076944,129,0,0,0,0.9999998999999902,1.0000000994736041e-07
0.6933547873558533,0.2592467213678387,0.0,0.2462404063734265,0.12415680760770445,130,0,0,0,0.9999998999999902,1.0000000994736041e-07
0.6934407403290346,0.2718023587976284,0.0,0.24750844275899256,0.12422445264911812,131,0,0,0,0.9999998999999902,1.0000000994736041e-07
0.6934746499655532,0.25192464292112,0.0,0.24656134196381085,0.12448167901635912,132,0,0,0,0.9999998999999902,1.0000000994736041e-07
0.6940198611615506,0.2593906632100293,0.0,0.24374666362884562,0.12569529828816453,133,0,0,0,0.9999998999999902,1.0000000994736041e-07
0.695374375806795,0.25494692772921956,0.0,0.24309764378451149,0.12321413766086373,134,0,0,0,0.9999998999999902,1.0000000994736041e-07
0.6937107214422353,0.2735766268724147,0.0,0.2444196198030733,0.12486660423205988,135,0,0,0,0.9999998999999902,1.0000000994736041e-07
0.7136472011722649,0.5249547067693221,0.06227464476392788,0.2202408409311037,0.5361443858070452,136,0,0,0,0.9999998999999902,1.0000000994736041e-07
0.6935870491451965,0.2680100404857313,0.0,0.24554018653159448,0.12446117074008453,137,0,0,0,0.9999998999999902,1.0000000994736041e-07
0.6945008739871341,0.2767322292189951,0.0,0.24264540382013564,0.12629067881600292,138,0,0,0,0.9999998999999902,1.0000000994736041e-07
0.6932777927310286,0.27369572597907077,0.0,0.24913284628359406,0.12398238225319493,139,0,0,0,0.9999998999999902,1.0000000994736041e-07
0.6935517404000089,0.25916114569556914,0.0,0.24395038216083328,0.1241647559079333,140,0,0,0,0.9999998999999902,1.0000000994736041e-07
0.6934012095816123,0.2724224488283548,0.0,0.24686243948004916,0.12380963610797265,141,0,0,0,0.9999998999999902,1.0000000994736041e-07
0.6942271131825757,0.26155923017733174,0.0,0.24451992671511671,0.12486009629487277,142,0,0,0,0.9999998999999902,1.0000000994736041e-07
0.6933768876957952,0.2530317367716054,0.0,0.2459924426130966,0.1240909100834536,143,0,0,0,0.9999998999999902,1.0000000994736041e-07
0.6935046866939736,0.2607391710404348,0.0,0.2454298628408232,0.12436179608241296,144,0,0,0,0.9999998999999902,1.0000000994736041e-07
0.696927631829121,0.00033631226628855204,0.0791249356945502,0.23658460911933155,0.12486761382207649,145,0,1,1,3.00000089999998e-14,0.9999999999999699
0.6934644270019817,0.25846497690273484,0.0,0.24551708032318303,0.12440746391340862,146,0,0,0,0.9999998999999902,1.0000000994736041e-07
0.6935988915403858,0.2712550517027364,0.0,0.24538409957949903,0.12481052208769912,147,0,0,0,0.9999998999999902,1.0000000994736041e-07
0.693454104945971,0.2682247443601461,0.0,0.24538706905555888,0.12424472253253842,148,0,0,0,0.9999998999999902,1.0000000994736041e-07
0.6932806877654756,0.264957826281727,0.0,0.24520116235351314,0.12403502063351132,149,0,0,0,0.9999998999999902,1.0000000994736041e-07
0.693657913083268,0.26029368453108515,0.0,0.24472446469407472,0.12512783763537838,150,0,0,0,0.9999998999999902,1.0000000994736041e-07
0.6939162167515818,0.2729793437710978,0.0,0.24465133076904544,0.125165693365576,151,0,0,0,0.9999998999999902,1.0000000994736041e-07
0.6935746852587198,0.2673997136646482,0.0,0.24464460151925355,0.12411122836913449,152,0,0,0,0.9999998999999902,1.0000000994736041e-07
0.6963943375235382,0.0,0.07353815883600118,0.269945270842748,0.12938311534444555,153,0,1,1,3.00000089999998e-14,0.9999999999999699
0.6994021399887037,0.26367407967415846,0.0,0.24092948040342893,0.1318047012127217,154,0,0,0,0.9999998999999902,1.0000000994736041e-07
0.6935867090406692,0.26798745007992864,0.0,0.24542179865427652,0.12495100055852101,155,0,0,0,0.9999998999999902,1.0000000994736041e-07
0.6919291344154114,0.01929786574147274,0.07262268111785669,0.25632673786094523,0.129106386928159,156,0,1,1,3.00000089999998e-14,0.9999999999999699
0.6928655641974223,0.26676925314698474,0.0,0.24488617984351507,0.12446947006188842,157,0,0,0,0.9999998999999902,1.0000000994736041e-07
0.693948498850122,0.2541761890877264,0.0,0.24558566748204105,0.1252765173559109,158,0,0,0,0.9999998999999902,1.0000000994736041e-07
0.6926547977033389,0.0,0.08360969439378707,0.25324914073912674,0.12748886527311112,159,0,1,1,3.00000089999998e-14,0.9999999999999699
0.6936181550376308,0.2613429215341162,0.0,0.24538086349815347,0.12474296472521772,160,0,0,0,0.9999998999999902,1.0000000994736041e-07
0.6938032460257821,0.2724871567137376,0.0,0.24387377615665962,0.12492674195963895,161,0,0,0,0.9999998999999902,1.0000000994736041e-07
0.6905013304117837,0.015507709396121672,0.06773169946916852,0.2610513573191813,0.12929648965379648,162,0,1,1,3.00000089999998e-14,0.9999999999999699
0.6949015117509613,0.26539517732681417,0.0,0.242597695350936,0.12691002030900425,163,0,0,0,0.9999998999999902,1.0000000994736041e-07
0.69351271051085,0.2703029243104256,0.0,0.2452049051844486,0.1243693884574137,164,0,0,0,0.9999998999999902,1.0000000994736041e-07
0.6935882591928887,0.26448850137693675,0.0,0.24448638825324243,0.12422390062107318,165,0,0,0,0.9999998999999902,1.0000000994736041e-07
0.693676321281419,0.2658712874419164,0.0,0.24325682920324865,0.12433041398126796,166,0,0,0,0.9999998999999902,1.0000000994736041e-07
0.6934747816267735,0.2606243141658403,0.0,0.2452181292358985,0.12414755398700986,167,0,0,0,0.9999998999999902,1.0000000994736041e-07
0.6722465443689137,0.3267639805999335,0.0,0.30637761770963556,0.10229969349669375,168,0,0,0,0.9999998999999902,1.0000000994736041e-07
0.6940488032668172,0.27361966114194647,0.0,0.24430341013864493,0.12597420972636655,169,0,0,0,0.9999998999999902,1.0000000994736041e-07
0.6944124793297203,0.2598133518758593,0.0,0.243967902312962,0.1261633333139538,170,0,0,0,0.9999998999999902,1.0000000994736041e-07
0.6936588554308301,0.27165915630011495,0.0,0.24332994135745162,0.12422454211534185,171,0,0,0,0.9999998999999902,1.0000000994736041e-07
0.6941003363664611,0.27833578264777736,0.0,0.24265750455150742,0.12493648901991929,172,0,0,0,0.9999998999999902,1.0000000994736041e-07
0.6843586652747394,0.2584794147539615,0.0,0.24763329511106105,0.12757455035976972,173,0,0,0,0.9999998999999902,1.0000000994736041e-07
0.6935897006474503,0.26126984484622967,0.0,0.2438208186191963,0.12423102149726505,174,0,0,0,0.9999998999999902,1.0000000994736041e-07
0.6933690424856243,0.25325342372939774,0.0,0.2457085776619217,0.12477638462647823,175,0,0,0,0.9999998999999902,1.0000000994736041e-07
0.6909430097134668,0.26264277904335176,0.0,0.24509561492525614,0.1274613941150046,176,0,0,0,0.9999998999999902,1.0000000994736041e-07
0.6876400673988372,0.25652812850815077,0.0,0.24569700697464433,0.12975352370365395,177,0,0,0,0.9999998999999902,1.0000000994736041e-07
0.6953543815693805,0.2632752918556105,0.0,0.24424179333181084,0.13740178836576405,178,0,0,0,0.9999998999999902,1.0000000994736041e-07
0.6937452384919485,0.2779914456458724,0.0,0.2453568126063881,0.12459193901289142,179,0,0,0,0.9999998999999902,1.0000000994736041e-07
0.6950450127212822,0.27280087333777703,0.0,0.24110437003525764,0.1273930003572153,180,0,0,0,0.9999998999999902,1.0000000994736041e-07
0.6894617602374981,0.2500951929063807,0.0,0.23198714515474872,0.1238844167662275,181,0,0,0,0.9999998999999902,1.0000000994736041e-07
0.693454019054261,0.2723133534480007,0.0,0.24631626664753312,0.12441593112838914,182,0,0,0,0.9999998999999902,1.0000000994736041e-07
0.6949628655146425,0.25629857081620916,0.0,0.24718526101657431,0.1199629978385704,183,0,0,0,0.9999998999999902,1.0000000994736041e-07
0.6936005053555364,0.2677357915244717,0.0,0.24473016872283315,0.12543082102714428,184,0,0,0,0.9999998999999902,1.0000000994736041e-07
0.6935642630296921,0.26940020860714836,0.0,0.24567205996596791,0.12496673235960068,185,0,0,0,0.9999998999999902,1.0000000994736041e-07
0.6934919424411691,0.2679343811091566,0.0,0.24520783555938006,0.12427160648025778,186,0,0,0,0.9999998999999902,1.0000000994736041e-07
0.6937846836455025,0.27072637996002863,0.0,0.24528806682309956,0.12421610852040255,187,0,0,0,0.9999998999999902,1.0000000994736041e-07
0.6937363283635494,0.2532860542920616,0.0,0.24494766290833098,0.12444844169791128,188,0,0,0,0.9999998999999902,1.0000000994736041e-07
0.6937764488723407,0.4225817800071132,0.0,0.2415332855496253,0.12293425555154268,189,0,0,0,0.9999998999999902,1.0000000994736041e-07
0.6935523800626432,0.2705781128972249,0.0,0.24475774571721678,0.12434899189478966,190,0,0,0,0.9999998999999902,1.0000000994736041e-07
0.6936287091060565,0.2566411920963999,0.0,0.24731040065227844,0.12451877574234552,191,0,0,0,0.9999998999999902,1.0000000994736041e-07
0.6951208407791539,0.26762865098458066,0.0,0.2410530044439598,0.12699743055333657,192,0,0,0,0.9999998999999902,1.0000000994736041e-07
0.6939743936938423,0.26165394662780744,0.0,0.24524898392051642,0.12500873506058274,193,0,0,0,0.9999998999999902,1.0000000994736041e-07
0.694723518575475,0.006227352477230275,0.07794891335539228,0.25092196417686086,0.1267998325898286,194,0,1,1,3.00000089999998e-14,0.9999999999999699
0.6935921816028026,0.26772176010670257,0.0,0.24458653059110813,0.1249315055253096,195,0,0,0,0.9999998999999902,1.0000000994736041e-07
0.6935564116804984,0.26798106340671274,0.0,0.2454768428730229,0.12484007549737626,196,0,0,0,0.9999998999999902,1.0000000994736041e-07
0.6934879492566911,0.2456921614352394,0.0,0.25105499598410197,0.12445919927530395,197,0,0,0,0.9999998999999902,1.0000000994736041e-07
0.6934882553637918,0.2677123638288311,0.0,0.245808195705226,0.12435130016038379,198,0,0,0,0.9999998999999902,1.0000000994736041e-07
0.6734350204255293,0.27566656990288074,0.0,0.28530649484242837,0.11568284838241012,199,0,0,0,0.9999998999999902,1.0000000994736041e-07
0.6942047987520608,0.24330447056939983,0.0,0.23629342736622588,0.12196322401790873,200,0,0,0,0.9999998999999902,1.0000000994736041e-07
0.7016846621943592,0.26124324506321905,0.0,0.244304484700626,0.12384279530026157,201,0,0,0,0.9999998999999902,1.0000000994736041e-07
0.6942439215425834,0.26335855946936404,0.0,0.24574349863093184,0.12515444689657224,202,0,0,0,0.9999998999999902,1.0000000994736041e-07
0.6905210679160103,0.24967961168545857,0.0,0.2514469019145824,0.12253134306215288,203,0,0,0,0.9999998999999902,1.0000000994736041e-07
0.6940799386785714,0.25852758520945623,0.0,0.24439551247754707,0.12449054817066044,204,0,0,0,0.9999998999999902,1.0000000994736041e-07
0.6933147411345796,0.2705500186584383,0.0,0.2465974751374316,0.12355357884086854,205,0,0,0,0.9999998999999902,1.0000000994736041e-07
0.6935553932591217,0.2592907791983396,0.0,0.2449464481433498,0.12453608565742666,206,0,0,0,0.9999998999999902,1.0000000994736041e-07
0.6933576148962615,0.2643006833971744,0.0,0.24594355638520543,0.12391112975706856,207,0,0,0,0.9999998999999902,1.0000000994736041e-07
0.6951841331940265,0.2609432392942514,0.0,0.23449885660180272,0.12955433020980223,208,0,0,0,0.9999998999999902,1.0000000994736041e-07
0.693477289735046,0.2587550733131013,0.0,0.24619775009677308,0.12484014752761977,209,0,0,0,0.9999998999999902,1.0000000994736041e-07
0.6930615927962934,0.0,0.1235505021196091,0.2516537137217874,0.1264881607395491,210,0,1,1,3.00000089999998e-14,0.9999999999999699
0.693397160945706,0.2511599528176859,0.0,0.24482252775559923,0.12434659995059094,211,0,0,0,0.9999998999999902,1.0000000994736041e-07
0.6934547913951687,0.26296252327132896,0.0,0.24662120803841797,0.12444462637442877,212,0,0,0,0.9999998999999902,1.0000000994736041e-07
0.6936191547693892,0.2684853409432569,0.0,0.24453343050853948,0.1242917658558324,213,0,0,0,0.9999998999999902,1.0000000994736041e-07
0.6934943481970683,0.2596847449330983,0.0,0.2452694270659706,0.12444189438115469,214,0,0,0,0.9999998999999902,1.0000000994736041e-07
0.694477460594622,0.2585280783033296,0.0,0.24235311474298107,0.12574607726978282,215,0,0,0,0.9999998999999902,1.0000000994736041e-07
0.6935572259868878,0.2752824348534904,0.0,0.24358332860922013,0.12427497862314367,216,0,0,0,0.9999998999999902,1.0000000994736041e-07
0.6935056350275176,0.2618380896384188,0.0,0.24615573365397148,0.1240943277670142,217,0,0,0,0.9999998999999902,1.0000000994736041e-07
0.6933978829412144,0.2648806799950232,0.0,0.23976777642945893,0.13034925512932485,218,0,0,0,0.9999998999999902,1.0000000994736041e-07
0.6960170974350187,0.25954523756387304,0.0,0.23453839064203857,0.1298322437527514,219,0,0,0,0.9999998999999902,1.0000000994736041e-07
0.6941790535740987,0.25020160494613297,0.0,0.2518757503819414,0.1252204233250517,220,0,0,0,0.9999998999999902,1.0000000994736041e-07
0.6942906181286028,0.254233534119075,0.0,0.25999472658798145,0.12797932334478354,221,0,0,0,0.9999998999999902,1.0000000994736041e-07
0.6934635502022974,0.2670602322214191,0.0,0.24611488449814614,0.12443821587987343,222,0,0,0,0.9999998999999902,1.0000000994736041e-07
0.6994265268775369,0.015266376905248624,0.06666864546058232,0.2475237657419453,0.12664422161712627,223,0,1,1,3.00000089999998e-14,0.9999999999999699
0.693185584457985,0.25044671015829956,0.0,0.23048569933817323,0.12339269081921186,224,0,0,0,0.9999998999999902,1.0000000994736041e-07
0.6938977700724316,0.2545585257547397,0.0,0.23916450141278212,0.12882292111626112,225,0,0,0,0.9999998999999902,1.0000000994736041e-07
0.6945061563574443,0.2586392575902655,0.0,0.24297195453668297,0.12618805628722832,226,0,0,0,0.9999998999999902,1.0000000994736041e-07
0.6941187348528611,0.26285754533998984,0.0,0.24245060513279262,0.12711300970198788,227,0,0,0,0.9999998999999902,1.0000000994736041e-07
0.6935421995802833,0.26964562977636547,0.0,0.24422505219232776,0.12434594120963142,228,0,0,0,0.9999998999999902,1.0000000994736041e-07
0.6921141128384755,0.24193323631362482,0.0,0.23453913413029792,0.12016727145591533,229,0,0,0,0.9999998999999902,1.0000000994736041e-07
0.6935780907552204,0.2760822363173498,0.0,0.24606400577340398,0.12417236387047029,230,0,0,0,0.9999998999999902,1.0000000994736041e-07
0.6937583096148757,0.2759813182309312,0.0,0.24301104046238484,0.12450277504289656,231,0,0,0,0.9999998999999902,1.0000000994736041e-07
0.6935330841718047,0.2702449576862485,0.0,0.24527396380216948,0.12432163242417786,232,0,0,0,0.9999998999999902,1.0000000994736041e-07
0.6946816744213034,0.2519954487778885,0.0,0.253049994783143,0.12627585437722344,233,0,0,0,0.9999998999999902,1.0000000994736041e-07
0.6935794235103899,0.2722297762227908,0.0,0.24463552600660118,0.12438221602352664,234,0,0,0,0.9999998999999902,1.0000000994736041e-07
0.6937049933893422,0.2616788400630795,0.0,0.2447424466978259,0.12483152507690184,235,0,0,0,0.9999998999999902,1.0000000994736041e-07
0.6936361836307886,0.2503099818278174,0.0,0.24590837428507548,0.12438040578494897,236,0,0,0,0.9999998999999902,1.0000000994736041e-07
0.69374107009628,0.2689779728384331,0.0,0.2437043409142678,0.12444289819643,237,0,0,0,0.9999998999999902,1.0000000994736041e-07
0.698290640504559,0.25868228830717227,0.0,0.2443866426779851,0.12872078131617354,238,0,0,0,0.9999998999999902,1.0000000994736041e-07
0.6968991087396411,0.26510095901024644,0.0,0.24092046095599673,0.14181076705764156,239,0,0,0,0.9999998999999902,1.0000000994736041e-07
0.6886535204971816,0.006521078969061789,0.06686177445912062,0.2518929019785993,0.1262079726947163,240,0,1,1,3.00000089999998e-14,0.9999999999999699
0.6931634720394468,0.24814460246847073,0.0,0.2462551879315125,0.12372944045957818,241,0,0,0,0.9999998999999902,1.0000000994736041e-07
0.6947510740349221,0.2605070879522349,0.0,0.24319839264768017,0.12623087092802643,242,0,0,0,0.9999998999999902,1.0000000994736041e-07
0.6934565953057203,0.2733095641015929,0.0,0.24725416210999523,0.12421414122435671,243,0,0,0,0.9999998999999902,1.0000000994736041e-07
0.6791824548592841,0.28769018113323674,0.0,0.2965901708309392,0.11839594771076259,244,0,0,0,0.9999998999999902,1.0000000994736041e-07
0.6933936925235484,0.25100859863346947,0.0,0.24485579317753056,0.12462270804067807,245,0,0,0,0.9999998999999902,1.0000000994736041e-07
0.6943228301345992,0.25997615823919185,0.0,0.24288966741936718,0.12561945411168352,246,0,0,0,0.9999998999999902,1.0000000994736041e-07
0.6930769677780656,0.2529457774381036,0.0,0.24323044275569786,0.12369917432330649,247,0,0,0,0.9999998999999902,1.0000000994736041e-07
0.6936830833371768,0.2602000625927645,0.0,0.24438502558489766,0.12510197628599226,248,0,0,0,0.9999998999999902,1.0000000994736041e-07
0.6935365425589594,0.27088328138573414,0.0,0.24375440336852833,0.12395405878365201,249,0,0,0,0.9999998999999902,1.0000000994736041e-07
0.6936703541749246,0.2592684953508516,0.0,0.244241580745231,0.12417639213149673,250,0,0,0,0.9999998999999902,1.0000000994736041e-07
0.693646521801476,0.2600953334389946,0.0,0.2450395024755706,0.1254024018551617,251,0,0,0,0.9999998999999902,1.0000000994736041e-07
0.6945954518191848,0.2518367203003221,0.0,0.25400212800681177,0.1252421967767386,252,0,0,0,0.9999998999999902,1.0000000994736041e-07
0.6935175846304072,0.26334778733870357,0.0,0.2435597872746183,0.12479753022431672,253,0,0,0,0.9999998999999902,1.0000000994736041e-07
0.6940916984345301,0.25631853116611303,0.0,0.2445397382297508,0.12574688957770608,254,0,0,0,0.9999998999999902,1.0000000994736041e-07
0.6933573332418544,0.25775609196621246,0.0,0.24623205575467466,0.12419392561870479,255,0,0,0,0.9999998999999902,1.0000000994736041e-07
0.6940274481387065,0.2594064328487224,0.0,0.24424017565709766,0.12444286589738084,256,0,0,0,0.9999998999999902,1.0000000994736041e-07
0.6934440214588394,0.26147495728703113,0.0,0.24567017158205967,0.12414913916967549,257,0,0,0,0.9999998999999902,1.0000000994736041e-07
0.6936088580781588,0.24456494842161391,0.0,0.24726560829544417,0.12092850360531297,258,0,0,0,0.9999998999999902,1.0000000994736041e-07
0.693212620722638,0.2581923237816457,0.0,0.24597326722325658,0.12414385547650214,259,0,0,0,0.9999998999999902,1.0000000994736041e-07
0.6937525248371806,0.26376843327366906,0.0,0.24597166377235424,0.12469345014697132,260,0,0,0,0.9999998999999902,1.0000000994736041e-07
0.6934925731256906,0.2523608756549126,0.0,0.24641101707922206,0.12448894962929243,261,0,0,0,0.9999998999999902,1.0000000994736041e-07
0.6938033267704267,0.270376555818889,0.0,0.24396228229958175,0.12444981361561772,262,0,0,0,0.9999998999999902,1.0000000994736041e-07
0.6932034483565978,0.24873088392034362,0.0,0.24526073725012493,0.12375673816245761,263,0,0,0,0.9999998999999902,1.0000000994736041e-07
0.6938491429068402,0.25526579817200196,0.0,0.24380542137599198,0.12450359993645778,264,0,0,0,0.9999998999999902,1.0000000994736041e-07
0.6939039168759822,0.26605887889660806,0.0,0.244234026363439,0.12557295738907917,265,0,0,0,0.9999998999999902,1.0000000994736041e-07
0.691524082664686,0.2599297409392524,0.0,0.24509558001322512,0.1298815626550582,266,0,0,0,0.9999998999999902,1.0000000994736041e-07
0.6942117363923941,0.26816974568243346,0.0,0.24234510781515242,0.1260290999740889,267,0,0,0,0.9999998999999902,1.0000000994736041e-07
0.6934528285832604,0.2585413970008332,0.0,0.2458908578005501,0.12420579278879555,268,0,0,0,0.9999998999999902,1.0000000994736041e-07
0.6943099741318111,0.2731765509263014,0.0,0.24255433178122876,0.12519528990177392,269,0,0,0,0.9999998999999902,1.0000000994736041e-07
0.6934257636246259,0.2500022910732287,0.0,0.24668304223753776,0.12414344225150038,270,0,0,0,0.9999998999999902,1.0000000994736041e-07
0.6953579464003128,0.24584895982267665,0.0,0.2527407316331352,0.11991301347272143,271,0,0,0,0.9999998999999902,1.0000000994736041e-07
0.6948568967289873,0.2670285235093199,0.0,0.24142679600136108,0.1273200129857171,272,0,0,0,0.9999998999999902,1.0000000994736041e-07
0.6935706209569876,0.2654730929038106,0.0,0.2446440422394712,0.12433157704784746,273,0,0,0,0.9999998999999902,1.0000000994736041e-07
0.6937293836615368,0.26114066571341066,0.0,0.24395367530377293,0.12487189206177005,274,0,0,0,0.9999998999999902,1.0000000994736041e-07
0.6934292148021406,0.2722686017256033,0.0,0.24656401629772168,0.1244209025108143,275,0,0,0,0.9999998999999902,1.0000000994736041e-07
0.6935442070567344,0.2517291577722458,0.0,0.24460862666351746,0.12428168004908746,276,0,0,0,0.9999998999999902,1.0000000994736041e-07
0.6937634825222933,0.2637588757195647,0.0,0.24503395645121673,0.12464530031078305,277,0,0,0,0.9999998999999902,1.0000000994736041e-07
0.6903089287832809,0.011560374938860973,0.06505299835316669,0.24229284627265493,0.1241116805392798,278,0,1,1,3.00000089999998e-14,0.9999999999999699
0.6935426218752376,0.26656036050295473,0.0,0.24489274832511052,0.12423335097231691,279,0,0,0,0.9999998999999902,1.0000000994736041e-07
0.6934923214348101,0.27097289920204776,0.0,0.2453718617413403,0.1244100827929551,280,0,0,0,0.9999998999999902,1.0000000994736041e-07
0.706775174175764,0.5574820551907512,0.16220255439946873,0.2565258556880671,0.16551552323272528,281,0,0,0,0.9999998999999902,1.0000000994736041e-07
0.6934430098350388,0.2602309906844925,0.0,0.2461914897723567,0.12427873631838951,282,0,0,0,0.9999998999999902,1.0000000994736041e-07
0.6907032785018105,0.0005469952898931596,0.07239666790043964,0.23885392774161074,0.12285015049645506,283,0,1,1,3.00000089999998e-14,0.9999999999999699
0.6728786900083342,0.30200277416501153,0.0,0.2879184264504755,0.10534275880759747,284,0,0,0,0.9999998999999902,1.0000000994736041e-07
0.6930665003121853,0.0,0.09988624342518715,0.251637022274876,0.1263525505688452,285,0,1,1,3.00000089999998e-14,0.9999999999999699
0.6966705044279776,0.2546478763825613,0.0,0.23228462828024582,0.12396979377852353,286,0,0,0,0.9999998999999902,1.0000000994736041e-07
0.6923818749510655,0.004962473449718674,0.08003025204505992,0.2672723047381228,0.12991320553354493,287,0,1,1,3.00000089999998e-14,0.9999999999999699
0.6939873722282929,0.2715384626148757,0.0,0.24362898139519099,0.1256936840228101,288,0,0,0,0.9999998999999902,1.0000000994736041e-07
0.6934828345024181,0.2656096922653495,0.0,0.24499243722342007,0.12422502673942379,289,0,0,0,0.9999998999999902,1.0000000994736041e-07
0.6935327214308551,0.24984539689358723,0.0,0.24629586479841087,0.12450755991891706,290,0,0,0,0.9999998999999902,1.0000000994736041e-07
0.6938373364013128,0.27854749495033126,0.0,0.2433868169248149,0.1251019007103842,291,0,0,0,0.9999998999999902,1.0000000994736041e-07
0.6932699404605953,0.263919319166405,0.0,0.24469238410876645,0.12467719519188938,292,0,0,0,0.9999998999999902,1.0000000994736041e-07
0.6936669136529953,0.251578383249749,0.0,0.2455886594370797,0.12495880454791165,293,0,0,0,0.9999998999999902,1.0000000994736041e-07
0.6922832915405512,0.25451626305657427,0.0,0.23535512905165215,0.12800789946911523,294,0,0,0,0.9999998999999902,1.0000000994736041e-07
0.6934085581651364,0.2528023845102566,0.0,0.24548904025408042,0.12486647099523701,295,0,0,0,0.9999998999999902,1.0000000994736041e-07
0.6784362384076934,0.25722568232520054,0.0,0.251329199690352,0.11622402190650849,296,0,0,0,0.9999998999999902,1.0000000994736041e-07
0.6931940053313026,0.24903110902507675,0.0,0.24651712703982,0.1242160683864485,297,0,0,0,0.9999998999999902,1.0000000994736041e-07
0.6983186670138906,0.2505632804011585,0.0,0.240595395457761,0.12077330325039612,298,0,0,0,0.9999998999999902,1.0000000994736041e-07
0.6939697317060786,0.27139265200662765,0.0,0.24340479753762218,0.1249709641769764,299,0,0,0,0.9999998999999902,1.0000000994736041e-07
0.7061951558539413,0.2554717222228238,0.0,0.24581164387626459,0.12236537164865158,300,0,0,0,0.9999998999999902,1.0000000994736041e-07
0.6940348818744209,0.27211012419020186,0.0,0.24351066717236436,0.12499390360844044,301,0,0,0,0.9999998999999902,1.0000000994736041e-07
0.6909591714021884,0.0,0.07635850735730126,0.24971205841391347,0.1267359479717368,302,0,1,1,3.00000089999998e-14,0.9999999999999699
0.6935100980876867,0.25881366801342454,0.0,0.24460520059675137,0.12423166547403824,303,0,0,0,0.9999998999999902,1.0000000994736041e-07
0.6934195691820608,0.2717600562504472,0.0,0.24682527665187962,0.12397610308781007,304,0,0,0,0.9999998999999902,1.0000000994736041e-07
0.6936170951301783,0.26221391142448475,0.0,0.2442963449518637,0.12440470510898664,305,0,0,0,0.9999998999999902,1.0000000994736041e-07
0.6950836414795905,0.25782899717017205,0.0,0.23836240660944727,0.13365865202564606,306,0,0,0,0.9999998999999902,1.0000000994736041e-07
0.6931481013886143,0.2532490271998714,0.0,0.24518228367083345,0.1242991757444855,307,0,0,0,0.9999998999999902,1.0000000994736041e-07
0.6904094589929488,0.25508340427155274,0.0,0.2478832198930939,0.1277169917611447,308,0,0,0,0.9999998999999902,1.0000000994736041e-07
0.693678490185049,0.26011121777309865,0.0,0.24412767990940487,0.12488894464609814,309,0,0,0,0.9999998999999902,1.0000000994736041e-07
0.6932377161714928,0.25085661465716635,0.0,0.24745324892152418,0.12408402970054902,310,0,0,0,0.9999998999999902,1.0000000994736041e-07
0.6935607339989044,0.25983838573558754,0.0,0.24476400051548536,0.12442428610938469,311,0,0,0,0.9999998999999902,1.0000000994736041e-07
0.6936233074612809,0.2701111503451784,0.0,0.24420393557430023,0.12487736461604311,312,0,0,0,0.9999998999999902,1.0000000994736041e-07
0.6933639593723603,0.2720673334482663,0.0,0.2466658259170814,0.12349611067906185,313,0,0,0,0.9999998999999902,1.0000000994736041e-07
0.6934320572381695,0.2673586429479501,0.0,0.24670112665410676,0.12464555945200251,314,0,0,0,0.9999998999999902,1.0000000994736041e-07
0.6937587895943954,0.26147889544897124,0.0,0.24525028113248842,0.12425391209006476,315,0,0,0,0.9999998999999902,1.0000000994736041e-07
0.6861757183173025,0.2560471910097227,0.0,0.24810864041200198,0.11618810776045914,316,0,0,0,0.9999998999999902,1.0000000994736041e-07
0.6937442081896875,0.2793472794264781,0.0,0.24321305929755002,0.12452133448112454,317,0,0,0,0.9999998999999902,1.0000000994736041e-07
0.6934389439160129,0.2646381230241459,0.0,0.24578647203992157,0.12436527367550966,318,0,0,0,0.9999998999999902,1.0000000994736041e-07
0.6944551982105873,0.2434205536514908,0.0,0.2505071089539215,0.12419242343672376,319,0,0,0,0.9999998999999902,1.0000000994736041e-07
0.6935525455600454,0.26843835734698585,0.0,0.2438439865546664,0.12423626646955505,320,0,0,0,0.9999998999999902,1.0000000994736041e-07
0.6934763077955312,0.2595275817742708,0.0,0.24898908513380755,0.12470603976730729,321,0,0,0,0.9999998999999902,1.0000000994736041e-07
0.6937997179415948,0.2598774493339736,0.0,0.24365597509395964,0.12472757834165199,322,0,0,0,0.9999998999999902,1.0000000994736041e-07
0.6918915093513551,0.25697968554676986,0.0,0.23169490654632235,0.1259466130147349,323,0,0,0,0.9999998999999902,1.0000000994736041e-07
0.6932575187475838,0.2562764674252731,0.0,0.24405437039436784,0.12453924305333508,324,0,0,0,0.9999998999999902,1.0000000994736041e-07
0.6943286555745907,0.2705322369613196,0.0,0.24241778152623805,0.12540022704106366,325,0,0,0,0.9999998999999902,1.0000000994736041e-07
0.6940813179361716,0.2562202271342977,0.0,0.24355964205352393,0.12576019895705304,326,0,0,0,0.9999998999999902,1.0000000994736041e-07
0.6937217389799314,0.26089837698271,0.0,0.24480804841123596,0.12526394123356094,327,0,0,0,0.9999998999999902,1.0000000994736041e-07
0.693543405793589,0.2641531562818967,0.0,0.24569439796961035,0.12456043899186689,328,0,0,0,0.9999998999999902,1.0000000994736041e-07
0.6945310566640016,0.2655982159333077,0.0,0.24362493548859282,0.1258666626691491,329,0,0,0,0.9999998999999902,1.0000000994736041e-07
0.694278618104849,0.2513604762055037,0.0,0.23204364167366998,0.12430095246581865,330,0,0,0,0.9999998999999902,1.0000000994736041e-07
0.6786379526600129,0.3022648092538671,0.0,0.2911898337785779,0.11538219267789694,331,0,0,0,0.9999998999999902,1.0000000994736041e-07
0.6936187887366356,0.27410816952956796,0.0,0.24332694882412792,0.12445005082203085,332,0,0,0,0.9999998999999902,1.0000000994736041e-07
0.6931466098791187,0.24288914312431092,0.0,0.2535073783557177,0.12502305717403422,333,0,0,0,0.9999998999999902,1.0000000994736041e-07
0.6952384149190075,0.26687549697311064,0.0,0.2511785634366114,0.1313921253218173,334,0,0,0,0.9999998999999902,1.0000000994736041e-07
0.6939785472350881,0.2562294286529818,0.0,0.24386164793713924,0.12491095088685553,335,0,0,0,0.9999998999999902,1.0000000994736041e-07
0.6935093942421178,0.25867882474628634,0.0,0.24406822990109756,0.12416259096132815,336,0,0,0,0.9999998999999902,1.0000000994736041e-07
0.6946807026077365,0.2765113303079426,0.0,0.24233881444276473,0.12662242827911163,337,0,0,0,0.9999998999999902,1.0000000994736041e-07
0.693754081445318,0.25983249475934167,0.0,0.2441407487003029,0.12442436914909596,338,0,0,0,0.9999998999999902,1.0000000994736041e-07
0.6930779560913327,0.25605558687856267,0.0,0.23503879288198448,0.12979364676424124,339,0,0,0,0.9999998999999902,1.0000000994736041e-07
0.6939307904258394,0.2730637423364702,0.0,0.24438432301816473,0.12554486328889297,340,0,0,0,0.9999998999999902,1.0000000994736041e-07
0.6935950534729531,0.2703600678473364,0.0,0.2455536751979104,0.12455693802301915,341,0,0,0,0.9999998999999902,1.0000000994736041e-07
0.6932290634772001,0.2651306612141399,0.0,0.24666238576674845,0.12443831331183544,342,0,0,0,0.9999998999999902,1.0000000994736041e-07
0.6946491377272221,0.28660696585740075,0.0,0.2419928017028577,0.12575396682011297,343,0,0,0,0.9999998999999902,1.0000000994736041e-07
0.6978523014328689,0.26533973379456727,0.0,0.24223238261907587,0.13321158403967465,344,0,0,0,0.9999998999999902,1.0000000994736041e-07
0.6919621726754933,0.26598062855478527,0.0,0.24013456571304323,0.14306466243210642,345,0,0,0,0.9999998999999902,1.0000000994736041e-07
0.6935691048504579,0.2677235153301337,0.0,0.24443531689709563,0.12428136574304424,346,0,0,0,0.9999998999999902,1.0000000994736041e-07
0.6931869214513211,0.25627929091940604,0.0,0.24591595789869258,0.12460256812831655,347,0,0,0,0.9999998999999902,1.0000000994736041e-07
0.6932306285374511,0.26624455475485526,0.0,0.24591964796725801,0.12420049530212021,348,0,0,0,0.9999998999999902,1.0000000994736041e-07
0.6934911383603529,0.28314302063074415,0.0,0.2446585023611608,0.1240524452516675,349,0,0,0,0.9999998999999902,1.0000000994736041e-07
0.6920766544457603,0.2507199848864464,0.0,0.24134748727380256,0.12131777031554758,350,0,0,0,0.9999998999999902,1.0000000994736041e-07
0.6935946313849564,0.2621353645867589,0.0,0.24597208714821509,0.1250630921627861,351,0,0,0,0.9999998999999902,1.0000000994736041e-07
0.6872461381605136,0.011477727216162803,0.0633187068112549,0.2454085175597476,0.1255030147298829,352,0,1,1,3.00000089999998e-14,0.9999999999999699
0.6935349529406458,0.25427592349166983,0.0,0.24577587159436867,0.12505091425822012,353,0,0,0,0.9999998999999902,1.0000000994736041e-07
0.6936552580468375,0.2629611977732413,0.0,0.24544736902598965,0.12554726947222125,354,0,0,0,0.9999998999999902,1.0000000994736041e-07
0.6934251903084985,0.2673470082313976,0.0,0.24671890102816177,0.1238783021510837,355,0,0,0,0.9999998999999902,1.0000000994736041e-07
0.6936525049173421,0.26836039705054143,0.0,0.24456825508084598,0.12425898847196772,356,0,0,0,0.9999998999999902,1.0000000994736041e-07
0.6907272054695707,0.2601148156385601,0.0,0.24267507461607413,0.13925470024241937,357,0,0,0,0.9999998999999902,1.0000000994736041e-07
0.6914449523081941,0.0,0.0773227774600942,0.2536069764183548,0.1266949870388079,358,0,1,1,3.00000089999998e-14,0.9999999999999699
0.6934982127204309,0.25555342643803614,0.0,0.24403319190566042,0.12427440261150777,359,0,0,0,0.9999998999999902,1.0000000994736041e-07
0.6905573829147095,0.25387609686111356,0.0,0.2326148903790504,0.12552478836976572,360,0,0,0,0.9999998999999902,1.0000000994736041e-07
0.6950593149113273,0.2657365530337081,0.0,0.24208275297431994,0.1271687931636913,361,0,0,0,0.9999998999999902,1.0000000994736041e-07
0.6932488048144277,0.0,0.1322343426662057,0.25136515433110806,0.12686935254352177,362,0,1,1,3.00000089999998e-14,0.9999999999999699
0.70294192534305,0.26744325484134623,0.0,0.24855558604083922,0.11208144227240133,363,0,0,0,0.9999998999999902,1.0000000994736041e-07
0.6941804186286474,0.25857489835784087,0.0,0.24486675846382616,0.125756731701564,364,0,0,0,0.9999998999999902,1.0000000994736041e-07
0.6939670090518331,0.25842079344758123,0.0,0.2456912346162066,0.1246685956052327,365,0,0,0,0.9999998999999902,1.0000000994736041e-07
0.6934397824730342,0.26043271366186294,0.0,0.24668558707947455,0.12437876872939618,366,0,0,0,0.9999998999999902,1.0000000994736041e-07
0.6932349291518087,0.24923193176437983,0.0,0.24705436891933835,0.12395888775583337,367,0,0,0,0.9999998999999902,1.0000000994736041e-07
0.6945046823008367,0.2717352280323289,0.0,0.24203892163751545,0.1263936993059222,368,0,0,0,0.9999998999999902,1.0000000994736041e-07
0.6935004826374837,0.2691314081523423,0.0,0.2456287884665987,0.12423449181758685,369,0,0,0,0.9999998999999902,1.0000000994736041e-07
0.6935773491188351,0.2567336795328403,0.0,0.24562954419022212,0.12520288297488763,370,0,0,0,0.9999998999999902,1.0000000994736041e-07
0.6945785308808112,0.2784081082121196,0.0,0.24275091366790694,0.12683638289718296,371,0,0,0,0.9999998999999902,1.0000000994736041e-07
0.6937408997011405,0.27000633471909863,0.0,0.24742855755136864,0.1245640752165478,372,0,0,0,0.9999998999999902,1.0000000994736041e-07
0.6935796977445509,0.25985020119202507,0.0,0.24499741279183282,0.1250287540341735,373,0,0,0,0.9999998999999902,1.0000000994736041e-07
0.6938298429835681,0.25540457982540415,0.0,0.24475582104538632,0.12513593549236,374,0,0,0,0.9999998999999902,1.0000000994736041e-07
0.6836155472221606,0.262664654753738,0.0,0.25109245739413044,0.11882709467296754,375,0,0,0,0.9999998999999902,1.0000000994736041e-07
0.689117113737887,0.2607703874130296,0.0,0.24388289290148688,0.12819599828128708,376,0,0,0,0.9999998999999902,1.0000000994736041e-07
0.6905568985497423,0.2507440890681319,0.0,0.24946674909741415,0.11911218267058118,377,0,0,0,0.9999998999999902,1.0000000994736041e-07
0.6937678990370157,0.25896435373600135,0.0,0.24527540373923323,0.1251248012356591,378,0,0,0,0.9999998999999902,1.0000000994736041e-07
0.6962411203817469,0.25663942999567785,0.0,0.2415731956031029,0.13385809006570093,379,0,0,0,0.9999998999999902,1.0000000994736041e-07
0.6936188553016376,0.0,0.08520223011382755,0.2510678467420411,0.12558288127624362,380,0,1,1,3.00000089999998e-14,0.9999999999999699
0.6938653609158553,0.2524243154957415,0.0,0.24563914608080709,0.12472343281858463,381,0,0,0,0.9999998999999902,1.0000000994736041e-07
0.692865502060572,0.24898786646420545,0.0,0.2388723129345764,0.12426120073016214,382,0,0,0,0.9999998999999902,1.0000000994736041e-07
0.6871915259903347,0.24801217413420268,0.0,0.24644841638303638,0.12755384054575936,383,0,0,0,0.9999998999999902,1.0000000994736041e-07
0.693828962356304,0.2811775000232728,0.0,0.24461978559482478,0.1250679773005801,384,0,0,0,0.9999998999999902,1.0000000994736041e-07
0.6931820410221418,0.2481299990819009,0.0,0.24753178943659906,0.1240082319772281,385,0,0,0,0.9999998999999902,1.0000000994736041e-07
0.6936871688237254,0.27442780954695756,0.0,0.24452124006221088,0.12453780696949153,386,0,0,0,0.9999998999999902,1.0000000994736041e-07
0.6965922562026652,0.2619565759506567,0.0,0.24520106914814793,0.13530475792188681,387,0,0,0,0.9999998999999902,1.0000000994736041e-07
0.6929774599864145,0.2734500871684941,0.0,0.25757463693833194,0.12659057812278585,388,0,0,0,0.9999998999999902,1.0000000994736041e-07
0.6934929344647041,0.26025829237681675,0.0,0.245944759008365,0.12458209961150567,389,0,0,0,0.9999998999999902,1.0000000994736041e-07
0.692548263389629,0.25454176674164924,0.0,0.2432171801271284,0.1285469539436843,390,0,0,0,0.9999998999999902,1.0000000994736041e-07
0.693712399768038,0.2713595973672572,0.0,0.24443202424130453,0.12443591842073007,391,0,0,0,0.9999998999999902,1.0000000994736041e-07
0.6944431916596987,0.27949513493139466,0.0,0.24187897012446907,0.12615898488089328,392,0,0,0,0.9999998999999902,1.0000000994736041e-07
0.6935061941877179,0.25170581851003626,0.0,0.24582641361590804,0.12420618986519802,393,0,0,0,0.9999998999999902,1.0000000994736041e-07
0.6953998482647962,0.2608432844645438,0.0,0.24853159708715097,0.12731066445819622,394,0,0,0,0.9999998999999902,1.0000000994736041e-07
0.6940666861368439,0.2612492585186664,0.0,0.2435058330601862,0.1258554853044914,395,0,0,0,0.9999998999999902,1.0000000994736041e-07
0.6884643040762617,0.257113404464019,0.0,0.2524123572463094,0.1262258524809173,396,0,0,0,0.9999998999999902,1.0000000994736041e-07
0.6937560730651684,0.2577957335174279,0.0,0.24393230910025238,0.12536263780861592,397,0,0,0,0.9999998999999902,1.0000000994736041e-07
0.6937279534787572,0.27178532532835165,0.0,0.24434121660007477,0.12478015940938508,398,0,0,0,0.9999998999999902,1.0000000994736041e-07
0.6930018183589565,0.24914772430692173,0.0,0.24646384527518053,0.12347448786423589,399,0,0,0,0.9999998999999902,1.0000000994736041e-07
0.6933468687133868,0.25167117447539844,0.0,0.24631036660958683,0.12465734978380182,400,0,0,0,0.9999998999999902,1.0000000994736041e-07
0.6935057444691166,0.27400853998537933,0.0,0.24361642621856797,0.12408276967418747,401,0,0,0,0.9999998999999902,1.0000000994736041e-07
0.6936813638646432,0.26430808018771157,0.0,0.24583089454113102,0.12480925505887497,402,0,0,0,0.9999998999999902,1.0000000994736041e-07
0.6935446984821256,0.2700207396867551,0.0,0.24417898299736085,0.12450927158933181,403,0,0,0,0.9999998999999902,1.0000000994736041e-07
0.6935458790863306,0.2675946058444394,0.0,0.2453526665161507,0.12434817994120413,404,0,0,0,0.9999998999999902,1.0000000994736041e-07
0.6936783377017961,0.28301299277950376,0.0,0.24658212804974997,0.12437073371178173,405,0,0,0,0.9999998999999902,1.0000000994736041e-07
0.6952824881036499,0.2729737333013081,0.0,0.2375834040709974,0.130326991852939,406,0,0,0,0.9999998999999902,1.0000000994736041e-07
0.6936970640717801,0.2702006629542686,0.0,0.24453193816759927,0.12444920515641421,407,0,0,0,0.9999998999999902,1.0000000994736041e-07
0.6936323141036765,0.2768400246266616,0.0,0.24419458487467682,0.12429810287914463,408,0,0,0,0.9999998999999902,1.0000000994736041e-07
0.6932174599571437,0.2645012962925054,0.0,0.24626785114106212,0.12448883230925029,409,0,0,0,0.9999998999999902,1.0000000994736041e-07
0.693557514657977,0.274669017494395,0.0,0.24526084229731215,0.12461440920287616,410,0,0,0,0.9999998999999902,1.0000000994736041e-07
0.6944065346653789,0.2522625746403492,0.0,0.25050694579080135,0.12382948473101274,411,0,0,0,0.9999998999999902,1.0000000994736041e-07
0.6929046466514243,0.24363034723023555,0.0,0.23576050130771847,0.123532475449862,412,0,0,0,0.9999998999999902,1.0000000994736041e-07
0.6936719600809452,0.2603833012318965,0.0,0.2450367649936629,0.12449913307410435,413,0,0,0,0.9999998999999902,1.0000000994736041e-07
0.6945055777442743,0.26121262161472814,0.0,0.24332076861256202,0.12632256655717086,414,0,0,0,0.9999998999999902,1.0000000994736041e-07
0.6927602260973159,0.25008211600923813,0.0,0.24603475649338105,0.12370858685259152,415,0,0,0,0.9999998999999902,1.0000000994736041e-07
0.6937833853068658,0.26706573390663507,0.0,0.24408741927438615,0.12462905616130834,416,0,0,0,0.9999998999999902,1.0000000994736041e-07
0.6935249647318092,0.27068247098316245,0.0,0.24387335244971722,0.12423598722189512,417,0,0,0,0.9999998999999902,1.0000000994736041e-07
0.6932420352302711,0.24897798594897472,0.0,0.24572658601316025,0.12429796406009139,418,0,0,0,0.9999998999999902,1.0000000994736041e-07
0.7047281519354314,0.27160273133041624,0.0,0.24543518695459138,0.11042148643756952,419,0,0,0,0.9999998999999902,1.0000000994736041e-07
0.6933225891118706,0.2607237857315053,0.0,0.24702078822608525,0.12387372921121238,420,0,0,0,0.9999998999999902,1.0000000994736041e-07
0.6934086834116302,0.2607772856773107,0.0,0.2467044425918096,0.12413046187349913,421,0,0,0,0.9999998999999902,1.0000000994736041e-07
0.6937641864415794,0.25578907604840206,0.0,0.24757575215820157,0.12581652896710038,422,0,0,0,0.9999998999999902,1.0000000994736041e-07
0.6934808151159976,0.2603589075601914,0.0,0.24547017998469317,0.12387997558188692,423,0,0,0,0.9999998999999902,1.0000000994736041e-07
0.6934772027940066,0.26481669204242614,0.0,0.2449752070995512,0.12413197001745885,424,0,0,0,0.9999998999999902,1.0000000994736041e-07
0.6932815421607244,0.25697911883129176,0.0,0.24261607636818538,0.12358021137983109,425,0,0,0,0.9999998999999902,1.0000000994736041e-07
0.6890926437194879,0.25451377165409833,0.0,0.24768396937272094,0.12709126304995516,426,0,0,0,0.9999998999999902,1.0000000994736041e-07
0.6933751447665093,0.2531383631263227,0.0,0.24311364103592598,0.1240948050572362,427,0,0,0,0.9999998999999902,1.0000000994736041e-07
0.6931968540657744,0.251630822653838,0.0,0.24362587251211695,0.12361908717847904,428,0,0,0,0.9999998999999902,1.0000000994736041e-07
0.6969368115060888,0.24497539738398885,0.0,0.2387657657160237,0.12274925946003909,429,0,0,0,0.9999998999999902,1.0000000994736041e-07
0.6936442532591386,0.2629398371126451,0.0,0.2451264726438732,0.12427884985930909,430,0,0,0,0.9999998999999902,1.0000000994736041e-07
0.6936096152743813,0.25967728924157474,0.0,0.24502833089406956,0.1250653209452254,431,0,0,0,0.9999998999999902,1.0000000994736041e-07
0.6934266883913753,0.2659297325891181,0.0,0.24562895414832153,0.12411101508699199,432,0,0,0,0.9999998999999902,1.0000000994736041e-07
0.6871190871857319,0.27090451212007083,0.0,0.25187879104432453,0.11720340490278092,433,0,0,0,0.9999998999999902,1.0000000994736041e-07
0.6917359472200251,0.2660902483029587,0.0,0.24061610133290043,0.14127070037135492,434,0,0,0,0.9999998999999902,1.0000000994736041e-07
0.6936767489232774,0.25028687372585834,0.0,0.24584848246145202,0.12431796938411288,435,0,0,0,0.9999998999999902,1.0000000994736041e-07
0.6935214754181053,0.2618897720592015,0.0,0.24567991055775978,0.12465322709934241,436,0,0,0,0.9999998999999902,1.0000000994736041e-07
0.6930480598757602,0.2567986570734645,0.0,0.24272043194200724,0.12348574813004254,437,0,0,0,0.9999998999999902,1.0000000994736041e-07
0.6933740367965703,0.26114153145859037,0.0,0.24684923062042008,0.12381065951157957,438,0,0,0,0.9999998999999902,1.0000000994736041e-07
0.6951547093440604,0.26520144345416913,0.0,0.2516362021415889,0.11972649812779618,439,0,0,0,0.9999998999999902,1.0000000994736041e-07
0.6937079734978137,0.27467236497648384,0.0,0.24356169457525442,0.12478372442087098,440,0,0,0,0.9999998999999902,1.0000000994736041e-07
0.6942478614983945,0.2671975727336816,0.0,0.2455300486409094,0.12520363674321508,441,0,0,0,0.9999998999999902,1.0000000994736041e-07
0.6919039889724586,0.24710895690059348,0.0,0.24084861345305408,0.11957028327480003,442,0,0,0,0.9999998999999902,1.0000000994736041e-07
0.6937010710215461,0.2565028446107145,0.0,0.24566003439871867,0.12494486205447859,443,0,0,0,0.9999998999999902,1.0000000994736041e-07
0.6835670127131581,0.0075666947551645825,0.07850244924001615,0.24560257392236895,0.12752598690930145,444,0,1,1,3.00000089999998e-14,0.9999999999999699
0.6930010249677566,0.2504009719357489,0.0,0.2451912864525606,0.12398300508228641,445,0,0,0,0.9999998999999902,1.0000000994736041e-07
0.6897153916630401,0.2555346282964026,0.0,0.24411022097328247,0.1279436852365322,446,0,0,0,0.9999998999999902,1.0000000994736041e-07
0.6945105190392981,0.24793014092443216,0.0,0.24392572024209597,0.11958135557721429,447,0,0,0,0.9999998999999902,1.0000000994736041e-07
0.6989730483607557,0.24490806506597204,0.0,0.23786751716137539,0.12092450561239235,448,0,0,0,0.9999998999999902,1.0000000994736041e-07
0.6935796069763638,0.2596658585101548,0.0,0.24532261193901048,0.12517745505727862,449,0,0,0,0.9999998999999902,1.0000000994736041e-07
0.6948399638562781,0.25361171925635884,0.0,0.24883277255407704,0.12508106355498483,450,0,0,0,0.9999998999999902,1.0000000994736041e-07
0.6935777651037237,0.2754260164955933,0.0,0.24408907324701223,0.12414427587590421,451,0,0,0,0.9999998999999902,1.0000000994736041e-07
0.6936729409866458,0.24583925964865055,0.0,0.25076430243023073,0.12504680666178852,452,0,0,0,0.9999998999999902,1.0000000994736041e-07
0.6924612061285194,0.24948104989397474,0.0,0.2549535997960418,0.12477380406721159,453,0,0,0,0.9999998999999902,1.0000000994736041e-07
0.6936310509706081,0.252080900886151,0.0,0.24402320023636978,0.12475622421624023,454,0,0,0,0.9999998999999902,1.0000000994736041e-07
0.693377905577554,0.2567940797990842,0.0,0.2464216549897869,0.12417769120963021,455,0,0,0,0.9999998999999902,1.0000000994736041e-07
0.6940877839216478,0.27288027044250207,0.0,0.2429303264278813,0.12521358626109227,456,0,0,0,0.9999998999999902,1.0000000994736041e-07
0.694016016199637,0.2552924330846782,0.0,0.24479220139757235,0.12532320014600834,457,0,0,0,0.9999998999999902,1.0000000994736041e-07
0.6932271416011913,0.2573884470838876,0.0,0.24247579986988813,0.12387917181179595,458,0,0,0,0.9999998999999902,1.0000000994736041e-07
0.6934533492131861,0.2587376937278569,0.0,0.2465475941882976,0.12444680586879792,459,0,0,0,0.9999998999999902,1.0000000994736041e-07
0.6937760170783254,0.2611272003745414,0.0,0.24476779014219816,0.12563015762480473,460,0,0,0,0.9999998999999902,1.0000000994736041e-07
0.6924305446326129,0.23651191683146988,0.0,0.2419397432717468,0.11942913404698861,461,0,0,0,0.9999998999999902,1.0000000994736041e-07
0.6943045256170044,0.27223391943145575,0.0,0.24229340667887211,0.12583726739717555,462,0,0,0,0.9999998999999902,1.0000000994736041e-07
0.6942994630985961,0.2648128929018735,0.0,0.24242105513811485,0.1385013273779352,463,0,0,0,0.9999998999999902,1.0000000994736041e-07
0.6854407892906849,0.272992633039577,0.0,0.24424998039500195,0.11064766358810349,464,0,0,0,0.9999998999999902,1.0000000994736041e-07
0.6893475543349041,0.24741413386672154,0.0,0.23651804435081006,0.12218400466062311,465,0,0,0,0.9999998999999902,1.0000000994736041e-07
0.693617248157611,0.27317412558883025,0.0,0.24505664940871624,0.12485053652287752,466,0,0,0,0.9999998999999902,1.0000000994736041e-07
0.6945080451123959,0.2713756809203058,0.0,0.24250838072036868,0.1257376653761202,467,0,0,0,0.9999998999999902,1.0000000994736041e-07
0.6932681239886209,0.0,0.08260250204102171,0.25178494310685884,0.12710607173310726,468,0,1,1,3.00000089999998e-14,0.9999999999999699
0.6935913576195427,0.26849115376708765,0.0,0.2441949877984974,0.12474455574578769,469,0,0,0,0.9999998999999902,1.0000000994736041e-07
0.6645835161352399,0.2894243930508016,0.0,0.28007821204507116,0.1045794839620462,470,0,0,0,0.9999998999999902,1.0000000994736041e-07
0.693223209473783,0.24784860550525672,0.0,0.24516946218429722,0.1237091390914615,471,0,0,0,0.9999998999999902,1.0000000994736041e-07
0.6935275065354384,0.2734945553404095,0.0,0.24547103513032342,0.12425876436924202,472,0,0,0,0.9999998999999902,1.0000000994736041e-07
0.6934778491602022,0.2669706484822353,0.0,0.24540383564387905,0.12465726143917405,473,0,0,0,0.9999998999999902,1.0000000994736041e-07
0.6937339942867864,0.27846071132205763,0.0,0.24391770386835368,0.12481001822508939,474,0,0,0,0.9999998999999902,1.0000000994736041e-07
0.6929024780242631,0.2564894115828911,0.0,0.2468271400155013,0.12401010916971478,475,0,0,0,0.9999998999999902,1.0000000994736041e-07
0.6932300142118157,0.2569270776774384,0.0,0.2426374306772977,0.12346207199400785,476,0,0,0,0.9999998999999902,1.0000000994736041e-07
0.6934999319197501,0.2667198475641904,0.0,0.24564882643543764,0.12423273252152332,477,0,0,0,0.9999998999999902,1.0000000994736041e-07
0.6935056757209043,0.27439429196100285,0.0,0.24537346215188,0.12393179465124393,478,0,0,0,0.9999998999999902,1.0000000994736041e-07
0.6933800446851548,0.2432862926079488,0.0,0.2528610656335735,0.12488972604928936,479,0,0,0,0.9999998999999902,1.0000000994736041e-07
0.6913076679415258,0.007245163075898842,0.07002800268451753,0.24518402448388443,0.12626274201806317,480,0,1,1,3.00000089999998e-14,0.9999999999999699
0.6942551642905537,0.2640794016828832,0.0,0.2440813911991023,0.12463289573197156,481,0,0,0,0.9999998999999902,1.0000000994736041e-07
0.6937909961204636,0.2688469469361281,0.0,0.24486322315620906,0.12517845355293622,482,0,0,0,0.9999998999999902,1.0000000994736041e-07
0.6950354328663078,0.25588744224535653,0.0,0.2409011987128929,0.13235408461114506,483,0,0,0,0.9999998999999902,1.0000000994736041e-07
0.693863054312272,0.0,0.08189469208668676,0.2495927972277937,0.12618703790612804,484,0,1,1,3.00000089999998e-14,0.9999999999999699
0.6936360820551083,0.26913142098711396,0.0,0.24471972026001165,0.12429451591804365,485,0,0,0,0.9999998999999902,1.0000000994736041e-07
0.6935399372631466,0.2623877796863686,0.0,0.24566553057618912,0.12461936385730817,486,0,0,0,0.9999998999999902,1.0000000994736041e-07
0.6934203237712228,0.2601458432814595,0.0,0.24603307192196472,0.12411110501078074,487,0,0,0,0.9999998999999902,1.0000000994736041e-07
0.6862534639555522,0.25314676259488844,0.0,0.24550761435977445,0.12315919001195808,488,0,0,0,0.9999998999999902,1.0000000994736041e-07
0.6923294420150897,0.0030699947916533743,0.07513474364347772,0.2421216570183431,0.12456763755517314,489,0,1,1,3.00000089999998e-14,0.9999999999999699
0.6937814681944071,0.2728134454037028,0.0,0.24333617012306702,0.12461509880010521,490,0,0,0,0.9999998999999902,1.0000000994736041e-07
0.6939816719463607,0.2552393808215998,0.0,0.24393056879158084,0.12607920460687372,491,0,0,0,0.9999998999999902,1.0000000994736041e-07
0.6935346537653213,0.2673489694739175,0.0,0.24463925963284058,0.12439187073776754,492,0,0,0,0.9999998999999902,1.0000000994736041e-07
0.6936727227384469,0.2772924941701175,0.0,0.24433462767250044,0.12413543300359739,493,0,0,0,0.9999998999999902,1.0000000994736041e-07
0.6934971031399118,0.2618376239255531,0.0,0.24640393230827984,0.12423603958101058,494,0,0,0,0.9999998999999902,1.0000000994736041e-07
0.6914521905367708,0.24764452594208552,0.0,0.2418783731239197,0.1223614447262173,495,0,0,0,0.9999998999999902,1.0000000994736041e-07
0.6946488358525473,0.26044958405749175,0.0,0.24231629480626787,0.12609369601486858,496,0,0,0,0.9999998999999902,1.0000000994736041e-07
0.6937508104108348,0.2592573151594064,0.0,0.24558048570125238,0.1252963946469231,497,0,0,0,0.9999998999999902,1.0000000994736041e-07
0.693509541581476,0.26678317935162543,0.0,0.24371469978314364,0.12400882635947924,498,0,0,0,0.9999998999999902,1.0000000994736041e-07
0.6889087437846703,0.2524210824307161,0.0,0.23579915009327726,0.1249158241436592,499,0,0,0,0.9999998999999902,1.0000000994736041e-07
0.6936753437288729,0.2603771164993646,0.0,0.24484112498267593,0.12473206284425042,500,0,0,0,0.9999998999999902,1.0000000994736041e-07
0.6933529739366302,0.24919352230793088,0.0,0.24548400208676033,0.12402114542264238,501,0,0,0,0.9999998999999902,1.0000000994736041e-07
0.6936558609467445,0.2607474550208916,0.0,0.245239120262339,0.1244711940609384,502,0,0,0,0.9999998999999902,1.0000000994736041e-07
0.688885715918168,0.26242831689072077,0.0,0.24311976445869188,0.13741656815527334,503,0,0,0,0.9999998999999902,1.0000000994736041e-07
0.6939278787054018,0.23947056902250619,0.0,0.2363574678870716,0.12115134238220318,504,0,0,0,0.9999998999999902,1.0000000994736041e-07
0.6891640960679088,0.24539899402405121,0.0,0.24607604127302804,0.12195030555286784,505,0,0,0,0.9999998999999902,1.0000000994736041e-07
0.6985629188597431,0.0,0.11255826053551468,0.2646363285249203,0.13007684520291773,506,0,1,1,3.00000089999998e-14,0.9999999999999699
0.6935590648648537,0.26507326581646334,0.0,0.2454263463302726,0.1247581210186133,507,0,0,0,0.9999998999999902,1.0000000994736041e-07
0.6942051424851478,0.27396458527326417,0.0,0.24283274233497712,0.12527651739959061,508,0,0,0,0.9999998999999902,1.0000000994736041e-07
0.6936414446846978,0.2759220776381159,0.0,0.24531550910343747,0.1246653629727136,509,0,0,0,0.9999998999999902,1.0000000994736041e-07
0.6925281924965908,0.24488175676342366,0.0,0.24036084459837614,0.12515520900820173,510,0,0,0,0.9999998999999902,1.0000000994736041e-07
0.6949507683124145,0.26805552899994695,0.0,0.24142925769742024,0.12655037074100667,511,0,0,0,0.9999998999999902,1.0000000994736041e-07
0.6932159421456056,0.2576824316749905,0.0,0.24649620955423135,0.1243925622451367,512,0,0,0,0.9999998999999902,1.0000000994736041e-07
0.6939640082989262,0.26508113308826053,0.0,0.24402502124756667,0.12491765747380164,513,0,0,0,0.9999998999999902,1.0000000994736041e-07
0.6933469889347892,0.2665805209915423,0.0,0.2459613324253677,0.12490862079559811,514,0,0,0,0.9999998999999902,1.0000000994736041e-07
0.6949332330859588,0.26363637236122905,0.0,0.24245567349907457,0.12717851141442493,515,0,0,0,0.9999998999999902,1.0000000994736041e-07
0.6940852853327167,0.2739816711205796,0.0,0.24330327955774617,0.12536423184179382,516,0,0,0,0.9999998999999902,1.0000000994736041e-07
0.694032131072115,0.27198138665250327,0.0,0.24341442020206272,0.12512611166986698,517,0,0,0,0.9999998999999902,1.0000000994736041e-07
0.6934610464250275,0.2790391644175153,0.0,0.2458962901515862,0.12404660059720524,518,0,0,0,0.9999998999999902,1.0000000994736041e-07
0.6943495122099497,0.26690024013813396,0.0,0.24233002399689194,0.12587447707479577,519,0,0,0,0.9999998999999902,1.0000000994736041e-07
0.6933955858514134,0.2668225864254814,0.0,0.24676064096250944,0.12432657610123429,520,0,0,0,0.9999998999999902,1.0000000994736041e-07
0.6960727828229748,0.24815249778609183,0.0,0.22824665160379015,0.11993377061839475,521,0,0,0,0.9999998999999902,1.0000000994736041e-07
0.7024541204070978,0.0,0.0743518397147121,0.24286912424180182,0.12325681815489556,522,0,1,1,3.00000089999998e-14,0.9999999999999699
0.6947463105424783,0.25865300264076524,0.0,0.24940744179645355,0.12342052802226372,523,0,0,0,0.9999998999999902,1.0000000994736041e-07
0.6938048203196776,0.27736681512690375,0.0,0.24595651930824974,0.12567524552827722,524,0,0,0,0.9999998999999902,1.0000000994736041e-07
0.6970448855067766,0.24267414086507366,0.0,0.24061078368545916,0.11942085650439932,525,0,0,0,0.9999998999999902,1.0000000994736041e-07
0.6940859645900733,0.2635017672935011,0.0,0.24419908386236716,0.12541651499744144,526,0,0,0,0.9999998999999902,1.0000000994736041e-07
0.6935457034623792,0.2592523355583468,0.0,0.245972579711145,0.12494359603300015,527,0,0,0,0.9999998999999902,1.0000000994736041e-07
0.6935528765768775,0.27265022466340555,0.0,0.24466550030073037,0.1244046475716772,528,0,0,0,0.9999998999999902,1.0000000994736041e-07
0.6934939247493774,0.2592706616322379,0.0,0.2463491781995849,0.12475327538954888,529,0,0,0,0.9999998999999902,1.0000000994736041e-07
0.696538984291756,0.2525641180716692,0.0,0.24412942780853064,0.1198402445441158,530,0,0,0,0.9999998999999902,1.0000000994736041e-07
0.6935730691367804,0.2698898038287722,0.0,0.24458001751629777,0.12461992746976164,531,0,0,0,0.9999998999999902,1.0000000994736041e-07
0.6916968473926053,0.24183606280033437,0.0,0.23991625062325816,0.12002944902777371,532,0,0,0,0.9999998999999902,1.0000000994736041e-07
0.69096401699765,0.2561522608263614,0.0,0.245011708293224,0.11694320358609951,533,0,0,0,0.9999998999999902,1.0000000994736041e-07
0.6963591283168001,0.26591402308110385,0.0,0.2464306196365289,0.13631273456126347,534,0,0,0,0.9999998999999902,1.0000000994736041e-07
0.6950828914908167,0.28043976245792307,0.0,0.24027747792440782,0.126542438976054,535,0,0,0,0.9999998999999902,1.0000000994736041e-07
0.6938800686150569,0.26872571594418637,0.0,0.24450341044245594,0.12532937132689825,536,0,0,0,0.9999998999999902,1.0000000994736041e-07
0.6963800220029653,0.25030591714567163,0.0,0.2321451764589329,0.12170840176953009,537,0,0,0,0.9999998999999902,1.0000000994736041e-07
0.6979041437641039,0.24976902941117052,0.0,0.233320282655815,0.12102117667999625,538,0,0,0,0.9999998999999902,1.0000000994736041e-07
0.6934385110553009,0.2846373315434689,0.0,0.2470288442898795,0.12393577849139732,539,0,0,0,0.9999998999999902,1.0000000994736041e-07
0.6934850330111799,0.26189079565685563,0.0,0.24713244804300152,0.12467322703026726,540,0,0,0,0.9999998999999902,1.0000000994736041e-07
0.6941069062290594,0.2670688834783725,0.0,0.2389413373168044,0.14360118132381045,541,0,0,0,0.9999998999999902,1.0000000994736041e-07
0.6938877932321388,0.25436653727225317,0.0,0.24503291455818876,0.12531633923908153,542,0,0,0,0.9999998999999902,1.0000000994736041e-07
0.6936231206607631,0.25648003709047995,0.0,0.24585448020194037,0.12481387592482196,543,0,0,0,0.9999998999999902,1.0000000994736041e-07
0.6939077496692434,0.2718862149191747,0.0,0.24389492097730894,0.12491421634057635,544,0,0,0,0.9999998999999902,1.0000000994736041e-07
0.6932272669985212,0.2526290352515387,0.0,0.24835747327306232,0.12391129398437578,545,0,0,0,0.9999998999999902,1.0000000994736041e-07
0.6678837383798003,0.2859610862128884,0.0,0.290494510969112,0.10691753233282739,546,0,0,0,0.9999998999999902,1.0000000994736041e-07
0.6935163485895005,0.2702548435017795,0.0,0.24560675023579434,0.12447944225531271,547,0,0,0,0.9999998999999902,1.0000000994736041e-07
0.693304335289707,0.25231081815800815,0.0,0.24655112901000123,0.1234920289028013,548,0,0,0,0.9999998999999902,1.0000000994736041e-07
0.6937686244994185,0.27883287283956504,0.0,0.24368396164813283,0.12503397644386677,549,0,0,0,0.9999998999999902,1.0000000994736041e-07
0.6938754388113376,0.2653429894108259,0.0,0.24407995850497513,0.1250067180079492,550,0,0,0,0.9999998999999902,1.0000000994736041e-07
0.6938456964664131,0.25405915537587864,0.0,0.24531186876648145,0.12524178104984268,551,0,0,0,0.9999998999999902,1.0000000994736041e-07
0.6936262100488128,0.262265297875926,0.0,0.2449766131444676,0.12440299730312634,552,0,0,0,0.9999998999999902,1.0000000994736041e-07
0.6965941052624369,0.007946313973991426,0.0724170254313205,0.25358189654065777,0.12726021258936038,553,0,1,1,3.00000089999998e-14,0.9999999999999699
0.6937119786942648,0.25739066735052063,0.0,0.24831219558277326,0.12509652767541263,554,0,0,0,0.9999998999999902,1.0000000994736041e-07
0.6942338642705007,0.2584557400583988,0.0,0.24386098097355413,0.12596110580194247,555,0,0,0,0.9999998999999902,1.0000000994736041e-07
0.6932994482958256,0.2492969284391308,0.0,0.24586623092041557,0.12392345218826828,556,0,0,0,0.9999998999999902,1.0000000994736041e-07
0.6930674731177235,0.25325819836297836,0.0,0.24329495934559406,0.12339549657557485,557,0,0,0,0.9999998999999902,1.0000000994736041e-07
0.6943290117655917,0.26003517327361647,0.0,0.24534672179913086,0.1254996458870526,558,0,0,0,0.9999998999999902,1.0000000994736041e-07
0.693837378367985,0.262047705574161,0.0,0.24391691755242373,0.1247414962155007,559,0,0,0,0.9999998999999902,1.0000000994736041e-07
0.6935137721384111,0.2554727030272312,0.0,0.2464091288303187,0.12420208423663628,560,0,0,0,0.9999998999999902,1.0000000994736041e-07
0.6989633236791083,0.01875962649472518,0.0710522489348025,0.24290214228101487,0.1268042530548759,561,0,1,1,3.00000089999998e-14,0.9999999999999699
0.6938617285147473,0.24533892648960964,0.0,0.25170710881014036,0.1255453334111431,562,0,0,0,0.9999998999999902,1.0000000994736041e-07
0.6958919660405912,0.25828306855497407,0.0,0.23264911886753023,0.1267756343881967,563,0,0,0,0.9999998999999902,1.0000000994736041e-07
0.694941545490161,0.005809255993080686,0.07919801944816762,0.25368441602472525,0.12788187365238574,564,0,1,1,3.00000089999998e-14,0.9999999999999699
0.6975691307142003,0.2514395962526982,0.0,0.246163699903765,0.12319610892886437,565,0,0,0,0.9999998999999902,1.0000000994736041e-07
0.6934292886783293,0.2649742810562074,0.0,0.24606698540968022,0.12425969399933504,566,0,0,0,0.9999998999999902,1.0000000994736041e-07
0.6933841200192198,0.25232574871528657,0.0,0.24340357866158427,0.1240085576891382,567,0,0,0,0.9999998999999902,1.0000000994736041e-07
0.7016917186485923,0.25273253882703045,0.0,0.2484034077968587,0.1225935751223099,568,0,0,0,0.9999998999999902,1.0000000994736041e-07
0.694396230350365,0.2593923116274966,0.0,0.24255152679376216,0.1261480020775664,569,0,0,0,0.9999998999999902,1.0000000994736041e-07
0.6953750827463381,0.01649447243869029,0.06897551473522218,0.26147772882869635,0.12934577356605326,570,0,1,1,3.00000089999998e-14,0.9999999999999699
0.6934468258976955,0.263375896102338,0.0,0.24551513474322398,0.12404267134321836,571,0,0,0,0.9999998999999902,1.0000000994736041e-07
0.6937601629624554,0.2756453446370799,0.0,0.24384230926528117,0.12454887687568926,572,0,0,0,0.9999998999999902,1.0000000994736041e-07
0.6936599972358967,0.2701060814698471,0.0,0.24376359959370705,0.12431957794653528,573,0,0,0,0.9999998999999902,1.0000000994736041e-07
0.6961120239586137,0.28066160500728954,0.0,0.24283073622019602,0.1476681933732356,574,0,0,0,0.9999998999999902,1.0000000994736041e-07
0.6934313487244138,0.2765327783321829,0.0,0.24751819731721664,0.1238970956163976,575,0,0,0,0.9999998999999902,1.0000000994736041e-07
0.6885970407611329,0.0077343354230065,0.0643439789161242,0.249991008047723,0.1270140300059459,576,0,1,1,3.00000089999998e-14,0.9999999999999699
0.6938836031580565,0.2627419494128822,0.0,0.24444211208144562,0.12494952232805712,577,0,0,0,0.9999998999999902,1.0000000994736041e-07
0.6981279101112555,0.2657230727852242,0.0,0.2393155171624015,0.13275875728216674,578,0,0,0,0.9999998999999902,1.0000000994736041e-07
0.6966449148522288,0.2489652056620945,0.0,0.23756664331041705,0.1254131834525082,579,0,0,0,0.9999998999999902,1.0000000994736041e-07
0.6935678264507524,0.2654092235688254,0.0,0.24427916753631895,0.1242402591729757,580,0,0,0,0.9999998999999902,1.0000000994736041e-07
0.6939509150130139,0.2710216656900064,0.0,0.24030376202730036,0.12437041653193866,581,0,0,0,0.9999998999999902,1.0000000994736041e-07
0.6941335655065319,0.2579740977828211,0.0,0.24349482058086344,0.1258948206282436,582,0,0,0,0.9999998999999902,1.0000000994736041e-07
0.6936163454710432,0.25471630631736675,0.0,0.24611113593952522,0.12465585769297298,583,0,0,0,0.9999998999999902,1.0000000994736041e-07
0.6939722104039627,0.2650939324994246,0.0,0.24362496474994977,0.12501749071590762,584,0,0,0,0.9999998999999902,1.0000000994736041e-07
0.694285689291158,0.26608043298148376,0.0,0.24427200158517187,0.1251346961565974,585,0,0,0,0.9999998999999902,1.0000000994736041e-07
0.6930526024646545,0.2524767660996401,0.0,0.24131029859608752,0.1358300262169217,586,0,0,0,0.9999998999999902,1.0000000994736041e-07
0.6937395531018393,0.27210560325696426,0.0,0.24464860581365572,0.1252059207022862,587,0,0,0,0.9999998999999902,1.0000000994736041e-07
0.6939018693474359,0.26845584157766367,0.0,0.24350833282539686,0.12449400668203187,588,0,0,0,0.9999998999999902,1.0000000994736041e-07
0.6933061532431269,0.25948811535186844,0.0,0.24695352944811375,0.12410460482811428,589,0,0,0,0.9999998999999902,1.0000000994736041e-07
0.6936265167069658,0.2599999909203245,0.0,0.24383362544346307,0.12449960494234989,590,0,0,0,0.9999998999999902,1.0000000994736041e-07
0.693656917838445,0.2600317622432422,0.0,0.24469029676797485,0.1252037362264577,591,0,0,0,0.9999998999999902,1.0000000994736041e-07
0.6939854925523313,0.2714856605838951,0.0,0.24391733214528752,0.12530195651566528,592,0,0,0,0.9999998999999902,1.0000000994736041e-07
0.6931430841963186,0.25538357865675954,0.0,0.2610131188414547,0.1281593132692988,593,0,0,0,0.9999998999999902,1.0000000994736041e-07
0.6948166985846931,0.24151027106637835,0.0,0.23557712217188773,0.12192371226049255,594,0,0,0,0.9999998999999902,1.0000000994736041e-07
0.6988409960641296,0.2673642268611843,0.0,0.23990687323608492,0.14144426070851351,595,0,0,0,0.9999998999999902,1.0000000994736041e-07
0.6913363162461054,0.2578076978041257,0.0,0.2505245425231142,0.1252461252769471,596,0,0,0,0.9999998999999902,1.0000000994736041e-07
0.690391840050171,0.25062336727004936,0.0,0.24629891009396723,0.12791670677419936,597,0,0,0,0.9999998999999902,1.0000000994736041e-07
0.6876026707334685,0.2594099394020446,0.0,0.24525445234348148,0.1326010930938905,598,0,0,0,0.9999998999999902,1.0000000994736041e-07
0.6935903317418597,0.26064499163069954,0.0,0.2442627438744959,0.12411681930009172,599,0,0,0,0.9999998999999902,1.0000000994736041e-07
0.6944082531706323,0.27115275000315664,0.0,0.23743106308935144,0.128631512612291,600,0,0,0,0.9999998999999902,1.0000000994736041e-07
0.6881801560290736,0.25966514932049123,0.0,0.24565084531784376,0.1340469803365309,601,0,0,0,0.9999998999999902,1.0000000994736041e-07
0.6935857232349861,0.2597203991095294,0.0,0.24494804765322564,0.12430603708062046,602,0,0,0,0.9999998999999902,1.0000000994736041e-07
0.6935701664659105,0.2676508671435647,0.0,0.24425779039955903,0.12421875824159175,603,0,0,0,0.9999998999999902,1.0000000994736041e-07
0.6932538917147804,0.2619877358730478,0.0,0.24380457298472533,0.12470912587335858,604,0,0,0,0.9999998999999902,1.0000000994736041e-07
0.6936123351880303,0.25686455125407187,0.0,0.245622708889549,0.12496758058664112,605,0,0,0,0.9999998999999902,1.0000000994736041e-07
0.6937818227192125,0.283239578365289,0.0,0.24372151227758987,0.1244908019188217,606,0,0,0,0.9999998999999902,1.0000000994736041e-07
0.6936183692559291,0.2641869056491524,0.0,0.24514253398355126,0.12478433782994044,607,0,0,0,0.9999998999999902,1.0000000994736041e-07
0.6958378483081418,0.2621242216205136,0.0,0.2449684096091837,0.12825552237298224,608,0,0,0,0.9999998999999902,1.0000000994736041e-07
0.6943074729449679,0.2603034621501258,0.0,0.2434919067167926,0.12466625614261756,609,0,0,0,0.9999998999999902,1.0000000994736041e-07
0.6934111295600142,0.2685051398911505,0.0,0.2463255501425837,0.12370340373032265,610,0,0,0,0.9999998999999902,1.0000000994736041e-07
0.688240900031097,0.27493920714388004,0.0,0.24746275777286908,0.13937981682503284,611,0,0,0,0.9999998999999902,1.0000000994736041e-07
0.6938428451390082,0.27090604557522746,0.0,0.24342238451838483,0.12477329410202423,612,0,0,0,0.9999998999999902,1.0000000994736041e-07
0.6967499821011247,0.007202462145540767,0.07397751271668784,0.2538658400418264,0.12715788838412462,613,0,1,1,3.00000089999998e-14,0.9999999999999699
0.693356923424302,0.2576033650082723,0.0,0.24682146810044805,0.12426951071588788,614,0,0,0,0.9999998999999902,1.0000000994736041e-07
0.6947276197109568,0.2535748900776332,0.0,0.2533669951231132,0.12735420452065982,615,0,0,0,0.9999998999999902,1.0000000994736041e-07
0.6904648286981228,0.29209434945571505,0.0,0.28574775868524793,0.10672566723338872,616,0,0,0,0.9999998999999902,1.0000000994736041e-07
0.6928078169159237,0.25620199543796174,0.0,0.24289407411982192,0.12327473189094147,617,0,0,0,0.9999998999999902,1.0000000994736041e-07
0.6936768347018386,0.27926156116255496,0.0,0.24373100800836153,0.1244124876945574,618,0,0,0,0.9999998999999902,1.0000000994736041e-07
0.6930029825962566,0.0,0.08444092258931002,0.252581729795475,0.12732502981324395,619,0,1,1,3.00000089999998e-14,0.9999999999999699
0.693520154565388,0.27481327172072867,0.0,0.24471852830237337,0.1244705401848887,620,0,0,0,0.9999998999999902,1.0000000994736041e-07
0.6933486063665083,0.2509151690748232,0.0,0.24674785050593587,0.12407472969980778,621,0,0,0,0.9999998999999902,1.0000000994736041e-07
0.6940153041843724,0.2763637024295329,0.0,0.24397784857960933,0.12560716967480165,622,0,0,0,0.9999998999999902,1.0000000994736041e-07
0.6934350269141822,0.2756435259925662,0.0,0.2462878417315095,0.12437907718029145,623,0,0,0,0.9999998999999902,1.0000000994736041e-07
0.6933105606411848,0.25152250482944316,0.0,0.24669805559743205,0.12413618294154424,624,0,0,0,0.9999998999999902,1.0000000994736041e-07
0.6935409586040514,0.26490451003174115,0.0,0.24601967580122286,0.12468056584910919,625,0,0,0,0.9999998999999902,1.0000000994736041e-07
0.6934758486620711,0.2676721105502832,0.0,0.24514872842105462,0.124367583803126,626,0,0,0,0.9999998999999902,1.0000000994736041e-07
0.6933929693906002,0.2646067856457502,0.0,0.24666623411685823,0.12348859551096181,627,0,0,0,0.9999998999999902,1.0000000994736041e-07
0.6937187390813752,0.2551163726963517,0.0,0.24774272547711784,0.12560703390074193,628,0,0,0,0.9999998999999902,1.0000000994736041e-07
0.727940504953032,0.5959006450092663,0.17078065575033874,0.32415256778514884,0.48732659180488597,629,0,0,0,0.9999998999999902,1.0000000994736041e-07
0.6982220543764154,0.28250887833142413,0.0,0.23672350361034478,0.1522480798351969,630,0,0,0,0.9999998999999902,1.0000000994736041e-07
0.6935823670891096,0.2627708094799197,0.0,0.2456481718320307,0.12463726902565049,631,0,0,0,0.9999998999999902,1.0000000994736041e-07
0.6935175497417498,0.26191796239922654,0.0,0.24486342353932564,0.12434496482932574,632,0,0,0,0.9999998999999902,1.0000000994736041e-07
0.6933744059206021,0.25874774658840644,0.0,0.2467727767115708,0.1242778654864428,633,0,0,0,0.9999998999999902,1.0000000994736041e-07
0.6976069125998003,0.2513056298928391,0.0,0.23119797995392688,0.12188464626559656,634,0,0,0,0.9999998999999902,1.0000000994736041e-07
0.693915331091206,0.2536600485286656,0.0,0.24447080174074887,0.12582109436612177,635,0,0,0,0.9999998999999902,1.0000000994736041e-07
0.6956255686592063,0.24652873855146532,0.0,0.23436282518797222,0.12157662390978216,636,0,0,0,0.9999998999999902,1.0000000994736041e-07
0.6935209974348082,0.25896067539328527,0.0,0.24585821292403148,0.12482517325900974,637,0,0,0,0.9999998999999902,1.0000000994736041e-07
0.6933677011782219,0.25225411803168696,0.0,0.2455728561623094,0.12442308934617632,638,0,0,0,0.9999998999999902,1.0000000994736041e-07
0.6937846215770346,0.25666320410056376,0.0,0.2447060978687168,0.12470429280446872,639,0,0,0,0.9999998999999902,1.0000000994736041e-07
0.6945665106747418,0.26059281989610195,0.0,0.24248725064625293,0.12593247893583545,640,0,0,0,0.9999998999999902,1.0000000994736041e-07
0.6932904989695006,0.25894933222108696,0.0,0.2450815254713647,0.12475492928739738,641,0,0,0,0.9999998999999902,1.0000000994736041e-07
0.6933742776763417,0.25686411850355295,0.0,0.24518823537427384,0.124370538049063,642,0,0,0,0.9999998999999902,1.0000000994736041e-07
0.6935802141733872,0.2692738623633228,0.0,0.2447867837651526,0.12458053821332743,643,0,0,0,0.9999998999999902,1.0000000994736041e-07
0.6934835151005752,0.25140770612503494,0.0,0.2450120155073076,0.12428084312961189,644,0,0,0,0.9999998999999902,1.0000000994736041e-07
0.6931315469298983,0.24850929682674588,0.0,0.24489477057497186,0.12368094777891751,645,0,0,0,0.9999998999999902,1.0000000994736041e-07
0.6943802622925164,0.27936440415498653,0.0,0.24223694647400074,0.12540395599837237,646,0,0,0,0.9999998999999902,1.0000000994736041e-07
0.6928304243504577,0.24811645311078057,0.0,0.246267746634182,0.12367209987431461,647,0,0,0,0.9999998999999902,1.0000000994736041e-07
0.6934441777390808,0.2583782704815236,0.0,0.24581757248233643,0.12410336916074262,648,0,0,0,0.9999998999999902,1.0000000994736041e-07
0.6934832604260828,0.26944024376889636,0.0,0.24555563864263416,0.1245499395555126,649,0,0,0,0.9999998999999902,1.0000000994736041e-07
0.6936037702012132,0.2711478255384433,0.0,0.2445137283736272,0.12450499365923703,650,0,0,0,0.9999998999999902,1.0000000994736041e-07
0.6935482011262176,0.2675509157923872,0.0,0.24457903553717175,0.12426765781049147,651,0,0,0,0.9999998999999902,1.0000000994736041e-07
0.6877474443044109,0.2493989942206294,0.0,0.2473650378248622,0.11799466985777565,652,0,0,0,0.9999998999999902,1.0000000994736041e-07
0.6934751239621313,0.2668541478233203,0.0,0.2452654242659831,0.12414931482027736,653,0,0,0,0.9999998999999902,1.0000000994736041e-07
0.5445547312498092,0.5690460205078125,0.2902779370546341,0.39601990580558777,0.6666968017816544,654,0,0,0,0.9999998999999902,1.0000000994736041e-07
0.6934022569691985,0.24914333558137983,0.0,0.24724723030009607,0.12419266816009152,655,0,0,0,0.9999998999999902,1.0000000994736041e-07
0.6917327055609216,0.2431483745972346,0.0,0.2388254254114352,0.11779287555049203,656,0,0,0,0.9999998999999902,1.0000000994736041e-07
0.6939891651488711,0.25669349997936985,0.0,0.2437335889303353,0.12516222972701993,657,0,0,0,0.9999998999999902,1.0000000994736041e-07
0.693553478806662,0.2719126390765752,0.0,0.24449507254548497,0.12412759292413934,658,0,0,0,0.9999998999999902,1.0000000994736041e-07
0.6933140131890954,0.5808273053334359,0.1700132350945987,0.3025627600161721,0.2437581295379754,659,0,0,0,0.9999998999999902,1.0000000994736041e-07
0.6931695721327527,0.2573422800811912,0.0,0.24405985683684453,0.12458776328433456,660,0,0,0,0.9999998999999902,1.0000000994736041e-07
0.6935094449071517,0.26037678961111166,0.0,0.24597470205380328,0.12433372641455165,661,0,0,0,0.9999998999999902,1.0000000994736041e-07
0.6935789678811898,0.2680555196197771,0.0,0.24429691355551048,0.12507657576759212,662,0,0,0,0.9999998999999902,1.0000000994736041e-07
0.6932804359901404,0.2690169813958739,0.0,0.24660475374208257,0.12344255274473323,663,0,0,0,0.9999998999999902,1.0000000994736041e-07
0.6932307893599392,0.26609062296455305,0.0,0.2470374936435696,0.12434701700545314,664,0,0,0,0.9999998999999902,1.0000000994736041e-07
0.6935504726880237,0.25990152610277395,0.0,0.24579566010913403,0.12447735078764406,665,0,0,0,0.9999998999999902,1.0000000994736041e-07
0.6933977896377439,0.24446578777596664,0.0,0.23626618787584977,0.12329204666859916,666,0,0,0,0.9999998999999902,1.0000000994736041e-07
0.6840537376998992,0.26818171365926646,0.0,0.2530012601128968,0.11088537279439016,667,0,0,0,0.9999998999999902,1.0000000994736041e-07
0.6935177174466975,0.26732318237098973,0.0,0.24526623869256023,0.12428493710978543,668,0,0,0,0.9999998999999902,1.0000000994736041e-07
0.6935578951020251,0.26928504521956875,0.0,0.24517297551390335,0.12485343219935784,669,0,0,0,0.9999998999999902,1.0000000994736041e-07
0.6941096377403263,0.27341268846182454,0.0,0.24279614049471873,0.12510232403759838,670,0,0,0,0.9999998999999902,1.0000000994736041e-07
0.6875790876769583,0.27233083518502127,0.0,0.2524263967205729,0.11932174940939344,671,0,0,0,0.9999998999999902,1.0000000994736041e-07
0.6936235485191724,0.2598920258940617,0.0,0.24550841148031308,0.1246431580192212,672,0,0,0,0.9999998999999902,1.0000000994736041e-07
0.6940718759788986,0.27882137031125936,0.0,0.2458134166788906,0.1259363485543878,673,0,0,0,0.9999998999999902,1.0000000994736041e-07
0.6946344544188804,0.27840494526172277,0.0,0.2429633948567217,0.12615564530871215,674,0,0,0,0.9999998999999902,1.0000000994736041e-07
0.6936888046389678,0.25792461244557,0.0,0.24136364180844577,0.13280784193977618,675,0,0,0,0.9999998999999902,1.0000000994736041e-07
0.6937972284374714,0.2644476026736794,0.0,0.24541780534979118,0.12469763435953599,676,0,0,0,0.9999998999999902,1.0000000994736041e-07
0.693779743605467,0.25266817223559135,0.0,0.2414395840507407,0.12937007972144027,677,0,0,0,0.9999998999999902,1.0000000994736041e-07
0.6937402787761886,0.282215058881796,0.0,0.24404601510201027,0.12432916520075192,678,0,0,0,0.9999998999999902,1.0000000994736041e-07
0.6935260013981162,0.27176442092238495,0.0,0.24453361645834418,0.12431108364612277,679,0,0,0,0.9999998999999902,1.0000000994736041e-07
0.6935281318198896,0.26935320450788347,0.0,0.24456706191963937,0.12442240782678077,680,0,0,0,0.9999998999999902,1.0000000994736041e-07
0.6899142761273189,0.24779201418944624,0.0,0.24802150403579473,0.11932439120607133,681,0,0,0,0.9999998999999902,1.0000000994736041e-07
0.6934781440452882,0.25228440845642364,0.0,0.24491406092596887,0.12439972819937323,682,0,0,0,0.9999998999999902,1.0000000994736041e-07
0.6934312893123838,0.2656173996348261,0.0,0.24666879702158953,0.12422601617810211,683,0,0,0,0.9999998999999902,1.0000000994736041e-07
0.6966480802219391,0.26300633941628115,0.0,0.23744445110137744,0.1334303350803538,684,0,0,0,0.9999998999999902,1.0000000994736041e-07
0.6729552628972331,0.29405932397915185,0.0,0.2889709443940481,0.11716211588301964,685,0,0,0,0.9999998999999902,1.0000000994736041e-07
0.6936887550262021,0.2478107380960426,0.0,0.24997043521568202,0.12463324991651478,686,0,0,0,0.9999998999999902,1.0000000994736041e-07
0.6943721275875229,0.2703150079556243,0.0,0.2423714515914463,0.12560095836014143,687,0,0,0,0.9999998999999902,1.0000000994736041e-07
0.6862588573573655,0.25972829888160553,0.0,0.25105593648337166,0.1159327295095683,688,0,0,0,0.9999998999999902,1.0000000994736041e-07
0.6936185080267931,0.26965474414524193,0.0,0.2449365810832925,0.1254578932384997,689,0,0,0,0.9999998999999902,1.0000000994736041e-07
0.6934654175624297,0.25904982527638487,0.0,0.2460087576164191,0.12449967365111317,690,0,0,0,0.9999998999999902,1.0000000994736041e-07
0.694483106496578,0.2460211603078214,0.0,0.2500924221872808,0.12511941108912095,691,0,0,0,0.9999998999999902,1.0000000994736041e-07
0.6934228402634866,0.2497170619465788,0.0,0.2447340808884546,0.12432069125636068,692,0,0,0,0.9999998999999902,1.0000000994736041e-07
0.6919418104356473,0.24369510397068672,0.0,0.24563917161527563,0.11911097211507127,693,0,0,0,0.9999998999999902,1.0000000994736041e-07
0.6935408269174758,0.2742931937431502,0.0,0.24459740728235196,0.12447019786051541,694,0,0,0,0.9999998999999902,1.0000000994736041e-07
0.6876817576512331,0.2492173379210626,0.0,0.24151062121335637,0.12291329000564409,695,0,0,0,0.9999998999999902,1.0000000994736041e-07
0.6938752396542902,0.2634609327510907,0.0,0.24419285738106455,0.12514936904850585,696,0,0,0,0.9999998999999902,1.0000000994736041e-07
0.6994728185885054,0.26665452923617283,0.0,0.2405314769603079,0.1318335668615606,697,0,0,0,0.9999998999999902,1.0000000994736041e-07
0.6937848812956074,0.266912415828042,0.0,0.24389492590131995,0.12462805952033376,698,0,0,0,0.9999998999999902,1.0000000994736041e-07
0.693893729671098,0.27418017537646133,0.0,0.24440963053168355,0.12465943860140567,699,0,0,0,0.9999998999999902,1.0000000994736041e-07
0.6934578506181445,0.2587161118806495,0.0,0.24508814603651122,0.12367652438051902,700,0,0,0,0.9999998999999902,1.0000000994736041e-07
0.7001203629690923,0.25211296701689484,0.0,0.23657491860879742,0.12292068909530822,701,0,0,0,0.9999998999999902,1.0000000994736041e-07
0.6937125876587504,0.2729346449982064,0.0,0.24341737203965969,0.12403415505892477,702,0,0,0,0.9999998999999902,1.0000000994736041e-07
0.6934263728010753,0.25591681173819286,0.0,0.2462147593653759,0.1241408818576629,703,0,0,0,0.9999998999999902,1.0000000994736041e-07
0.6942396958351963,0.2556995198829946,0.0,0.2444488868186493,0.12560716609967912,704,0,0,0,0.9999998999999902,1.0000000994736041e-07
0.6934634297973107,0.26825478092559946,0.0,0.24545105308932366,0.124272617761168,705,0,0,0,0.9999998999999902,1.0000000994736041e-07
0.6939224123326326,0.25911719296328123,0.0,0.24522745162437914,0.1252114981050201,706,0,0,0,0.9999998999999902,1.0000000994736041e-07
0.6935546679388411,0.26892746375879956,0.0,0.2446918352173327,0.12427991339695603,707,0,0,0,0.9999998999999902,1.0000000994736041e-07
0.6934674261061222,0.26520907457659304,0.0,0.24594518153383998,0.12426767210807316,708,0,0,0,0.9999998999999902,1.0000000994736041e-07
0.6935110407349955,0.2777200068701591,0.0,0.24615697521585916,0.12401627509749116,709,0,0,0,0.9999998999999902,1.0000000994736041e-07
0.6980707114134094,0.27013183597334844,0.0,0.23723561776657964,0.1420149923507195,710,0,0,0,0.9999998999999902,1.0000000994736041e-07
0.6933463637647697,0.2659504882807003,0.0,0.24683318045377364,0.12394632427686154,711,0,0,0,0.9999998999999902,1.0000000994736041e-07
0.6939802103757965,0.25464721964992604,0.0,0.24411534076978353,0.12558013099738632,712,0,0,0,0.9999998999999902,1.0000000994736041e-07
0.6913255264337278,0.26104692460210493,0.0,0.25730489106581417,0.12870615497001303,713,0,0,0,0.9999998999999902,1.0000000994736041e-07
0.6937534400205319,0.26168391070899244,0.0,0.24504638260566508,0.1252590069296856,714,0,0,0,0.9999998999999902,1.0000000994736041e-07
0.6932300917376035,0.24959438887296867,0.0,0.24682411677097874,0.1238518893818571,715,0,0,0,0.9999998999999902,1.0000000994736041e-07
0.6935748620412504,0.2710759114034603,0.0,0.24450991977788566,0.12413248855703667,716,0,0,0,0.9999998999999902,1.0000000994736041e-07
0.6979454148358282,0.29405237735263917,0.0,0.2335992933253356,0.13240132500151075,717,0,0,0,0.9999998999999902,1.0000000994736041e-07
0.6935524072418123,0.2723274275796431,0.0,0.24549189407162872,0.12444014013008607,718,0,0,0,0.9999998999999902,1.0000000994736041e-07
0.6937862115618636,0.25385205264202826,0.0,0.24408557354880558,0.12506763085759762,719,0,0,0,0.9999998999999902,1.0000000994736041e-07
0.6937470278453525,0.2650828893072126,0.0,0.242828822257953,0.12457622697181009,720,0,0,0,0.9999998999999902,1.0000000994736041e-07
0.6950868634608276,0.25913569250513274,0.0,0.2360244800969991,0.13293344666154958,721,0,0,0,0.9999998999999902,1.0000000994736041e-07
0.693668076948004,0.2787037779907224,0.0,0.24403791785386114,0.12456264589672694,722,0,0,0,0.9999998999999902,1.0000000994736041e-07
0.6936808950084503,0.27205969812474967,0.0,0.24442508066901303,0.12463185993756476,723,0,0,0,0.9999998999999902,1.0000000994736041e-07
0.693375966977559,0.25915028503287574,0.0,0.24797747239002516,0.12402286494576063,724,0,0,0,0.9999998999999902,1.0000000994736041e-07
0.6945171283036004,0.0,0.08153804315439772,0.2520204197225438,0.12642475445238502,725,0,1,1,3.00000089999998e-14,0.9999999999999699
0.6946224945693974,0.2689670407749773,0.0,0.23902647328519666,0.14275026896041174,726,0,0,0,0.9999998999999902,1.0000000994736041e-07
0.6938528104003902,0.2713733762514222,0.0,0.2446826920885699,0.12465939173472948,727,0,0,0,0.9999998999999902,1.0000000994736041e-07
0.6936648131565043,0.26263509397180507,0.0,0.24470985589427807,0.12435335886921703,728,0,0,0,0.9999998999999902,1.0000000994736041e-07
0.6941603033901669,0.0,0.1617611093098124,0.25029403681187656,0.1285445918755903,729,0,1,1,3.00000089999998e-14,0.9999999999999699
0.6942501591721373,0.28397697835168434,0.0,0.24520584984843855,0.12671131964575816,730,0,0,0,0.9999998999999902,1.0000000994736041e-07
0.6940445077347485,0.27783147186381385,0.0,0.24585811849135827,0.12523893693401622,731,0,0,0,0.9999998999999902,1.0000000994736041e-07
0.6938339105827552,0.008507990209595417,0.06696635709660564,0.2539551965594529,0.12789251149171404,732,0,1,1,3.00000089999998e-14,0.9999999999999699
0.6976768589789393,0.27464116165106606,0.0,0.23455874319262215,0.14102726217483408,733,0,0,0,0.9999998999999902,1.0000000994736041e-07
0.6935315722616273,0.24511347087185412,0.0,0.250186656747478,0.12448777525713114,734,0,0,0,0.9999998999999902,1.0000000994736041e-07
0.6970594336892529,0.009848028759504301,0.06384196622121474,0.25690503067278453,0.12738681698849397,735,0,1,1,3.00000089999998e-14,0.9999999999999699
0.6921504148224507,0.257815117000743,0.0,0.2367271150761005,0.12470351158494739,736,0,0,0,0.9999998999999902,1.0000000994736041e-07
0.6926906177335566,0.24639116773768358,0.0,0.23647024346137607,0.12417092205498405,737,0,0,0,0.9999998999999902,1.0000000994736041e-07
0.6937220366741967,0.2635604839453964,0.0,0.2454697875799995,0.12480852530376087,738,0,0,0,0.9999998999999902,1.0000000994736041e-07
0.6939787050413936,0.27754169528422645,0.0,0.24314735363290385,0.12509219998238225,739,0,0,0,0.9999998999999902,1.0000000994736041e-07
0.6932186094443546,0.0,0.10171153021462653,0.2510555878987102,0.12652546811909696,740,0,1,1,3.00000089999998e-14,0.9999999999999699
0.6934455582448202,0.2526020018961036,0.0,0.24551123627234364,0.12452117233216253,741,0,0,0,0.9999998999999902,1.0000000994736041e-07
0.6941711046798087,0.26132197464427626,0.0,0.24411985149245036,0.12598464115658586,742,0,0,0,0.9999998999999902,1.0000000994736041e-07
0.6934114992851045,0.25900998262168706,0.0,0.24677134187645938,0.12435566288984956,743,0,0,0,0.9999998999999902,1.0000000994736041e-07
0.6936884354358981,0.2687756746264979,0.0,0.24470364541180586,0.12449922058321669,744,0,0,0,0.9999998999999902,1.0000000994736041e-07
0.6967319105743038,0.2682154738779865,0.0,0.24115425520175246,0.1354656439838106,745,0,0,0,0.9999998999999902,1.0000000994736041e-07
0.6934716558292275,0.26332284203460304,0.0,0.24606139725654202,0.12415830189126782,746,0,0,0,0.9999998999999902,1.0000000994736041e-07
0.6935744152467979,0.2597630043838566,0.0,0.2446117958431384,0.12469174200011096,747,0,0,0,0.9999998999999902,1.0000000994736041e-07
0.6929548825840154,0.24458351248841254,0.0,0.2443472699812867,0.12082125271198225,748,0,0,0,0.9999998999999902,1.0000000994736041e-07
0.6939051219002316,0.27667814601848384,0.0,0.24364026343743342,0.1251060184665608,749,0,0,0,0.9999998999999902,1.0000000994736041e-07
0.6948937876094121,0.27465621987426353,0.0,0.24107566367046546,0.12683584147401522,750,0,0,0,0.9999998999999902,1.0000000994736041e-07
0.6935379819542163,0.26466745514724543,0.0,0.2441276629905692,0.12534361776841937,751,0,0,0,0.9999998999999902,1.0000000994736041e-07
0.6941040162226786,0.26093237906970873,0.0,0.24480425655964194,0.1253841653525632,752,0,0,0,0.9999998999999902,1.0000000994736041e-07
0.6946442552288824,0.2641139122197485,0.0,0.24318546073247135,0.12600884078529295,753,0,0,0,0.9999998999999902,1.0000000994736041e-07
0.6932928767037756,0.2518713555868858,0.0,0.24542723118130683,0.12461718999008867,754,0,0,0,0.9999998999999902,1.0000000994736041e-07
0.6940681805100524,0.2736974894736376,0.0,0.24470457876213178,0.12555376241015836,755,0,0,0,0.9999998999999902,1.0000000994736041e-07
0.6918223223580903,0.25209937915789943,0.0,0.25367130348429706,0.12475506938226603,756,0,0,0,0.9999998999999902,1.0000000994736041e-07
0.6936864315425583,0.26305791268460904,0.0,0.24542362715084343,0.12481544207612899,757,0,0,0,0.9999998999999902,1.0000000994736041e-07
0.6939065705994487,0.25977698478586536,0.0,0.2451381697651179,0.124634237225538,758,0,0,0,0.9999998999999902,1.0000000994736041e-07
0.6939098018020272,0.2582513857662136,0.0,0.2435677801628665,0.1256373377758062,759,0,0,0,0.9999998999999902,1.0000000994736041e-07
0.6941013216578897,0.2823558134316465,0.0,0.24591971109605687,0.12604841784888945,760,0,0,0,0.9999998999999902,1.0000000994736041e-07
0.6935746110759666,0.27410458533838644,0.0,0.24489049216275702,0.12485766828827483,761,0,0,0,0.9999998999999902,1.0000000994736041e-07
0.675928246510438,0.3297408500206626,0.0,0.3063059228480747,0.12581550579917516,762,0,0,0,0.9999998999999902,1.0000000994736041e-07
0.6906450222710186,0.004636109756547047,0.07457544207619371,0.2539411876286989,0.12763550352123135,763,0,1,1,3.00000089999998e-14,0.9999999999999699
0.6935027489405321,0.26028667959303375,0.0,0.24575897886000042,0.12468097379754212,764,0,0,0,0.9999998999999902,1.0000000994736041e-07
0.6939463108255435,0.281055024531879,0.0,0.2437134547883277,0.12564188386980799,765,0,0,0,0.9999998999999902,1.0000000994736041e-07
0.6935385528672029,0.2737747953894259,0.0,0.24636855840227712,0.12452482884802633,766,0,0,0,0.9999998999999902,1.0000000994736041e-07
0.6935252562334558,0.2686011676422253,0.0,0.2461335013908585,0.12397236119015226,767,0,0,0,0.9999998999999902,1.0000000994736041e-07
0.6939843334654852,0.2715071343473837,0.0,0.2436664580190705,0.12526102383700816,768,0,0,0,0.9999998999999902,1.0000000994736041e-07
0.6935330997706401,0.27149823838376075,0.0,0.24464285039426048,0.12439819370689029,769,0,0,0,0.9999998999999902,1.0000000994736041e-07
0.6930057273361733,0.2587765459499609,0.0,0.24484746555264647,0.12412291163155995,770,0,0,0,0.9999998999999902,1.0000000994736041e-07
0.6936070741411202,0.2681791348130576,0.0,0.24530145606213083,0.12473451794933602,771,0,0,0,0.9999998999999902,1.0000000994736041e-07
0.5076661751916101,0.42450816952905857,0.0,0.4869302461215711,0.018481525398736633,772,0,0,0,0.9999998999999902,1.0000000994736041e-07
0.6937751013279213,0.264199504117678,0.0,0.24500688144900612,0.12528922943661702,773,0,0,0,0.9999998999999902,1.0000000994736041e-07
0.6930691833981644,0.2596096865534302,0.0,0.24686107380277417,0.12417830497514559,774,0,0,0,0.9999998999999902,1.0000000994736041e-07
0.6939011238501657,0.262321809036085,0.0,0.24374182676354667,0.12481671904391287,775,0,0,0,0.9999998999999902,1.0000000994736041e-07
0.6933315140550526,0.2627510110793244,0.0,0.2469775851641258,0.12381688245065754,776,0,0,0,0.9999998999999902,1.0000000994736041e-07
0.694087973836697,0.2727979454627508,0.0,0.24310365025016234,0.1253764335115053,777,0,0,0,0.9999998999999902,1.0000000994736041e-07
0.693740347711865,0.2607394082280159,0.0,0.24455259664415385,0.125585357139884,778,0,0,0,0.9999998999999902,1.0000000994736041e-07
0.6935686186092669,0.2605060134224377,0.0,0.24476416642105706,0.12507820581035825,779,0,0,0,0.9999998999999902,1.0000000994736041e-07
0.6937395311149793,0.2545154090489057,0.0,0.24360929047247737,0.11990514060785926,780,0,0,0,0.9999998999999902,1.0000000994736041e-07
0.6722121030374175,0.2989631083140236,0.0,0.29594793117779483,0.1310214471147419,781,0,0,0,0.9999998999999902,1.0000000994736041e-07
0.693444903369527,0.2617857971958958,0.0,0.24793489164076285,0.12384961839096395,782,0,0,0,0.9999998999999902,1.0000000994736041e-07
0.6951313937022768,0.2609439718757772,0.0,0.23307664868623051,0.12963167734583353,783,0,0,0,0.9999998999999902,1.0000000994736041e-07
0.6935089407046993,0.2715055381126035,0.0,0.24552333462554776,0.12454700394519144,784,0,0,0,0.9999998999999902,1.0000000994736041e-07
0.6949265556578206,0.2540399923218048,0.0,0.239854113334784,0.1280579990297113,785,0,0,0,0.9999998999999902,1.0000000994736041e-07
0.6944317419702429,0.2512065459305385,0.0,0.25224294869398106,0.1267274993832712,786,0,0,0,0.9999998999999902,1.0000000994736041e-07
0.6937962632943385,0.2619989687045951,0.0,0.245080088674912,0.12491711437338576,787,0,0,0,0.9999998999999902,1.0000000994736041e-07
0.6956199669657978,0.27061530688168767,0.0,0.23885170726019261,0.127963634510295,788,0,0,0,0.9999998999999902,1.0000000994736041e-07
0.6935377861978174,0.2504097884435045,0.0,0.2466045049217086,0.12428528180779658,789,0,0,0,0.9999998999999902,1.0000000994736041e-07
0.693539917944112,0.25959816679658243,0.0,0.24504933106471954,0.12404521719983755,790,0,0,0,0.9999998999999902,1.0000000994736041e-07
0.6931037894664528,0.0,0.11427208320476273,0.2514447169026894,0.12646841786025864,791,0,1,1,3.00000089999998e-14,0.9999999999999699
0.6918449051166833,0.253059021726624,0.0,0.24087536547680644,0.12340878667481747,792,0,0,0,0.9999998999999902,1.0000000994736041e-07
0.6902108560204712,0.24620457016468758,0.0,0.2440829361872297,0.12314492744075316,793,0,0,0,0.9999998999999902,1.0000000994736041e-07
0.6947694885021938,0.26365052434549424,0.0,0.24228966429986057,0.12597436884773405,794,0,0,0,0.9999998999999902,1.0000000994736041e-07
0.6945860107148388,0.27668680154590386,0.0,0.24492791259940727,0.12446283368936693,795,0,0,0,0.9999998999999902,1.0000000994736041e-07
0.6962381592937387,0.008405399034643435,0.060887808607508476,0.2612405911561885,0.1267382194486082,796,0,1,1,3.00000089999998e-14,0.9999999999999699
0.6934500679040689,0.2750723007721255,0.0,0.24602358350550252,0.12448793692569794,797,0,0,0,0.9999998999999902,1.0000000994736041e-07
0.6941360082538434,0.2561391967984181,0.0,0.24503211069391845,0.12541713599188695,798,0,0,0,0.9999998999999902,1.0000000994736041e-07
0.6934916905463283,0.2680711055593841,0.0,0.24486149608799815,0.12411509660478293,799,0,0,0,0.9999998999999902,1.0000000994736041e-07
0.6935869489840377,0.26860264477051804,0.0,0.24487830013798523,0.12451551398603447,800,0,0,0,0.9999998999999902,1.0000000994736041e-07
0.6935910054796182,0.2600028452844225,0.0,0.24565025523497314,0.12469898198909592,801,0,0,0,0.9999998999999902,1.0000000994736041e-07
0.6948839643786935,0.25746180679751807,0.0,0.23618920846526642,0.13218416436739144,802,0,0,0,0.9999998999999902,1.0000000994736041e-07
0.6941723473310448,0.26737921983809787,0.0,0.24349353925485678,0.12605070863364864,803,0,0,0,0.9999998999999902,1.0000000994736041e-07
0.6938207120623381,0.27300143538452537,0.0,0.24324315939083613,0.12474956897729367,804,0,0,0,0.9999998999999902,1.0000000994736041e-07
0.6934362392049349,0.26810699249661474,0.0,0.2462237340638132,0.12416540153242807,805,0,0,0,0.9999998999999902,1.0000000994736041e-07
0.6940214559986723,0.2603386368657627,0.0,0.244778007569052,0.125347908663845,806,0,0,0,0.9999998999999902,1.0000000994736041e-07
0.6949554042805224,0.25325148970844336,0.0,0.2492260566371931,0.13003086642069264,807,0,0,0,0.9999998999999902,1.0000000994736041e-07
0.6947346737706659,0.2695553452524317,0.0,0.24250148131075136,0.1266797164422922,808,0,0,0,0.9999998999999902,1.0000000994736041e-07
0.6939038283253269,0.26097995732286516,0.0,0.24434799645448643,0.12563606656730175,809,0,0,0,0.9999998999999902,1.0000000994736041e-07
0.6960421223015765,0.2736198053761439,0.0,0.2396458043446417,0.12873407478918614,810,0,0,0,0.9999998999999902,1.0000000994736041e-07
0.6935315716631907,0.26743139912872654,0.0,0.24525603145586616,0.12420296976409659,811,0,0,0,0.9999998999999902,1.0000000994736041e-07
0.6930819676303641,0.2529919875849885,0.0,0.24684483125912612,0.12423347196148676,812,0,0,0,0.9999998999999902,1.0000000994736041e-07
0.6941433310410444,0.2517910368087965,0.0,0.24857594377150677,0.12598353648567578,813,0,0,0,0.9999998999999902,1.0000000994736041e-07
0.6937443105825959,0.26645710499900094,0.0,0.24502595177585468,0.1248771857621695,814,0,0,0,0.9999998999999902,1.0000000994736041e-07
0.5781368829309941,0.17163458317518235,0.014574165642261501,0.20879971235990524,1.0,815,0,0,0,0.9999998999999902,1.0000000994736041e-07
0.6938420548501021,0.2652439147596712,0.0,0.24421692743427412,0.12550431922343405,816,0,0,0,0.9999998999999902,1.0000000994736041e-07
0.6935175107064943,0.2522428658476893,0.0,0.24490003734353222,0.12456470872041606,817,0,0,0,0.9999998999999902,1.0000000994736041e-07
0.6961201473043463,0.25689746670725144,0.0,0.24054056238764743,0.12975750008070214,818,0,0,0,0.9999998999999902,1.0000000994736041e-07
0.6930557497577275,0.2499986210635629,0.0,0.23212121805766417,0.12439130918908567,819,0,0,0,0.9999998999999902,1.0000000994736041e-07
0.6944647477987429,0.2622656704327247,0.0,0.24367397502886745,0.12624753859800603,820,0,0,0,0.9999998999999902,1.0000000994736041e-07
0.694924182188773,0.26834121192694965,0.0,0.24169957213894813,0.12708811940659798,821,0,0,0,0.9999998999999902,1.0000000994736041e-07
0.694079810190727,0.24750583008260274,0.0,0.2398937352033585,0.12136717238890664,822,0,0,0,0.9999998999999902,1.0000000994736041e-07
0.6864903494539453,0.2581483880860626,0.0,0.251254252619743,0.12055355064200081,823,0,0,0,0.9999998999999902,1.0000000994736041e-07
0.6988449674897975,0.2656798446675085,0.0,0.24298516219162652,0.1267267648937846,824,0,0,0,0.9999998999999902,1.0000000994736041e-07
0.693236769807633,0.2465563548293686,0.0,0.25050932176466745,0.12373342675217613,825,0,0,0,0.9999998999999902,1.0000000994736041e-07
0.6935431608252054,0.2537935214422903,0.0,0.24841842331342096,0.12508546712084578,826,0,0,0,0.9999998999999902,1.0000000994736041e-07
0.6943320446809826,0.27754514873059366,0.0,0.2432226657252468,0.12566124117016278,827,0,0,0,0.9999998999999902,1.0000000994736041e-07
0.6938611903673594,0.27190608771861413,0.0,0.24419155536695408,0.12484659080785455,828,0,0,0,0.9999998999999902,1.0000000994736041e-07
0.6943367170939838,0.26003959932562837,0.0,0.2428111176809982,0.12614153493992383,829,0,0,0,0.9999998999999902,1.0000000994736041e-07
0.6934082650461091,0.2630243431297494,0.0,0.24611248021503507,0.12422218651173232,830,0,0,0,0.9999998999999902,1.0000000994736041e-07
0.7036876523510806,0.252963019846303,0.0,0.2383881941691915,0.12139690242926443,831,0,0,0,0.9999998999999902,1.0000000994736041e-07
0.6935280549353113,0.26014092367373287,0.0,0.2458155300978649,0.12424197260365992,832,0,0,0,0.9999998999999902,1.0000000994736041e-07
0.6989677883005192,0.2706694152014935,0.0,0.24048447366498568,0.12264323927373111,833,0,0,0,0.9999998999999902,1.0000000994736041e-07
0.688989634222595,0.24903238586649545,0.0,0.24498820333130422,0.1261619863948628,834,0,0,0,0.9999998999999902,1.0000000994736041e-07
0.6967095463153545,0.25333523910154576,0.0,0.2621574789065882,0.12746406638662108,835,0,0,0,0.9999998999999902,1.0000000994736041e-07
0.6938551716331984,0.27225243877614247,0.0,0.24368562964512316,0.12491787513393432,836,0,0,0,0.9999998999999902,1.0000000994736041e-07
0.6937657046974943,0.27899244671711576,0.0,0.24361405620373908,0.12476116726939276,837,0,0,0,0.9999998999999902,1.0000000994736041e-07
0.6922897277741201,0.2526398181651122,0.0,0.23611760167395573,0.12656204203457683,838,0,0,0,0.9999998999999902,1.0000000994736041e-07
0.6912760261768187,0.2423184673281203,0.0,0.24273837777341276,0.11768614218065102,839,0,0,0,0.9999998999999902,1.0000000994736041e-07
0.6937003340694702,0.2687516715797782,0.0,0.24441914792464411,0.12471493353639107,840,0,0,0,0.9999998999999902,1.0000000994736041e-07
0.6952434594475839,0.26636654676240856,0.0,0.24054075549200327,0.1271671927441536,841,0,0,0,0.9999998999999902,1.0000000994736041e-07
0.693523997736867,0.25913209658471864,0.0,0.24513825065052725,0.12467173241365478,842,0,0,0,0.9999998999999902,1.0000000994736041e-07
0.6927083504543213,0.2568025842794809,0.0,0.24748510542178653,0.12323029162278394,843,0,0,0,0.9999998999999902,1.0000000994736041e-07
0.693799611067003,0.2570661123971604,0.0,0.24424805739368916,0.12465737165747293,844,0,0,0,0.9999998999999902,1.0000000994736041e-07
0.6936687527159499,0.26066235548680167,0.0,0.2446346921856808,0.12444680737865324,845,0,0,0,0.9999998999999902,1.0000000994736041e-07
0.6928103820935564,0.0,0.09902881098043381,0.2336469539443955,0.12699411852040912,846,0,1,1,3.00000089999998e-14,0.9999999999999699
0.6966331233519993,0.2688905764299288,0.0,0.2429023423453966,0.12910004398142608,847,0,0,0,0.9999998999999902,1.0000000994736041e-07
0.6940203682750578,0.2572664365860632,0.0,0.24396439400451786,0.12564064567516114,848,0,0,0,0.9999998999999902,1.0000000994736041e-07
0.6942673426193122,0.270485398658186,0.0,0.24220051152902192,0.1276149879499669,849,0,0,0,0.9999998999999902,1.0000000994736041e-07
0.6935024827652905,0.2771680029471888,0.0,0.24472251796070849,0.12404026323655587,850,0,0,0,0.9999998999999902,1.0000000994736041e-07
0.6954338360565367,0.25958770766915856,0.0,0.24921948047520506,0.1284489922749546,851,0,0,0,0.9999998999999902,1.0000000994736041e-07
0.6936529391055625,0.26041986030378045,0.0,0.24551997785148877,0.12478040263614779,852,0,0,0,0.9999998999999902,1.0000000994736041e-07
0.6938352259283425,0.25325991459053443,0.0,0.24578251973762774,0.12497588698295452,853,0,0,0,0.9999998999999902,1.0000000994736041e-07
0.6936775043461694,0.25156735383822254,0.0,0.24444234087634265,0.12451922781760726,854,0,0,0,0.9999998999999902,1.0000000994736041e-07
0.6942247309636154,0.26514199373694647,0.0,0.24248749080668153,0.12613787714026503,855,0,0,0,0.9999998999999902,1.0000000994736041e-07
0.6935031992889165,0.2670744270012584,0.0,0.2439949530967214,0.12404968469969527,856,0,0,0,0.9999998999999902,1.0000000994736041e-07
0.6946491596700209,0.0,0.1246042163788301,0.25379483137675996,0.12619578260013226,857,0,1,1,3.00000089999998e-14,0.9999999999999699
0.6926489956535704,0.24019489682620682,0.0,0.24080820480044174,0.11919534428680403,858,0,0,0,0.9999998999999902,1.0000000994736041e-07
0.6937514118127357,0.25500088074401045,0.0,0.24416005211124467,0.12534137638618936,859,0,0,0,0.9999998999999902,1.0000000994736041e-07
0.6936554679968128,0.2538686753232293,0.0,0.24420159349632195,0.12475920279219402,860,0,0,0,0.9999998999999902,1.0000000994736041e-07
0.6951859091538063,0.26473841102630613,0.0,0.2412329997337821,0.12806776980452414,861,0,0,0,0.9999998999999902,1.0000000994736041e-07
0.6974418013620611,0.27589258991656906,0.0,0.24393666701238986,0.1366532403715639,862,0,0,0,0.9999998999999902,1.0000000994736041e-07
0.6940336124802464,0.2718119734057399,0.0,0.24278809211440264,0.1255780616779463,863,0,0,0,0.9999998999999902,1.0000000994736041e-07
0.6920053674296058,0.253087091281123,0.0,0.2421460041376378,0.12639838329733316,864,0,0,0,0.9999998999999902,1.0000000994736041e-07
0.6931906040003127,0.2541251162440661,0.0,0.2446265694549592,0.12406263561380954,865,0,0,0,0.9999998999999902,1.0000000994736041e-07
0.6937001073826495,0.2742405800608149,0.0,0.24342349866543064,0.12440770167531381,866,0,0,0,0.9999998999999902,1.0000000994736041e-07
0.6947771366800021,0.27206440958034583,0.0,0.24159282027055873,0.1271011255121761,867,0,0,0,0.9999998999999902,1.0000000994736041e-07
0.6937938367425205,0.2631093374433763,0.0,0.2443999420700595,0.12503555769937533,868,0,0,0,0.9999998999999902,1.0000000994736041e-07
0.6935602186857011,0.251609369262048,0.0,0.2460636070590272,0.12457671487925243,869,0,0,0,0.9999998999999902,1.0000000994736041e-07
0.6939014279605851,0.2784649821481448,0.0,0.2435416505973698,0.12471038441363994,870,0,0,0,0.9999998999999902,1.0000000994736041e-07
0.6934294587296959,0.27485953835163995,0.0,0.24654728940794463,0.12432684643182688,871,0,0,0,0.9999998999999902,1.0000000994736041e-07
0.6930742905637944,0.2557984600913308,0.0,0.24679366589750765,0.123982526601074,872,0,0,0,0.9999998999999902,1.0000000994736041e-07
0.6941394127098169,0.2439734617480014,0.0,0.22968291861629797,0.12023695022109011,873,0,0,0,0.9999998999999902,1.0000000994736041e-07
0.6934843958584883,0.2691288480351579,0.0,0.2452005224037666,0.12423172604628904,874,0,0,0,0.9999998999999902,1.0000000994736041e-07
0.6933775279530701,0.2704140194023875,0.0,0.24645992128961322,0.12418718082303777,875,0,0,0,0.9999998999999902,1.0000000994736041e-07
0.6929465736869512,0.0,0.10378127377923352,0.25308539878385294,0.12640984098525435,876,0,1,1,3.00000089999998e-14,0.9999999999999699
0.6940088921312484,0.25502021722631774,0.0,0.2440264905197964,0.12560285109722347,877,0,0,0,0.9999998999999902,1.0000000994736041e-07
0.6946093883461872,0.26053153893787584,0.0,0.2383383577424103,0.1357282180279271,878,0,0,0,0.9999998999999902,1.0000000994736041e-07
0.6935416497331113,0.26115371460375236,0.0,0.24591739312616817,0.12429464321465526,879,0,0,0,0.9999998999999902,1.0000000994736041e-07
0.6936748876540505,0.2534289479968038,0.0,0.24410078101289673,0.12483722209454275,880,0,0,0,0.9999998999999902,1.0000000994736041e-07
0.6843911449738955,0.2514962754823986,0.0,0.23987284193808972,0.12372931504649724,881,0,0,0,0.9999998999999902,1.0000000994736041e-07
0.6944675782529506,0.25754932120976626,0.0,0.2518526838868673,0.1269577798305674,882,0,0,0,0.9999998999999902,1.0000000994736041e-07
0.694681219105982,0.24387880146884514,0.0,0.2330617760937682,0.12091338791750686,883,0,0,0,0.9999998999999902,1.0000000994736041e-07
0.6932051250116558,0.2616773091604306,0.0,0.2443785205708443,0.12481149015101181,884,0,0,0,0.9999998999999902,1.0000000994736041e-07
0.6940017962775948,0.2535131101141942,0.0,0.24392709029762386,0.12475798593304524,885,0,0,0,0.9999998999999902,1.0000000994736041e-07
0.6934857338130792,0.25002417652344566,0.0,0.245588807576923,0.1241031021925602,886,0,0,0,0.9999998999999902,1.0000000994736041e-07
0.6942319933254065,0.2663508943359501,0.0,0.24365407321726867,0.12535975596736745,887,0,0,0,0.9999998999999902,1.0000000994736041e-07
0.6941379131362672,0.26517716467962255,0.0,0.2429390064554156,0.12547026219381585,888,0,0,0,0.9999998999999902,1.0000000994736041e-07
0.6929156132870126,0.24976830728816724,0.0,0.24673199615191926,0.12372015943259726,889,0,0,0,0.9999998999999902,1.0000000994736041e-07
0.6939286060052242,0.25463411233960886,0.0,0.24405051822261936,0.1251467120780615,890,0,0,0,0.9999998999999902,1.0000000994736041e-07
0.6934830532409361,0.2737701605109451,0.0,0.24631543678983622,0.12447359638358078,891,0,0,0,0.9999998999999902,1.0000000994736041e-07
0.6964608721819694,0.2597466564616926,0.0,0.24027380605790793,0.13086715894774134,892,0,0,0,0.9999998999999902,1.0000000994736041e-07
0.6927941393297902,0.2501636619320262,0.0,0.2363486625356128,0.12121989968163735,893,0,0,0,0.9999998999999902,1.0000000994736041e-07
0.6934702179124677,0.2670449152957905,0.0,0.24511665083704337,0.12411204551261157,894,0,0,0,0.9999998999999902,1.0000000994736041e-07
0.6934586581422247,0.25894443152591096,0.0,0.24607824377683388,0.12446910883422668,895,0,0,0,0.9999998999999902,1.0000000994736041e-07
0.6936666187869306,0.24838211989936776,0.0,0.2315329066768967,0.12254420387416771,896,0,0,0,0.9999998999999902,1.0000000994736041e-07
0.6942018042507163,0.2651259365424023,0.0,0.2434062921736677,0.12536752184325722,897,0,0,0,0.9999998999999902,1.0000000994736041e-07
0.6921704853454334,0.26453328352002925,0.0,0.25694128487448464,0.12542203853510442,898,0,0,0,0.9999998999999902,1.0000000994736041e-07
0.6937229432505267,0.26243973363370054,0.0,0.24372108021950448,0.1243020055345896,899,0,0,0,0.9999998999999902,1.0000000994736041e-07
0.6940523128579668,0.256045121271103,0.0,0.24579189579183938,0.12506243269896822,900,0,0,0,0.9999998999999902,1.0000000994736041e-07
0.6876025246187746,0.23981812251599874,0.0,0.23478479795004567,0.12075056044610728,901,0,0,0,0.9999998999999902,1.0000000994736041e-07
0.6932556102765133,0.24900144407015756,0.0,0.2452860671058835,0.12424889547353352,902,0,0,0,0.9999998999999902,1.0000000994736041e-07
0.6938251546052601,0.2661487159875022,0.0,0.24350120226908845,0.12502326674695693,903,0,0,0,0.9999998999999902,1.0000000994736041e-07
0.6935013208529658,0.2670277883126381,0.0,0.2450821948814392,0.12424458511362335,904,0,0,0,0.9999998999999902,1.0000000994736041e-07
0.6919154049353552,0.2580218264809322,0.0,0.24085835253177093,0.12266016213221542,905,0,0,0,0.9999998999999902,1.0000000994736041e-07
0.6933157897737979,0.2581163431043667,0.0,0.2469404701016291,0.12405493469230888,906,0,0,0,0.9999998999999902,1.0000000994736041e-07
0.6472117746835687,0.4953097623504522,0.0,0.248565295802955,0.48617463181027515,907,0,0,0,0.9999998999999902,1.0000000994736041e-07
0.6937165987624921,0.2676214871863834,0.0,0.24512532867116413,0.12495984028479354,908,0,0,0,0.9999998999999902,1.0000000994736041e-07
0.6934341973427981,0.2439270427486822,0.0,0.2493325488521912,0.12381406666749231,909,0,0,0,0.9999998999999902,1.0000000994736041e-07
0.693948460916621,0.2671591449322097,0.0,0.24423959386678282,0.12525274300857916,910,0,0,0,0.9999998999999902,1.0000000994736041e-07
0.694209543275711,0.25945198171479966,0.0,0.2436918042784903,0.12511700082721,911,0,0,0,0.9999998999999902,1.0000000994736041e-07
0.6935396104637634,0.2710514493317106,0.0,0.24480919954944674,0.12455506474933443,912,0,0,0,0.9999998999999902,1.0000000994736041e-07
0.6937959800627101,0.2743116568315678,0.0,0.24424305510551217,0.12454901711113515,913,0,0,0,0.9999998999999902,1.0000000994736041e-07
0.6943763098405556,0.25541710722697025,0.0,0.23597558194134485,0.13066676748601214,914,0,0,0,0.9999998999999902,1.0000000994736041e-07
0.6931740366121053,0.25752436077487767,0.0,0.24601410668250312,0.12464253039699573,915,0,0,0,0.9999998999999902,1.0000000994736041e-07
0.6938546234862799,0.27198806664425107,0.0,0.24424690121569886,0.12586581088480267,916,0,0,0,0.9999998999999902,1.0000000994736041e-07
0.6939018982703309,0.26023503502064055,0.0,0.24530491593197234,0.12539314412093128,917,0,0,0,0.9999998999999902,1.0000000994736041e-07
0.6946454543598094,0.264331098886609,0.0,0.239637389899725,0.14030563308743915,918,0,0,0,0.9999998999999902,1.0000000994736041e-07
0.6937265176854316,0.2776688205020935,0.0,0.244223053946347,0.12431464781912266,919,0,0,0,0.9999998999999902,1.0000000994736041e-07
0.6939741768187349,0.2773921889226275,0.0,0.24327053420215436,0.12520887447119097,920,0,0,0,0.9999998999999902,1.0000000994736041e-07
0.6975288376346391,0.27302619575812587,0.0,0.23551468749112564,0.1414113244409333,921,0,0,0,0.9999998999999902,1.0000000994736041e-07
0.6931603670714798,0.25728641072801656,0.0,0.24620125092018216,0.1239072892268433,922,0,0,0,0.9999998999999902,1.0000000994736041e-07
0.6938050579956304,0.27445675889453647,0.0,0.24372098921467536,0.12479225689887533,923,0,0,0,0.9999998999999902,1.0000000994736041e-07
0.0,0.28892323970794676,0.0,0.3326333582401276,0.0,924,0,0,0,0.9999998999999902,1.0000000994736041e-07
0.6939623330926481,0.0,0.08419589204761846,0.2520874754456565,0.12592149628933275,925,0,1,1,3.00000089999998e-14,0.9999999999999699
0.6925649876049891,0.24453717671777908,0.0,0.2418878695858349,0.12664936864677057,926,0,0,0,0.9999998999999902,1.0000000994736041e-07
0.693525816363371,0.25340439484652155,0.0,0.24658007426797424,0.12480448093431494,927,0,0,0,0.9999998999999902,1.0000000994736041e-07
0.6934265123656455,0.2695333577589629,0.0,0.24740540974266462,0.12463229290636896,928,0,0,0,0.9999998999999902,1.0000000994736041e-07
0.6937216480921045,0.25743483265444844,0.0,0.24586477974834037,0.12500428151782558,929,0,0,0,0.9999998999999902,1.0000000994736041e-07
0.6933568729976546,0.2753142951840502,0.0,0.2444287039932422,0.12407065800620229,930,0,0,0,0.9999998999999902,1.0000000994736041e-07
0.6938630287072973,0.25655078100250517,0.0,0.2458869205348111,0.12470357187717852,931,0,0,0,0.9999998999999902,1.0000000994736041e-07
0.6935170401819479,0.2705883246252419,0.0,0.24503283524878786,0.12432464631056023,932,0,0,0,0.9999998999999902,1.0000000994736041e-07
0.6935371920498207,0.2702220873852855,0.0,0.24423642071020674,0.12440785685923116,933,0,0,0,0.9999998999999902,1.0000000994736041e-07
0.6934891246689816,0.27813183507359907,0.0,0.24478135788127847,0.1241964223240756,934,0,0,0,0.9999998999999902,1.0000000994736041e-07
0.6934031991417041,0.2614912904536436,0.0,0.2458639625525353,0.12446524421986445,935,0,0,0,0.9999998999999902,1.0000000994736041e-07
0.6947638961816119,0.26129212403336793,0.0,0.24259782159433863,0.12678913091244165,936,0,0,0,0.9999998999999902,1.0000000994736041e-07
0.694553818495032,0.2613011707885816,0.0,0.24162087858606598,0.12591185690171178,937,0,0,0,0.9999998999999902,1.0000000994736041e-07
0.6934283479917678,0.25255713672809443,0.0,0.24555189601572294,0.12426432320511879,938,0,0,0,0.9999998999999902,1.0000000994736041e-07
0.6936025050820503,0.25261111429086375,0.0,0.2439258704359418,0.12479959830781454,939,0,0,0,0.9999998999999902,1.0000000994736041e-07
0.6933565824169982,0.25981450825942665,0.0,0.24614848693315228,0.12376598712544129,940,0,0,0,0.9999998999999902,1.0000000994736041e-07
0.6938982134130863,0.25356986244848,0.0,0.24559124840740315,0.1253405522775533,941,0,0,0,0.9999998999999902,1.0000000994736041e-07
0.6937529734800935,0.2521186007998867,0.0,0.24504868713775674,0.12516848013983572,942,0,0,0,0.9999998999999902,1.0000000994736041e-07
0.6934765207345165,0.2510259404567581,0.0,0.2457037987373126,0.12474712710947372,943,0,0,0,0.9999998999999902,1.0000000994736041e-07
0.6832968501439052,0.25234535033925465,0.0,0.2510204551361815,0.11362055063193988,944,0,0,0,0.9999998999999902,1.0000000994736041e-07
0.6935652648296257,0.26170177200558015,0.0,0.24485659909803742,0.1245527063663012,945,0,0,0,0.9999998999999902,1.0000000994736041e-07
0.6937881799376722,0.257815738774972,0.0,0.24637790084522312,0.1241223909326094,946,0,0,0,0.9999998999999902,1.0000000994736041e-07
0.6953155353227041,0.2677483552061104,0.0,0.24156290024758098,0.1271530065839615,947,0,0,0,0.9999998999999902,1.0000000994736041e-07
0.6937509702853865,0.2691950816568084,0.0,0.2436792789060865,0.12463148314823047,948,0,0,0,0.9999998999999902,1.0000000994736041e-07
0.6919539347365911,0.26452804671871394,0.0,0.241201886202091,0.14089085358435438,949,0,0,0,0.9999998999999902,1.0000000994736041e-07
0.6945826987062448,0.25283424765406937,0.0,0.25065994476209175,0.12566218150581174,950,0,0,0,0.9999998999999902,1.0000000994736041e-07
0.6934869696382888,0.26032045843407153,0.0,0.24557089434299656,0.124393817345577,951,0,0,0,0.9999998999999902,1.0000000994736041e-07
0.6932093023867122,0.26137764078899534,0.0,0.24767663549089558,0.12333364190283463,952,0,0,0,0.9999998999999902,1.0000000994736041e-07
0.6935373707964112,0.266360389490486,0.0,0.24481667086738795,0.12424236396751938,953,0,0,0,0.9999998999999902,1.0000000994736041e-07
0.687158023985733,0.2593531550866173,0.0,0.2454883713184919,0.12267440189602234,954,0,0,0,0.9999998999999902,1.0000000994736041e-07
0.6925182492331676,0.0,0.0853121132238488,0.24914267490298161,0.12703432333481637,955,0,1,1,3.00000089999998e-14,0.9999999999999699
0.6930687194393375,0.24781344948286654,0.0,0.24617400193266797,0.12340931059501473,956,0,0,0,0.9999998999999902,1.0000000994736041e-07
0.6943986293789249,0.2717325512078187,0.0,0.24558589694602437,0.12409912783398167,957,0,0,0,0.9999998999999902,1.0000000994736041e-07
0.6955560520852444,0.27045919573163596,0.0,0.2398957921318924,0.12793111252526512,958,0,0,0,0.9999998999999902,1.0000000994736041e-07
0.6938925206359285,0.2671200598671651,0.0,0.24360848751728204,0.12515691982453697,959,0,0,0,0.9999998999999902,1.0000000994736041e-07
0.6935424559365689,0.26603459245966987,0.0,0.24580574233628769,0.12432787713974328,960,0,0,0,0.9999998999999902,1.0000000994736041e-07
0.6934100056845529,0.2613741931334296,0.0,0.2445758798301036,0.12428257071922519,961,0,0,0,0.9999998999999902,1.0000000994736041e-07
0.6945172874292139,0.2609041580406677,0.0,0.2435439559310217,0.12536069632014155,962,0,0,0,0.9999998999999902,1.0000000994736041e-07
0.6936254075333905,0.2779534066743765,0.0,0.24434919885460424,0.12437536208827447,963,0,0,0,0.9999998999999902,1.0000000994736041e-07
0.6940812160712704,0.25470817052868816,0.0,0.24333897075909802,0.12513240256267838,964,0,0,0,0.9999998999999902,1.0000000994736041e-07
0.6934320857966412,0.2689830507977531,0.0,0.24692222508729778,0.1240615756835993,965,0,0,0,0.9999998999999902,1.0000000994736041e-07
0.6935569676614507,0.25431547310103597,0.0,0.24620726055869352,0.12457760889263816,966,0,0,0,0.9999998999999902,1.0000000994736041e-07
0.6937519109299619,0.2587364397522952,0.0,0.24461670997575774,0.12514477274472321,967,0,0,0,0.9999998999999902,1.0000000994736041e-07
