GLCM_Pan,Mean_G,Mean_R,Mean_NIR,SD_Plan,name,is_train,target,prediction,score_0,score_1
0.637925,0.029645368,0.037130497,0.23085853,0.30983403,0,0,0,1,0.07689399367057283,0.9231060063294274
0.67605376,0.05206836,0.035381567,0.35539097,0.15605925,1,0,0,1,0.27325006524185663,0.7267499347581433
0.61400455,0.05270394,0.02347606,0.2540061,0.115244396,2,0,0,0,0.9999156439645737,8.435603542636603e-05
0.681139,0.051797155,0.039682824,0.32524464,0.22568728,3,0,0,1,0.22288571584662853,0.7771142841533712
0.6915168,0.046221793,0.029598754,0.27014324,0.15220813,4,0,0,1,0.3926506718567384,0.6073493281432615
0.71336085,0.11072348,0.12914659,0.18205194,0.15273874,5,0,0,1,0.06486426742991724,0.9351357325700828
0.71760607,0.06362658,0.04875363,0.39430407,0.16683638,6,0,0,1,0.21627028689049527,0.7837297131095049
0.72138083,0.087563194,0.0875029,0.1958353,0.1535903,7,0,0,1,0.1988175465200877,0.8011824534799123
0.74172145,0.047682587,0.03323171,0.32946035,0.18970314,8,0,0,1,0.23505097592550994,0.7649490240744902
0.7911649,0.051221937,0.040652152,0.2792814,0.1748372,9,0,0,1,0.22661263095494222,0.7733873690450578
0.6041488,0.067739256,0.056496467,0.27472365,0.12679192,10,0,0,1,0.2571541488837978,0.7428458511162023
0.6750321,0.050627716,0.04212455,0.26315582,0.2367529,11,0,0,1,0.22261298887856878,0.7773870111214314
0.70126665,0.040492356,0.028522812,0.13915117,0.10820991,12,0,1,1,0.45889114032878264,0.5411088596712174
0.72816104,0.05040727,0.034623384,0.31306246,0.10555913,13,0,0,1,0.2898634075421357,0.7101365924578643
0.71922624,0.056232024,0.040843043,0.30203483,0.116058215,14,0,0,1,0.24468715420662812,0.7553128457933718
0.66098255,0.04907759,0.03181287,0.23200879,0.12423849,15,0,1,0,0.7223502284954917,0.27764977150450854
0.66679394,0.044427875,0.052579336,0.2596196,0.31528372,16,0,0,1,0.06927216286242271,0.9307278371375771
0.620165,0.042046946,0.029244028,0.2673532,0.18306668,17,0,0,1,0.23598233284009662,0.7640176671599035
0.7216252,0.048613723,0.033746284,0.2700976,0.16487339,18,0,0,1,0.2717481770013508,0.7282518229986494
0.77495176,0.04851262,0.03713756,0.2718026,0.17936054,19,0,0,1,0.22000393650879832,0.7799960634912018
0.49683863,0.03867212,0.039781872,0.28161308,0.08431684,20,0,0,1,0.18506677036097988,0.8149332296390202
0.66122645,0.048788544,0.03294405,0.29743767,0.1152215,21,0,0,1,0.28587851628995364,0.7141214837100466
0.725686,0.063295506,0.04672594,0.25295827,0.110924095,22,0,1,0,0.776038483656938,0.22396151634306183
0.75991744,0.05039671,0.034980513,0.31743753,0.13052541,23,0,0,1,0.2976411849232014,0.702358815076799
0.7983404,0.05233435,0.042446077,0.22941367,0.068078004,24,0,1,0,0.5737293752938651,0.42627062470613475
0.7072039,0.068826966,0.059429344,0.19501653,0.085532784,25,0,0,1,0.39922675526252466,0.6007732447374753
0.6557075,0.05889537,0.02958424,0.2686786,0.1318102,26,0,0,0,0.9997528891861855,0.00024711081381442046
0.6184337,0.04012401,0.026817441,0.2523305,0.17419325,27,0,0,1,0.3125058771229027,0.6874941228770974
0.7316005,0.03451907,0.023821428,0.14190769,0.11216327,28,0,0,1,0.2862437337972162,0.7137562662027839
0.5779099,0.054346684,0.046114642,0.3788428,0.10656334,29,0,0,1,0.1266816778339412,0.8733183221660588
0.7271074,0.054499518,0.040868703,0.42238212,0.101227835,30,0,0,1,0.23614894252276836,0.7638510574772318
0.7734299,0.06138161,0.053906783,0.37644067,0.22287834,31,0,0,1,0.10692665176712696,0.8930733482328729
0.65965444,0.073043674,0.064079955,0.22443613,0.09784202,32,0,0,1,0.20208877116295929,0.7979112288370408
0.7322523,0.047216117,0.032303665,0.30981416,0.19644916,33,0,0,1,0.35728106846934404,0.6427189315306558
0.6849746,0.01872795,0.048495732,0.25783527,0.38851777,34,0,0,1,0.028334040802309418,0.9716659591976907
0.7187473,0.038455497,0.027547332,0.15171823,0.09077471,35,0,0,1,0.2803818365798738,0.7196181634201261
0.68407756,0.058176395,0.045081653,0.42207894,0.20157914,36,0,0,1,0.2287754996453879,0.771224500354612
0.8040179,0.04792882,0.038157213,0.24626386,0.10272186,37,0,0,1,0.2428597030478391,0.7571402969521609
0.70278066,0.041639395,0.02646268,0.18722332,0.10492612,38,0,1,0,0.6183010546060863,0.38169894539391375
0.50519603,0.038297925,0.042409457,0.10987637,0.116499566,39,0,0,1,0.2361471544231708,0.7638528455768293
0.6104922,0.06343942,0.035626363,0.34143066,0.12845585,40,0,0,0,0.9995767523763219,0.0004232476236781887
0.78646874,0.04098805,0.026511302,0.3158975,0.16492371,41,0,0,1,0.3946355141386227,0.6053644858613773
0.6731996,0.045844655,0.02391253,0.14670712,0.12141434,42,0,0,0,0.9972804753316784,0.002719524668321591
0.77971125,0.04688051,0.038611796,0.41795367,0.2360434,43,0,0,1,0.26382068251447255,0.7361793174855275
0.6408261,0.06279326,0.034469496,0.2970215,0.17611088,44,0,0,0,0.9996620505743582,0.000337949425641777
0.72756416,0.035985112,0.026298217,0.10398757,0.095868416,45,0,0,1,0.4551874192697597,0.5448125807302403
0.6157918,0.15663718,0.2409677,0.27200195,0.1739342,46,0,0,1,1.9977987476635676e-07,0.9999998002201252
0.69517887,0.032562956,0.015492866,0.16186431,0.17140448,47,0,0,0,0.9498994838371553,0.050100516162844645
0.59371763,0.06442127,0.030812671,0.3969027,0.14476837,48,0,0,0,0.9999936224324019,6.3775675982608964e-06
0.72141534,0.033692423,0.019180607,0.19281492,0.13028887,49,0,0,1,0.45030933364436093,0.549690666355639
0.75420135,0.043271568,0.031724997,0.22203596,0.16822228,50,0,0,1,0.25019145622375505,0.749808543776245
0.6450986,0.062054604,0.047435354,0.3718112,0.14112817,51,0,0,1,0.20305383085134246,0.7969461691486575
0.7259382,0.053498708,0.037077792,0.2983541,0.13287915,52,0,0,1,0.3515794077765977,0.6484205922234021
0.62654436,0.063647516,0.047583688,0.31843123,0.188818,53,0,1,0,0.7136872294380815,0.28631277056191834
0.6367063,0.06930701,0.06149884,0.37360507,0.23317304,54,0,0,1,0.1500434080145582,0.8499565919854418
0.6331018,0.06549789,0.05204983,0.35214815,0.12610562,55,0,0,1,0.17590520150511693,0.8240947984948832
0.7819457,0.052061137,0.039138652,0.42124805,0.104557745,56,0,0,1,0.3484702853443729,0.6515297146556271
0.72412324,0.054634903,0.04034024,0.36349815,0.19496697,57,0,0,1,0.2044825203578892,0.7955174796421106
0.63852286,0.04460977,0.02084857,0.23479146,0.2987027,58,0,0,0,0.9999993921869675,6.078130325246262e-07
0.71008974,0.05613057,0.03802628,0.29396307,0.1278548,59,0,1,0,0.6165110981367367,0.38348890186326345
0.766711,0.04692633,0.034006514,0.316546,0.19315016,60,0,0,1,0.2461361939619644,0.7538638060380354
0.7207525,0.06959772,0.038959984,0.3472256,0.17154115,61,0,0,0,0.9998241683120201,0.00017583168797992134
0.81648195,0.06585383,0.032602057,0.43524545,0.16642873,62,0,0,0,0.9999952362787975,4.763721202492918e-06
0.73387325,0.10139719,0.13802105,0.17889813,0.2574781,63,0,0,1,0.018488272479023717,0.9815117275209763
0.7469517,0.05213613,0.04304645,0.27162763,0.22255082,64,0,0,1,0.25948798251011257,0.7405120174898874
0.71062374,0.044790056,0.029200532,0.28881082,0.17920335,65,0,0,1,0.30935922477338756,0.6906407752266123
0.61597675,0.039713655,0.030029997,0.18625908,0.17785828,66,0,0,1,0.2658336101355904,0.7341663898644096
0.6882205,0.067379184,0.039027262,0.32199746,0.1295467,67,0,0,0,0.9990944323928466,0.0009055676071534524
0.6605798,0.03990391,0.028656345,0.13472992,0.09040166,68,0,0,1,0.43508821733366704,0.5649117826663329
0.78175443,0.04493847,0.0329364,0.24465303,0.13765283,69,0,0,1,0.26108593697762533,0.7389140630223746
0.72523874,0.0344908,0.023033183,0.17432398,0.16329116,70,0,0,1,0.3061750146446404,0.6938249853553596
0.78029686,0.04216397,0.030484768,0.2836044,0.19046937,71,0,0,1,0.2674640344530804,0.7325359655469196
0.63316774,0.062068492,0.035136923,0.38707453,0.24854994,72,0,0,0,0.9999247259122613,7.527408773865336e-05
0.6237323,0.04307538,0.030822687,0.19035786,0.12664834,73,0,0,1,0.33720506458434135,0.6627949354156587
0.6018672,0.050845437,0.051257346,0.3467667,0.28569087,74,0,0,1,0.0969920312064887,0.9030079687935112
0.72583723,0.065607384,0.058840774,0.31298226,0.23327063,75,0,0,1,0.11998166577163778,0.8800183342283622
0.6447676,0.104281165,0.105708785,0.27931756,0.18523674,76,0,0,1,0.21745111654141872,0.7825488834585814
0.80140483,0.055664454,0.049014173,0.474103,0.15442553,77,0,0,1,0.12054830669057455,0.8794516933094256
0.62203455,0.061441258,0.0490637,0.31904158,0.09992725,78,0,0,1,0.18867069012039397,0.8113293098796059
0.760355,0.046532024,0.034075662,0.22333723,0.14115347,79,0,0,1,0.30462978011324937,0.6953702198867507
0.7280845,0.061823327,0.06721068,0.080100924,0.16097999,80,0,0,1,0.09922347925357912,0.9007765207464208
0.62976164,0.0603944,0.050411645,0.4302655,0.19486614,81,0,0,1,0.1330376649783437,0.8669623350216561
0.8451768,0.084477074,0.048264794,0.40679535,0.09243502,82,0,0,0,0.9999998999999902,1.0000000994736041e-07
0.7111241,0.051743835,0.05035635,0.04485473,0.06997809,83,0,0,1,0.36996487710283765,0.6300351228971626
0.6886016,0.067903824,0.043454397,0.24374868,0.14373958,84,0,0,0,0.9983170228686827,0.0016829771313171787
0.6821172,0.050255433,0.04228631,0.14854471,0.16954055,85,0,0,1,0.27803022364515423,0.7219697763548456
0.85168403,0.04633476,0.0405845,0.35286155,0.082912095,86,0,0,1,0.1784945217790691,0.8215054782209309
0.76738226,0.08098552,0.08677884,0.16207866,0.16210741,87,0,0,1,0.11974158250765289,0.8802584174923471
0.57790524,0.052065987,0.047836363,0.46478546,0.13674323,88,0,0,1,0.14517948405782727,0.8548205159421728
0.6668693,0.04826167,0.032454416,0.37060422,0.18993498,89,0,0,1,0.31223661892255344,0.6877633810774466
0.70104676,0.08966792,0.10441846,0.20682728,0.25174853,90,0,0,1,0.09602905246536102,0.903970947534639
0.6488819,0.07121759,0.043367438,0.28086895,0.26329535,91,0,0,0,0.9999984762778206,1.523722179329285e-06
0.8722506,0.04571473,0.02399349,0.25317153,0.11074888,92,0,0,0,0.9999378427062184,6.215729378164335e-05
0.7166746,0.07237913,0.06263423,0.46543837,0.13286978,93,0,0,1,0.12413922638564646,0.8758607736143535
0.6446657,0.034470785,0.023924954,0.11621496,0.13898972,94,0,1,0,0.5,0.5
0.7834068,0.05996108,0.05942902,0.53194916,0.14612482,95,0,0,1,0.10486871595407721,0.8951312840459226
0.71098596,0.042390972,0.027613271,0.22508314,0.1137358,96,0,0,1,0.3315916115770834,0.6684083884229165
0.7034008,0.049102932,0.048781067,0.3345079,0.2935611,97,0,0,1,0.0945499749991946,0.9054500250008054
0.68699276,0.10709439,0.13216533,0.18233246,0.057262458,98,0,0,1,1.027510084893635e-06,0.9999989724899151
0.76468897,0.05001478,0.028122364,0.21688598,0.084790885,99,0,0,0,0.9972428915487411,0.0027571084512588123
0.71657926,0.051850297,0.030133538,0.1175545,0.13552989,100,0,0,0,0.9995377443376321,0.00046225566236799353
0.62792116,0.052588884,0.03838921,0.3554597,0.1726669,101,0,0,1,0.20510369715332646,0.7948963028466736
0.7608959,0.044248864,0.028360637,0.31882194,0.1425613,102,0,0,1,0.3342236491755176,0.6657763508244825
0.6956925,0.04061161,0.027656466,0.19054563,0.12916954,103,0,0,1,0.23665660262017182,0.763343397379828
0.7363712,0.061758682,0.06384792,0.08230887,0.1265671,104,0,0,1,0.14303732629371824,0.8569626737062819
0.718057,0.054725803,0.04195005,0.317317,0.23298018,105,0,1,0,0.546335571302102,0.4536644286978979
0.59811175,0.05259563,0.04224803,0.40875828,0.17995977,106,0,0,1,0.16701694216189097,0.8329830578381091
0.66461325,0.07467539,0.06933304,0.30522084,0.23258406,107,0,0,1,0.12465577756790011,0.8753442224321
0.71494734,0.049396455,0.033500984,0.2733381,0.13163525,108,0,0,1,0.30420143163055596,0.6957985683694442
0.76214135,0.051003717,0.038606193,0.2576012,0.1598514,109,0,0,1,0.235963921747808,0.7640360782521919
0.6812972,0.07209554,0.04680945,0.2730476,0.15107222,110,0,0,0,0.9985710652253841,0.0014289347746160323
0.8047482,0.0372769,0.027956354,0.31440502,0.052487027,111,0,0,1,0.3583995530363305,0.6416004469636695
0.70796186,0.05717062,0.052098777,0.09430178,0.12739755,112,0,0,1,0.46040258866846656,0.5395974113315333
0.7127413,0.028230997,0.018936396,0.09655821,0.10456343,113,0,0,1,0.3031467052034761,0.6968532947965237
0.74658847,0.06287384,0.047721915,0.3457219,0.14988017,114,0,0,1,0.27809106927165217,0.7219089307283478
0.69529605,0.05780967,0.0440778,0.23759158,0.11725323,115,0,0,1,0.27975966142571396,0.7202403385742859
0.70332545,0.06398173,0.048758738,0.37544122,0.11945628,116,0,0,1,0.21609077029833215,0.7839092297016678
0.7504778,0.054756965,0.040007308,0.41335255,0.117617615,117,0,0,1,0.30296487588565113,0.6970351241143492
0.6654963,0.042995915,0.03012205,0.17243254,0.10117604,118,0,0,1,0.40000871229901763,0.5999912877009823
0.6701194,0.07570023,0.045059193,0.39821717,0.14640327,119,0,0,0,0.9998043304779798,0.00019566952202034935
0.61415255,0.060619444,0.054188035,0.4719156,0.14183258,120,0,0,1,0.11343060017308101,0.886569399826919
0.7749246,0.040157568,0.028977823,0.16544892,0.07144054,121,0,1,0,0.7030072626174172,0.29699273738258253
0.6637744,0.049179517,0.025981465,0.31209782,0.19405805,122,0,0,0,0.986061321306608,0.01393867869339213
0.7240089,0.08611347,0.07443233,0.286588,0.15052757,123,0,0,0,0.6398321058503906,0.3601678941496093
0.656703,0.06975172,0.03844185,0.3872697,0.3204538,124,0,0,0,0.9999998999999902,1.0000000994736041e-07
0.6071548,0.04636269,0.033780053,0.31541353,0.19058801,125,0,0,1,0.22692614039123168,0.7730738596087682
0.7214263,0.035969388,0.022824232,0.18608844,0.1317692,126,0,0,1,0.30686126219443244,0.6931387378055676
0.7694268,0.053231966,0.06075665,0.3665887,0.3074635,127,0,0,1,0.05251838726302435,0.9474816127369756
0.7060364,0.06231844,0.05321781,0.4462997,0.22238967,128,0,0,1,0.1666712169692567,0.8333287830307432
0.6539799,0.045648236,0.03420645,0.29175714,0.22516386,129,0,0,1,0.237539585962053,0.7624604140379468
0.6301779,0.051646028,0.035970107,0.3397275,0.14914139,130,0,0,1,0.3152644971312524,0.6847355028687478
0.6820043,0.06357118,0.052650526,0.4732231,0.15460414,131,0,0,1,0.2025231702934779,0.797476829706522
0.71085685,0.040761117,0.024893485,0.2886153,0.18280092,132,0,0,1,0.3555738070320933,0.6444261929679067
0.6955251,0.04555861,0.023294989,0.20102875,0.2250859,133,0,0,0,0.9997284892423117,0.00027151075768830547
0.84130925,0.04261154,0.036151804,0.28167722,0.10060563,134,0,0,1,0.1324645260126125,0.8675354739873875
0.6740159,0.051470894,0.039640017,0.24623704,0.19569702,135,0,0,1,0.22665884886809912,0.7733411511319006
0.6738632,0.026492462,0.24765615,0.2992983,0.54575175,136,0,0,1,2.608861977387598e-12,0.9999999999973912
0.7626052,0.056899704,0.04233958,0.3366152,0.14914271,137,0,0,1,0.23671275930839564,0.7632872406916045
0.69835824,0.13628443,0.1914352,0.26526827,0.21541154,138,0,0,1,9.78654399288389e-07,0.9999990213456007
0.5782487,0.056882493,0.035616793,0.45570877,0.11821066,139,0,0,0,0.9994615029568283,0.000538497043171663
0.69560903,0.035564218,0.014311313,0.0852939,0.07160817,140,0,0,0,0.999061052977595,0.0009389470224050751
0.67589694,0.054037917,0.04321921,0.46431234,0.096019894,141,0,0,1,0.29959300367250546,0.7004069963274946
0.75692165,0.04190663,0.029856076,0.23888758,0.17370522,142,0,0,1,0.24733888819017497,0.7526611118098251
0.7780306,0.04881922,0.038136393,0.29935712,0.07490001,143,0,0,1,0.14684795846112164,0.8531520415388785
0.65564966,0.051883847,0.036521986,0.2759349,0.13948956,144,0,0,1,0.27237808498032146,0.7276219150196784
0.6610276,0.0723634,0.053829417,0.33705905,0.14586033,145,0,1,0,0.8004256966306371,0.1995743033693629
0.6846408,0.046798542,0.02311854,0.26640436,0.16131517,146,0,0,0,0.9871168018343568,0.012883198165643319
0.6918269,0.052187283,0.03933235,0.33021054,0.21622561,147,0,0,1,0.1980880687811824,0.8019119312188179
0.64915264,0.049790356,0.034017004,0.28412107,0.14908591,148,0,0,1,0.31501981006664437,0.6849801899333555
0.76379335,0.04574621,0.031455375,0.25840604,0.08566532,149,0,0,0,0.5196959586494355,0.4803040413505645
0.74649835,0.033079524,0.029266322,0.22791246,0.2537031,150,0,0,1,0.22296684322715504,0.7770331567728448
0.6740923,0.074479505,0.06118061,0.33233464,0.184049,151,0,0,1,0.3163916738465728,0.683608326153427
0.72941756,0.047887444,0.036400616,0.21773145,0.07647492,152,0,0,1,0.21904693607146453,0.7809530639285355
0.6657916,0.035115287,0.021494232,0.1644567,0.09223261,153,0,1,0,0.534622600110933,0.4653773998890671
0.7916229,0.0519045,0.03964195,0.32116163,0.17521313,154,0,0,1,0.2671993182339309,0.7328006817660692
0.73366755,0.059590805,0.053333152,0.33718374,0.25516888,155,0,0,1,0.18982369299164353,0.8101763070083564
0.72272366,0.055913668,0.04207132,0.18976848,0.14866252,156,0,1,0,0.7498574825513012,0.25014251744869864
0.6320222,0.05206605,0.02741776,0.24743277,0.1520906,157,0,0,0,0.9975501442846583,0.002449855715341581
0.6864938,0.06468534,0.049342066,0.33188152,0.15663752,158,0,0,1,0.2347161997543429,0.7652838002456571
0.70771366,0.054690428,0.03784708,0.22013699,0.121340044,159,0,1,0,0.7839919735059381,0.2160080264940621
0.6238702,0.06056157,0.046499062,0.3100898,0.182003,160,0,0,1,0.37031598837539953,0.6296840116246004
0.7167204,0.08748991,0.0897167,0.20132767,0.17244032,161,0,0,1,0.09693541707517277,0.9030645829248272
0.7228717,0.047737896,0.034201823,0.18271652,0.11091425,162,0,1,0,0.5293064943451962,0.4706935056548038
0.6378535,0.0957449,0.09191313,0.30807063,0.09389618,163,0,0,1,0.09638203181590821,0.9036179681840918
0.72646785,0.046432856,0.030605808,0.2829669,0.15619321,164,0,0,1,0.3039903126171481,0.696009687382852
0.7949173,0.03983289,0.03215632,0.18404122,0.08159297,165,0,0,1,0.23193878945195376,0.7680612105480461
0.7197672,0.032772887,0.028266964,0.050947186,0.08068876,166,0,0,1,0.21468407473765352,0.7853159252623465
0.74485767,0.0420643,0.028312458,0.24121363,0.10316275,167,0,0,1,0.2680521572324737,0.7319478427675264
0.6469998,0.06235887,0.05880387,0.4975986,0.09600907,168,0,0,1,0.10292815376887672,0.8970718462311235
0.68441945,0.12772681,0.11492317,0.3341423,0.3058972,169,0,0,0,0.9999998999999902,1.0000000994736041e-07
0.6959755,0.06739179,0.05453774,0.3067634,0.19484627,170,0,0,1,0.29182943427479074,0.7081705657252091
0.6698575,0.03664242,0.028048193,0.08715555,0.07822204,171,0,0,1,0.40925693688507303,0.5907430631149272
0.9685261,0.083994,0.13426305,0.18242413,0.09510134,172,0,0,1,0.023409770875909765,0.9765902291240902
0.5976637,0.047392886,0.033918347,0.3152477,0.162871,173,0,0,1,0.2917635099481543,0.7082364900518456
0.7174662,0.031089328,0.023819413,0.0869283,0.074940704,174,0,0,1,0.23626258316966828,0.7637374168303317
0.6196017,0.056693878,0.043007266,0.28566423,0.14141898,175,0,0,1,0.2442058787579959,0.7557941212420041
0.66081166,0.060515616,0.044515185,0.36038283,0.16090292,176,0,0,1,0.290808760423048,0.7091912395769521
0.57163024,0.03719635,0.029402547,0.19777517,0.16110973,177,0,0,1,0.21043024414731804,0.7895697558526819
0.67462444,0.031089349,0.025637068,0.12697712,0.19798647,178,0,0,1,0.1997065815503902,0.8002934184496098
0.6892407,0.17120413,0.24017219,0.4150668,0.14392865,179,0,0,1,0.11835394975141772,0.8816460502485823
0.8069812,0.08982607,0.11664792,0.19713823,0.24159537,180,0,0,1,0.04094935517875613,0.9590506448212439
0.77150434,0.055426322,0.04159978,0.38253582,0.1649986,181,0,0,1,0.21975106741309514,0.780248932586905
0.6254879,0.07262815,0.042911157,0.41315573,0.1932014,182,0,0,0,0.9999192058051545,8.079419484551395e-05
0.7129079,0.030474124,0.018797599,0.14986883,0.077690125,183,0,0,1,0.38096001040781047,0.6190399895921898
0.6998982,0.029664101,0.04452896,0.24164006,0.3395549,184,0,0,1,0.05681218304360519,0.943187816956395
0.68481886,0.059373863,0.05313755,0.35912997,0.26069537,185,0,0,1,0.13361569879161794,0.8663843012083823
0.7453043,0.049554348,0.023971055,0.2698144,0.13773555,186,0,0,0,0.997376350174957,0.002623649825042956
0.583717,0.055315085,0.028122364,0.27236626,0.15692367,187,0,0,0,0.9998487940092411,0.0001512059907589123
0.89247453,0.04220126,0.044958487,0.2609946,0.071763456,188,0,0,1,0.12366353991971198,0.876336460080288
0.66077465,0.4351707,0.39587724,0.4088372,0.104620345,189,0,0,0,0.9999998999999902,1.0000000994736041e-07
0.7311062,0.044470083,0.029398162,0.23705405,0.13770352,190,0,0,1,0.3803631575891816,0.6196368424108183
0.9013316,0.058266576,0.03071303,0.37687075,0.14325254,191,0,0,0,0.9999985277622551,1.4722377450246534e-06
0.712221,0.07090665,0.06435359,0.06130236,0.12037146,192,0,0,0,0.9903880003189998,0.009611999681000207
0.81564665,0.060932893,0.05267199,0.39633355,0.17513621,193,0,0,1,0.13540845020792622,0.8645915497920736
0.6853556,0.057638086,0.042137727,0.23597065,0.16471383,194,0,1,0,0.650506412605827,0.3494935873941729
0.7227098,0.039995227,0.03547447,0.21700367,0.243336,195,0,0,1,0.17203926794048183,0.827960732059518
0.76604664,0.054821838,0.04766788,0.33615527,0.24358265,196,0,0,1,0.2124454299097477,0.7875545700902524
0.6540603,0.06463694,0.0707358,0.557173,0.13128284,197,0,0,1,0.046148222862838324,0.9538517771371617
0.8119592,0.06404123,0.035390623,0.3612061,0.16417512,198,0,0,0,0.9999173379702063,8.266202979369128e-05
0.62580097,0.04358769,0.04639393,0.5430584,0.13471194,199,0,0,1,0.11494693545161684,0.8850530645483833
0.63315785,0.055396497,0.0411809,0.38908502,0.1567633,200,0,0,1,0.2150813047912626,0.7849186952087375
0.81656843,0.0344355,0.0261487,0.21249363,0.10511807,201,0,0,1,0.24319020157194554,0.7568097984280545
0.7373018,0.056458484,0.041908067,0.3017354,0.16174679,202,0,0,1,0.23181476747403668,0.7681852325259634
0.46376812,0.06051227,0.035246696,0.3809156,0.0,203,0,0,0,0.9999998999999902,1.0000000994736041e-07
0.7574877,0.040186662,0.027126005,0.22129837,0.13791156,204,0,0,1,0.30308475581423894,0.696915244185761
0.5272721,0.04892351,0.052419346,0.39500928,0.06476604,205,0,0,1,0.06906087593611673,0.9309391240638832
0.6652237,0.04581448,0.031772442,0.22525549,0.15671527,206,0,0,1,0.30095180969016033,0.6990481903098396
0.77086353,0.044017777,0.028532792,0.31103414,0.109472804,207,0,0,1,0.4270365549305363,0.5729634450694637
0.6511019,0.06592186,0.054884955,0.3669417,0.21478885,208,0,0,1,0.16817710725636403,0.8318228927436361
0.75648767,0.049655925,0.024236364,0.36714837,0.25463632,209,0,0,0,0.9998833353422113,0.00011666465778863448
0.7125739,0.042970005,0.03034487,0.15046832,0.096153714,210,0,1,0,0.5572004474745167,0.4427995525254833
0.7698203,0.05978583,0.048339825,0.43217948,0.16548716,211,0,0,1,0.1480255402427641,0.851974459757236
0.69916105,0.059207484,0.04583376,0.42574182,0.18331735,212,0,0,1,0.17413793684102827,0.8258620631589718
0.84277546,0.057293825,0.0554761,0.21800326,0.099863455,213,0,0,1,0.16251813573350643,0.8374818642664934
0.6835819,0.042845834,0.027108872,0.24823715,0.15945078,214,0,0,1,0.37505102461487944,0.6249489753851204
0.7370408,0.06131184,0.041441046,0.18348679,0.13138027,215,0,0,0,0.9958355509007086,0.004164449099291309
0.6726422,0.041481424,0.035922714,0.086967856,0.1287132,216,0,0,1,0.16087903910772733,0.8391209608922726
0.6748472,0.05832844,0.04309012,0.35718587,0.121027395,217,0,0,1,0.18042244067651997,0.8195775593234802
0.67048746,0.06782332,0.053912073,0.3686851,0.18336637,218,0,0,1,0.21078514837384266,0.7892148516261573
0.64927876,0.05518003,0.04689936,0.34176463,0.2505826,219,0,0,1,0.1856296043750407,0.8143703956249593
0.7074072,0.033658326,0.013649664,0.12389139,0.09352915,220,0,0,0,0.9931600166530664,0.0068399833469336025
0.6959053,0.02826782,0.018697111,0.09804657,0.105155215,221,0,0,1,0.295477426280028,0.7045225737199721
0.63998634,0.06935904,0.03946948,0.39359736,0.19056368,222,0,0,0,0.999849816519269,0.00015018348073087212
0.6317605,0.069428325,0.05391237,0.27173206,0.09647422,223,0,1,0,0.7982745445486479,0.20172545545135218
0.6980934,0.05994754,0.045295365,0.3973739,0.18459487,224,0,0,1,0.2189695146175855,0.7810304853824145
0.81864166,0.05358269,0.02682703,0.3171539,0.17810044,225,0,0,0,0.9998926485495877,0.00010735145041222039
0.73134136,0.056367368,0.04677391,0.22685209,0.19812533,226,0,0,1,0.3348706699380407,0.6651293300619591
0.70405734,0.07027546,0.04313417,0.36860657,0.15583898,227,0,0,0,0.9976276214264019,0.0023723785735979496
0.7462531,0.042389695,0.019946149,0.1607891,0.13861634,228,0,0,0,0.9986585820291792,0.0013414179708206967
0.68593335,0.057567537,0.044039555,0.40627447,0.09729519,229,0,0,1,0.19549779614869628,0.8045022038513037
0.64091104,0.076480746,0.06491521,0.42082796,0.11464242,230,0,0,1,0.27258047189905177,0.7274195281009482
0.7373527,0.039050274,0.034334186,0.08163713,0.106676325,231,0,0,1,0.16521694293008793,0.8347830570699121
0.68662703,0.052868534,0.03621319,0.2950521,0.14350063,232,0,0,1,0.3351701564146142,0.6648298435853858
0.7864912,0.059788104,0.056327403,0.4870406,0.20959441,233,0,0,1,0.13311336368377455,0.8668866363162253
0.6529275,0.061118368,0.047584955,0.23468979,0.14023563,234,0,0,1,0.37680407540632943,0.6231959245936705
0.72728354,0.055506296,0.043408588,0.24659345,0.1743937,235,0,0,1,0.23290305443226753,0.7670969455677326
0.77496177,0.04598657,0.0324408,0.2809576,0.11183771,236,0,0,1,0.2673937594819076,0.7326062405180923
0.74128526,0.042750183,0.034397107,0.14690463,0.090444766,237,0,0,1,0.16850358157641523,0.8314964184235846
0.76676786,0.04863221,0.033382438,0.3402057,0.16252165,238,0,0,1,0.31058839665834903,0.689411603341651
0.7251492,0.05349385,0.026166908,0.31640714,0.24438967,239,0,0,0,0.9999391348137482,6.0865186251737124e-05
0.74276394,0.04309524,0.027144741,0.24289586,0.14463498,240,0,1,0,0.5490057086185428,0.4509942913814573
0.6040828,0.041012056,0.028776215,0.246746,0.10245979,241,0,0,1,0.2893449465778302,0.7106550534221697
0.6978674,0.06347367,0.0655704,0.06609322,0.05533374,242,0,0,1,0.22396361677659982,0.7760363832234002
0.71719825,0.06663558,0.055242456,0.4692793,0.15247424,243,0,0,1,0.2166578106053686,0.7833421893946315
0.66329354,0.0466001,0.042075053,0.5222096,0.137971,244,0,0,1,0.19216868578574278,0.8078313142142572
0.6150883,0.044593915,0.032434482,0.2207686,0.1525375,245,0,0,1,0.26510315010440366,0.7348968498955962
0.7359447,0.043946043,0.03668838,0.19520614,0.19869971,246,0,0,1,0.149082476337643,0.8509175236623571
0.71228313,0.06396008,0.03381802,0.44776613,0.17539315,247,0,0,0,0.9997961469313231,0.0002038530686770051
0.63204455,0.0480628,0.023798237,0.1850751,0.23412833,248,0,0,0,0.9999844763305211,1.5523669478942055e-05
0.7359823,0.037195932,0.017473027,0.103075236,0.06478039,249,0,0,0,0.9983588982155036,0.001641101784496433
0.7205174,0.023405861,0.016058655,0.08421072,0.05669741,250,0,0,1,0.30465473018124417,0.695345269818756
0.69632286,0.029755682,0.03609138,0.26820856,0.3188013,251,0,0,1,0.0900359571067929,0.9099640428932072
0.7850726,0.06459683,0.05956733,0.4938446,0.12029753,252,0,0,1,0.11661842460433668,0.8833815753956632
0.6777221,0.040685434,0.028393088,0.20273703,0.17773356,253,0,0,1,0.28737716836055555,0.7126228316394444
0.73275346,0.051899035,0.041023318,0.28524074,0.21464688,254,0,0,1,0.21403446029351952,0.7859655397064806
0.61851746,0.05143115,0.03686076,0.34188557,0.15576585,255,0,0,1,0.25535908131336127,0.7446409186866387
0.74591863,0.042028207,0.028152967,0.21824339,0.12752934,256,0,0,1,0.36079803677021705,0.6392019632297831
0.6955393,0.051745303,0.02785741,0.290523,0.12008824,257,0,0,0,0.9831404097088202,0.01685959029117979
0.53507245,0.042863622,0.037421703,0.2746987,0.11254578,258,0,0,1,0.15091569804070568,0.8490843019592944
0.5203359,0.07767874,0.047316846,0.3543198,0.098588474,259,0,0,0,0.999999664822598,3.3517740204455913e-07
0.71723396,0.07303829,0.062203698,0.44318157,0.13108285,260,0,0,1,0.10867301136696014,0.8913269886330399
0.7021852,0.045541357,0.028227126,0.28879502,0.16298316,261,0,0,1,0.46369628446063665,0.5363037155393633
0.73092544,0.082424566,0.07662696,0.20319912,0.07189728,262,0,0,0,0.5749306741304377,0.4250693258695622
0.62282515,0.061145544,0.050421536,0.43769854,0.12821539,263,0,0,1,0.19787488290425687,0.8021251170957432
0.72689813,0.04190029,0.02882848,0.19107905,0.112848826,264,0,0,1,0.33121133732091684,0.6687886626790833
0.7674735,0.053681906,0.041279428,0.29757708,0.18374124,265,0,0,1,0.25505279494047955,0.7449472050595203
0.6350283,0.040049516,0.018867,0.14128071,0.14091688,266,0,0,0,0.9974990257796129,0.002500974220387002
0.64418125,0.08250926,0.06481516,0.24049896,0.10298152,267,0,0,0,0.989952541507337,0.010047458492663013
0.5892674,0.058785744,0.047535654,0.32273874,0.12288761,268,0,0,1,0.18093506711770044,0.8190649328822995
0.6081273,0.103822164,0.07345902,0.17506894,0.05225637,269,0,0,0,0.9999998999999902,1.0000000994736041e-07
0.74987215,0.06108974,0.028122364,0.32862657,0.09715036,270,0,0,0,0.9999764252545953,2.3574745404896202e-05
0.5537335,0.035639465,0.033693455,0.19735447,0.053395938,271,0,0,1,0.11992033218407021,0.88007966781593
0.65350366,0.07620544,0.071672514,0.23521659,0.20584388,272,0,0,1,0.2024397013622982,0.7975602986377017
0.7173129,0.0471699,0.033300467,0.2183795,0.12205353,273,0,0,1,0.29202085738953926,0.7079791426104607
0.716457,0.037968062,0.028993616,0.14227882,0.16518208,274,0,0,1,0.2727664836887526,0.7272335163112472
0.5917843,0.059323374,0.03109401,0.43639725,0.20298278,275,0,0,0,0.9999601858089094,3.981419109067698e-05
0.7105462,0.0434886,0.024365898,0.18597683,0.08337619,276,0,0,0,0.97147167527898,0.028528324721019977
0.68184006,0.08808623,0.05613394,0.30281302,0.11148298,277,0,0,0,0.9999907925636389,9.20743636102572e-06
0.72300696,0.053008422,0.036609676,0.29544008,0.18395838,278,0,1,0,0.5536961183516109,0.4463038816483891
0.7293209,0.047178574,0.03274925,0.24044326,0.114816524,279,0,0,1,0.2976598621923884,0.7023401378076117
0.6761953,0.060759757,0.030787049,0.3005626,0.17429233,280,0,0,0,0.9997806771850748,0.00021932281492521535
0.66644037,0.14980444,0.40785637,0.43264526,0.09806128,281,0,0,1,3.00000089999998e-14,0.9999999999999699
0.6901693,0.052602626,0.035803486,0.34477115,0.15456885,282,0,0,1,0.2711483678642011,0.7288516321357988
0.71550834,0.052463826,0.035843324,0.31417114,0.190151,283,0,1,0,0.5255416583220993,0.4744583416779005
0.6252247,0.08718795,0.04584324,0.52931297,0.09086846,284,0,0,0,0.9999998999999902,1.0000000994736041e-07
0.77758706,0.03451254,0.02870939,0.10201907,0.0722284,285,0,1,1,0.3632472212637084,0.6367527787362915
0.6449707,0.05140617,0.041261617,0.3624064,0.240597,286,0,0,1,0.20932704483250003,0.7906729551674997
0.7095079,0.043467324,0.030147757,0.15420389,0.13902132,287,0,1,0,0.6549214345112878,0.34507856548871224
0.6841299,0.04936324,0.055146836,0.2189429,0.29139426,288,0,0,1,0.11984566332084612,0.8801543366791539
0.7334207,0.03966682,0.024821082,0.23073898,0.1265866,289,0,0,1,0.35106071507400943,0.6489392849259906
0.75806236,0.042622235,0.02771957,0.2962832,0.16253203,290,0,0,1,0.28719555128127267,0.7128044487187273
0.8050393,0.12124236,0.10163252,0.1639272,0.21091011,291,0,0,0,0.9999998999999902,1.0000000994736041e-07
0.6671467,0.040360127,0.027042791,0.23582168,0.18861468,292,0,0,1,0.30663501282865097,0.6933649871713492
0.6935689,0.046916276,0.031609777,0.27912968,0.193617,293,0,0,1,0.4255129481597366,0.5744870518402634
0.7821536,0.05224568,0.040296398,0.3508178,0.19667159,294,0,0,1,0.24482541643119038,0.7551745835688097
0.6422479,0.047447193,0.033674292,0.26525924,0.18601605,295,0,0,1,0.3051192357952186,0.6948807642047815
0.57014287,0.03999719,0.031180207,0.295605,0.10509692,296,0,0,1,0.14195048600462884,0.8580495139953711
0.64435315,0.04682586,0.030083017,0.28563705,0.1405582,297,0,0,1,0.4552894434609807,0.5447105565390192
0.5526569,0.059712414,0.05413237,0.32955766,0.08732485,298,0,0,1,0.1568805232215299,0.8431194767784701
0.70162356,0.09291168,0.09171272,0.18074475,0.121749565,299,0,0,0,0.5493081877213244,0.45069181227867555
0.51680183,0.04253516,0.042544093,0.28214294,0.06709585,300,0,0,1,0.1473311080197752,0.8526688919802249
0.6967881,0.11303454,0.122231916,0.21830691,0.10570312,301,0,0,1,0.22218975245059774,0.7778102475494023
0.7213081,0.0548845,0.037694782,0.26800478,0.109900735,302,0,1,0,0.6473446277134558,0.3526553722865442
0.7130026,0.034040567,0.021377705,0.15319803,0.102221586,303,0,0,1,0.4197048861956524,0.5802951138043475
0.6852187,0.06601535,0.056550197,0.46543035,0.120985486,304,0,0,1,0.099732805329963,0.9002671946700369
0.7613545,0.036580574,0.026515381,0.16116972,0.11034496,305,0,0,1,0.2679930820951564,0.7320069179048436
0.6344686,0.044278767,0.038765132,0.3066202,0.26509124,306,0,0,1,0.15877014027477876,0.8412298597252215
0.64929646,0.041158624,0.025705775,0.23002559,0.14742708,307,0,0,1,0.46032806469999726,0.5396719353000029
0.66855806,0.048020367,0.030908931,0.3540531,0.167524,308,0,0,1,0.3613095096989792,0.6386904903010208
0.69935554,0.033856794,0.025723536,0.14504798,0.18735614,309,0,0,1,0.266367633947674,0.7336323660523263
0.68823755,0.046254914,0.028915407,0.31858844,0.13356109,310,0,0,1,0.34749808222115597,0.6525019177788441
0.67022496,0.050956856,0.026252685,0.2052035,0.13110512,311,0,0,0,0.9982228671399674,0.0017771328600326391
0.7203404,0.041310556,0.034955256,0.18396592,0.21822184,312,0,0,1,0.26401396222441076,0.7359860377755891
0.7052854,0.06157972,0.054559052,0.42534852,0.04729652,313,0,0,1,0.11441350517532077,0.8855864948246793
0.6822393,0.057143725,0.02850017,0.30728075,0.16179708,314,0,0,0,0.9991518151324559,0.0008481848675441319
0.60107434,0.050301902,0.037019856,0.2559897,0.12640733,315,0,0,1,0.3806665480983115,0.6193334519016885
0.559004,0.057294965,0.030342935,0.23775904,0.0721454,316,0,0,0,0.9999917720925435,8.227907456517959e-06
0.72987896,0.06439708,0.06458149,0.09316338,0.12179307,317,0,0,1,0.22024091418238245,0.7797590858176175
0.6381404,0.06444158,0.056370094,0.45586035,0.19410023,318,0,0,1,0.11157417860015308,0.8884258213998469
0.9140888,0.03909104,0.04309081,0.41312236,0.11026869,319,0,0,1,0.14199114668986065,0.8580088533101393
0.7230591,0.03164627,0.02335846,0.0927528,0.10739581,320,0,0,1,0.2797228135860262,0.720277186413974
0.60103637,0.060023338,0.054231707,0.4657696,0.17996882,321,0,0,1,0.12509050838003913,0.874909491619961
0.70833033,0.041660164,0.028057216,0.20050295,0.15714704,322,0,0,1,0.37618483094821265,0.6238151690517872
0.7439292,0.05026913,0.039671775,0.35864425,0.23664713,323,0,0,1,0.25461873041912353,0.7453812695808766
0.63740224,0.050365385,0.02728965,0.20395556,0.13299167,324,0,0,0,0.9967425740743603,0.003257425925639735
0.69358265,0.08237517,0.082682095,0.14173791,0.073138334,325,0,0,1,0.3017047702260227,0.6982952297739774
0.6535342,0.055199593,0.025240248,0.20045228,0.22578666,326,0,0,0,0.9999986168627031,1.3831372969451375e-06
0.7263552,0.042690046,0.036952455,0.2618905,0.2562401,327,0,0,1,0.23510147878716187,0.7648985212128382
0.68847156,0.059006047,0.043772265,0.35869408,0.18627833,328,0,0,1,0.2469702700791406,0.7530297299208593
0.618678,0.07046164,0.0586284,0.29511845,0.16648433,329,0,0,1,0.2676416616256201,0.7323583383743799
0.67380065,0.06117096,0.047936544,0.39640424,0.19028075,330,0,0,1,0.14479410413363628,0.8552058958663638
0.6551118,0.06140494,0.05965867,0.52576876,0.12295315,331,0,0,1,0.10909181246266506,0.8909081875373349
0.71478045,0.03677843,0.029949076,0.08729427,0.14038503,332,0,0,1,0.3139175854078728,0.6860824145921272
0.630194,0.056754254,0.055556912,0.5204716,0.18272667,333,0,0,1,0.11441981993275,0.88558018006725
0.72237015,0.04409608,0.037290726,0.10373359,0.13892518,334,0,0,1,0.31492276030719213,0.6850772396928078
0.73335284,0.041498277,0.02885923,0.20413478,0.16319092,335,0,0,1,0.34522089451182625,0.6547791054881739
0.67665666,0.031019552,0.011977803,0.08692975,0.085217476,336,0,0,0,0.9946898833346361,0.005310116665363835
0.7078299,0.10154379,0.11160896,0.26503617,0.21729825,337,0,0,1,0.04113758948709576,0.9588624105129043
0.7229099,0.036101934,0.022421734,0.20609494,0.15803875,338,0,0,1,0.3529957915882101,0.6470042084117901
0.75427604,0.044979747,0.036881827,0.34422594,0.24565978,339,0,0,1,0.15521755133237797,0.8447824486676221
0.6720409,0.060343694,0.054936286,0.30364838,0.2504789,340,0,0,1,0.09519759179032543,0.9048024082096746
0.7088188,0.06001015,0.043979138,0.34740874,0.16849945,341,0,0,1,0.2824189928561534,0.7175810071438469
0.59243804,0.07355083,0.040325765,0.41219845,0.16823372,342,0,0,0,0.9999945993736038,5.400626396018852e-06
0.63339955,0.150121,0.19832943,0.24417166,0.078903005,343,0,0,1,0.06388130362402007,0.9361186963759799
0.7321726,0.031163538,0.021628948,0.13629515,0.15052898,344,0,0,1,0.27161813221819736,0.7283818677818026
0.6336199,0.04288773,0.037170388,0.2713128,0.25654563,345,0,0,1,0.18006671751326622,0.8199332824867338
0.79088587,0.054370143,0.027003666,0.18734393,0.113262735,346,0,0,0,0.9999796549663932,2.034503360674728e-05
0.6500181,0.04585474,0.030655952,0.27260622,0.17379831,347,0,0,1,0.34213339532731607,0.6578666046726839
0.75310093,0.047146823,0.031338938,0.3322661,0.14898826,348,0,0,1,0.2720399756482024,0.7279600243517973
0.7362078,0.047874458,0.03369321,0.25801337,0.12842762,349,0,0,1,0.20960861617386478,0.790391383826135
0.59851086,0.06195014,0.05023244,0.36102727,0.12427117,350,0,0,1,0.1945292804986339,0.8054707195013661
0.6656932,0.06730645,0.036305297,0.38108906,0.2622326,351,0,0,0,0.9999962750396615,3.724960338409805e-06
0.74863607,0.05054303,0.03423053,0.28291044,0.15159874,352,0,1,0,0.509209752435031,0.4907902475649688
0.6646696,0.047811337,0.03479033,0.28498796,0.20381743,353,0,0,1,0.21788390600657764,0.7821160939934225
0.75364757,0.06065664,0.029440828,0.34408635,0.34321138,354,0,0,0,0.9999998999999902,1.0000000994736041e-07
0.73711073,0.06904675,0.059749365,0.45181963,0.08903182,355,0,0,1,0.1499422276309671,0.8500577723690329
0.81601304,0.06958458,0.06486237,0.23289649,0.08154431,356,0,0,1,0.4070844741117224,0.5929155258882777
0.6391713,0.04305411,0.032332357,0.30144417,0.23512982,357,0,0,1,0.2758895977961721,0.7241104022038279
0.7162641,0.04552149,0.029227316,0.22848672,0.12868644,358,0,1,0,0.5707285387862826,0.42927146121371734
0.68638134,0.041807085,0.027647074,0.19497514,0.1084433,359,0,0,1,0.39102472866083876,0.6089752713391612
0.7648453,0.04905801,0.037165202,0.35852647,0.21795154,360,0,0,1,0.2833363322235036,0.7166636677764966
0.7283437,0.08061124,0.06991339,0.2834044,0.17102508,361,0,0,1,0.45963204267548463,0.5403679573245153
0.6205861,0.039936155,0.029560477,0.12250724,0.08855527,362,0,1,0,0.5978564048037176,0.4021435951962824
0.7835451,0.04459179,0.033055954,0.30216765,0.07267695,363,0,0,1,0.25780024072031704,0.742199759279683
0.70339257,0.06089848,0.04774494,0.2934521,0.193374,364,0,0,1,0.2626233171018892,0.7373766828981109
0.7443003,0.044495948,0.029526534,0.27227876,0.16504693,365,0,0,1,0.33748943865818826,0.6625105613418117
0.6625412,0.06104893,0.04753036,0.42397138,0.17154984,366,0,0,1,0.2019840464555889,0.7980159535444111
0.6348352,0.047269754,0.031777956,0.32289165,0.14273697,367,0,0,1,0.26059726551547746,0.7394027344845225
0.73642987,0.081133366,0.07358438,0.15008807,0.24117719,368,0,0,0,0.9999476916519603,5.230834803964281e-05
0.76908714,0.06741298,0.035700064,0.33177054,0.13495587,369,0,0,0,0.9999540340421895,4.596595781056613e-05
0.6617789,0.060127296,0.029633585,0.2871484,0.20400374,370,0,0,0,0.9999585692922894,4.143070771052903e-05
0.68257946,0.19307262,0.1818712,0.29899797,0.30387518,371,0,0,0,0.9999998999999902,1.0000000994736041e-07
0.8842684,0.044321865,0.042663097,0.3875495,0.16162166,372,0,0,1,0.13918668543748225,0.860813314562518
0.55892533,0.039378103,0.041341055,0.24214906,0.25963426,373,0,0,1,0.11106502305444113,0.888934976945559
0.6253622,0.043201704,0.033350237,0.23902935,0.20786625,374,0,0,1,0.20670867730843023,0.7932913226915698
0.61736715,0.051258486,0.037111036,0.3383639,0.11862896,375,0,0,1,0.267344647984182,0.7326553520158181
0.6170842,0.05931355,0.044472884,0.33122012,0.16676256,376,0,0,1,0.38314778804966304,0.616852211950337
0.68074423,0.055091172,0.026311541,0.37337822,0.11983949,377,0,0,0,0.9990274154096329,0.0009725845903671315
0.67047226,0.05309762,0.026619777,0.29532045,0.22025277,378,0,0,0,0.9996092751214195,0.00039072487858050984
0.7456232,0.04628575,0.032959502,0.34072,0.2097616,379,0,0,1,0.25969202213889014,0.7403079778611101
0.6600654,0.060895927,0.042836614,0.37760732,0.16557519,380,0,1,0,0.6219167488257186,0.3780832511742813
0.75428426,0.047522794,0.032227237,0.27596292,0.14822842,381,0,0,1,0.3816704130257265,0.6183295869742734
0.7690515,0.054734286,0.038438745,0.35343957,0.13866548,382,0,0,1,0.46008667915764995,0.5399133208423501
0.57992554,0.046364374,0.023264864,0.3011583,0.17621127,383,0,0,0,0.9980228717097311,0.001977128290268911
0.6314236,0.09575055,0.092570916,0.32755977,0.20738451,384,0,0,1,0.24231226032745656,0.7576877396725435
0.68489,0.04561643,0.028288104,0.32348526,0.1347793,385,0,0,1,0.34156017543351747,0.6584398245664823
0.6411186,0.058165547,0.044381183,0.2525914,0.14438373,386,0,0,1,0.3007188033612983,0.6992811966387019
0.61329925,0.030373499,0.030677648,0.17130502,0.24992794,387,0,0,1,0.13958477588037838,0.8604152241196216
0.64885694,0.056419156,0.050528675,0.4814685,0.21791935,388,0,0,1,0.15694176550415964,0.8430582344958404
0.7842861,0.060686193,0.052531753,0.43410367,0.20371501,389,0,0,1,0.14803411788176948,0.8519658821182307
0.68254304,0.054380525,0.03888759,0.3715349,0.18044655,390,0,0,1,0.2196582650751476,0.7803417349248524
0.66288704,0.08659157,0.07851191,0.24696244,0.10264399,391,0,0,1,0.3661613351946422,0.6338386648053577
0.67094535,0.067448854,0.068475544,0.15136273,0.20557912,392,0,0,1,0.17787475636267863,0.8221252436373214
0.6178785,0.052719623,0.03862168,0.27454522,0.10622107,393,0,0,1,0.39027745748821113,0.6097225425117889
0.6997032,0.04743143,0.027108625,0.117945276,0.10001725,394,0,0,0,0.9974081740174784,0.002591825982521759
0.7145071,0.03724913,0.030908454,0.19712207,0.22577205,395,0,0,1,0.194192790100294,0.8058072098997059
0.8049633,0.042164627,0.023176547,0.15951462,0.053810105,396,0,0,0,0.9994904873401415,0.00050951265985852
0.6261924,0.06829736,0.048283983,0.24690813,0.12971635,397,0,0,0,0.9848687772806616,0.015131222719338346
0.68651366,0.060207333,0.04842916,0.24164143,0.17658508,398,0,0,1,0.2343040128842535,0.7656959871157464
0.6570611,0.0648376,0.032922715,0.4470004,0.108161524,399,0,0,0,0.9999743991570693,2.5600842930700235e-05
0.6407335,0.052116655,0.03682141,0.29936412,0.16079062,400,0,0,1,0.284097390847869,0.7159026091521308
0.64511776,0.023771692,0.0136034265,0.0913358,0.10671415,401,0,0,1,0.4776039649159659,0.522396035084034
0.77058953,0.069869876,0.057124794,0.3938242,0.18106645,402,0,0,1,0.36884831510773386,0.6311516848922663
0.70535797,0.03466194,0.024159115,0.15794954,0.17033842,403,0,0,1,0.3045906332128462,0.6954093667871538
0.67579436,0.068868294,0.05419766,0.31022418,0.13922277,404,0,0,1,0.25886227098559844,0.7411377290144014
0.633963,0.1744541,0.25487974,0.46077627,0.1314018,405,0,0,1,0.15932845190176498,0.8406715480982352
0.41599995,0.08738081,0.13536029,0.21127203,0.24511918,406,0,0,1,0.039817921135077386,0.9601820788649227
0.6731016,0.08450923,0.07487286,0.25145027,0.10906159,407,0,0,1,0.4207009504706583,0.5792990495293419
0.80766034,0.050719332,0.04413062,0.20940979,0.115586646,408,0,0,1,0.1628277573998432,0.8371722426001568
0.67057014,0.045916446,0.029593002,0.28493458,0.1663782,409,0,0,1,0.3528525310790012,0.6471474689209987
0.7497423,0.054955445,0.04226052,0.31495783,0.19810973,410,0,0,1,0.24405417052368683,0.7559458294763132
0.7121435,0.035649188,0.017013082,0.13139364,0.08319827,411,0,0,0,0.9856220972433339,0.014377902756666047
0.68548876,0.052830704,0.036689743,0.38778374,0.17754436,412,0,0,1,0.2964161021794422,0.7035838978205579
0.7524651,0.061205316,0.049205095,0.27054378,0.10779489,413,0,0,1,0.1813714078874257,0.8186285921125743
0.64764434,0.069350354,0.046923067,0.26413727,0.21438107,414,0,0,0,0.9992920067988728,0.0007079932011272843
0.6187948,0.037840404,0.02458057,0.24056423,0.10754656,415,0,0,1,0.305417603664797,0.6945823963352031
0.6887143,0.060586095,0.048886,0.20271802,0.11015049,416,0,0,1,0.3002602585526506,0.6997397414473493
0.7043651,0.025005009,0.015939264,0.09222824,0.12194737,417,0,0,1,0.2856660371567813,0.7143339628432185
0.60168695,0.041326202,0.029516235,0.2420916,0.15479317,418,0,0,1,0.21170662621408917,0.7882933737859107
0.78213084,0.035807155,0.026290808,0.22769895,0.060802102,419,0,0,1,0.26923209411993354,0.7307679058800666
0.6032432,0.068308055,0.032871917,0.45526752,0.10668737,420,0,0,0,0.9999995100174451,4.899825548041688e-07
0.67105854,0.07326271,0.03933995,0.4275124,0.13003686,421,0,0,0,0.9999782841237083,2.171587629175778e-05
0.69229084,0.08410585,0.04098317,0.4476716,0.29514158,422,0,0,0,0.9999998999999902,1.0000000994736041e-07
0.79299396,0.0476339,0.040091302,0.27335787,0.048268132,423,0,0,1,0.18696568833315189,0.8130343116668481
0.69036657,0.043794654,0.02381538,0.22212906,0.110673286,424,0,0,0,0.936426808572323,0.06357319142767703
0.6492733,0.058872856,0.047249835,0.44829872,0.17244023,425,0,0,1,0.19085388040941378,0.8091461195905861
0.65016407,0.04877891,0.032553643,0.35513884,0.16641621,426,0,0,1,0.3070165035402894,0.6929834964597107
0.68495375,0.067245275,0.054727744,0.44685858,0.16904457,427,0,0,1,0.21627145663024597,0.7837285433697541
0.6748694,0.063133225,0.051517285,0.45465213,0.13006666,428,0,0,1,0.1682678133861694,0.8317321866138305
0.5769702,0.04962098,0.03896569,0.34737858,0.17926335,429,0,0,1,0.20813451644743466,0.7918654835525654
0.86741406,0.054764017,0.05438884,0.28902128,0.07542912,430,0,0,1,0.10033324352664758,0.8996667564733525
0.6379767,0.04039003,0.035242155,0.25456852,0.2556142,431,0,0,1,0.16459108291976998,0.8354089170802299
0.73939717,0.057921287,0.04347548,0.3389185,0.09497727,432,0,0,1,0.24121158912739918,0.758788410872601
0.6535774,0.056667905,0.041417282,0.35096854,0.10948393,433,0,0,1,0.2708180845643967,0.7291819154356032
0.6359793,0.047995485,0.04075412,0.30500343,0.2490474,434,0,0,1,0.13611269144521884,0.8638873085547808
0.76453733,0.043966927,0.02931893,0.26794064,0.115639806,435,0,0,1,0.3636667744343094,0.6363332255656907
0.7049729,0.05119887,0.036691952,0.33723834,0.21001798,436,0,0,1,0.31501640254744423,0.6849835974525558
0.6862533,0.048401114,0.036092937,0.44431108,0.20079164,437,0,0,1,0.22362228814386717,0.7763777118561327
0.6461492,0.06396399,0.055448245,0.42680082,0.078749046,438,0,0,1,0.1143053751565318,0.8856946248434682
0.7184599,0.048750397,0.031511907,0.34817013,0.11968005,439,0,0,1,0.3716553306604032,0.6283446693395969
0.6855227,0.057351775,0.054386895,0.120884314,0.18642904,440,0,0,1,0.3741990064260435,0.6258009935739566
0.72876257,0.05696794,0.042143088,0.29578707,0.16440843,441,0,0,1,0.27010402081812473,0.7298959791818751
0.6672607,0.060330335,0.04609337,0.38912347,0.10639145,442,0,0,1,0.21304160870264593,0.7869583912973541
0.731284,0.06371458,0.032420516,0.33313945,0.16773298,443,0,0,0,0.9998747712567292,0.00012522874327089482
0.78057593,0.058419693,0.04476004,0.26550627,0.1542087,444,0,1,0,0.623857317692665,0.37614268230733494
0.64064753,0.03445969,0.0204719,0.20717798,0.13456789,445,0,0,1,0.3531035304260215,0.6468964695739784
0.6248748,0.055187505,0.040752616,0.349434,0.17517258,446,0,0,1,0.26555885297318466,0.7344411470268153
0.77115697,0.049151532,0.034787137,0.35443413,0.10111659,447,0,0,1,0.2962017781948606,0.7037982218051393
0.5650643,0.05204389,0.042325508,0.3550448,0.14171027,448,0,0,1,0.199804093082108,0.8001959069178921
0.5877086,0.03889297,0.04152984,0.28365728,0.28664064,449,0,0,1,0.0801847255312046,0.9198152744687953
0.7135631,0.029867452,0.018522726,0.13185906,0.09980326,450,0,0,1,0.347929442275203,0.652070557724797
0.7537239,0.0401855,0.021516165,0.17506894,0.10151492,451,0,0,0,0.9787462286896229,0.021253771310377076
0.7866975,0.05872167,0.056963734,0.519975,0.17207964,452,0,0,1,0.11370853282338589,0.8862914671766141
0.5804779,0.08195381,0.044820897,0.5004005,0.11043505,453,0,0,0,0.9999998999999902,1.0000000994736041e-07
0.64537054,0.043082163,0.03092368,0.1816643,0.13591726,454,0,0,1,0.2858817282612217,0.7141182717387782
0.6462462,0.0430247,0.027414981,0.31046504,0.18310127,455,0,0,1,0.33889790551169524,0.6611020944883047
0.6988678,0.104341,0.119220585,0.15937887,0.13114011,456,0,0,1,0.059983558135226364,0.9400164418647735
0.6312128,0.06818575,0.05435845,0.2972688,0.13312288,457,0,0,1,0.32370082312957965,0.6762991768704202
0.6886532,0.05346898,0.042588394,0.4371444,0.21988441,458,0,0,1,0.19258173001686646,0.8074182699831337
0.63710076,0.061227567,0.048074,0.4098066,0.17937092,459,0,0,1,0.23178817278343314,0.7682118272165666
0.7000755,0.03853203,0.04657738,0.27344307,0.320674,460,0,0,1,0.06698913949594938,0.9330108605040506
0.61014974,0.04628104,0.03286157,0.37333223,0.123981066,461,0,0,1,0.2828556579945481,0.7171443420054522
0.66814744,0.06675771,0.069717266,0.121251054,0.19127691,462,0,0,1,0.1418429485267983,0.8581570514732016
0.66312665,0.039776023,0.019643819,0.13956776,0.19744882,463,0,0,0,0.9992640469789835,0.0007359530210164476
0.62993455,0.040412694,0.03124012,0.18392372,0.059139602,464,0,0,1,0.2524791236042593,0.7475208763957407
0.79222435,0.054297496,0.04256436,0.36985093,0.09985796,465,0,0,1,0.18113741738731384,0.8188625826126863
0.6441371,0.051326595,0.039517697,0.300422,0.21902288,466,0,0,1,0.2519768519800258,0.7480231480199743
0.5842424,0.10600885,0.113962136,0.22246693,0.084836096,467,0,0,1,0.20552298991767712,0.7944770100823229
0.70154995,0.05490163,0.03836257,0.23140264,0.15375447,468,0,1,0,0.7343112091164259,0.26568879088357406
0.73126566,0.036641862,0.029984243,0.16678885,0.19993953,469,0,0,1,0.19585877446805097,0.8041412255319492
0.5689504,0.057022326,0.067728505,0.525322,0.09131044,470,0,0,1,0.044180153336981755,0.9558198466630183
0.5687388,0.049122635,0.039795708,0.40154755,0.17318943,471,0,0,1,0.28163133099369575,0.7183686690063043
0.7757778,0.05904137,0.046120808,0.32898286,0.1389959,472,0,0,1,0.172415552730038,0.8275844472699619
0.7149279,0.04194944,0.029805493,0.2914045,0.2242688,473,0,0,1,0.2891829418205553,0.7108170581794446
0.7259908,0.10052148,0.11081083,0.20766239,0.18590643,474,0,0,1,0.11716333596118356,0.8828366640388166
0.652306,0.042846687,0.026120886,0.2865636,0.13873905,475,0,0,1,0.40286161912468643,0.5971383808753137
0.65634817,0.0721369,0.039029445,0.45509964,0.14827262,476,0,0,0,0.9999808212379822,1.9178762017853082e-05
0.7211921,0.05904955,0.043533936,0.35084036,0.11418515,477,0,0,1,0.22912694281133553,0.7708730571886644
0.7886447,0.050973624,0.03962058,0.3088791,0.08749569,478,0,0,1,0.19061990874469698,0.8093800912553032
0.65866655,0.078848004,0.044017408,0.53398937,0.15694162,479,0,0,0,0.9999996556558044,3.44344195602781e-07
0.7153797,0.061487835,0.043205008,0.2985912,0.12420103,480,0,1,0,0.7106138659911111,0.2893861340088887
0.883312,0.04536184,0.049206942,0.23246913,0.05889357,481,0,0,1,0.11909831994322194,0.8809016800567782
0.6522332,0.06214997,0.051521808,0.31307566,0.22073643,482,0,0,1,0.2121216960323245,0.7878783039676756
0.5931711,0.042063057,0.036849063,0.27710482,0.24714205,483,0,0,1,0.1785724378594654,0.8214275621405345
0.6838224,0.056639556,0.038776726,0.27113602,0.13314207,484,0,1,0,0.6599172234367329,0.3400827765632672
0.74441355,0.07680873,0.06941681,0.25181097,0.098243125,485,0,0,1,0.13761757965477728,0.8623824203452227
0.65117484,0.057443906,0.043237492,0.3431787,0.1964007,486,0,0,1,0.2570196375110655,0.7429803624889346
0.7595568,0.050952252,0.03498438,0.33244163,0.1193361,487,0,0,1,0.3692481800829073,0.6307518199170927
0.8448522,0.037482437,0.03550689,0.25887048,0.0439621,488,0,0,1,0.1373116259624982,0.8626883740375018
0.66428614,0.03518699,0.02502063,0.08672714,0.08975562,489,0,1,0,0.5808312940950643,0.4191687059049357
0.69517136,0.07254305,0.073037505,0.10590795,0.114324436,490,0,0,1,0.20683321525971715,0.7931667847402827
0.72168577,0.03318739,0.044065643,0.29572743,0.33846593,491,0,0,1,0.09147031759445179,0.9085296824055482
0.75547165,0.051657807,0.023905335,0.20373598,0.14812584,492,0,0,0,0.999924561901458,7.543809854224197e-05
0.5960891,0.112405285,0.12138209,0.24076335,0.06797759,493,0,0,1,0.3278716625084284,0.6721283374915716
0.9030492,0.04771106,0.048270267,0.3542316,0.124232925,494,0,0,1,0.16263025107515086,0.8373697489248492
0.62720954,0.057325345,0.043241158,0.37531617,0.14232917,495,0,0,1,0.2097532911171295,0.7902467088828704
0.7367674,0.0694641,0.058962185,0.21554288,0.096527174,496,0,0,1,0.47851092556515945,0.5214890744348404
0.67586374,0.063046284,0.036882907,0.29542342,0.18375494,497,0,0,0,0.9985683435330062,0.0014316564669938565
0.7070234,0.029574137,0.014246599,0.065135635,0.0708578,498,0,0,0,0.980229322799572,0.019770677200427886
0.81744814,0.06133035,0.03341164,0.3467733,0.14041011,499,0,0,0,0.9998767935242988,0.0001232064757011346
0.6661599,0.05871118,0.04481811,0.24769118,0.15771867,500,0,0,1,0.32334207872352877,0.676657921276471
0.76517355,0.032913424,0.020225208,0.21431153,0.10281875,501,0,0,1,0.32783196827606487,0.672168031723935
0.711951,0.06523274,0.05100306,0.2923743,0.1094123,502,0,0,1,0.26024816913483495,0.7397518308651652
0.61697227,0.04760011,0.036730647,0.30251306,0.21998723,503,0,0,1,0.24444431258732882,0.755555687412671
0.6394506,0.056476362,0.028940843,0.3905166,0.15692046,504,0,0,0,0.9987031737439787,0.0012968262560213645
0.57390225,0.04675717,0.034936905,0.31623623,0.13611165,505,0,0,1,0.3106576584618236,0.6893423415381765
0.66649365,0.053805705,0.043328986,0.15634492,0.18561862,506,0,1,0,0.7826235972704375,0.21737640272956243
0.6303786,0.051981214,0.039702218,0.30817267,0.20908467,507,0,0,1,0.24241585766328969,0.7575841423367102
0.61731166,0.07791455,0.07265492,0.18531364,0.10636789,508,0,0,1,0.3418937493900548,0.6581062506099451
0.6760442,0.07487582,0.06305112,0.34863058,0.18338194,509,0,0,1,0.14323467750368557,0.8567653224963144
0.6464558,0.051447954,0.035590135,0.36731708,0.17917635,510,0,0,1,0.3409934502906942,0.6590065497093058
0.6894347,0.07638093,0.06661391,0.20457798,0.092935845,511,0,0,0,0.5733916965388897,0.4266083034611102
0.6195602,0.06764809,0.03433071,0.42159325,0.19348072,512,0,0,0,0.9999906418111395,9.358188860439812e-06
0.6911419,0.08458123,0.07700738,0.24426906,0.098190896,513,0,0,1,0.2616415464129211,0.738358453587079
0.6511426,0.05949883,0.044340983,0.3018721,0.14270617,514,0,0,1,0.2580921236891473,0.7419078763108525
0.6501329,0.082276955,0.07449284,0.28681412,0.19118534,515,0,0,1,0.21995986937126508,0.780040130628735
0.66419965,0.1035543,0.106115,0.2118785,0.16709831,516,0,0,0,0.5858363052790583,0.41416369472094156
0.652977,0.10967629,0.11932564,0.20412236,0.13273048,517,0,0,1,0.14739587258763387,0.8526041274123662
0.8724928,0.048112743,0.04433862,0.38857624,0.133622,518,0,0,1,0.14198165622328657,0.8580183437767135
0.6737475,0.07339245,0.061633907,0.22978796,0.10756973,519,0,0,1,0.47191154896446974,0.5280884510355303
0.68018794,0.05361499,0.040813737,0.44828862,0.18897696,520,0,0,1,0.2517894500760762,0.7482105499239239
0.64660794,0.06236624,0.032417417,0.40789038,0.16878612,521,0,0,0,0.9997345757133479,0.0002654242866521612
0.61549765,0.056218497,0.039619956,0.30271536,0.15563981,522,0,1,0,0.649897289455928,0.35010271054407194
0.7197636,0.04852714,0.031194123,0.3571203,0.13804008,523,0,0,1,0.3456375524071683,0.6543624475928317
0.63995725,0.13752075,0.18628465,0.4150064,0.28427276,524,0,0,1,0.11538107127838564,0.8846189287216144
0.5624613,0.05099416,0.044539608,0.3549058,0.09074516,525,0,0,1,0.13154578987201188,0.8684542101279881
0.61852515,0.043753054,0.03579798,0.23135534,0.21569534,526,0,0,1,0.16935076763349413,0.8306492323665059
0.64046484,0.0523851,0.04371605,0.3608563,0.25541055,527,0,0,1,0.2750400005250211,0.7249599994749789
0.64141196,0.04989104,0.023843138,0.22671972,0.15851483,528,0,0,0,0.9992754439169255,0.0007245560830746588
0.6661242,0.05940748,0.043419395,0.31159127,0.12938115,529,0,0,1,0.30047502308049706,0.6995249769195029
0.7975058,0.048201878,0.03595283,0.32847184,0.095249735,530,0,0,1,0.2681862158039732,0.7318137841960267
0.7277827,0.04771142,0.036845665,0.21777774,0.18458407,531,0,0,1,0.24432328847232468,0.7556767115276755
0.7231911,0.056614384,0.03411328,0.38124657,0.10605703,532,0,0,0,0.9648860920673155,0.035113907932684596
0.66724735,0.06313034,0.049979836,0.37732932,0.09003219,533,0,0,1,0.19112247511051175,0.8088775248894884
0.7007639,0.03179108,0.029095193,0.12330249,0.21655388,534,0,0,1,0.21813619196546224,0.7818638080345377
0.71297985,0.10018112,0.11889637,0.1257446,0.0672491,535,0,0,1,0.03418483262417547,0.9658151673758245
0.66064835,0.0661349,0.058825683,0.30842742,0.24385361,536,0,0,1,0.23691029081707718,0.7630897091829228
0.62249064,0.06676355,0.05529983,0.39878687,0.124585904,537,0,0,1,0.14408756592078587,0.8559124340792142
0.62020296,0.044436723,0.033922147,0.36343,0.23078799,538,0,0,1,0.22524522384183315,0.7747547761581667
0.7211278,0.061800934,0.051606067,0.47439373,0.13185678,539,0,0,1,0.14040440600166493,0.859595593998335
0.839259,0.050365668,0.04471188,0.4157726,0.195711,540,0,0,1,0.1901943679601295,0.8098056320398703
0.65477115,0.042764027,0.037928797,0.262387,0.26648173,541,0,0,1,0.23493565273330688,0.7650643472666931
0.7507685,0.05500573,0.030319804,0.28394926,0.19367099,542,0,0,0,0.9987449493763717,0.0012550506236283791
0.6997573,0.051498283,0.03589176,0.32828823,0.18478002,543,0,0,1,0.2568600916424206,0.7431399083575796
0.7401243,0.1378926,0.1182868,0.23130564,0.13559929,544,0,0,0,0.9999998999999902,1.0000000994736041e-07
0.49925232,0.04373506,0.048440903,0.40971333,0.11142269,545,0,0,1,0.08589201870848606,0.9141079812915142
0.60898435,0.050213728,0.05336839,0.5260124,0.1047845,546,0,0,1,0.09055601875448474,0.9094439812455153
0.7433266,0.056763057,0.042818815,0.33634657,0.17979005,547,0,0,1,0.18860104618490434,0.8113989538150961
0.8443031,0.040643588,0.035298124,0.37073165,0.07161296,548,0,0,1,0.15589742022149614,0.8441025797785037
0.6503575,0.09401041,0.10371674,0.18761435,0.21912712,549,0,0,1,0.26847428814210983,0.7315257118578902
0.5700218,0.06844471,0.06302685,0.2233116,0.15626572,550,0,0,1,0.2128766023087125,0.7871233976912875
0.64403546,0.06319641,0.033867408,0.298952,0.1989672,551,0,0,0,0.9999046981037566,9.530189624336467e-05
0.5705052,0.06359191,0.055081226,0.26270425,0.108023316,552,0,0,1,0.2576776654434428,0.7423223345565573
0.6623342,0.056085497,0.041877843,0.22522807,0.121966906,553,0,1,1,0.40403634438222963,0.5959636556177703
0.8008437,0.06039921,0.055355646,0.4521972,0.20244464,554,0,0,1,0.09875546771857117,0.9012445322814289
0.7076257,0.05038786,0.043080483,0.24945733,0.23063518,555,0,0,1,0.1460224313256067,0.8539775686743932
0.604016,0.04541056,0.03404532,0.24484871,0.09248588,556,0,0,1,0.2535770947756626,0.7464229052243374
0.6890665,0.059103537,0.047251068,0.4575235,0.12858759,557,0,0,1,0.1677795235175296,0.8322204764824702
0.730931,0.065239504,0.050822783,0.3113184,0.1492211,558,0,0,1,0.24761322399507033,0.7523867760049298
0.7870467,0.058928367,0.03700465,0.17340477,0.10114547,559,0,0,0,0.9997556689001725,0.000244331099827595
0.63440436,0.06352793,0.030521128,0.33701047,0.14290184,560,0,0,0,0.9999633000721542,3.669992784581515e-05
0.6444436,0.07794498,0.06237979,0.2927348,0.1252779,561,0,1,0,0.7603595277138872,0.23964047228611282
0.7623639,0.07342649,0.03948597,0.5161811,0.20655364,562,0,0,0,0.9999993188506314,6.811493686868266e-07
0.6491927,0.0678496,0.054657824,0.36946073,0.2006209,563,0,0,1,0.3015043778876212,0.6984956221123789
0.676632,0.0617906,0.04564534,0.21439277,0.10470558,564,0,1,0,0.8386802642319822,0.1613197357680179
0.7710108,0.042857453,0.026183063,0.32418504,0.12994881,565,0,0,0,0.5219512020157738,0.47804879798422606
0.8157289,0.044522118,0.03220221,0.3593575,0.16456565,566,0,0,1,0.35317335254634824,0.6468266474536519
0.64934874,0.073075086,0.04332931,0.44250482,0.17673929,567,0,0,0,0.9998792596566353,0.00012074034336466073
0.5310654,0.04832659,0.045680232,0.23950656,0.07488854,568,0,0,1,0.1963242593057905,0.8036757406942093
0.7307258,0.04875837,0.040789668,0.18168275,0.18777822,569,0,0,1,0.25712784943598155,0.7428721505640185
0.6805349,0.052736554,0.039003078,0.17698051,0.1066221,570,0,1,0,0.619377114104888,0.380622885895112
0.6864937,0.048768632,0.03357386,0.27918237,0.09509499,571,0,0,1,0.2923741632325235,0.7076258367674765
0.7866346,0.065263644,0.059368167,0.1958722,0.11855106,572,0,0,1,0.2963831948091484,0.7036168051908516
0.6808928,0.058896117,0.052907813,0.121185325,0.08961767,573,0,0,1,0.25232559019277756,0.7476744098072222
0.7016677,0.046817966,0.03473263,0.29722837,0.22715859,574,0,0,1,0.3015773012248506,0.6984226987751494
0.6415604,0.062882476,0.056719717,0.47809497,0.11546773,575,0,0,1,0.08344168147302676,0.9165583185269733
0.73848367,0.05137963,0.03494433,0.26502493,0.086225785,576,0,1,0,0.7072362933738863,0.2927637066261138
0.71371686,0.07549864,0.06365007,0.26265648,0.13245794,577,0,0,1,0.3403264602101193,0.6596735397898805
0.77905494,0.0689577,0.03644488,0.34391615,0.18865867,578,0,0,0,0.999990403609325,9.5963906748433e-06
0.6090606,0.045831326,0.03543329,0.33435982,0.22993955,579,0,0,1,0.2783910842728732,0.721608915727127
0.74431425,0.03470535,0.02372238,0.15827157,0.10123355,580,0,0,1,0.29114396826376465,0.7088560317362353
0.6714744,0.07795172,0.05532436,0.03646994,0.029920619,581,0,0,0,0.9999996437946469,3.5620535319705863e-07
0.6300006,0.07118351,0.052210238,0.2493181,0.16022179,582,0,0,0,0.9821847217048209,0.017815278295179048
0.6763333,0.055221498,0.039124668,0.33637467,0.16478465,583,0,0,1,0.2451629326977485,0.7548370673022514
0.69681984,0.071520284,0.06361223,0.19251443,0.118046455,584,0,0,1,0.23060439090335977,0.7693956090966403
0.7420442,0.045828626,0.033853985,0.244384,0.1864805,585,0,0,1,0.25713269936195166,0.7428673006380484
0.6575003,0.03802988,0.028502114,0.3124617,0.25141597,586,0,0,1,0.25440392151390656,0.7455960784860935
0.71895015,0.045812454,0.037938666,0.27929673,0.24655546,587,0,0,1,0.21587807304576243,0.7841219269542373
0.48179632,0.11308568,0.14790556,0.19414054,0.065954566,588,0,0,1,0.08426506119884532,0.9157349388011548
0.61876285,0.061357345,0.030349705,0.4167705,0.15922558,589,0,0,0,0.9999386984341365,6.130156586358445e-05
0.771904,0.027168468,0.021411747,0.09405199,0.11995367,590,0,0,1,0.23982472458642656,0.7601752754135737
0.6598233,0.034431875,0.03296042,0.22130519,0.26820773,591,0,0,1,0.12975860476154624,0.8702413952384538
0.805326,0.06675939,0.043371968,0.25184777,0.18566915,592,0,0,0,0.9999338383971408,6.61616028593418e-05
0.70721143,0.028606294,0.01895594,0.10138602,0.08611402,593,0,0,1,0.33418248853051175,0.6658175114694881
0.6333502,0.048833758,0.034630235,0.38385418,0.18310434,594,0,0,1,0.2488138225686638,0.7511861774313361
0.7531407,0.04583536,0.036973573,0.30873603,0.23690885,595,0,0,1,0.203903346869223,0.7960966531307768
0.79970366,0.03676511,0.03223224,0.1554731,0.059593488,596,0,0,1,0.18901912015751776,0.8109808798424821
0.56184995,0.045209445,0.026179364,0.2353006,0.1680114,597,0,0,0,0.9956000991716298,0.004399900828370207
0.6154938,0.049083695,0.035617813,0.32014078,0.1932375,598,0,0,1,0.2942035879040598,0.7057964120959401
0.71602595,0.027256195,0.023127226,0.061762225,0.040189575,599,0,0,1,0.2249984015516151,0.7750015984483849
0.41747656,0.12056865,0.11490968,0.17937121,0.10912422,600,0,0,0,0.9999998999999902,1.0000000994736041e-07
0.62796104,0.047560237,0.034568775,0.33173236,0.20253587,601,0,0,1,0.2125839097034925,0.7874160902965075
0.6980379,0.054900173,0.040941954,0.23728858,0.09500328,602,0,0,1,0.343461206282624,0.6565387937173761
0.73417026,0.04603413,0.03547557,0.1633139,0.09885481,603,0,0,1,0.29599684972090157,0.7040031502790983
0.6486268,0.04389242,0.031048352,0.209448,0.16276047,604,0,0,1,0.29441589845830873,0.7055841015416913
0.72791207,0.046602592,0.03270128,0.3131634,0.20001377,605,0,0,1,0.2318966844970319,0.7681033155029682
0.6990832,0.1311802,0.18085964,0.21878894,0.11357734,606,0,0,1,3.54127831665396e-09,0.9999999964587217
0.7994154,0.055810057,0.02682703,0.29676148,0.20706943,607,0,0,0,0.9999875757620598,1.2424237940216624e-05
0.7101066,0.03554763,0.024748832,0.13007492,0.11969886,608,0,0,1,0.3253651733034103,0.6746348266965897
0.7517518,0.05156165,0.041368462,0.21272321,0.07921909,609,0,0,1,0.21662077886347772,0.7833792211365225
0.70920897,0.06389707,0.056400195,0.40879315,0.044454545,610,0,0,1,0.12479404184046629,0.8752059581595337
0.65399826,0.05260404,0.02760423,0.31734666,0.20039198,611,0,0,0,0.9968214697604282,0.003178530239571636
0.7912644,0.07650928,0.080188535,0.1440011,0.12449596,612,0,0,1,0.2846369545595846,0.7153630454404152
0.65669113,0.05596176,0.040320642,0.21832559,0.13216105,613,0,1,0,0.6779341950965063,0.3220658049034934
0.62758213,0.063066445,0.03290513,0.4124316,0.17337787,614,0,0,0,0.9998711424074552,0.0001288575925448064
0.69522893,0.034220394,0.024136217,0.11269967,0.101986684,615,0,0,1,0.3137171398472205,0.6862828601527794
0.7095771,0.05709658,0.056869853,0.5321216,0.09473119,616,0,0,1,0.07415820749381936,0.9258417925061805
0.7344473,0.052985977,0.030432375,0.44364038,0.15757376,617,0,0,0,0.9803497138842474,0.01965028611575257
0.8204914,0.09332279,0.07875811,0.16724665,0.12613304,618,0,0,0,0.9999949092877617,5.090712238376027e-06
0.7038139,0.05532973,0.038920976,0.22544198,0.13619296,619,0,1,0,0.7151111698071343,0.28488883019286587
0.659202,0.051954344,0.027626403,0.237489,0.18071917,620,0,0,0,0.998140551124719,0.0018594488752810337
0.7271627,0.05218121,0.036723565,0.33566794,0.10419521,621,0,0,1,0.23982885338075172,0.760171146619248
0.74336296,0.059006058,0.05333566,0.28429565,0.240164,622,0,0,1,0.17631430015435895,0.8236856998456409
0.7012722,0.04843635,0.037419453,0.45611677,0.21154268,623,0,0,1,0.234187466517152,0.765812533482848
0.7232258,0.052854583,0.02831948,0.32888559,0.13165031,624,0,0,0,0.9839940932883315,0.016005906711668603
0.64710057,0.06795516,0.042263083,0.38985106,0.2175921,625,0,0,0,0.9991920281221369,0.0008079718778630783
0.74102426,0.041989744,0.027416324,0.2571669,0.16514681,626,0,0,1,0.32562969261939684,0.6743703073806033
0.9085524,0.04126805,0.047687314,0.3638405,0.04335108,627,0,0,1,0.15287111432442957,0.8471288856755703
0.7827556,0.051596396,0.053205382,0.4334623,0.27334648,628,0,0,1,0.07169930199667497,0.9283006980033249
0.7063634,0.23930992,0.29911685,0.42465526,0.5460512,629,0,0,0,0.9999998999999902,1.0000000994736041e-07
0.7099556,0.037371803,0.029058697,0.21757679,0.23248412,630,0,0,1,0.3510320629719203,0.6489679370280795
0.7521825,0.054878186,0.040448207,0.33712676,0.17652145,631,0,0,1,0.2408364881290221,0.7591635118709776
0.674049,0.04518921,0.03063436,0.22046816,0.13342655,632,0,0,1,0.3178290916508782,0.6821709083491218
0.7243403,0.052001044,0.036881197,0.41630715,0.17308758,633,0,0,1,0.2625921186566502,0.7374078813433498
0.6251603,0.055865347,0.043457586,0.380526,0.20294833,634,0,0,1,0.22444115377716986,0.7755588462228299
0.5743715,0.030346233,0.04310653,0.2181322,0.3098913,635,0,0,1,0.06262215258680455,0.9373778474131954
0.6207343,0.06092645,0.048103146,0.3920005,0.14060177,636,0,0,1,0.18265613040821238,0.8173438695917877
0.684289,0.0509189,0.028122364,0.2796043,0.18478352,637,0,0,0,0.9852359004548052,0.014764099545194745
0.73030037,0.053959955,0.041978143,0.4317092,0.20050663,638,0,0,1,0.16766473107670252,0.8323352689232973
0.6080978,0.042958204,0.031749252,0.21012202,0.15901023,639,0,0,1,0.2635323967125061,0.7364676032874942
0.6383731,0.0783807,0.06291131,0.22145772,0.08106479,640,0,0,0,0.9797566379643233,0.02024336203567651
0.6623643,0.040871304,0.027927563,0.2447767,0.19602779,641,0,0,1,0.28512254421928634,0.7148774557807137
0.78584933,0.04578691,0.02459258,0.24443464,0.10788306,642,0,0,0,0.9928606514220166,0.007139348577983483
0.7253518,0.043739058,0.029702222,0.24415463,0.17225964,643,0,0,1,0.3134906476450472,0.6865093523549528
0.6175956,0.039697215,0.027807305,0.19683854,0.12618946,644,0,0,1,0.2687370073817149,0.7312629926182853
0.6767005,0.05844863,0.046056516,0.45134938,0.13571268,645,0,0,1,0.18179290718774943,0.8182070928122506
0.6941824,0.18078744,0.1574263,0.16887066,0.0771611,646,0,0,0,0.9999998999999902,1.0000000994736041e-07
0.6220423,0.037751716,0.023937928,0.2446576,0.10640905,647,0,0,1,0.354820466880643,0.645179533119357
0.6991204,0.056303192,0.028295076,0.29698843,0.101511545,648,0,0,0,0.9991977537888526,0.0008022462111473604
0.6590604,0.05219038,0.03809892,0.318321,0.20280175,649,0,0,1,0.26946747548778766,0.7305325245122122
0.6636986,0.045635007,0.031759236,0.21804799,0.15666348,650,0,0,1,0.32382165488776116,0.6761783451122387
0.7233796,0.040986225,0.02765042,0.20203406,0.11649102,651,0,0,1,0.27702439805995954,0.7229756019400406
0.61200064,0.052289367,0.038276974,0.3428719,0.10658263,652,0,0,1,0.36409247306294606,0.635907526937054
0.6944066,0.048223842,0.032243423,0.27127713,0.11982953,653,0,0,1,0.3060370558395081,0.693962944160492
0.5458501,0.058393255,0.32881662,0.4085189,0.48444974,654,0,0,1,3.00000089999998e-14,0.9999999999999699
0.724983,0.043864917,0.027029386,0.3173193,0.14864586,655,0,0,1,0.30987387017326173,0.6901261298267382
0.6836401,0.06835573,0.03652761,0.39409563,0.060323216,656,0,0,0,0.9999881891220527,1.181087794719122e-05
0.69457096,0.052303232,0.03731109,0.20113513,0.12343675,657,0,0,0,0.6065315524038801,0.3934684475961199
0.64391935,0.044540085,0.032690905,0.20212898,0.102307916,658,0,0,1,0.19171996763850818,0.8082800323614918
0.62956727,0.14150596,0.36737388,0.47046182,0.24623378,659,0,0,1,3.00000089999998e-14,0.9999999999999699
0.6300008,0.04419578,0.032012638,0.20605956,0.14639495,660,0,0,1,0.24432399992954792,0.755676000070452
0.6926846,0.07105802,0.04074872,0.36921373,0.13645382,661,0,0,0,0.9996487059243799,0.0003512940756200997
0.5792294,0.024438655,0.029200088,0.17648965,0.26658687,662,0,0,1,0.1338113909668228,0.866188609033177
0.91285586,0.03617845,0.043823365,0.3660334,0.054400172,663,0,0,1,0.06789434866349196,0.9321056513365082
0.632113,0.058710925,0.046474803,0.42443892,0.17396025,664,0,0,1,0.1982521478526996,0.8017478521473005
0.6145271,0.0649247,0.05269248,0.35123155,0.1516261,665,0,0,1,0.1384091018045194,0.8615908981954805
0.6636827,0.055753633,0.03974909,0.38615668,0.16892265,666,0,0,1,0.30396312969731387,0.6960368703026862
0.63154197,0.05455679,0.04298643,0.34922543,0.081976414,667,0,0,1,0.15168414736278937,0.8483158526372108
0.59964836,0.06310682,0.050814234,0.2858677,0.1340668,668,0,0,1,0.29377483288652606,0.7062251671134739
0.6969608,0.050123323,0.040468633,0.29028988,0.23739357,669,0,0,1,0.21821603862841665,0.7817839613715832
0.74336475,0.060902122,0.054709498,0.15061669,0.10495293,670,0,0,1,0.252747387273891,0.7472526127261089
0.66023237,0.054448023,0.03811892,0.3470808,0.11974011,671,0,0,1,0.3223280730709933,0.6776719269290068
0.78495616,0.056804936,0.044361066,0.32903332,0.15904233,672,0,0,1,0.1959683411715557,0.8040316588284442
0.65746397,0.16261065,0.2810973,0.46964517,0.26437438,673,0,0,1,0.025827241653379223,0.974172758346621
0.69536114,0.1626189,0.24977778,0.34961,0.14407805,674,0,0,1,9.669406382984583e-09,0.9999999903305936
0.6893601,0.05393719,0.039563067,0.35426882,0.20798561,675,0,0,1,0.26673121621475404,0.7332687837852461
0.63724196,0.05424897,0.039495923,0.3206971,0.1769575,676,0,0,1,0.26339401081683345,0.7366059891831666
0.7088908,0.058746878,0.03028742,0.36661887,0.19121435,677,0,0,0,0.9991366636300812,0.0008633363699187251
0.72371393,0.11505311,0.124342114,0.23862831,0.096723296,678,0,0,1,0.24370595553330354,0.7562940444666962
0.71685433,0.041283485,0.028490417,0.21699886,0.1422683,679,0,0,1,0.1538784575294444,0.8461215424705555
0.71742755,0.042168688,0.029433021,0.20102817,0.15935764,680,0,0,1,0.2987535448147238,0.7012464551852761
0.665324,0.051886387,0.029943926,0.36486486,0.11982249,681,0,0,0,0.9383429284685977,0.061657071531402506
0.7297856,0.036746874,0.02181231,0.19942576,0.12608491,682,0,0,0,0.5210175898945036,0.47898241010549636
0.6879678,0.061935004,0.04784535,0.43125424,0.15259147,683,0,0,1,0.21386321347221185,0.786136786527788
0.6298057,0.04394361,0.042323224,0.28938946,0.28024176,684,0,0,1,0.1209067194452423,0.8790932805547574
0.62786233,0.056489743,0.055994403,0.5281419,0.13202216,685,0,0,1,0.13720690673208955,0.8627930932679106
0.80196327,0.066181764,0.067374125,0.51804745,0.10222191,686,0,0,1,0.07569985457964461,0.9243001454203554
0.69811076,0.09686454,0.104953624,0.17251089,0.10427356,687,0,0,1,0.04626719453079656,0.9537328054692036
0.63761264,0.059616204,0.03225403,0.3538924,0.10234671,688,0,0,0,0.999259281497963,0.000740718502037103
0.70681804,0.038238876,0.050204393,0.27946115,0.3351248,689,0,0,1,0.058671604519832866,0.9413283954801672
0.6714161,0.053970512,0.03845446,0.3518062,0.18731195,690,0,0,1,0.26463952740578833,0.7353604725942116
0.8912837,0.05143227,0.053215813,0.44099534,0.14535594,691,0,0,1,0.12879444292366427,0.871205557076336
0.69453114,0.031437233,0.018008826,0.17614503,0.14092112,692,0,0,1,0.35266090564119995,0.6473390943588
0.70347327,0.04880509,0.031818602,0.37333685,0.11385898,693,0,0,1,0.3847915559350716,0.6152084440649284
0.7386315,0.04341367,0.017585935,0.22630864,0.1708283,694,0,0,0,0.9993919391662792,0.0006080608337208156
0.83947146,0.051272828,0.026179364,0.30612245,0.08378139,695,0,0,0,0.9999183867822262,8.161321777375794e-05
0.68619907,0.06560576,0.05534592,0.23125838,0.17941856,696,0,0,1,0.27373440145483,0.72626559854517
0.7842791,0.05643033,0.043723475,0.32681194,0.17290507,697,0,0,1,0.2788528228997843,0.7211471771002159
0.6699036,0.036286782,0.02489668,0.15110277,0.12228558,698,0,0,1,0.24469371888933417,0.7553062811106659
0.69589597,0.08028342,0.06950441,0.29966414,0.096592404,699,0,0,1,0.20397747947418168,0.7960225205258182
0.72057265,0.042607933,0.038346887,0.2073202,0.0042276788,700,0,0,1,0.20342910682021234,0.7965708931797877
0.56461287,0.06618193,0.040074755,0.33969814,0.17627086,701,0,0,0,0.9998534306655207,0.0001465693344792199
0.706092,0.042626273,0.028196823,0.20885535,0.10860005,702,0,0,1,0.3717757014888574,0.6282242985111425
0.7053627,0.055516604,0.03864798,0.3302818,0.10810069,703,0,0,1,0.3945112285851988,0.6054887714148011
0.74915063,0.05974232,0.038485028,0.26993933,0.18138748,704,0,0,0,0.9914885940146955,0.00851140598530456
0.78193384,0.050331775,0.02713887,0.29499295,0.15235716,705,0,0,0,0.9941708307218707,0.005829169278129234
0.7080139,0.0627027,0.047684193,0.34316966,0.16375494,706,0,0,1,0.19087586818659297,0.8091241318134069
0.73396814,0.044085708,0.029892677,0.22373363,0.11963987,707,0,0,1,0.33547579866158633,0.6645242013384137
0.65764296,0.05868896,0.04226014,0.3481251,0.14435208,708,0,0,1,0.3201018120720865,0.6798981879279139
0.6484205,0.07647921,0.06668821,0.41780254,0.10965686,709,0,0,1,0.10864138580241392,0.891358614197586
0.7492083,0.048616808,0.043501664,0.30581874,0.2566841,710,0,0,1,0.14218363883402974,0.8578163611659702
0.5969786,0.048341054,0.04038878,0.44301683,0.12649034,711,0,0,1,0.16597713742287215,0.8340228625771278
0.7050062,0.042110298,0.033001542,0.22679844,0.2222368,712,0,0,1,0.2548717029587203,0.7451282970412797
0.74234337,0.047052894,0.021954585,0.10797403,0.054919478,713,0,0,0,0.9999697203573625,3.0279642637390116e-05
0.70823145,0.05393205,0.045607377,0.3082645,0.24497126,714,0,0,1,0.1787221724253295,0.8212778275746706
0.7354891,0.047336657,0.031632498,0.31541228,0.09429639,715,0,0,1,0.3534910371425996,0.6465089628574003
0.7198262,0.08695193,0.056642823,0.22395398,0.09887385,716,0,0,0,0.9999981680429818,1.8319570182420767e-06
0.70248294,0.1119622,0.14491704,0.17106691,0.21263796,717,0,0,1,0.024182534108629163,0.9758174658913709
0.64329046,0.06823093,0.05434378,0.336688,0.16346607,718,0,0,1,0.22389531111192987,0.77610468888807
0.6597792,0.03910678,0.02797647,0.18446492,0.1800055,719,0,0,1,0.2970798283335489,0.7029201716664514
0.69879806,0.041345276,0.028942522,0.18064249,0.1392532,720,0,0,1,0.2578900172212628,0.7421099827787371
0.68473655,0.047857832,0.040720403,0.33164188,0.26414117,721,0,0,1,0.1742769544690163,0.8257230455309837
0.73621094,0.059689898,0.049952913,0.20648615,0.15647967,722,0,0,1,0.2559231423027871,0.7440768576972128
0.6823589,0.064374074,0.04069114,0.2416299,0.16069484,723,0,0,0,0.9973583353141248,0.0026416646858752764
0.52962667,0.05640344,0.058757138,0.44685528,0.13124737,724,0,0,1,0.06640339736590219,0.9335966026340978
0.6723741,0.05259461,0.035604052,0.24723059,0.1196118,725,0,1,0,0.6280891117713657,0.3719108882286343
0.63161767,0.04036966,0.04022741,0.22508234,0.2710455,726,0,0,1,0.1384391791993617,0.8615608208006383
0.7389599,0.107633434,0.090686955,0.31883067,0.103311405,727,0,0,0,0.9989739793634723,0.0010260206365278024
0.67198944,0.06480295,0.053774323,0.24216253,0.07903993,728,0,0,1,0.22931726751069845,0.7706827324893015
0.6649569,0.036109082,0.024214018,0.13783333,0.07874771,729,0,1,0,0.519592613445879,0.4804073865541211
0.74532634,0.14074796,0.33742023,0.45617187,0.3278,730,0,0,1,2.608337815507118e-08,0.9999999739166218
0.6607961,0.17847034,0.28959057,0.4554402,0.15828998,731,0,0,1,0.03435024082384262,0.9656497591761575
0.6838773,0.05395347,0.03942938,0.23369344,0.07447052,732,0,1,0,0.5924193426026623,0.4075806573973377
0.7540494,0.07177284,0.037837364,0.31191397,0.2702133,733,0,0,0,0.9999998999999902,1.0000000994736041e-07
0.8521725,0.05464579,0.054763917,0.48946944,0.12474866,734,0,0,1,0.12828273280702515,0.8717172671929748
0.6511768,0.04950851,0.034435637,0.21478339,0.09034435,735,0,1,0,0.6558430487044312,0.3441569512955686
0.81449246,0.060868923,0.05151514,0.3465133,0.11637649,736,0,0,1,0.13666047964568584,0.8633395203543139
0.7049467,0.05637198,0.040343013,0.38887352,0.16655423,737,0,0,1,0.2578557431897349,0.742144256810265
0.66498035,0.051636245,0.03647944,0.32303002,0.19174998,738,0,0,1,0.28287139962622254,0.7171286003737775
0.7318547,0.08723234,0.090262204,0.16595387,0.15949355,739,0,0,1,0.3100184793022664,0.6899815206977337
0.76772416,0.050827447,0.038900506,0.18190956,0.101764016,740,0,1,0,0.6607176842837887,0.33928231571621126
0.6266013,0.06651289,0.041695204,0.27971894,0.0834029,741,0,0,0,0.9992826131448405,0.0007173868551596418
0.7673392,0.075686775,0.043594398,0.38098916,0.2706955,742,0,0,0,0.9999998320472019,1.6795279812199556e-07
0.71381724,0.05645692,0.042172875,0.4240126,0.17376484,743,0,0,1,0.2085281262045348,0.7914718737954654
0.83735245,0.07405166,0.07176685,0.26524413,0.121395454,744,0,0,1,0.2335729267628591,0.7664270732371407
0.7093046,0.035493214,0.025799543,0.13717557,0.16298363,745,0,0,1,0.3348175428125755,0.6651824571874245
0.71659434,0.05960596,0.043741364,0.3597619,0.11847027,746,0,0,1,0.25149123262218237,0.7485087673778178
0.6071105,0.046037145,0.023890942,0.18208495,0.18131946,747,0,0,0,0.9993735137035896,0.0006264862964103397
0.72737455,0.048908792,0.032089505,0.3733624,0.124080054,748,0,0,1,0.34275226381906265,0.6572477361809373
0.6214915,0.098652475,0.08416094,0.21389961,0.1912057,749,0,0,0,0.9998607185173668,0.00013928148263330512
0.8142362,0.09039334,0.113962084,0.14871034,0.18917784,750,0,0,1,0.09825221182191654,0.9017477881780832
0.61993647,0.06888311,0.057826795,0.26795903,0.11453578,751,0,0,1,0.2114157924103127,0.7885842075896872
0.65217674,0.0634789,0.04945329,0.32465535,0.17857355,752,0,0,1,0.22399279794820004,0.7760072020518
0.61627567,0.07560597,0.06430499,0.2778596,0.1376202,753,0,0,1,0.3427239682753179,0.6572760317246821
0.6534562,0.03979448,0.026041338,0.24354142,0.18900754,754,0,0,1,0.35485931980781504,0.645140680192185
0.70256793,0.16648245,0.2529667,0.41715243,0.22177047,755,0,0,1,0.05589509631973573,0.9441049036802643
0.7652626,0.03075405,0.0238167,0.13629594,0.058134276,756,0,0,1,0.23299705828712355,0.7670029417128765
0.745679,0.06155754,0.04756098,0.3405148,0.17778249,757,0,0,1,0.2389758866020385,0.7610241133979614
0.73819155,0.043583427,0.02133891,0.24728423,0.1783977,758,0,0,0,0.9916187233024321,0.008381276697567922
0.67122376,0.05694249,0.030536395,0.21941534,0.21650094,759,0,0,0,0.9999592339569234,4.076604307644293e-05
0.661529,0.21495213,0.28051442,0.5004597,0.29006505,760,0,0,0,0.9999998999999902,1.0000000994736041e-07
0.7248483,0.052723207,0.031556502,0.2720276,0.23735027,761,0,0,0,0.998733044433985,0.0012669555660150425
0.6556996,0.06210336,0.054617062,0.49518716,0.14723857,762,0,0,1,0.17145305554970622,0.8285469444502939
0.7306677,0.051186867,0.034623373,0.21991877,0.11170547,763,0,1,0,0.779859113513881,0.22014088648611896
0.69617397,0.04856098,0.034853753,0.33372626,0.21822752,764,0,0,1,0.2805140600270551,0.719485939972945
0.7811247,0.11600867,0.16756433,0.25443286,0.28214878,765,0,0,1,0.02723704673382279,0.9727629532661771
0.78768367,0.057577427,0.046725348,0.42519408,0.19088511,766,0,0,1,0.26068405046287396,0.7393159495371261
0.8051385,0.06468867,0.05821111,0.3978204,0.075691596,767,0,0,1,0.08789851971405549,0.9121014802859444
0.64406526,0.10347193,0.110748865,0.22304204,0.17813885,768,0,0,1,0.12001859038172155,0.8799814096182785
0.67718506,0.04463724,0.030601248,0.23112485,0.1629277,769,0,0,1,0.2700963613935768,0.729903638606423
0.62557197,0.050092723,0.038974706,0.24011865,0.0794315,770,0,0,1,0.21372765368957697,0.7862723463104233
0.61191624,0.08162183,0.061369248,0.32568488,0.20155114,771,0,0,0,0.996979204609621,0.0030207953903790895
0.49075356,0.04545216,0.09528856,0.5676144,0.03795278,772,0,0,1,0.007867934965983711,0.9921320650340163
0.7419836,0.052147724,0.045983084,0.3148942,0.24411161,773,0,0,1,0.08028406452202337,0.9197159354779765
0.5950968,0.0544506,0.043630425,0.40858155,0.17559186,774,0,0,1,0.2232722136823308,0.776727786317669
0.86683714,0.07044467,0.044702627,0.17202426,0.09364388,775,0,0,0,0.9999998960597387,1.0394026132120242e-07
0.5880931,0.054579943,0.050453387,0.44601196,0.096778005,776,0,0,1,0.09345372563278409,0.9065462743672159
0.6589451,0.10713081,0.12227431,0.18044543,0.16736767,777,0,0,1,0.07970406085191835,0.9202959391480815
0.71084106,0.028169634,0.038895506,0.23169921,0.32105783,778,0,0,1,0.05698476499185074,0.9430152350081493
0.76480246,0.037413705,0.025703335,0.24559802,0.19266084,779,0,0,1,0.3451258788040642,0.6548741211959361
0.7261685,0.06891539,0.03681003,0.3789071,0.10731355,780,0,0,0,0.9999237147654867,7.628523451337135e-05
0.63294464,0.05144776,0.047229107,0.5112989,0.1697015,781,0,0,1,0.17236439612071736,0.8276356038792825
0.69318706,0.06714032,0.06103141,0.4770764,0.07800125,782,0,0,1,0.11722112880048427,0.8827788711995157
0.68117845,0.0640703,0.05308707,0.36800626,0.22543807,783,0,0,1,0.18832161130266714,0.811678388697333
0.6711976,0.06263303,0.03642344,0.3264032,0.19702001,784,0,0,0,0.9984106601589777,0.0015893398410223387
0.75708014,0.054213226,0.03893877,0.35643497,0.17259054,785,0,0,1,0.31740546410949083,0.6825945358905092
0.7497977,0.059691917,0.060737595,0.49360257,0.2480681,786,0,0,1,0.07377499891958315,0.9262250010804167
0.7181828,0.07344213,0.057810407,0.3347539,0.16050395,787,0,0,0,0.5,0.5
0.67249274,0.08717368,0.087891646,0.16334729,0.11687219,788,0,0,1,0.1770365627980108,0.8229634372019891
0.70438206,0.05892115,0.045112647,0.33630943,0.08505784,789,0,0,1,0.1863082311871081,0.8136917688128921
0.86576635,0.05259275,0.028446198,0.23270033,0.05342859,790,0,0,0,0.9999971960896172,2.8039103828347304e-06
0.7429492,0.042911034,0.030693501,0.16213389,0.09956924,791,0,1,0,0.5378204603023204,0.4621795396976797
0.62849844,0.06310102,0.049421355,0.37406075,0.14416729,792,0,0,1,0.19466855476230796,0.805331445237692
0.6004369,0.05102603,0.037482493,0.3492052,0.15095116,793,0,0,1,0.2701356888697252,0.7298643111302745
0.64814085,0.081653796,0.07867484,0.24341711,0.03984839,794,0,0,1,0.18881234395074448,0.8111876560492552
0.75783014,0.051674448,0.03808623,0.27142486,0.115396604,795,0,0,1,0.23626725466273513,0.7637327453372649
0.6631706,0.035462767,0.020605179,0.19061805,0.12834312,796,0,1,0,0.5,0.5
0.686488,0.056360256,0.048127897,0.44897252,0.23388143,797,0,0,1,0.16504380976512095,0.834956190234879
0.68746984,0.072596714,0.05804669,0.3315476,0.122018166,798,0,0,1,0.26772775175562186,0.7322722482443783
0.6995799,0.04932045,0.024051318,0.22382791,0.10854575,799,0,0,0,0.9981067913952546,0.0018932086047453237
0.751934,0.046714768,0.033117745,0.25708464,0.15451543,800,0,0,1,0.2487549519380692,0.7512450480619307
0.74415964,0.056946144,0.04271586,0.3430232,0.18586278,801,0,0,1,0.24556840066819333,0.7544315993318067
0.68196386,0.048043504,0.040070668,0.33717236,0.2592313,802,0,0,1,0.17392192291681396,0.826078077083186
0.7385999,0.059854176,0.06681252,0.24466671,0.28479135,803,0,0,1,0.0992705537106368,0.9007294462893634
0.6989647,0.08183971,0.079043515,0.123925164,0.13131884,804,0,0,0,0.8375622045761782,0.16243779542382158
0.69513386,0.060710736,0.045009512,0.41032138,0.1453587,805,0,0,1,0.28089602638309363,0.7191039736169064
0.7279514,0.071930334,0.045491602,0.33106354,0.14467955,806,0,0,0,0.9980865692073608,0.0019134307926392414
0.589514,0.0330137,0.026396582,0.15401524,0.17196973,807,0,0,1,0.2273823982808359,0.772617601719164
0.77057457,0.0774692,0.0678142,0.30916524,0.14446677,808,0,0,1,0.2113729002257434,0.7886270997742565
0.7332498,0.042589415,0.032831017,0.26084125,0.22616574,809,0,0,1,0.259270269684379,0.7407297303156211
0.6553626,0.11010357,0.101890266,0.27543253,0.14477108,810,0,0,0,0.9769918271578417,0.0230081728421582
0.70054644,0.07347899,0.0435015,0.28941885,0.11260584,811,0,0,0,0.999899428522521,0.00010057147747907335
0.6486109,0.04797971,0.031563282,0.29904917,0.13855758,812,0,0,1,0.35270876060871803,0.6472912393912819
0.8389213,0.06286536,0.06755079,0.50078833,0.19066612,813,0,0,1,0.052102299271665535,0.9478977007283343
0.7354152,0.061211385,0.045872584,0.34244478,0.13997641,814,0,0,1,0.2289719454147119,0.7710280545852882
0.60776633,0.0,0.22877821,0.28240398,0.55944014,815,0,0,1,3.00000089999998e-14,0.9999999999999699
0.7056228,0.04195584,0.044461057,0.2342334,0.2857128,816,0,0,1,0.10579676693450654,0.8942032330654935
0.80777556,0.055556603,0.045203514,0.40353286,0.17663962,817,0,0,1,0.2138607899375033,0.7861392100624967
0.7663157,0.052864164,0.03941925,0.35627177,0.18074813,818,0,0,1,0.1954484576341439,0.8045515423658562
0.70443225,0.05723003,0.04253167,0.38802406,0.1956613,819,0,0,1,0.25256935898855154,0.7474306410114485
0.6537831,0.06260417,0.05319226,0.2913876,0.21956004,820,0,0,1,0.16999215934344117,0.8300078406565587
0.66195554,0.05828909,0.05398588,0.20240578,0.22502251,821,0,0,1,0.20875030151847657,0.7912496984815235
0.5877763,0.05943775,0.04840028,0.3610939,0.12752578,822,0,0,1,0.18774529227809272,0.8122547077219073
0.6413926,0.05524871,0.027727809,0.3553455,0.12883902,823,0,0,0,0.9986040290667383,0.0013959709332617776
0.7491757,0.032916427,0.023246717,0.14131707,0.111921586,824,0,0,1,0.23993879092494266,0.7600612090750574
0.7832907,0.08140601,0.044726178,0.5369403,0.07411796,825,0,0,0,0.9999998999999902,1.0000000994736041e-07
0.7263677,0.05409277,0.047493972,0.46758637,0.2319225,826,0,0,1,0.14154481179321318,0.8584551882067869
0.70938975,0.09630984,0.09155113,0.28318915,0.14979301,827,0,0,1,0.2216483906318503,0.7783516093681497
0.6564412,0.07033466,0.0577714,0.25213465,0.14087132,828,0,0,1,0.34262280799180556,0.6573771920081944
0.6906532,0.05554931,0.046954922,0.21801747,0.20878795,829,0,0,1,0.27031818684119996,0.7296818131588001
0.72651273,0.05458248,0.029823696,0.34637898,0.15218095,830,0,0,0,0.9851881538213212,0.014811846178678728
0.5395993,0.05979044,0.032494113,0.3216768,0.1786472,831,0,0,0,0.9999800429225822,1.995707741778372e-05
0.6979611,0.06375398,0.046598382,0.33820277,0.107510395,832,0,0,0,0.5210128914647372,0.4789871085352628
0.78616214,0.06740164,0.055210926,0.31804574,0.10084773,833,0,0,1,0.3882925984046894,0.6117074015953106
0.59717435,0.048322454,0.034788817,0.32919633,0.16937253,834,0,0,1,0.31477273915079773,0.6852272608492025
0.6593698,0.032083817,0.012608999,0.10204678,0.08803418,835,0,0,0,0.9948004442135363,0.005199555786463812
0.5791576,0.0969451,0.10057964,0.18926534,0.15308292,836,0,0,0,0.5695946354033905,0.4304053645966094
0.66879064,0.09925035,0.104022086,0.1765472,0.1654164,837,0,0,0,0.5230379138232263,0.47696208617677366
0.7856316,0.05423652,0.041714452,0.3618433,0.1715443,838,0,0,1,0.18913035057787328,0.8108696494221268
0.6315147,0.054186787,0.041551523,0.37861243,0.09287538,839,0,0,1,0.23273062878809098,0.7672693712119092
0.7918007,0.06273781,0.055561107,0.22983602,0.16070673,840,0,0,1,0.29940420895046344,0.7005957910495367
0.6631831,0.09182244,0.080967635,0.20923552,0.085583724,841,0,0,0,0.9745681892717908,0.025431810728209242
0.58526856,0.05208128,0.02721563,0.23907337,0.19664924,842,0,0,0,0.9998660892595016,0.0001339107404984278
0.53899384,0.046676245,0.046254452,0.38245374,0.08121027,843,0,0,1,0.06434976460046908,0.935650235399531
0.6352267,0.043241847,0.031235525,0.17949271,0.12296732,844,0,0,1,0.309401323641549,0.690598676358451
0.72098374,0.06401941,0.04040644,0.22419415,0.09717088,845,0,0,0,0.9985023630457867,0.0014976369542133688
0.69576293,0.08101647,0.06520856,0.34644222,0.10883477,846,0,1,0,0.6642558605618046,0.3357441394381954
0.7121266,0.039794635,0.0316363,0.1175996,0.11735658,847,0,0,1,0.17573003557747996,0.8242699644225201
0.66723925,0.041092567,0.03348515,0.21646532,0.22801922,848,0,0,1,0.2051797681510031,0.7948202318489969
0.73492455,0.04501859,0.130962,0.16201921,0.42523703,849,0,0,1,1.1385244649858578e-05,0.9999886147553502
0.720067,0.05633172,0.04303151,0.24412924,0.107374735,850,0,0,1,0.2389395542506888,0.7610604457493111
0.69257987,0.04199721,0.031399023,0.121995546,0.113308825,851,0,0,1,0.4174715882159688,0.5825284117840311
0.73928434,0.06176059,0.047483675,0.34539643,0.18115494,852,0,0,1,0.2548507766935926,0.7451492233064073
0.68196076,0.06475692,0.04883901,0.32970294,0.12906015,853,0,0,1,0.29680195436359214,0.7031980456364079
0.75028527,0.043916427,0.022086862,0.19208615,0.10757512,854,0,0,0,0.9953918727085858,0.004608127291414288
0.71186996,0.04950875,0.06301081,0.110894136,0.26269928,855,0,0,1,0.10255411093347781,0.8974458890665225
0.68132013,0.025822625,0.016557671,0.09666883,0.08262156,856,0,0,1,0.28925442393869893,0.710745576061301
0.5809108,0.049062602,0.037769396,0.21555221,0.15931678,857,0,1,0,0.5559784336718779,0.4440215663281222
0.621393,0.05309986,0.039464626,0.37617287,0.108289294,858,0,0,1,0.3033948727957663,0.6966051272042336
0.6730119,0.04138902,0.03278341,0.22143757,0.21981297,859,0,0,1,0.17731735203173693,0.8226826479682631
0.7177788,0.03962952,0.017729575,0.16861941,0.14548795,860,0,0,0,0.9958190033451758,0.004180996654824224
0.6713813,0.07919065,0.064179726,0.19739257,0.35895574,861,0,0,0,0.9999998999999902,1.0000000994736041e-07
0.7120915,0.04891283,0.045525335,0.11579803,0.18619546,862,0,0,1,0.3049850313093203,0.6950149686906796
0.68937665,0.07066365,0.0884156,0.118668765,0.2204926,863,0,0,1,0.004002824354288455,0.9959971756457117
0.6616112,0.06255108,0.037321873,0.36708355,0.16734195,864,0,0,0,0.9922805772925039,0.007719422707496079
0.66934335,0.03618456,0.021342596,0.20148227,0.12829754,865,0,0,1,0.41657004084328814,0.5834299591567117
0.65970796,0.058429115,0.052838296,0.12189761,0.106640674,866,0,0,1,0.19155124326469436,0.8084487567353057
0.76927847,0.06574446,0.049730875,0.2209798,0.19291134,867,0,0,0,0.9950611317983373,0.004938868201662744
0.7036616,0.058808893,0.047616627,0.23347554,0.18292698,868,0,0,1,0.2684322878994814,0.7315677121005186
0.6162648,0.053694125,0.040107284,0.30589148,0.15590703,869,0,0,1,0.1997442205089366,0.8002557794910634
0.6789619,0.078883335,0.071237706,0.22216566,0.101397045,870,0,0,1,0.21517290229975886,0.7848270977002412
0.5812348,0.056825038,0.048395082,0.423094,0.18258792,871,0,0,1,0.21281944274578318,0.7871805572542169
0.6075143,0.056479726,0.045744777,0.4249692,0.15101859,872,0,0,1,0.17948144382615708,0.8205185561738431
0.66489553,0.05329623,0.038039546,0.4094897,0.15371463,873,0,0,1,0.25594333919759193,0.7440566608024083
0.64154714,0.046641365,0.031471055,0.2648642,0.14198852,874,0,0,1,0.30620449494166135,0.6937955050583386
0.7875812,0.046865266,0.033823855,0.40203074,0.16928348,875,0,0,1,0.25428908256808,0.7457109174319203
0.67269355,0.06372704,0.046364278,0.33990073,0.19137205,876,0,1,0,0.6872495251992529,0.312750474800747
0.7369942,0.040003154,0.03196649,0.22261088,0.21827197,877,0,0,1,0.20516137183487146,0.7948386281651285
0.64290994,0.048587263,0.041036528,0.30614078,0.25671175,878,0,0,1,0.2380649690582588,0.7619350309417414
0.69459796,0.06764682,0.05338988,0.37528217,0.1169044,879,0,0,1,0.1675244659522397,0.8324755340477603
0.6777268,0.07366815,0.061082233,0.43195635,0.18405475,880,0,0,1,0.2987144690929309,0.701285530907069
0.84204865,0.052871965,0.028022723,0.31426874,0.07617376,881,0,0,0,0.9999320623794918,6.793762050814736e-05
0.7233417,0.036946468,0.029283788,0.11014898,0.086041555,882,0,0,1,0.1857303425870447,0.8142696574129554
0.6439964,0.058316674,0.044337623,0.40255144,0.13293488,883,0,0,1,0.20820369365725436,0.7917963063427456
0.64355314,0.04486864,0.032203734,0.23015113,0.17861587,884,0,0,1,0.27102393177704326,0.7289760682229568
0.7580501,0.055975046,0.031175649,0.20409739,0.08080001,885,0,0,0,0.9997374653876354,0.0002625346123645493
0.7817618,0.04051203,0.02998802,0.24618962,0.07976957,886,0,0,1,0.1980589595680697,0.8019410404319304
0.7304136,0.043442838,0.03449133,0.22688481,0.20781767,887,0,0,1,0.1667601857738633,0.8332398142261368
0.70921457,0.063107446,0.05785006,0.13740236,0.15432289,888,0,0,1,0.3591055133143795,0.6408944866856204
0.59980625,0.046279676,0.034877438,0.4162096,0.17049782,889,0,0,1,0.27365487606678723,0.7263451239332127
0.7073043,0.048831567,0.034070592,0.22050694,0.16319741,890,0,0,0,0.5306729696629842,0.46932703033701567
0.6616723,0.059692584,0.04720869,0.42079636,0.19760992,891,0,0,1,0.19351308185747537,0.8064869181425245
0.7590004,0.05547142,0.041668955,0.35240695,0.18446502,892,0,0,1,0.23622753936771557,0.7637724606322844
0.6836334,0.078592904,0.042773027,0.40084067,0.10957322,893,0,0,0,0.9999943521479185,5.647852081570115e-06
0.6880374,0.044243608,0.028669698,0.2497689,0.11298723,894,0,0,1,0.327146423464034,0.6728535765359661
0.7045384,0.055518895,0.028541442,0.33501184,0.16989537,895,0,0,0,0.9968197010998222,0.0031802989001778513
0.68665105,0.050133843,0.035720367,0.38062248,0.2147588,896,0,0,1,0.3229593245411924,0.6770406754588074
0.7095902,0.09353158,0.090574965,0.23081093,0.108922526,897,0,0,1,0.2522341501336041,0.7477658498663957
0.59856504,0.062259838,0.058273867,0.4872166,0.13815266,898,0,0,1,0.16219301768979782,0.8378069823102021
0.7078207,0.025891649,0.018050816,0.07991584,0.067470476,899,0,0,1,0.307723203398284,0.692276796601716
0.74766004,0.049706157,0.03617382,0.29493257,0.17916623,900,0,0,1,0.20569826232746347,0.7943017376725365
0.7616864,0.046947595,0.034036465,0.3924322,0.08738918,901,0,0,1,0.23600410285963172,0.7639958971403682
0.6273712,0.038091984,0.024607886,0.21293512,0.1451455,902,0,0,1,0.3513619893583973,0.6486380106416031
0.729087,0.03922867,0.027895855,0.1594223,0.124411985,903,0,0,1,0.29434110883876424,0.7056588911612359
0.7556009,0.049117547,0.035059266,0.2540612,0.13033374,904,0,0,1,0.31780371445244804,0.682196285547552
0.64151293,0.06890934,0.054906987,0.37343478,0.12840024,905,0,0,1,0.24001268962964672,0.7599873103703533
0.6239125,0.061436217,0.034901273,0.4153337,0.14223818,906,0,0,0,0.9990105244831171,0.000989475516882969
0.5996012,0.028664105,0.14449865,0.32994774,0.50134134,907,0,0,1,5.682155403432516e-08,0.999999943178446
0.7782568,0.052892976,0.04365804,0.32035092,0.20265195,908,0,0,1,0.10085674162678607,0.899143258373214
0.9111679,0.06513199,0.038161196,0.44147822,0.05931771,909,0,0,0,0.999999869504091,1.3049590901038832e-07
0.7732478,0.065712,0.05394165,0.32464728,0.1141957,910,0,0,1,0.15976953810009764,0.8402304618999022
0.60792017,0.063461654,0.05443684,0.2262398,0.087354824,911,0,0,1,0.24770953982757019,0.75229046017243
0.6532088,0.050692916,0.038239956,0.24214858,0.18485299,912,0,0,1,0.25216765645832556,0.7478323435416744
0.68324757,0.06928096,0.052156426,0.24925777,0.10730767,913,0,0,0,0.8782514076439765,0.12174859235602335
0.69613695,0.051878996,0.04079649,0.35439435,0.23821044,914,0,0,1,0.21492168454596117,0.7850783154540389
0.63055414,0.06184044,0.034858096,0.29096526,0.13631521,915,0,0,0,0.9991000865752809,0.0008999134247190808
0.6851175,0.036284465,0.04912475,0.262583,0.33378312,916,0,0,1,0.03917156196463333,0.9608284380353667
0.6918352,0.05581105,0.041693922,0.28798458,0.19063249,917,0,0,1,0.2880809696101017,0.7119190303898981
0.6351928,0.039656557,0.037111405,0.24535711,0.27052903,918,0,0,1,0.1973636392584285,0.8026363607415714
0.67520356,0.08334107,0.07535712,0.24084899,0.090682186,919,0,0,1,0.31271231740015326,0.687287682599847
0.62939227,0.0951769,0.10646089,0.18467984,0.18674532,920,0,0,1,0.03375720858236817,0.9662427914176317
0.7554614,0.047527496,0.0463216,0.27860177,0.27198395,921,0,0,1,0.1703169355599936,0.8296830644400063
0.52965045,0.07748975,0.046775162,0.36311087,0.07444716,922,0,0,0,0.999999822143902,1.778560980628178e-07
0.69074494,0.07886915,0.07401948,0.18904248,0.14790788,923,0,0,1,0.25503117120440427,0.7449688287955956
0.0,0.12634331,0.090298355,0.32597905,0.0,924,0,0,0,0.9999998999999902,1.0000000994736041e-07
0.60004807,0.04362463,0.032681096,0.18201311,0.15168972,925,0,1,1,0.45483587074218884,0.545164129257811
0.6054548,0.044840276,0.032056164,0.33768386,0.19879255,926,0,0,1,0.29563249999015395,0.7043675000098462
0.67521113,0.05365046,0.03768244,0.3171367,0.16662045,927,0,0,1,0.2566460604175737,0.7433539395824261
0.59315145,0.061570957,0.03459903,0.44583562,0.21402743,928,0,0,0,0.9999529479271819,4.7052072818054e-05
0.6862819,0.059441894,0.03786561,0.29767668,0.15886214,929,0,0,0,0.9419691282857461,0.05803087171425394
0.7759933,0.043919798,0.03237906,0.22962458,0.07495349,930,0,0,1,0.4061882533720575,0.5938117466279424
0.7348676,0.04590963,0.030300612,0.27982968,0.16687128,931,0,0,1,0.36173757390141104,0.6382624260985889
0.6725948,0.060533397,0.0469568,0.2619123,0.14525412,932,0,0,1,0.19789830329519928,0.8021016967048007
0.64700335,0.045099452,0.024421412,0.16381688,0.15340047,933,0,0,0,0.994888355733871,0.005111644266129001
0.69574857,0.044333678,0.028891494,0.25443336,0.15091313,934,0,0,1,0.28418010182899145,0.7158198981710087
0.7258412,0.04828172,0.03131048,0.32356054,0.16702072,935,0,0,1,0.3841078316403329,0.6158921683596671
0.7354635,0.06359446,0.055769093,0.25058314,0.21127112,936,0,0,1,0.28711239794384524,0.7128876020561546
0.692996,0.06706713,0.058920715,0.18045951,0.088372216,937,0,0,1,0.26376420791781424,0.7362357920821857
0.78043014,0.065420724,0.03609889,0.4225622,0.15495229,938,0,0,0,0.99980171005807,0.00019828994192998452
0.6725283,0.038884692,0.026685083,0.18225478,0.16287316,939,0,0,1,0.2997653706700031,0.700234629329997
0.8554449,0.038928814,0.03484261,0.32591456,0.06742798,940,0,0,1,0.15685985063020114,0.8431401493697991
0.6980307,0.055927478,0.04175295,0.30983567,0.193434,941,0,0,1,0.23755463187315615,0.7624453681268438
0.7139803,0.03896192,0.028353924,0.25108886,0.2210083,942,0,0,1,0.25009964738923685,0.7499003526107632
0.62213457,0.0514841,0.037566215,0.27836552,0.16483183,943,0,0,1,0.2806037420825935,0.7193962579174067
0.59275335,0.04660992,0.03653684,0.3326006,0.0879467,944,0,0,1,0.17910180356354446,0.8208981964364556
0.6725755,0.047339752,0.03351032,0.22916612,0.16240522,945,0,0,1,0.2816249683952616,0.7183750316047383
0.74089944,0.044605073,0.028469987,0.28466713,0.11872808,946,0,0,1,0.37467242410439777,0.6253275758956022
0.6355818,0.09729886,0.09308126,0.29237697,0.093190715,947,0,0,1,0.21011172859654412,0.789888271403456
0.80588424,0.06758718,0.06848942,0.14210294,0.12394011,948,0,0,1,0.3946733720500905,0.6053266279499094
0.6469659,0.047104653,0.038092755,0.30694926,0.24455114,949,0,0,1,0.19347914158754315,0.8065208584124568
0.7201093,0.030824207,0.020467257,0.124463834,0.095569775,950,0,0,1,0.300148884218497,0.6998511157815032
0.6817045,0.053719036,0.026701096,0.2836643,0.1546198,951,0,0,0,0.9980644002124407,0.0019355997875593871
0.7607406,0.049189586,0.038280237,0.42166197,0.07631382,952,0,0,1,0.21994564466461802,0.780054355335382
0.6495565,0.046250246,0.03229158,0.22184488,0.118432365,953,0,0,1,0.30569959882998815,0.6943004011700116
0.5923721,0.067233965,0.039909896,0.33349806,0.13259265,954,0,0,0,0.9997366115962228,0.0002633884037771228
0.711375,0.06227082,0.044419892,0.2658393,0.13621797,955,0,1,0,0.7889913458193759,0.21100865418062406
0.5691829,0.05570981,0.05241333,0.4137749,0.08267205,956,0,0,1,0.09413482980138504,0.905865170198615
0.7705295,0.04089369,0.027814616,0.26879963,0.12968615,957,0,0,1,0.17923373875477416,0.8207662612452259
0.67340505,0.0950349,0.090686336,0.2256862,0.12664764,958,0,0,1,0.48201137098005353,0.5179886290199462
0.75553423,0.045914505,0.03804997,0.17034,0.17784181,959,0,0,1,0.34268495580234093,0.6573150441976592
0.6413571,0.064805456,0.05071975,0.35470957,0.13270098,960,0,0,1,0.18433206174050235,0.8156679382594976
0.74416083,0.038801607,0.018873231,0.17893575,0.0991906,961,0,0,0,0.9861135552866932,0.01388644471330689
0.7487084,0.060972575,0.048043974,0.24037617,0.11550256,962,0,0,1,0.41129339102156265,0.5887066089784374
0.67614335,0.108377434,0.1152227,0.232867,0.1366625,963,0,0,1,0.09085625339149302,0.9091437466085068
0.7482003,0.04066625,0.030907296,0.17779972,0.1522755,964,0,0,1,0.19064330433472976,0.8093566956652704
0.6943559,0.063309,0.051891655,0.46283057,0.12612152,965,0,0,1,0.1799164893559163,0.8200835106440839
0.6651603,0.05827116,0.029448539,0.32864234,0.17555752,966,0,0,0,0.9993119895152283,0.0006880104847717892
0.79067916,0.05637377,0.030820975,0.27027026,0.14879361,967,0,0,0,0.9995539079936037,0.00044609200639636714
