GLCM_Pan,Mean_G,Mean_R,Mean_NIR,SD_Plan,name,is_train,target,prediction,score_0,score_1
0.6370181,0.02918349,0.033489034,0.22927009,0.31336987,0,0,0,1,0.4529138972381262,0.5470861027618739
0.6882521,0.025199786,0.06259498,0.34410167,0.1528135,1,0,0,1,3.00000089999998e-14,0.9999999999999699
0.6231617,0.019734941,0.05644077,0.24683195,0.10880487,2,0,0,1,3.00000089999998e-14,0.9999999999999699
0.64074594,0.026891079,0.065244265,0.34903264,0.19647138,3,0,0,1,3.00000089999998e-14,0.9999999999999699
0.6917122,0.015855942,0.060111217,0.30072057,0.123605356,4,0,0,1,3.00000089999998e-14,0.9999999999999699
0.71377033,0.10758213,0.1185106,0.17999245,0.15364239,5,0,0,1,0.43475072066840154,0.5652492793315985
0.71082544,0.039327305,0.0739002,0.46755257,0.14953844,6,0,0,1,3.00000089999998e-14,0.9999999999999699
0.72245485,0.06430956,0.1134465,0.21151887,0.14661647,7,0,0,1,3.00000089999998e-14,0.9999999999999699
0.74619466,0.02226504,0.058999702,0.31845623,0.1823341,8,0,0,1,3.00000089999998e-14,0.9999999999999699
0.7831944,0.026187632,0.06639433,0.27818817,0.17306887,9,0,0,1,3.00000089999998e-14,0.9999999999999699
0.62305444,0.041815083,0.0833041,0.28740314,0.11007094,10,0,0,1,3.00000089999998e-14,0.9999999999999699
0.57897854,0.025672983,0.06792176,0.2908698,0.20673402,11,0,0,1,3.00000089999998e-14,0.9999999999999699
0.70127964,0.07370887,0.0,0.13907292,0.10818903,12,0,1,0,0.9999998999999902,1.0000000994736041e-07
0.7286766,0.022974942,0.062296495,0.30989242,0.11883645,13,0,0,1,3.00000089999998e-14,0.9999999999999699
0.72768897,0.030066714,0.067227654,0.306072,0.11664011,14,0,0,1,3.00000089999998e-14,0.9999999999999699
0.71617156,0.07592952,0.0045002177,0.27268484,0.2089475,15,0,1,0,0.9999998999999902,1.0000000994736041e-07
0.6668765,0.042091347,0.046205547,0.2629582,0.31944522,16,0,0,1,0.44859693571005554,0.5514030642899445
0.62348056,0.01648556,0.055152237,0.26495093,0.17771104,17,0,0,1,3.00000089999998e-14,0.9999999999999699
0.73528874,0.021684542,0.060880102,0.27170977,0.16652873,18,0,0,1,3.00000089999998e-14,0.9999999999999699
0.77864397,0.023805182,0.06277356,0.26282647,0.1836367,19,0,0,1,3.00000089999998e-14,0.9999999999999699
0.5177558,0.0155721605,0.062613636,0.17054608,0.097124696,20,0,0,1,3.00000089999998e-14,0.9999999999999699
0.6618495,0.021287747,0.060433038,0.29198515,0.12234536,21,0,0,1,3.00000089999998e-14,0.9999999999999699
0.7253842,0.15384306,0.0,0.2578141,0.11100658,22,0,1,0,0.9999998999999902,1.0000000994736041e-07
0.74100935,0.022794,0.06284629,0.32581866,0.11151991,23,0,0,1,3.00000089999998e-14,0.9999999999999699
0.82717633,0.08254299,0.012105312,0.20428446,0.040054686,24,0,1,0,0.9999998999999902,1.0000000994736041e-07
0.7006144,0.039117396,0.08957172,0.2195141,0.10489128,25,0,0,1,3.00000089999998e-14,0.9999999999999699
0.66908306,0.025909226,0.06256684,0.28788495,0.11324318,26,0,0,1,3.00000089999998e-14,0.9999999999999699
0.6220598,0.012108602,0.054808617,0.24911687,0.17356773,27,0,0,1,3.00000089999998e-14,0.9999999999999699
0.7006099,0.0072534867,0.051398814,0.17352647,0.10832049,28,0,0,1,3.00000089999998e-14,0.9999999999999699
0.57697654,0.040314548,0.059433054,0.37901077,0.106113106,29,0,0,1,3.00000089999998e-14,0.9999999999999699
0.74537885,0.029547628,0.066268414,0.4150731,0.119844966,30,0,0,1,3.00000089999998e-14,0.9999999999999699
0.77402806,0.05089868,0.05386948,0.37604037,0.22466883,31,0,0,1,1.1723968331576855e-07,0.9999998827603167
0.652335,0.049083427,0.089804605,0.24544004,0.10994124,32,0,0,1,3.00000089999998e-14,0.9999999999999699
0.73484886,0.018455304,0.06116093,0.30722606,0.18234494,33,0,0,1,3.00000089999998e-14,0.9999999999999699
0.68599033,0.045690667,0.02387655,0.2560397,0.39867872,34,0,0,0,0.9999998999999902,1.0000000994736041e-07
0.7247971,0.011557609,0.054949947,0.1607873,0.088723466,35,0,0,1,3.00000089999998e-14,0.9999999999999699
0.67837715,0.03363375,0.07031998,0.40984178,0.17733666,36,0,0,1,3.00000089999998e-14,0.9999999999999699
0.786708,0.022347357,0.06431141,0.25356042,0.09630472,37,0,0,1,3.00000089999998e-14,0.9999999999999699
0.6809785,0.070768274,0.0,0.17493671,0.10934221,38,0,1,0,0.9999998999999902,1.0000000994736041e-07
0.5353184,0.014244784,0.06757927,0.13871822,0.11850817,39,0,0,1,3.00000089999998e-14,0.9999999999999699
0.6386864,0.030452099,0.068611845,0.32995123,0.14988121,40,0,0,1,3.00000089999998e-14,0.9999999999999699
0.76190174,0.011305843,0.056287922,0.32426986,0.14869654,41,0,0,1,3.00000089999998e-14,0.9999999999999699
0.6642026,0.012872994,0.056884184,0.17291427,0.12036632,42,0,0,1,3.00000089999998e-14,0.9999999999999699
0.7630107,0.021125283,0.06470168,0.42776418,0.21322133,43,0,0,1,3.00000089999998e-14,0.9999999999999699
0.6377779,0.0298261,0.067421645,0.2964667,0.17200209,44,0,0,1,3.00000089999998e-14,0.9999999999999699
0.69947284,0.004813265,0.057591252,0.13411695,0.11372605,45,0,0,1,3.00000089999998e-14,0.9999999999999699
0.6153029,0.2325589,0.21640585,0.26792464,0.1798346,46,0,0,0,0.9999998999999902,1.0000000994736041e-07
0.70850945,0.00029548258,0.047760338,0.18363968,0.14845186,47,0,0,1,3.00000089999998e-14,0.9999999999999699
0.5940404,0.0041057877,0.08994483,0.39682126,0.14483063,48,0,0,1,3.00000089999998e-14,0.9999999999999699
0.6953242,0.0025480539,0.050395124,0.22189692,0.11426039,49,0,0,1,3.00000089999998e-14,0.9999999999999699
0.74779016,0.017074458,0.058382757,0.23095572,0.1599776,50,0,0,1,3.00000089999998e-14,0.9999999999999699
0.65749216,0.037978016,0.07190604,0.29352513,0.12013999,51,0,0,1,3.00000089999998e-14,0.9999999999999699
0.7019157,0.024309251,0.06657699,0.3237988,0.12623143,52,0,0,1,3.00000089999998e-14,0.9999999999999699
0.6457517,0.090479404,0.020207487,0.36667538,0.1784418,53,0,1,0,0.9999998999999902,1.0000000994736041e-07
0.6362466,0.0095093325,0.10039729,0.37350997,0.23411486,54,0,0,1,3.00000089999998e-14,0.9999999999999699
0.62327963,0.042719916,0.075922236,0.30532143,0.1001806,55,0,0,1,3.00000089999998e-14,0.9999999999999699
0.78159046,0.023913741,0.067240216,0.43392706,0.10259439,56,0,0,1,3.00000089999998e-14,0.9999999999999699
0.7319345,0.030486804,0.065192975,0.34659854,0.18093544,57,0,0,1,3.00000089999998e-14,0.9999999999999699
0.63853997,0.019985309,0.0389914,0.23485076,0.29852253,58,0,0,1,9.135843755194421e-10,0.9999999990864157
0.71388257,0.08570331,0.008356642,0.27891287,0.13202405,59,0,1,0,0.9999998999999902,1.0000000994736041e-07
0.762764,0.020923391,0.060141727,0.3088643,0.18459544,60,0,0,1,3.00000089999998e-14,0.9999999999999699
0.73449314,0.036627714,0.07190994,0.33758646,0.16988023,61,0,0,1,3.00000089999998e-14,0.9999999999999699
0.816241,0.01887041,0.072742194,0.43518782,0.16634546,62,0,0,1,3.00000089999998e-14,0.9999999999999699
0.7351428,0.13374536,0.12148938,0.17373013,0.2629586,63,0,0,0,0.9999998999999902,1.0000000994736041e-07
0.75100255,0.025953084,0.06992923,0.27251542,0.20829898,64,0,0,1,3.00000089999998e-14,0.9999999999999699
0.7184873,0.016733449,0.057391457,0.29993448,0.16255918,65,0,0,1,3.00000089999998e-14,0.9999999999999699
0.61088884,0.0132644735,0.056688085,0.18685903,0.17435017,66,0,0,1,3.00000089999998e-14,0.9999999999999699
0.6701071,0.03439134,0.07201214,0.34380347,0.14339463,67,0,0,1,3.00000089999998e-14,0.9999999999999699
0.6812494,0.009260878,0.059466407,0.16293046,0.11524473,68,0,0,1,3.00000089999998e-14,0.9999999999999699
0.7654104,0.018417608,0.059749722,0.2554801,0.15522692,69,0,0,1,3.00000089999998e-14,0.9999999999999699
0.7393439,0.006776426,0.05093348,0.17681447,0.16165698,70,0,0,1,3.00000089999998e-14,0.9999999999999699
0.76971817,0.015555512,0.057538204,0.28560647,0.17881018,71,0,0,1,3.00000089999998e-14,0.9999999999999699
0.6468042,0.029097736,0.0680968,0.44795275,0.222605,72,0,0,1,3.00000089999998e-14,0.9999999999999699
0.65440786,0.014258921,0.059798703,0.221165,0.13676545,73,0,0,1,3.00000089999998e-14,0.9999999999999699
0.60119575,0.04838209,0.048368312,0.34646112,0.28850165,74,0,0,1,0.13854009984281615,0.8614599001571839
0.72640467,0.041814815,0.062983856,0.31249082,0.23493747,75,0,0,1,3.00000089999998e-14,0.9999999999999699
0.6320887,0.08059743,0.13269632,0.30301553,0.16154301,76,0,0,1,3.00000089999998e-14,0.9999999999999699
0.8026896,0.056510463,0.04691276,0.47515243,0.15451248,77,0,0,1,0.4188243515963235,0.5811756484036767
0.630512,0.037800103,0.073370405,0.29838437,0.10941529,78,0,0,1,3.00000089999998e-14,0.9999999999999699
0.75741184,0.018839698,0.062229805,0.22568013,0.1618409,79,0,0,1,3.00000089999998e-14,0.9999999999999699
0.7285857,0.054109648,0.05955138,0.07852572,0.16152231,80,0,0,1,0.029810341253837726,0.9701896587461623
0.62946445,0.041005038,0.06336747,0.4307292,0.195283,81,0,0,1,3.00000089999998e-14,0.9999999999999699
0.8451575,0.06477667,0.05860753,0.40679535,0.09243502,82,0,0,1,0.30659583449381367,0.6934041655061866
0.7100135,0.023466963,0.07962878,0.06470558,0.0676313,83,0,0,1,3.00000089999998e-14,0.9999999999999699
0.69558686,0.03492075,0.076434985,0.27134833,0.12445225,84,0,0,1,3.00000089999998e-14,0.9999999999999699
0.68508756,0.023595236,0.07003768,0.17696309,0.14106818,85,0,0,1,3.00000089999998e-14,0.9999999999999699
0.83858365,0.023831572,0.06356016,0.3087683,0.08580157,86,0,0,1,3.00000089999998e-14,0.9999999999999699
0.7683815,0.04755289,0.08458887,0.16106719,0.16308995,87,0,0,1,3.00000089999998e-14,0.9999999999999699
0.5769116,0.022463165,0.07866843,0.4660517,0.13615447,88,0,0,1,3.00000089999998e-14,0.9999999999999699
0.6904818,0.020184185,0.060489684,0.38670692,0.16160324,89,0,0,1,3.00000089999998e-14,0.9999999999999699
0.70153344,0.08119637,0.09552627,0.2056645,0.25889766,90,0,0,1,0.032843295941357396,0.9671567040586426
0.64889514,0.030337326,0.06323914,0.28093505,0.26312804,91,0,0,1,3.00000089999998e-14,0.9999999999999699
0.84675467,0.012746945,0.056950785,0.26468948,0.09379456,92,0,0,1,3.00000089999998e-14,0.9999999999999699
0.7165958,0.058025226,0.06720719,0.4667254,0.13045011,93,0,0,1,2.6629305651663555e-11,0.9999999999733706
0.6190353,0.06671373,0.0,0.08671071,0.16560255,94,0,1,0,0.9999998999999902,1.0000000994736041e-07
0.78424627,0.058597274,0.057745684,0.53464097,0.1465448,95,0,0,1,0.1409294713906654,0.8590705286093346
0.720553,0.013841011,0.05640077,0.23709285,0.10751524,96,0,0,1,3.00000089999998e-14,0.9999999999999699
0.7036213,0.04471807,0.045327462,0.33402666,0.2965296,97,0,0,1,0.06209938793935124,0.9379006120606487
0.68717396,0.16551334,0.09761034,0.17829314,0.055241626,98,0,0,0,0.9999998999999902,1.0000000994736041e-07
0.75512433,0.017111551,0.061025567,0.22088626,0.09140731,99,0,0,1,3.00000089999998e-14,0.9999999999999699
0.7325931,0.018899027,0.06303259,0.1237044,0.14297521,100,0,0,1,3.00000089999998e-14,0.9999999999999699
0.646316,0.028487824,0.0631161,0.3283823,0.16416945,101,0,0,1,3.00000089999998e-14,0.9999999999999699
0.736701,0.015606027,0.05718583,0.33340734,0.1660243,102,0,0,1,3.00000089999998e-14,0.9999999999999699
0.70136285,0.014965016,0.053820476,0.21531215,0.13172942,103,0,0,1,3.00000089999998e-14,0.9999999999999699
0.7368446,0.008523613,0.07763892,0.081135176,0.12473373,104,0,0,1,3.00000089999998e-14,0.9999999999999699
0.7439977,0.085596316,0.010904018,0.29039216,0.26420614,105,0,1,0,0.9999998999999902,1.0000000994736041e-07
0.5934597,0.03057215,0.06463253,0.443835,0.21377209,106,0,0,1,3.00000089999998e-14,0.9999999999999699
0.6644094,0.04114834,0.075413026,0.30500188,0.23408467,107,0,0,1,3.00000089999998e-14,0.9999999999999699
0.69596696,0.021370854,0.061724648,0.2990061,0.11392805,108,0,0,1,3.00000089999998e-14,0.9999999999999699
0.7526114,0.025611132,0.06508552,0.2665502,0.15694487,109,0,0,1,3.00000089999998e-14,0.9999999999999699
0.6623541,0.039102495,0.07980199,0.30512503,0.11994684,110,0,0,1,3.00000089999998e-14,0.9999999999999699
0.7767185,0.007921994,0.057210363,0.30272913,0.08181701,111,0,0,1,3.00000089999998e-14,0.9999999999999699
0.6806952,0.025922135,0.083569355,0.1253972,0.098627344,112,0,0,1,3.00000089999998e-14,0.9999999999999699
0.6833472,0.0007452369,0.046741962,0.12775621,0.10783102,113,0,0,1,3.00000089999998e-14,0.9999999999999699
0.7297565,0.03598357,0.07502722,0.35290065,0.15222225,114,0,0,1,3.00000089999998e-14,0.9999999999999699
0.6967021,0.030798558,0.07178449,0.26370406,0.12663187,115,0,0,1,3.00000089999998e-14,0.9999999999999699
0.7467683,0.039197177,0.07403567,0.34462172,0.14041868,116,0,0,1,3.00000089999998e-14,0.9999999999999699
0.75053054,0.027504046,0.06756114,0.4195653,0.120497495,117,0,0,1,3.00000089999998e-14,0.9999999999999699
0.6713961,0.013115212,0.060130678,0.1944653,0.11250565,118,0,0,1,3.00000089999998e-14,0.9999999999999699
0.68834496,0.042712733,0.07804168,0.3953585,0.1043644,119,0,0,1,3.00000089999998e-14,0.9999999999999699
0.6130379,0.053933676,0.058420733,0.47332773,0.14148629,120,0,0,1,4.217518476246492e-07,0.9999995782481523
0.76799583,0.066937454,0.0017546788,0.17558768,0.080337316,121,0,1,0,0.9999998999999902,1.0000000994736041e-07
0.6540461,0.016549349,0.058611624,0.3095017,0.17791761,122,0,0,1,3.00000089999998e-14,0.9999999999999699
0.7239083,0.04975294,0.10935831,0.28686997,0.15047406,123,0,0,1,3.00000089999998e-14,0.9999999999999699
0.656703,0.049145453,0.05014091,0.3872697,0.3204538,124,0,0,1,0.4887182316661559,0.5112817683338442
0.61200917,0.021124765,0.059326835,0.29309207,0.18905161,125,0,0,1,3.00000089999998e-14,0.9999999999999699
0.71978605,0.008011833,0.050918825,0.20037118,0.14657086,126,0,0,1,3.00000089999998e-14,0.9999999999999699
0.696617,0.0,0.12129886,0.43974847,0.23794091,127,0,0,1,3.00000089999998e-14,0.9999999999999699
0.77890015,0.04086148,0.07526739,0.4765322,0.22323751,128,0,0,1,3.00000089999998e-14,0.9999999999999699
0.6414226,0.019969996,0.06020966,0.29771924,0.20482543,129,0,0,1,3.00000089999998e-14,0.9999999999999699
0.6624617,0.023430273,0.06435231,0.36863014,0.15209624,130,0,0,1,3.00000089999998e-14,0.9999999999999699
0.68307626,0.040352575,0.07610597,0.4535756,0.20295575,131,0,0,1,3.00000089999998e-14,0.9999999999999699
0.7164318,0.011573717,0.054030158,0.30024898,0.1638541,132,0,0,1,3.00000089999998e-14,0.9999999999999699
0.7075872,0.012581848,0.05626107,0.2217958,0.19894809,133,0,0,1,3.00000089999998e-14,0.9999999999999699
0.84230983,0.008321591,0.062231682,0.28129998,0.10023829,134,0,0,1,3.00000089999998e-14,0.9999999999999699
0.65590096,0.026017297,0.065558076,0.27426073,0.1664007,135,0,0,1,3.00000089999998e-14,0.9999999999999699
0.67980176,0.20135134,0.21193713,0.29093483,0.6668273,136,0,0,0,0.9999998999999902,1.0000000994736041e-07
0.74431705,0.031286236,0.06821775,0.3443097,0.15590942,137,0,0,1,3.00000089999998e-14,0.9999999999999699
0.70005554,0.20117179,0.1655017,0.25898984,0.22197828,138,0,0,0,0.9999998999999902,1.0000000994736041e-07
0.58143324,0.024105586,0.068425834,0.46106756,0.10160418,139,0,0,1,3.00000089999998e-14,0.9999999999999699
0.7097329,0.0025882944,0.047280066,0.10595607,0.09088753,140,0,0,1,3.00000089999998e-14,0.9999999999999699
0.6569223,0.027004477,0.07019246,0.46114373,0.099233076,141,0,0,1,3.00000089999998e-14,0.9999999999999699
0.7582108,0.016013324,0.056224667,0.23872288,0.1720767,142,0,0,1,3.00000089999998e-14,0.9999999999999699
0.7784222,0.0,0.08696135,0.29917124,0.074220076,143,0,0,1,3.00000089999998e-14,0.9999999999999699
0.683894,0.024978034,0.06378738,0.30552185,0.14831334,144,0,0,1,3.00000089999998e-14,0.9999999999999699
0.71442014,0.08803939,0.045758076,0.33667034,0.14601088,145,0,1,0,0.9999998999999902,1.0000000994736041e-07
0.6805424,0.013849732,0.056067377,0.2951747,0.13336082,146,0,0,1,3.00000089999998e-14,0.9999999999999699
0.7380129,0.028188262,0.06375418,0.33652318,0.19449958,147,0,0,1,3.00000089999998e-14,0.9999999999999699
0.6599889,0.021487925,0.06232091,0.295064,0.16204566,148,0,0,1,3.00000089999998e-14,0.9999999999999699
0.7637559,0.0128631815,0.064316995,0.14311478,0.085705,149,0,0,1,3.00000089999998e-14,0.9999999999999699
0.7533748,0.008232359,0.05454921,0.22964334,0.23654413,150,0,0,1,3.00000089999998e-14,0.9999999999999699
0.6642418,0.04663936,0.08981002,0.35381657,0.15778627,151,0,0,1,3.00000089999998e-14,0.9999999999999699
0.74259984,0.023188114,0.062032484,0.21405447,0.08257413,152,0,0,1,3.00000089999998e-14,0.9999999999999699
0.6416742,0.06636084,0.0,0.13547923,0.06378857,153,0,1,0,0.9999998999999902,1.0000000994736041e-07
0.78279847,0.025536425,0.06647211,0.3113374,0.17499065,154,0,0,1,3.00000089999998e-14,0.9999999999999699
0.7333673,0.036851548,0.0776098,0.33902127,0.2334424,155,0,0,1,3.00000089999998e-14,0.9999999999999699
0.7224386,0.1480221,0.0,0.19010906,0.14839602,156,0,1,0,0.9999998999999902,1.0000000994736041e-07
0.63218075,0.019162819,0.060320966,0.24798115,0.16987543,157,0,0,1,3.00000089999998e-14,0.9999999999999699
0.6646452,0.039246365,0.07562805,0.35788164,0.13316101,158,0,0,1,3.00000089999998e-14,0.9999999999999699
0.7075579,0.1449964,0.0,0.22075075,0.11884048,159,0,1,0,0.9999998999999902,1.0000000994736041e-07
0.6365359,0.03165505,0.07584832,0.31256315,0.16805236,160,0,0,1,3.00000089999998e-14,0.9999999999999699
0.7172436,0.08103375,0.08133861,0.20007187,0.17341575,161,0,0,1,0.06997187637080074,0.9300281236291993
0.7506429,0.0791151,0.0027418137,0.15262415,0.09337275,162,0,1,0,0.9999998999999902,1.0000000994736041e-07
0.63759273,0.08745643,0.08475984,0.30759797,0.093568176,163,0,0,1,0.013129409067495509,0.9868705909325046
0.72528064,0.018542863,0.058758736,0.29128894,0.15591855,164,0,0,1,3.00000089999998e-14,0.9999999999999699
0.78416073,0.0145057775,0.057686277,0.18350981,0.07839565,165,0,0,1,3.00000089999998e-14,0.9999999999999699
0.7134526,0.009223595,0.053039968,0.067803994,0.06634564,166,0,0,1,3.00000089999998e-14,0.9999999999999699
0.7502744,0.015199527,0.055295393,0.2347875,0.09306503,167,0,0,1,3.00000089999998e-14,0.9999999999999699
0.6459978,0.06384085,0.055912618,0.49083263,0.095084295,168,0,0,1,0.45097499208722674,0.5490250079127732
0.68441945,0.099771164,0.11570173,0.3341423,0.3058972,169,0,0,1,0.49338402083982313,0.5066159791601769
0.71066344,0.040164024,0.08253932,0.32331103,0.17245206,170,0,0,1,3.00000089999998e-14,0.9999999999999699
0.6707313,0.0067343414,0.058155067,0.11292217,0.09888742,171,0,0,1,3.00000089999998e-14,0.9999999999999699
0.9755328,0.12056865,0.11490968,0.17937121,0.09546804,172,0,0,0,0.9999998999999902,1.0000000994736041e-07
0.61767775,0.020114135,0.061395034,0.30252442,0.16905625,173,0,0,1,3.00000089999998e-14,0.9999999999999699
0.7289835,0.006191686,0.049500488,0.090413675,0.070017375,174,0,0,1,3.00000089999998e-14,0.9999999999999699
0.6494037,0.030660369,0.06938077,0.31426948,0.16618082,175,0,0,1,3.00000089999998e-14,0.9999999999999699
0.6781831,0.03319555,0.07218335,0.34674525,0.14898407,176,0,0,1,3.00000089999998e-14,0.9999999999999699
0.5782934,0.012721404,0.053974196,0.19093856,0.17344552,177,0,0,1,3.00000089999998e-14,0.9999999999999699
0.5607569,0.007324759,0.050075054,0.14697292,0.17419338,178,0,0,1,3.00000089999998e-14,0.9999999999999699
0.6894662,0.14009808,0.23526709,0.41537952,0.14478478,179,0,0,1,3.00000089999998e-14,0.9999999999999699
0.80886024,0.083473235,0.10168835,0.19428648,0.2500012,180,0,0,1,0.4835100420567904,0.5164899579432097
0.74557275,0.030912105,0.06687504,0.37085226,0.14414574,181,0,0,1,3.00000089999998e-14,0.9999999999999699
0.63195944,0.03967442,0.07583918,0.43036154,0.18802899,182,0,0,1,3.00000089999998e-14,0.9999999999999699
0.7136966,0.001096949,0.048255846,0.16504522,0.09598529,183,0,0,1,3.00000089999998e-14,0.9999999999999699
0.7001332,0.027175503,0.038047582,0.23989156,0.34435356,184,0,0,1,0.4930799133317819,0.5069200866682182
0.6849614,0.029446505,0.06639989,0.35901362,0.26227745,185,0,0,1,3.00000089999998e-14,0.9999999999999699
0.721798,0.016582694,0.056942716,0.29287523,0.14945984,186,0,0,1,3.00000089999998e-14,0.9999999999999699
0.60602397,0.02233766,0.06109552,0.281283,0.16063735,187,0,0,1,3.00000089999998e-14,0.9999999999999699
0.89457613,0.027538547,0.05053395,0.26076028,0.07045002,188,0,0,1,7.91787860930765e-12,0.9999999999920821
0.66077465,0.4351707,0.39587724,0.4088372,0.104620345,189,0,0,0,0.9999998999999902,1.0000000994736041e-07
0.71940863,0.015059274,0.05895961,0.25419736,0.14902104,190,0,0,1,3.00000089999998e-14,0.9999999999999699
0.90119106,0.039238557,0.046030577,0.3768812,0.14324124,191,0,0,1,0.005273520854849427,0.9947264791451506
0.71613896,0.03827649,0.096983716,0.079337,0.120172665,192,0,0,1,3.00000089999998e-14,0.9999999999999699
0.8168714,0.026191097,0.07212866,0.39649186,0.17561364,193,0,0,1,3.00000089999998e-14,0.9999999999999699
0.67432743,0.08632891,0.012808248,0.20638838,0.19402507,194,0,1,0,0.9999998999999902,1.0000000994736041e-07
0.7466892,0.017435867,0.059120946,0.21482843,0.2308506,195,0,0,1,3.00000089999998e-14,0.9999999999999699
0.7586584,0.03080985,0.072874635,0.33317494,0.22407478,196,0,0,1,3.00000089999998e-14,0.9999999999999699
0.65272504,0.04738474,0.047749955,0.561992,0.12840307,197,0,0,1,0.49405887006290616,0.5059411299370938
0.7958831,0.03108053,0.06832871,0.3432822,0.1673459,198,0,0,1,3.00000089999998e-14,0.9999999999999699
0.62487835,0.043439634,0.04969486,0.54537505,0.13183977,199,0,0,1,0.03089127423140159,0.9691087257685984
0.6571617,0.03072226,0.0659688,0.38459903,0.18169352,200,0,0,1,3.00000089999998e-14,0.9999999999999699
0.7957051,0.008777935,0.052337788,0.22285742,0.09439333,201,0,0,1,3.00000089999998e-14,0.9999999999999699
0.7439403,0.031085003,0.06794563,0.29892355,0.16986266,202,0,0,1,3.00000089999998e-14,0.9999999999999699
0.46376812,0.06051227,0.108495854,0.3809156,0.0,203,0,0,1,8.077932458232881e-11,0.9999999999192206
0.7448438,0.012387533,0.055146284,0.23294163,0.15109226,204,0,0,1,3.00000089999998e-14,0.9999999999999699
0.5244043,0.05158128,0.051239576,0.39584482,0.06304464,205,0,0,1,0.4717692850946971,0.5282307149053028
0.6435633,0.018100139,0.059859768,0.23639748,0.1532562,206,0,0,1,3.00000089999998e-14,0.9999999999999699
0.7428877,0.013411377,0.059107743,0.32858562,0.13477919,207,0,0,1,3.00000089999998e-14,0.9999999999999699
0.61350715,0.04416778,0.07842711,0.32252452,0.21770929,208,0,0,1,3.00000089999998e-14,0.9999999999999699
0.7435088,0.01669303,0.057191998,0.35281238,0.22931156,209,0,0,1,3.00000089999998e-14,0.9999999999999699
0.7350347,0.07363235,0.0,0.12190405,0.073261425,210,0,1,0,0.9999998999999902,1.0000000994736041e-07
0.77040213,0.014745194,0.08327049,0.43238205,0.16611138,211,0,0,1,3.00000089999998e-14,0.9999999999999699
0.59739065,0.03686057,0.068751276,0.4580119,0.19677217,212,0,0,1,3.00000089999998e-14,0.9999999999999699
0.84318,0.035848875,0.078928284,0.2019797,0.045050494,213,0,0,1,3.00000089999998e-14,0.9999999999999699
0.6821982,0.013021767,0.057181813,0.27819464,0.13027626,214,0,0,1,3.00000089999998e-14,0.9999999999999699
0.7389259,0.028499749,0.07425315,0.19205832,0.15216275,215,0,0,1,3.00000089999998e-14,0.9999999999999699
0.6723755,0.0,0.09181907,0.08674563,0.12663756,216,0,0,1,3.00000089999998e-14,0.9999999999999699
0.63969517,0.03517026,0.06677043,0.30424303,0.101948746,217,0,0,1,3.00000089999998e-14,0.9999999999999699
0.66956484,0.043812238,0.079124875,0.36799198,0.16259399,218,0,0,1,3.00000089999998e-14,0.9999999999999699
0.6389301,0.03202842,0.07090668,0.3387826,0.2284708,219,0,0,1,3.00000089999998e-14,0.9999999999999699
0.7239202,0.00084623694,0.046461776,0.13365617,0.08493076,220,0,0,1,3.00000089999998e-14,0.9999999999999699
0.6678232,0.0008850768,0.04631333,0.12991256,0.10508687,221,0,0,1,3.00000089999998e-14,0.9999999999999699
0.6534477,0.03638496,0.07243389,0.41940776,0.17426,222,0,0,1,3.00000089999998e-14,0.9999999999999699
0.6319272,0.15710568,0.0,0.27213892,0.09705083,223,0,1,0,0.9999998999999902,1.0000000994736041e-07
0.76206404,0.03554644,0.07047961,0.41501382,0.16051662,224,0,0,1,3.00000089999998e-14,0.9999999999999699
0.8080155,0.020639013,0.059748106,0.30444002,0.17952016,225,0,0,1,3.00000089999998e-14,0.9999999999999699
0.74743426,0.028519474,0.07535326,0.22609554,0.19176568,226,0,0,1,3.00000089999998e-14,0.9999999999999699
0.7160931,0.037303805,0.07610423,0.3603706,0.14693427,227,0,0,1,3.00000089999998e-14,0.9999999999999699
0.7404018,0.009441711,0.052878432,0.17110431,0.1422804,228,0,0,1,3.00000089999998e-14,0.9999999999999699
0.6762274,0.03368461,0.067918055,0.41126254,0.11515963,229,0,0,1,3.00000089999998e-14,0.9999999999999699
0.6423761,0.05051834,0.09174205,0.43048927,0.11287188,230,0,0,1,3.00000089999998e-14,0.9999999999999699
0.76322985,0.017557438,0.057344712,0.06472688,0.16042459,231,0,0,1,3.00000089999998e-14,0.9999999999999699
0.6715208,0.024325103,0.065312766,0.32049975,0.14095807,232,0,0,1,3.00000089999998e-14,0.9999999999999699
0.78685135,0.05187819,0.05761365,0.48784938,0.21078068,233,0,0,1,4.942479744083399e-06,0.999995057520256
0.65233314,0.03193066,0.077118926,0.25187337,0.14925253,234,0,0,1,3.00000089999998e-14,0.9999999999999699
0.73286235,0.03008391,0.06967069,0.2548421,0.16652015,235,0,0,1,3.00000089999998e-14,0.9999999999999699
0.76901275,0.019269422,0.059461243,0.2729441,0.096107334,236,0,0,1,3.00000089999998e-14,0.9999999999999699
0.7591131,0.020201288,0.0581036,0.13432929,0.05669839,237,0,0,1,3.00000089999998e-14,0.9999999999999699
0.75110126,0.020790521,0.061374314,0.33372456,0.15869127,238,0,0,1,3.00000089999998e-14,0.9999999999999699
0.7391688,0.020540342,0.059100345,0.3113903,0.22599526,239,0,0,1,3.00000089999998e-14,0.9999999999999699
0.77080387,0.074022956,0.0,0.21479559,0.16810948,240,0,1,0,0.9999998999999902,1.0000000994736041e-07
0.6134645,0.013461158,0.05616811,0.22958086,0.1031338,241,0,0,1,3.00000089999998e-14,0.9999999999999699
0.7133531,0.04004012,0.09127865,0.08059358,0.060532793,242,0,0,1,3.00000089999998e-14,0.9999999999999699
0.72796583,0.043014362,0.07979661,0.44435588,0.16705935,243,0,0,1,3.00000089999998e-14,0.9999999999999699
0.6685828,0.02401828,0.06349469,0.50257534,0.12896302,244,0,0,1,3.00000089999998e-14,0.9999999999999699
0.6270451,0.01815474,0.059398696,0.23090523,0.15476927,245,0,0,1,3.00000089999998e-14,0.9999999999999699
0.7834671,0.022488173,0.059484325,0.16113684,0.22355127,246,0,0,1,3.00000089999998e-14,0.9999999999999699
0.7261714,0.03097672,0.06679988,0.42240635,0.15324278,247,0,0,1,3.00000089999998e-14,0.9999999999999699
0.59745735,0.015142847,0.056662768,0.17775139,0.22564444,248,0,0,1,3.00000089999998e-14,0.9999999999999699
0.73105085,0.0042514578,0.050400794,0.111346625,0.07535429,249,0,0,1,3.00000089999998e-14,0.9999999999999699
0.72235185,0.0,0.04369492,0.0925,0.072014585,250,0,0,1,3.00000089999998e-14,0.9999999999999699
0.6964193,0.027879745,0.03343056,0.2671147,0.32184413,251,0,0,1,0.18323195706524512,0.8167680429347548
0.7858844,0.060525432,0.058811415,0.48676372,0.11964859,252,0,0,1,0.01448631435198875,0.9855136856480113
0.6713723,0.013386112,0.056238912,0.23348656,0.14693175,253,0,0,1,3.00000089999998e-14,0.9999999999999699
0.7394605,0.027486466,0.06651319,0.28808045,0.19964555,254,0,0,1,3.00000089999998e-14,0.9999999999999699
0.6438213,0.02521909,0.06318612,0.33026725,0.1659413,255,0,0,1,3.00000089999998e-14,0.9999999999999699
0.7204363,0.012586154,0.0577833,0.24424618,0.14392968,256,0,0,1,3.00000089999998e-14,0.9999999999999699
0.69762164,0.018762212,0.060840473,0.3222603,0.15177028,257,0,0,1,3.00000089999998e-14,0.9999999999999699
0.5346718,0.0,0.08699994,0.27440998,0.11247027,258,0,0,1,3.00000089999998e-14,0.9999999999999699
0.5204177,0.05857875,0.060495537,0.3543163,0.09862915,259,0,0,1,0.02318378115796646,0.9768162188420336
0.71745944,0.06972006,0.058695525,0.44397056,0.12887645,260,0,0,1,0.10145100632013293,0.8985489936798671
0.6847733,0.014045026,0.059741333,0.3169691,0.13454136,261,0,0,1,3.00000089999998e-14,0.9999999999999699
0.70120776,0.050157666,0.108889975,0.23402071,0.10238951,262,0,0,1,3.00000089999998e-14,0.9999999999999699
0.63169736,0.037724692,0.07416529,0.43625924,0.121888645,263,0,0,1,3.00000089999998e-14,0.9999999999999699
0.7199641,0.013407916,0.057596475,0.2065438,0.08850372,264,0,0,1,3.00000089999998e-14,0.9999999999999699
0.7732872,0.027622193,0.06787925,0.28471226,0.18758148,265,0,0,1,3.00000089999998e-14,0.9999999999999699
0.6322113,0.007146284,0.051770218,0.14902328,0.14630228,266,0,0,1,3.00000089999998e-14,0.9999999999999699
0.6332298,0.0498791,0.09744532,0.24885486,0.09454958,267,0,0,1,3.00000089999998e-14,0.9999999999999699
0.60013473,0.03540407,0.07132646,0.29008317,0.111975215,268,0,0,1,3.00000089999998e-14,0.9999999999999699
0.6081273,0.07917018,0.07734739,0.17506894,0.05225637,269,0,0,1,0.462859404024063,0.5371405959759369
0.76849306,0.028141432,0.061056912,0.29482317,0.090998426,270,0,0,1,3.00000089999998e-14,0.9999999999999699
0.5527187,0.028548453,0.03933639,0.1969941,0.05231681,271,0,0,1,1.8158663627793903e-08,0.9999999818413363
0.6257494,0.052710354,0.09742388,0.2577979,0.1815308,272,0,0,1,3.00000089999998e-14,0.9999999999999699
0.69339144,0.019528188,0.061113223,0.24652487,0.110974714,273,0,0,1,3.00000089999998e-14,0.9999999999999699
0.721511,0.011245389,0.056245558,0.15636966,0.15111646,274,0,0,1,3.00000089999998e-14,0.9999999999999699
0.60660267,0.02639721,0.064019956,0.43279028,0.19759111,275,0,0,1,3.00000089999998e-14,0.9999999999999699
0.72521365,0.01122104,0.056633405,0.19472526,0.095363185,276,0,0,1,3.00000089999998e-14,0.9999999999999699
0.6818558,0.0011261255,0.121671826,0.30307296,0.111639716,277,0,0,1,3.00000089999998e-14,0.9999999999999699
0.74815285,0.08375428,0.005737655,0.26891032,0.21330687,278,0,1,0,0.9999998999999902,1.0000000994736041e-07
0.718394,0.019488238,0.060721226,0.25721243,0.113763414,279,0,0,1,3.00000089999998e-14,0.9999999999999699
0.66051,0.027774855,0.06376713,0.3184981,0.15440574,280,0,0,1,3.00000089999998e-14,0.9999999999999699
0.67082477,0.47712547,0.44453016,0.45795065,0.10647608,281,0,0,0,0.9999998999999902,1.0000000994736041e-07
0.66799664,0.02566437,0.06294613,0.351986,0.14991415,282,0,0,1,3.00000089999998e-14,0.9999999999999699
0.74167395,0.08393741,0.0043149143,0.2866625,0.22082531,283,0,1,0,0.9999998999999902,1.0000000994736041e-07
0.6252247,0.06366336,0.062497336,0.52931297,0.09086846,284,0,0,1,0.4906281248252481,0.509371875174752
0.77785254,0.070379004,0.0,0.10177422,0.07219202,285,0,1,0,0.9999998999999902,1.0000000994736041e-07
0.65934545,0.02751787,0.0660405,0.359153,0.2137152,286,0,0,1,3.00000089999998e-14,0.9999999999999699
0.69462764,0.07170135,0.001429148,0.14211717,0.13535076,287,0,1,0,0.9999998999999902,1.0000000994736041e-07
0.68419135,0.033146158,0.054965995,0.21840176,0.29418784,288,0,0,1,1.3758810003476012e-10,0.9999999998624118
0.70462215,0.010328338,0.05409631,0.2605072,0.11297727,289,0,0,1,3.00000089999998e-14,0.9999999999999699
0.7575958,0.015335873,0.05524219,0.28703398,0.17262366,290,0,0,1,3.00000089999998e-14,0.9999999999999699
0.8050393,0.06573068,0.10163252,0.1639272,0.21091011,291,0,0,1,7.245403132745637e-13,0.9999999999992755
0.6462136,0.012494527,0.05519659,0.2502721,0.16968139,292,0,0,1,3.00000089999998e-14,0.9999999999999699
0.695522,0.016406894,0.06225162,0.30535465,0.16457015,293,0,0,1,3.00000089999998e-14,0.9999999999999699
0.7776877,0.026740689,0.06628415,0.3277819,0.19060743,294,0,0,1,3.00000089999998e-14,0.9999999999999699
0.6281926,0.019714259,0.061676912,0.2604862,0.18226826,295,0,0,1,3.00000089999998e-14,0.9999999999999699
0.56934047,0.0,0.07530868,0.2955521,0.10477965,296,0,0,1,3.00000089999998e-14,0.9999999999999699
0.6767354,0.01490489,0.061996996,0.3176518,0.14419377,297,0,0,1,3.00000089999998e-14,0.9999999999999699
0.5523696,0.0,0.11344427,0.32965103,0.086817704,298,0,0,1,3.00000089999998e-14,0.9999999999999699
0.70160466,0.059065312,0.12497966,0.18084894,0.12168316,299,0,0,1,3.00000089999998e-14,0.9999999999999699
0.5154851,0.0028502196,0.08278941,0.28230062,0.06621309,300,0,0,1,3.00000089999998e-14,0.9999999999999699
0.6764934,0.08935015,0.1496209,0.24712357,0.17533056,301,0,0,1,3.00000089999998e-14,0.9999999999999699
0.7122333,0.083464906,0.0088698715,0.26921535,0.11411111,302,0,1,0,0.9999998999999902,1.0000000994736041e-07
0.69537026,0.0037288964,0.051793344,0.17928919,0.117188215,303,0,0,1,3.00000089999998e-14,0.9999999999999699
0.6846202,0.065220475,0.054032788,0.46637416,0.11803067,304,0,0,1,0.23425311176723962,0.7657468882327605
0.7329521,0.009944737,0.053548522,0.18925269,0.094367,305,0,0,1,3.00000089999998e-14,0.9999999999999699
0.59347767,0.02221252,0.06106656,0.27469268,0.2632132,306,0,0,1,3.00000089999998e-14,0.9999999999999699
0.6769928,0.009766459,0.05715081,0.2592725,0.122366264,307,0,0,1,3.00000089999998e-14,0.9999999999999699
0.69731843,0.018481508,0.060423538,0.3425167,0.13858047,308,0,0,1,3.00000089999998e-14,0.9999999999999699
0.7094243,0.00749721,0.052798167,0.16473219,0.16480035,309,0,0,1,3.00000089999998e-14,0.9999999999999699
0.66998225,0.017177504,0.058031954,0.32074672,0.13322833,310,0,0,1,3.00000089999998e-14,0.9999999999999699
0.67943037,0.017973803,0.059235305,0.2323043,0.13034953,311,0,0,1,3.00000089999998e-14,0.9999999999999699
0.7325846,0.015027795,0.061878607,0.19274807,0.20117924,312,0,0,1,3.00000089999998e-14,0.9999999999999699
0.7056207,0.060384177,0.053928614,0.42628565,0.045921627,313,0,0,1,0.09339846904550257,0.9066015309544976
0.65862554,0.024163872,0.061476573,0.32149717,0.15004812,314,0,0,1,3.00000089999998e-14,0.9999999999999699
0.623051,0.020906124,0.06651571,0.26717678,0.119181216,315,0,0,1,3.00000089999998e-14,0.9999999999999699
0.5401777,0.02446672,0.063123494,0.17740268,0.04813759,316,0,0,1,3.00000089999998e-14,0.9999999999999699
0.72829115,0.04080061,0.09044622,0.10793687,0.12549289,317,0,0,1,3.00000089999998e-14,0.9999999999999699
0.6375824,0.05697336,0.057479598,0.45662174,0.19513546,318,0,0,1,3.0671316681482692e-06,0.9999969328683319
0.91582656,0.01899106,0.062182024,0.41379178,0.10999283,319,0,0,1,3.00000089999998e-14,0.9999999999999699
0.70960546,0.0050730743,0.05050452,0.11424036,0.12645216,320,0,0,1,3.00000089999998e-14,0.9999999999999699
0.59983504,0.05845303,0.052993014,0.4669933,0.18059115,321,0,0,1,0.1157080537363143,0.8842919462636859
0.7111844,0.012433168,0.057552494,0.21889485,0.14256737,322,0,0,1,3.00000089999998e-14,0.9999999999999699
0.74041134,0.024541058,0.06613504,0.34334767,0.21605685,323,0,0,1,3.00000089999998e-14,0.9999999999999699
0.6538778,0.017416563,0.060238466,0.22437981,0.1517925,324,0,0,1,3.00000089999998e-14,0.9999999999999699
0.70944554,0.055636737,0.1113164,0.15964803,0.076503806,325,0,0,1,3.00000089999998e-14,0.9999999999999699
0.65354526,0.01650197,0.049612395,0.20051812,0.22566947,326,0,0,1,3.00000089999998e-14,0.9999999999999699
0.72909015,0.017505255,0.0628952,0.271864,0.23387352,327,0,0,1,3.00000089999998e-14,0.9999999999999699
0.6724104,0.033420995,0.070147276,0.38230246,0.15677086,328,0,0,1,3.00000089999998e-14,0.9999999999999699
0.6168053,0.044140153,0.08580388,0.2906856,0.17443489,329,0,0,1,3.00000089999998e-14,0.9999999999999699
0.67331207,0.011871453,0.08593919,0.3967745,0.19042982,330,0,0,1,3.00000089999998e-14,0.9999999999999699
0.6540895,0.06003706,0.05870758,0.5281692,0.12029745,331,0,0,1,0.11248167727501177,0.8875183227249881
0.721153,0.009304583,0.05820678,0.10172703,0.13218442,332,0,0,1,3.00000089999998e-14,0.9999999999999699
0.6286953,0.053666078,0.055868387,0.5227009,0.1831456,333,0,0,1,0.028303726022959247,0.9716962739770407
0.72551477,0.01666196,0.065617,0.11721206,0.13429374,334,0,0,1,3.00000089999998e-14,0.9999999999999699
0.7448967,0.013166431,0.05743947,0.20432687,0.16584286,335,0,0,1,3.00000089999998e-14,0.9999999999999699
0.6681591,0.0,0.044926614,0.1115616,0.10274831,336,0,0,1,3.00000089999998e-14,0.9999999999999699
0.63761777,0.032399163,0.17109892,0.33690548,0.14604175,337,0,0,1,3.00000089999998e-14,0.9999999999999699
0.735712,0.0075123236,0.051212005,0.20942181,0.15954587,338,0,0,1,3.00000089999998e-14,0.9999999999999699
0.78858835,0.023243017,0.059018746,0.30053163,0.25266704,339,0,0,1,3.00000089999998e-14,0.9999999999999699
0.67185163,0.055848613,0.0503829,0.30307177,0.2567302,340,0,0,1,0.1108332393311222,0.8891667606688779
0.71371967,0.032966267,0.07133232,0.35310483,0.15286218,341,0,0,1,3.00000089999998e-14,0.9999999999999699
0.59270424,0.01681101,0.087950915,0.4121197,0.16818427,342,0,0,1,3.00000089999998e-14,0.9999999999999699
0.63313043,0.14847483,0.18873368,0.24288921,0.07837209,343,0,0,1,0.3025469205591718,0.697453079440828
0.7344968,0.00458749,0.048676856,0.14486682,0.14541654,344,0,0,1,3.00000089999998e-14,0.9999999999999699
0.6209544,0.019892339,0.060981482,0.27475452,0.23680796,345,0,0,1,3.00000089999998e-14,0.9999999999999699
0.789885,0.0,0.10920331,0.18807916,0.113272145,346,0,0,1,3.00000089999998e-14,0.9999999999999699
0.64829236,0.017157752,0.05954971,0.27756616,0.1650565,347,0,0,1,3.00000089999998e-14,0.9999999999999699
0.7386013,0.020396832,0.058472246,0.33175197,0.16761371,348,0,0,1,3.00000089999998e-14,0.9999999999999699
0.7223598,0.023302875,0.058955073,0.27577668,0.0776264,349,0,0,1,3.00000089999998e-14,0.9999999999999699
0.61438465,0.038350157,0.07424775,0.44640404,0.12493404,350,0,0,1,3.00000089999998e-14,0.9999999999999699
0.6657242,0.016546108,0.07298511,0.38111943,0.2618884,351,0,0,1,3.00000089999998e-14,0.9999999999999699
0.7787399,0.08245592,0.0022998452,0.2535528,0.17949249,352,0,1,0,0.9999998999999902,1.0000000994736041e-07
0.6524733,0.022935782,0.060240574,0.29985994,0.18175279,353,0,0,1,3.00000089999998e-14,0.9999999999999699
0.6796992,0.0,0.10499658,0.41767818,0.26888457,354,0,0,1,3.00000089999998e-14,0.9999999999999699
0.73720515,0.019560691,0.09785403,0.45238134,0.08853714,355,0,0,1,3.00000089999998e-14,0.9999999999999699
0.7877184,0.0398466,0.095127955,0.25825793,0.10433536,356,0,0,1,3.00000089999998e-14,0.9999999999999699
0.635527,0.016289733,0.05930981,0.30034,0.21521886,357,0,0,1,3.00000089999998e-14,0.9999999999999699
0.7456629,0.07643352,0.0,0.19740427,0.1270598,358,0,1,0,0.9999998999999902,1.0000000994736041e-07
0.68731916,0.011466593,0.058121994,0.22691879,0.13938695,359,0,0,1,3.00000089999998e-14,0.9999999999999699
0.7491695,0.022163853,0.06442063,0.34877926,0.1958479,360,0,0,1,3.00000089999998e-14,0.9999999999999699
0.69946134,0.049299136,0.101418585,0.3136874,0.14069939,361,0,0,1,3.00000089999998e-14,0.9999999999999699
0.5989125,0.069357894,0.0,0.10013083,0.07299906,362,0,1,0,0.9999998999999902,1.0000000994736041e-07
0.7734391,0.018290874,0.05945138,0.28422812,0.0875735,363,0,0,1,3.00000089999998e-14,0.9999999999999699
0.71489525,0.03440247,0.07490769,0.3073513,0.17377952,364,0,0,1,3.00000089999998e-14,0.9999999999999699
0.7431848,0.016021289,0.05817037,0.27369514,0.16462408,365,0,0,1,3.00000089999998e-14,0.9999999999999699
0.67023927,0.037633486,0.07179781,0.4184571,0.16823247,366,0,0,1,3.00000089999998e-14,0.9999999999999699
0.6603901,0.020676818,0.05838292,0.33233875,0.13705665,367,0,0,1,3.00000089999998e-14,0.9999999999999699
0.7554635,0.04818788,0.106131814,0.15188324,0.22976436,368,0,0,1,3.00000089999998e-14,0.9999999999999699
0.759508,0.034439966,0.068656124,0.32820082,0.049120482,369,0,0,1,3.00000089999998e-14,0.9999999999999699
0.6350379,0.027155463,0.06259044,0.29194057,0.18855363,370,0,0,1,3.00000089999998e-14,0.9999999999999699
0.68257946,0.19307262,0.1818712,0.29899797,0.30387518,371,0,0,0,0.9999998999999902,1.0000000994736041e-07
0.8860938,0.026478395,0.05593136,0.38794342,0.16161619,372,0,0,1,3.00000089999998e-14,0.9999999999999699
0.5576477,0.032650575,0.042654403,0.24542171,0.2617544,373,0,0,1,4.793617770810095e-06,0.9999952063822292
0.61163497,0.018887661,0.05837918,0.23506953,0.19988433,374,0,0,1,3.00000089999998e-14,0.9999999999999699
0.64887166,0.024632487,0.06392125,0.33537972,0.14940417,375,0,0,1,3.00000089999998e-14,0.9999999999999699
0.6372425,0.02997718,0.073965915,0.322766,0.15836436,376,0,0,1,3.00000089999998e-14,0.9999999999999699
0.6883118,0.022113875,0.059289396,0.38140485,0.1396488,377,0,0,1,3.00000089999998e-14,0.9999999999999699
0.65628904,0.020117063,0.059595667,0.31365973,0.1936447,378,0,0,1,3.00000089999998e-14,0.9999999999999699
0.73797125,0.019995973,0.059609182,0.3363301,0.1905447,379,0,0,1,3.00000089999998e-14,0.9999999999999699
0.6610221,0.08960382,0.013773542,0.36241192,0.1599086,380,0,1,0,0.9999998999999902,1.0000000994736041e-07
0.73680556,0.018224008,0.061799496,0.29029432,0.14719847,381,0,0,1,3.00000089999998e-14,0.9999999999999699
0.7368218,0.022825517,0.07039311,0.38021928,0.13197091,382,0,0,1,3.00000089999998e-14,0.9999999999999699
0.6014253,0.013417225,0.05621367,0.29156667,0.16903305,383,0,0,1,3.00000089999998e-14,0.9999999999999699
0.6296212,0.07100201,0.119490944,0.33838004,0.18673733,384,0,0,1,3.00000089999998e-14,0.9999999999999699
0.6895832,0.016590405,0.05727963,0.3324506,0.14521411,385,0,0,1,3.00000089999998e-14,0.9999999999999699
0.6426849,0.030530334,0.07256927,0.26259103,0.16299704,386,0,0,1,3.00000089999998e-14,0.9999999999999699
0.6126658,0.0,0.06126293,0.17037182,0.2557844,387,0,0,1,3.00000089999998e-14,0.9999999999999699
0.60744447,0.036680706,0.07126545,0.5098887,0.2438671,388,0,0,1,3.00000089999998e-14,0.9999999999999699
0.78532916,0.015271075,0.0840904,0.4347995,0.20411617,389,0,0,1,3.00000089999998e-14,0.9999999999999699
0.6810164,0.029624641,0.06404151,0.3557828,0.15807496,390,0,0,1,3.00000089999998e-14,0.9999999999999699
0.65563494,0.057500146,0.10846793,0.27064514,0.11551628,391,0,0,1,3.00000089999998e-14,0.9999999999999699
0.72058463,0.0451515,0.09323482,0.1644859,0.18889332,392,0,0,1,3.00000089999998e-14,0.9999999999999699
0.63880205,0.023183454,0.068352334,0.2833653,0.12473322,393,0,0,1,3.00000089999998e-14,0.9999999999999699
0.69102436,0.014459778,0.060078114,0.14409247,0.09452215,394,0,0,1,3.00000089999998e-14,0.9999999999999699
0.7313509,0.013332333,0.05538789,0.20470235,0.2084676,395,0,0,1,3.00000089999998e-14,0.9999999999999699
0.79283714,0.00922424,0.056089923,0.15572089,0.06255708,396,0,0,1,3.00000089999998e-14,0.9999999999999699
0.65755665,0.035325702,0.08125564,0.27845216,0.13021031,397,0,0,1,3.00000089999998e-14,0.9999999999999699
0.6928799,0.03455212,0.07484011,0.2686721,0.1498211,398,0,0,1,3.00000089999998e-14,0.9999999999999699
0.646353,0.03193159,0.06583061,0.45353913,0.106232464,399,0,0,1,3.00000089999998e-14,0.9999999999999699
0.64996874,0.024772357,0.064403996,0.3035568,0.16152155,400,0,0,1,3.00000089999998e-14,0.9999999999999699
0.6775461,0.0,0.046051256,0.123973556,0.10590939,401,0,0,1,3.00000089999998e-14,0.9999999999999699
0.7389193,0.0405671,0.08704981,0.39131445,0.14941856,402,0,0,1,3.00000089999998e-14,0.9999999999999699
0.71229076,0.0069524385,0.05231776,0.17602336,0.1511672,403,0,0,1,3.00000089999998e-14,0.9999999999999699
0.688851,0.042701878,0.08124346,0.33779866,0.15210658,404,0,0,1,3.00000089999998e-14,0.9999999999999699
0.58642405,0.15962863,0.27318227,0.49678165,0.16351213,405,0,0,1,2.402505561577871e-08,0.9999999759749444
0.40988916,0.06329307,0.11663679,0.20794263,0.2153397,406,0,0,1,4.869819603088198e-10,0.999999999513018
0.65347886,0.054307714,0.10559647,0.27894628,0.12598535,407,0,0,1,3.00000089999998e-14,0.9999999999999699
0.8077505,0.0,0.10963525,0.20940602,0.11326484,408,0,0,1,3.00000089999998e-14,0.9999999999999699
0.65944284,0.016910292,0.05880951,0.29405427,0.15656409,409,0,0,1,3.00000089999998e-14,0.9999999999999699
0.7520653,0.02926058,0.068688154,0.30945578,0.18872055,410,0,0,1,3.00000089999998e-14,0.9999999999999699
0.72187394,0.0030190498,0.049643204,0.14178574,0.08926526,411,0,0,1,3.00000089999998e-14,0.9999999999999699
0.689459,0.025313247,0.064286105,0.38434878,0.15449241,412,0,0,1,3.00000089999998e-14,0.9999999999999699
0.75167215,0.037670903,0.073623165,0.2728328,0.09292553,413,0,0,1,3.00000089999998e-14,0.9999999999999699
0.631528,0.036384508,0.07985647,0.2765208,0.1941432,414,0,0,1,3.00000089999998e-14,0.9999999999999699
0.6333634,0.009996366,0.052605934,0.23811531,0.11470961,415,0,0,1,3.00000089999998e-14,0.9999999999999699
0.6945652,0.032988403,0.07724901,0.23026958,0.121810816,416,0,0,1,3.00000089999998e-14,0.9999999999999699
0.7152692,0.0,0.043315798,0.107947454,0.12209246,417,0,0,1,3.00000089999998e-14,0.9999999999999699
0.6181918,0.016566057,0.054616712,0.2503172,0.15942793,418,0,0,1,3.00000089999998e-14,0.9999999999999699
0.7736804,0.008993864,0.05313012,0.21772,0.07417484,419,0,0,1,3.00000089999998e-14,0.9999999999999699
0.6032924,0.054766588,0.04748159,0.4552345,0.10672609,420,0,0,1,0.22199935550925665,0.7780006444907434
0.6420626,0.040343635,0.072229706,0.45504144,0.100915246,421,0,0,1,3.00000089999998e-14,0.9999999999999699
0.69229084,0.08410585,0.04098317,0.4476716,0.29514158,422,0,0,0,0.9999998999999902,1.0000000994736041e-07
0.7929441,0.024037514,0.064210705,0.25016716,0.058073983,423,0,0,1,3.00000089999998e-14,0.9999999999999699
0.6907377,0.010805905,0.056804143,0.25499773,0.1434462,424,0,0,1,3.00000089999998e-14,0.9999999999999699
0.655721,0.036162134,0.07076184,0.43977183,0.18265885,425,0,0,1,3.00000089999998e-14,0.9999999999999699
0.68104947,0.020972006,0.060617663,0.351058,0.13684568,426,0,0,1,3.00000089999998e-14,0.9999999999999699
0.67378736,0.0433897,0.07941015,0.4337573,0.16551423,427,0,0,1,3.00000089999998e-14,0.9999999999999699
0.6357163,0.041670933,0.07367022,0.4792987,0.09143404,428,0,0,1,3.00000089999998e-14,0.9999999999999699
0.6017878,0.025389254,0.06338066,0.30660155,0.16538677,429,0,0,1,3.00000089999998e-14,0.9999999999999699
0.8691959,0.047482725,0.05199228,0.28860787,0.07501923,430,0,0,1,0.005368222891953519,0.9946317771080464
0.60255283,0.017641183,0.05810663,0.24320129,0.24597752,431,0,0,1,3.00000089999998e-14,0.9999999999999699
0.74366665,0.032194365,0.06951923,0.31796005,0.10618951,432,0,0,1,3.00000089999998e-14,0.9999999999999699
0.6850285,0.029865429,0.068482116,0.3534561,0.14106314,433,0,0,1,3.00000089999998e-14,0.9999999999999699
0.6357635,0.015554741,0.062408462,0.30437073,0.2551376,434,0,0,1,3.00000089999998e-14,0.9999999999999699
0.75257325,0.015045527,0.05844689,0.27051216,0.10382296,435,0,0,1,3.00000089999998e-14,0.9999999999999699
0.7152,0.023177434,0.06494858,0.3427965,0.18606265,436,0,0,1,3.00000089999998e-14,0.9999999999999699
0.6793515,0.023935031,0.060442835,0.42715016,0.18055204,437,0,0,1,3.00000089999998e-14,0.9999999999999699
0.6454432,0.06201245,0.05459433,0.42744756,0.07747973,438,0,0,1,0.06764615815948517,0.9323538418405148
0.6947465,0.018920843,0.061378844,0.33851206,0.1486764,439,0,0,1,3.00000089999998e-14,0.9999999999999699
0.6993412,0.028513316,0.083886504,0.14444393,0.16207802,440,0,0,1,3.00000089999998e-14,0.9999999999999699
0.73992974,0.030452251,0.06946541,0.29331073,0.16980709,441,0,0,1,3.00000089999998e-14,0.9999999999999699
0.6731714,0.035754908,0.07110641,0.40473533,0.12377163,442,0,0,1,3.00000089999998e-14,0.9999999999999699
0.72827613,0.030737124,0.065389164,0.3363058,0.16070186,443,0,0,1,3.00000089999998e-14,0.9999999999999699
0.7973831,0.08712334,0.015579157,0.2563069,0.1581676,444,0,1,0,0.9999998999999902,1.0000000994736041e-07
0.6623499,0.0051790513,0.049809813,0.22958829,0.15014121,445,0,0,1,3.00000089999998e-14,0.9999999999999699
0.6468832,0.028663527,0.06736251,0.33522686,0.15856957,446,0,0,1,3.00000089999998e-14,0.9999999999999699
0.74193716,0.021682378,0.06256269,0.35233593,0.13030472,447,0,0,1,3.00000089999998e-14,0.9999999999999699
0.58868515,0.028118122,0.0663447,0.3893966,0.13285941,448,0,0,1,3.00000089999998e-14,0.9999999999999699
0.58694994,0.03763227,0.0383373,0.28305826,0.28970587,449,0,0,1,0.26301836456976685,0.7369816354302331
0.7056829,0.0011006817,0.04753586,0.15242754,0.09960113,450,0,0,1,3.00000089999998e-14,0.9999999999999699
0.7465964,0.007917903,0.053783707,0.18130547,0.08386914,451,0,0,1,3.00000089999998e-14,0.9999999999999699
0.7880722,0.057761297,0.053714074,0.5224564,0.17235756,452,0,0,1,0.31712757591703084,0.6828724240829689
0.5804779,0.062832385,0.060627036,0.5004005,0.11043505,453,0,0,1,0.4759755767213858,0.5240244232786142
0.6452566,0.016063757,0.05861286,0.19468594,0.1482197,454,0,0,1,3.00000089999998e-14,0.9999999999999699
0.64482456,0.014374051,0.055941656,0.29605508,0.1770815,455,0,0,1,3.00000089999998e-14,0.9999999999999699
0.69962806,0.10094007,0.10791422,0.15718503,0.13005273,456,0,0,1,0.4772825626130034,0.5227174373869967
0.6511565,0.039985184,0.083222866,0.31406552,0.11017021,457,0,0,1,3.00000089999998e-14,0.9999999999999699
0.651823,0.030297931,0.06568502,0.4358243,0.20137149,458,0,0,1,3.00000089999998e-14,0.9999999999999699
0.65035313,0.03652703,0.07351638,0.41241872,0.17199203,459,0,0,1,3.00000089999998e-14,0.9999999999999699
0.7011519,0.03618453,0.040590808,0.27297425,0.3245469,460,0,0,1,0.4355513595066149,0.5644486404933851
0.6281158,0.019125625,0.059854023,0.3820734,0.13181388,461,0,0,1,3.00000089999998e-14,0.9999999999999699
0.6681402,0.012090571,0.0839193,0.12045172,0.19251068,462,0,0,1,3.00000089999998e-14,0.9999999999999699
0.6482828,0.006799847,0.052611552,0.16347736,0.17069268,463,0,0,1,3.00000089999998e-14,0.9999999999999699
0.6290445,0.014512289,0.057691686,0.17083956,0.07141149,464,0,0,1,3.00000089999998e-14,0.9999999999999699
0.78859216,0.03141501,0.066061,0.3179017,0.09799874,465,0,0,1,3.00000089999998e-14,0.9999999999999699
0.63325363,0.025268339,0.06589495,0.29914016,0.20256075,466,0,0,1,3.00000089999998e-14,0.9999999999999699
0.5921954,0.08344337,0.14019102,0.23609476,0.08468321,467,0,0,1,3.00000089999998e-14,0.9999999999999699
0.7015788,0.14790867,0.0,0.23159175,0.15363409,468,0,1,0,0.9999998999999902,1.0000000994736041e-07
0.7341288,0.012632012,0.0546299,0.1771242,0.18316236,469,0,0,1,3.00000089999998e-14,0.9999999999999699
0.56523633,0.0827126,0.043594398,0.52998716,0.088300854,470,0,0,0,0.9999998999999902,1.0000000994736041e-07
0.590025,0.022483006,0.06644925,0.3974867,0.18641824,471,0,0,1,3.00000089999998e-14,0.9999999999999699
0.78079176,0.03615465,0.06972089,0.30890572,0.21293429,472,0,0,1,3.00000089999998e-14,0.9999999999999699
0.7316596,0.01464282,0.057385445,0.2923144,0.20639092,473,0,0,1,3.00000089999998e-14,0.9999999999999699
0.7268422,0.06567337,0.10639371,0.20638815,0.18677638,474,0,0,1,3.00000089999998e-14,0.9999999999999699
0.67671776,0.012469102,0.05645433,0.30847824,0.129188,475,0,0,1,3.00000089999998e-14,0.9999999999999699
0.63463336,0.03925278,0.071880974,0.47020924,0.08245392,476,0,0,1,3.00000089999998e-14,0.9999999999999699
0.7178664,0.033880163,0.06930554,0.34981942,0.1321271,477,0,0,1,3.00000089999998e-14,0.9999999999999699
0.77542,0.027233254,0.063802764,0.303618,0.09919728,478,0,0,1,3.00000089999998e-14,0.9999999999999699
0.65872043,0.060661145,0.05818784,0.53385514,0.15693805,479,0,0,1,0.18891653829066432,0.8110834617093357
0.6806007,0.08869313,0.015494913,0.32794872,0.16714208,480,0,1,0,0.9999998999999902,1.0000000994736041e-07
0.8850008,0.040250387,0.04744835,0.2320182,0.057544183,481,0,0,1,0.01932910186157225,0.9806708981384278
0.64233756,0.037861213,0.07670975,0.3227164,0.19906068,482,0,0,1,3.00000089999998e-14,0.9999999999999699
0.59657544,0.019324608,0.060518675,0.27453402,0.23023525,483,0,0,1,3.00000089999998e-14,0.9999999999999699
0.65818805,0.08527959,0.009863004,0.23928833,0.13380612,484,0,1,0,0.9999998999999902,1.0000000994736041e-07
0.7449769,0.022817895,0.088743836,0.25566334,0.0980963,485,0,0,1,3.00000089999998e-14,0.9999999999999699
0.6480848,0.031238168,0.069916315,0.33021533,0.18212771,486,0,0,1,3.00000089999998e-14,0.9999999999999699
0.74762714,0.021892633,0.06413194,0.31552154,0.1179046,487,0,0,1,3.00000089999998e-14,0.9999999999999699
0.845898,0.009346597,0.058704384,0.26358095,0.043144867,488,0,0,1,3.00000089999998e-14,0.9999999999999699
0.6545896,0.06506151,0.0,0.06039869,0.076390535,489,0,1,0,0.9999998999999902,1.0000000994736041e-07
0.7031562,0.04924359,0.09884911,0.12492913,0.119989194,490,0,0,1,3.00000089999998e-14,0.9999999999999699
0.7222931,0.03159798,0.040114738,0.29481608,0.34229127,491,0,0,1,0.3676553527596683,0.6323446472403317
0.7500407,0.018686485,0.05685807,0.21150854,0.15210906,492,0,0,1,3.00000089999998e-14,0.9999999999999699
0.596398,0.08530378,0.15063325,0.24772996,0.07191663,493,0,0,1,3.00000089999998e-14,0.9999999999999699
0.9036616,0.0,0.094975986,0.35458246,0.1239714,494,0,0,1,3.00000089999998e-14,0.9999999999999699
0.6489837,0.03275321,0.06775031,0.39887583,0.13748395,495,0,0,1,3.00000089999998e-14,0.9999999999999699
0.707041,0.03763707,0.09086287,0.24631467,0.12458831,496,0,0,1,3.00000089999998e-14,0.9999999999999699
0.6668659,0.03006323,0.069862776,0.31995183,0.15688387,497,0,0,1,3.00000089999998e-14,0.9999999999999699
0.71133673,0.0,0.046876706,0.0828653,0.08256185,498,0,0,1,3.00000089999998e-14,0.9999999999999699
0.79038316,0.028347585,0.06638886,0.35848445,0.16063628,499,0,0,1,3.00000089999998e-14,0.9999999999999699
0.6577239,0.030424189,0.0735163,0.26902387,0.14171538,500,0,0,1,3.00000089999998e-14,0.9999999999999699
0.76317173,0.004722722,0.048651375,0.20676386,0.0862771,501,0,0,1,3.00000089999998e-14,0.9999999999999699
0.73086977,0.03896461,0.07815482,0.2964227,0.10773965,502,0,0,1,3.00000089999998e-14,0.9999999999999699
0.61079377,0.021940194,0.0626109,0.28645998,0.21085998,503,0,0,1,3.00000089999998e-14,0.9999999999999699
0.6681652,0.023489747,0.061927468,0.36778817,0.16808984,504,0,0,1,3.00000089999998e-14,0.9999999999999699
0.60193825,0.018785965,0.06301417,0.29843184,0.14640865,505,0,0,1,3.00000089999998e-14,0.9999999999999699
0.6665129,0.1434661,0.0,0.15717426,0.18497035,506,0,1,0,0.9999998999999902,1.0000000994736041e-07
0.6356114,0.026279625,0.065759756,0.30999324,0.19138017,507,0,0,1,3.00000089999998e-14,0.9999999999999699
0.6241177,0.049729533,0.10191531,0.20180917,0.082141295,508,0,0,1,3.00000089999998e-14,0.9999999999999699
0.67593133,0.013895348,0.09902032,0.34845296,0.18385653,509,0,0,1,3.00000089999998e-14,0.9999999999999699
0.67057264,0.022630904,0.06444257,0.38424075,0.15545782,510,0,0,1,3.00000089999998e-14,0.9999999999999699
0.68943864,0.041983485,0.10052891,0.20466276,0.09302037,511,0,0,1,3.00000089999998e-14,0.9999999999999699
0.5895063,0.03486262,0.067061074,0.47187734,0.23091102,512,0,0,1,3.00000089999998e-14,0.9999999999999699
0.70296144,0.05865046,0.10459084,0.2671733,0.11031996,513,0,0,1,3.00000089999998e-14,0.9999999999999699
0.6771107,0.033306632,0.07127806,0.32832134,0.15204129,514,0,0,1,3.00000089999998e-14,0.9999999999999699
0.62551904,0.05792927,0.10070351,0.2984928,0.17603937,515,0,0,1,3.00000089999998e-14,0.9999999999999699
0.6642029,0.06852071,0.13997014,0.21206303,0.16694376,516,0,0,1,3.00000089999998e-14,0.9999999999999699
0.65278536,0.03485801,0.1361137,0.20344661,0.1311831,517,0,0,1,3.00000089999998e-14,0.9999999999999699
0.87394583,0.020034991,0.06665069,0.3888697,0.13134085,518,0,0,1,3.00000089999998e-14,0.9999999999999699
0.6819387,0.041738674,0.09339719,0.26028532,0.13397326,519,0,0,1,3.00000089999998e-14,0.9999999999999699
0.6754918,0.028084256,0.06631091,0.43304524,0.17551799,520,0,0,1,3.00000089999998e-14,0.9999999999999699
0.6581885,0.029400028,0.06537982,0.40893978,0.1765841,521,0,0,1,3.00000089999998e-14,0.9999999999999699
0.5942183,0.08487515,0.010786094,0.30389985,0.15661965,522,0,1,0,0.9999998999999902,1.0000000994736041e-07
0.6921804,0.019498881,0.060278453,0.35164654,0.16319273,523,0,0,1,3.00000089999998e-14,0.9999999999999699
0.63964635,0.13370693,0.17897156,0.41583395,0.28787914,524,0,0,1,0.10741730643001934,0.8925826935699804
0.5617197,0.02672818,0.06818269,0.3549662,0.09016367,525,0,0,1,3.00000089999998e-14,0.9999999999999699
0.59507835,0.020992938,0.058973208,0.21879642,0.21381822,526,0,0,1,3.00000089999998e-14,0.9999999999999699
0.6522915,0.025966316,0.07053672,0.34812284,0.22878434,527,0,0,1,3.00000089999998e-14,0.9999999999999699
0.6394003,0.01692842,0.0567972,0.23402223,0.15880196,528,0,0,1,3.00000089999998e-14,0.9999999999999699
0.6702664,0.031716768,0.07142388,0.3205866,0.12611336,529,0,0,1,3.00000089999998e-14,0.9999999999999699
0.7775315,0.02158146,0.06270013,0.31977865,0.111038886,530,0,0,1,3.00000089999998e-14,0.9999999999999699
0.737854,0.021835428,0.06336273,0.22326145,0.17562306,531,0,0,1,3.00000089999998e-14,0.9999999999999699
0.73734295,0.024346877,0.06638078,0.39382628,0.122089066,532,0,0,1,3.00000089999998e-14,0.9999999999999699
0.66004837,0.039749816,0.07415305,0.43376952,0.1042777,533,0,0,1,3.00000089999998e-14,0.9999999999999699
0.71646965,0.0074671395,0.054486223,0.13935035,0.19440465,534,0,0,1,3.00000089999998e-14,0.9999999999999699
0.64417076,0.03536334,0.17830914,0.19321558,0.13496919,535,0,0,1,3.00000089999998e-14,0.9999999999999699
0.65725803,0.041234724,0.085018426,0.33265468,0.21498156,536,0,0,1,3.00000089999998e-14,0.9999999999999699
0.6223476,0.017923262,0.09264105,0.39881316,0.12431049,537,0,0,1,3.00000089999998e-14,0.9999999999999699
0.6471349,0.019520964,0.058958203,0.34560895,0.20192209,538,0,0,1,3.00000089999998e-14,0.9999999999999699
0.72126234,0.03529783,0.0718281,0.47536567,0.12924403,539,0,0,1,3.00000089999998e-14,0.9999999999999699
0.81824493,0.027691536,0.067671545,0.44527575,0.1800108,540,0,0,1,3.00000089999998e-14,0.9999999999999699
0.64369166,0.01761609,0.06367463,0.28158647,0.2395503,541,0,0,1,3.00000089999998e-14,0.9999999999999699
0.7455677,0.022058021,0.063250355,0.28911218,0.17956686,542,0,0,1,3.00000089999998e-14,0.9999999999999699
0.72288984,0.025120683,0.062623486,0.3387683,0.16428094,543,0,0,1,3.00000089999998e-14,0.9999999999999699
0.7401243,0.11008828,0.11603769,0.23130564,0.13559929,544,0,0,1,0.48549523867767236,0.5145047613223276
0.495668,0.04632142,0.048200753,0.41082084,0.11037514,545,0,0,1,0.3862972845710687,0.6137027154289314
0.607533,0.052605778,0.053029466,0.529013,0.103807606,546,0,0,1,0.35458519854343545,0.6454148014565645
0.74076957,0.03330385,0.06728694,0.33495358,0.17121133,547,0,0,1,3.00000089999998e-14,0.9999999999999699
0.84473944,0.0,0.09052177,0.37098268,0.071330234,548,0,0,1,3.00000089999998e-14,0.9999999999999699
0.595349,0.06859485,0.13195097,0.2191503,0.18753743,549,0,0,1,3.00000089999998e-14,0.9999999999999699
0.5757073,0.044441953,0.08821514,0.22438502,0.16972795,550,0,0,1,3.00000089999998e-14,0.9999999999999699
0.63998294,0.030223228,0.066826746,0.30391392,0.1831513,551,0,0,1,3.00000089999998e-14,0.9999999999999699
0.5894452,0.037545823,0.08190966,0.264313,0.11160179,552,0,0,1,3.00000089999998e-14,0.9999999999999699
0.6622795,0.09065756,0.0075648613,0.22511229,0.121930785,553,0,1,0,0.9999998999999902,1.0000000994736041e-07
0.8015409,0.059528932,0.051605728,0.45300266,0.20362523,554,0,0,1,0.3373377823762466,0.6626622176237535
0.7080064,0.0,0.08055987,0.24872851,0.23166217,555,0,0,1,3.00000089999998e-14,0.9999999999999699
0.6142368,0.019160707,0.060530424,0.23165378,0.09977581,556,0,0,1,3.00000089999998e-14,0.9999999999999699
0.6393516,0.03748186,0.0691707,0.4810649,0.09197059,557,0,0,1,3.00000089999998e-14,0.9999999999999699
0.726865,0.03951508,0.07753543,0.32061383,0.15751344,558,0,0,1,3.00000089999998e-14,0.9999999999999699
0.7669823,0.025950696,0.06995777,0.19062865,0.07826257,559,0,0,1,3.00000089999998e-14,0.9999999999999699
0.6347572,0.030563887,0.06347621,0.3053714,0.09263708,560,0,0,1,3.00000089999998e-14,0.9999999999999699
0.644729,0.16948503,0.0,0.29314464,0.123289995,561,0,1,0,0.9999998999999902,1.0000000994736041e-07
0.7623173,0.054600284,0.053634353,0.51608044,0.20646748,562,0,0,1,0.07483497399980993,0.9251650260001901
0.66329265,0.04057408,0.08269532,0.35171908,0.17631415,563,0,0,1,3.00000089999998e-14,0.9999999999999699
0.6766771,0.0765847,0.03887795,0.21470039,0.10464366,564,0,1,0,0.9999998999999902,1.0000000994736041e-07
0.7709791,0.009921581,0.05911752,0.32419482,0.25036022,565,0,0,1,3.00000089999998e-14,0.9999999999999699
0.787766,0.015573408,0.0612583,0.34923482,0.1447814,566,0,0,1,3.00000089999998e-14,0.9999999999999699
0.65818036,0.040112108,0.07627555,0.4329373,0.17467093,567,0,0,1,3.00000089999998e-14,0.9999999999999699
0.55446136,0.02465697,0.06950046,0.23272817,0.09436037,568,0,0,1,3.00000089999998e-14,0.9999999999999699
0.74458873,0.022765905,0.06774095,0.18449357,0.18086752,569,0,0,1,3.00000089999998e-14,0.9999999999999699
0.6914636,0.08232818,0.009036023,0.14673127,0.08240324,570,0,1,0,0.9999998999999902,1.0000000994736041e-07
0.67601687,0.021260671,0.06153927,0.29653373,0.120428756,571,0,0,1,3.00000089999998e-14,0.9999999999999699
0.7629959,0.03822592,0.08766048,0.2188036,0.1342155,572,0,0,1,3.00000089999998e-14,0.9999999999999699
0.6881757,0.03348931,0.079670146,0.14980078,0.10930664,573,0,0,1,3.00000089999998e-14,0.9999999999999699
0.7218876,0.01933974,0.06278724,0.30601954,0.20489205,574,0,0,1,3.00000089999998e-14,0.9999999999999699
0.6404995,0.063480385,0.053515814,0.47949457,0.114428185,575,0,0,1,0.4474527218763905,0.5525472781236097
0.71879745,0.07858437,0.0072887614,0.2936895,0.0903811,576,0,1,0,0.9999998999999902,1.0000000994736041e-07
0.7039938,0.046952456,0.093051754,0.28451973,0.1459139,577,0,0,1,3.00000089999998e-14,0.9999999999999699
0.805513,0.0360763,0.06921274,0.30162013,0.21484657,578,0,0,1,3.00000089999998e-14,0.9999999999999699
0.61954993,0.019183986,0.062346354,0.31397435,0.21122977,579,0,0,1,3.00000089999998e-14,0.9999999999999699
0.73137105,0.0074598193,0.051322266,0.17277732,0.09164465,580,0,0,1,3.00000089999998e-14,0.9999999999999699
0.6714731,0.05093477,0.061197884,0.03593669,0.02939225,581,0,0,1,0.008306040563180529,0.9916939594368195
0.62510705,0.038915914,0.08447778,0.2552458,0.16355413,582,0,0,1,3.00000089999998e-14,0.9999999999999699
0.6737628,0.0292616,0.06544083,0.34542572,0.1515167,583,0,0,1,3.00000089999998e-14,0.9999999999999699
0.677632,0.04660722,0.09031279,0.22179767,0.12171436,584,0,0,1,3.00000089999998e-14,0.9999999999999699
0.7565985,0.019779287,0.060710914,0.23818704,0.18663733,585,0,0,1,3.00000089999998e-14,0.9999999999999699
0.6563091,0.012023885,0.054733716,0.32325798,0.22523779,586,0,0,1,3.00000089999998e-14,0.9999999999999699
0.73203063,0.021504253,0.0632878,0.28376007,0.22726056,587,0,0,1,3.00000089999998e-14,0.9999999999999699
0.47851825,0.11030543,0.13792317,0.192278,0.06500286,588,0,0,1,0.4678901346203158,0.5321098653796841
0.63605505,0.028395418,0.06331135,0.41199046,0.23094544,589,0,0,1,3.00000089999998e-14,0.9999999999999699
0.7580467,0.0021657646,0.047196217,0.10563485,0.12652713,590,0,0,1,3.00000089999998e-14,0.9999999999999699
0.6599311,0.003785897,0.0531549,0.22078323,0.26964548,591,0,0,1,3.00000089999998e-14,0.9999999999999699
0.80549645,0.03381591,0.07621224,0.24479052,0.18887138,592,0,0,1,3.00000089999998e-14,0.9999999999999699
0.71413016,0.00038851053,0.04754781,0.11708859,0.088837415,593,0,0,1,3.00000089999998e-14,0.9999999999999699
0.6478432,0.022980954,0.060555927,0.40268302,0.17424417,594,0,0,1,3.00000089999998e-14,0.9999999999999699
0.7629019,0.021799818,0.061562687,0.29675204,0.22543806,595,0,0,1,3.00000089999998e-14,0.9999999999999699
0.79422283,0.013593506,0.05636301,0.14523345,0.05906646,596,0,0,1,3.00000089999998e-14,0.9999999999999699
0.5774652,0.012397353,0.05899144,0.23192462,0.17209047,597,0,0,1,3.00000089999998e-14,0.9999999999999699
0.6233682,0.021621637,0.06307083,0.3021755,0.18470642,598,0,0,1,3.00000089999998e-14,0.9999999999999699
0.72408795,0.0032422915,0.048072077,0.06627755,0.05620739,599,0,0,1,3.00000089999998e-14,0.9999999999999699
0.41747656,0.086882025,0.11550656,0.17937121,0.10912422,600,0,0,1,0.4275752114315314,0.5724247885684686
0.6407682,0.022793032,0.059412807,0.32704523,0.1839639,601,0,0,1,3.00000089999998e-14,0.9999999999999699
0.7197141,0.026118442,0.07017072,0.25576383,0.11359704,602,0,0,1,3.00000089999998e-14,0.9999999999999699
0.73255265,0.018716104,0.06346082,0.17277011,0.08034676,603,0,0,1,3.00000089999998e-14,0.9999999999999699
0.6365405,0.01646613,0.058896683,0.21658477,0.15949962,604,0,0,1,3.00000089999998e-14,0.9999999999999699
0.73634094,0.021170132,0.05867607,0.3104725,0.18694821,605,0,0,1,3.00000089999998e-14,0.9999999999999699
0.70214164,0.21672815,0.14283706,0.21083729,0.11590198,606,0,0,0,0.9999998999999902,1.0000000994736041e-07
0.8108173,0.022910334,0.059661925,0.2715288,0.21463467,607,0,0,1,3.00000089999998e-14,0.9999999999999699
0.7015968,0.0073531494,0.053309925,0.15273975,0.121768646,608,0,0,1,3.00000089999998e-14,0.9999999999999699
0.7532023,0.026823673,0.06673044,0.21158502,0.08100048,609,0,0,1,3.00000089999998e-14,0.9999999999999699
0.7092205,0.049330115,0.06510427,0.4090829,0.043272827,610,0,0,1,8.763714000157755e-14,0.9999999999999123
0.6492544,0.019700818,0.06050743,0.31253594,0.1842184,611,0,0,1,3.00000089999998e-14,0.9999999999999699
0.78122634,0.050471436,0.10820512,0.15552548,0.1379967,612,0,0,1,3.00000089999998e-14,0.9999999999999699
0.6516389,0.08388733,0.011666849,0.19912083,0.10782015,613,0,1,0,0.9999998999999902,1.0000000994736041e-07
0.64352,0.030100655,0.06586697,0.41049618,0.17717007,614,0,0,1,3.00000089999998e-14,0.9999999999999699
0.69645524,0.0064578652,0.05251398,0.13808823,0.08928921,615,0,0,1,3.00000089999998e-14,0.9999999999999699
0.7092973,0.059015993,0.054753825,0.5353851,0.093187034,616,0,0,1,0.4533874656414911,0.5466125343585089
0.7203418,0.020173896,0.06324444,0.41882452,0.16328262,617,0,0,1,3.00000089999998e-14,0.9999999999999699
0.84892714,0.060441725,0.1105855,0.13632171,0.18266287,618,0,0,1,3.00000089999998e-14,0.9999999999999699
0.65507203,0.08231693,0.011165287,0.24078125,0.08644159,619,0,1,0,0.9999998999999902,1.0000000994736041e-07
0.64707464,0.019005533,0.06057375,0.25176054,0.16393425,620,0,0,1,3.00000089999998e-14,0.9999999999999699
0.72172165,0.026487838,0.06308565,0.33316433,0.12446761,621,0,0,1,3.00000089999998e-14,0.9999999999999699
0.75336725,0.036571942,0.07729713,0.2825302,0.22652555,622,0,0,1,3.00000089999998e-14,0.9999999999999699
0.6719926,0.023837447,0.062147945,0.42841488,0.18273585,623,0,0,1,3.00000089999998e-14,0.9999999999999699
0.71339583,0.020042505,0.06113158,0.3327275,0.13299467,624,0,0,1,3.00000089999998e-14,0.9999999999999699
0.67046773,0.034970634,0.07524231,0.4001538,0.18838939,625,0,0,1,3.00000089999998e-14,0.9999999999999699
0.75134087,0.014009975,0.055905946,0.2508518,0.17341782,626,0,0,1,3.00000089999998e-14,0.9999999999999699
0.9105468,0.009279676,0.07604918,0.36371216,0.04266615,627,0,0,1,3.00000089999998e-14,0.9999999999999699
0.7835729,0.050327778,0.047578625,0.43388933,0.2764203,628,0,0,1,0.4724582050938768,0.5275417949061231
0.7063634,0.23930992,0.29911685,0.42465526,0.5460512,629,0,0,0,0.9999998999999902,1.0000000994736041e-07
0.7298293,0.009057954,0.057757452,0.22509256,0.21339275,630,0,0,1,3.00000089999998e-14,0.9999999999999699
0.74415785,0.029335849,0.06667283,0.33463204,0.16748509,631,0,0,1,3.00000089999998e-14,0.9999999999999699
0.6751785,0.0167901,0.059118092,0.24560428,0.14060727,632,0,0,1,3.00000089999998e-14,0.9999999999999699
0.7384486,0.025730986,0.06312202,0.42043394,0.17173363,633,0,0,1,3.00000089999998e-14,0.9999999999999699
0.651533,0.031207416,0.06863459,0.40332302,0.17586926,634,0,0,1,3.00000089999998e-14,0.9999999999999699
0.57319313,0.029353729,0.03822717,0.21669425,0.31382746,635,0,0,1,0.4874538158910079,0.5125461841089921
0.6236727,0.03800407,0.07157127,0.42988166,0.10694482,636,0,0,1,3.00000089999998e-14,0.9999999999999699
0.6806462,0.017947238,0.06109403,0.31086266,0.15295342,637,0,0,1,3.00000089999998e-14,0.9999999999999699
0.7714119,0.032165866,0.06425302,0.4718438,0.21244901,638,0,0,1,3.00000089999998e-14,0.9999999999999699
0.60656726,0.016608,0.058607973,0.20549333,0.17177439,639,0,0,1,3.00000089999998e-14,0.9999999999999699
0.6331372,0.046113122,0.09517884,0.22903089,0.08879369,640,0,0,1,3.00000089999998e-14,0.9999999999999699
0.6470318,0.013539258,0.05537436,0.25799438,0.17654544,641,0,0,1,3.00000089999998e-14,0.9999999999999699
0.767835,0.012974814,0.057404667,0.2527728,0.10383004,642,0,0,1,3.00000089999998e-14,0.9999999999999699
0.7321896,0.015804395,0.05808474,0.25068837,0.1648798,643,0,0,1,3.00000089999998e-14,0.9999999999999699
0.64782876,0.01285366,0.05470089,0.22657105,0.11842785,644,0,0,1,3.00000089999998e-14,0.9999999999999699
0.65458757,0.036153264,0.06895366,0.4569717,0.109703556,645,0,0,1,3.00000089999998e-14,0.9999999999999699
0.6941824,0.18078744,0.1574263,0.16887066,0.0771611,646,0,0,0,0.9999998999999902,1.0000000994736041e-07
0.62785167,0.009027977,0.052671894,0.22799382,0.10450411,647,0,0,1,3.00000089999998e-14,0.9999999999999699
0.7036775,0.023310613,0.061287344,0.3263939,0.13277629,648,0,0,1,3.00000089999998e-14,0.9999999999999699
0.6540996,0.025635634,0.06509904,0.32341608,0.18295753,649,0,0,1,3.00000089999998e-14,0.9999999999999699
0.64567375,0.017353944,0.06039475,0.23090965,0.15066838,650,0,0,1,3.00000089999998e-14,0.9999999999999699
0.71609586,0.013922043,0.05488217,0.21896431,0.09180571,651,0,0,1,3.00000089999998e-14,0.9999999999999699
0.6400441,0.022867724,0.067786075,0.34849328,0.13352266,652,0,0,1,3.00000089999998e-14,0.9999999999999699
0.69588786,0.020103082,0.060447283,0.30223188,0.14951181,653,0,0,1,3.00000089999998e-14,0.9999999999999699
0.5122884,0.2857237,0.335764,0.42857143,0.6306047,654,0,0,0,0.9999998999999902,1.0000000994736041e-07
0.7116875,0.0157254,0.055146255,0.32967696,0.15640445,655,0,0,1,3.00000089999998e-14,0.9999999999999699
0.6326171,0.03549259,0.06936703,0.45223624,0.055750147,656,0,0,1,3.00000089999998e-14,0.9999999999999699
0.69456667,0.017060913,0.07211565,0.20127964,0.12340865,657,0,0,1,3.00000089999998e-14,0.9999999999999699
0.644291,0.020490214,0.057222992,0.20787084,0.10264835,658,0,0,1,3.00000089999998e-14,0.9999999999999699
0.62951857,0.40578833,0.38126254,0.49939328,0.2943009,659,0,0,0,0.9999998999999902,1.0000000994736041e-07
0.6358203,0.018235486,0.058218777,0.21653819,0.15299529,660,0,0,1,3.00000089999998e-14,0.9999999999999699
0.6884426,0.03806726,0.07373732,0.37626487,0.15299413,661,0,0,1,3.00000089999998e-14,0.9999999999999699
0.5783824,0.0,0.04923995,0.17537339,0.268487,662,0,0,1,3.00000089999998e-14,0.9999999999999699
0.91614664,0.037846126,0.04143186,0.36569223,0.051813528,663,0,0,1,0.48947547830015226,0.5105245216998479
0.64605606,0.03524672,0.070095174,0.41988504,0.17667297,664,0,0,1,3.00000089999998e-14,0.9999999999999699
0.61411476,0.020633362,0.082831696,0.3513638,0.151608,665,0,0,1,3.00000089999998e-14,0.9999999999999699
0.67681205,0.028026752,0.06743491,0.39272642,0.15817627,666,0,0,1,3.00000089999998e-14,0.9999999999999699
0.63128734,0.0,0.09856188,0.3492797,0.08175148,667,0,0,1,3.00000089999998e-14,0.9999999999999699
0.6260949,0.03582657,0.07874632,0.30643028,0.12379155,668,0,0,1,3.00000089999998e-14,0.9999999999999699
0.71041226,0.02534236,0.06565747,0.30713928,0.21223575,669,0,0,1,3.00000089999998e-14,0.9999999999999699
0.7128323,0.03524662,0.08174428,0.18162324,0.08349117,670,0,0,1,3.00000089999998e-14,0.9999999999999699
0.68704665,0.026129007,0.066515215,0.32957023,0.14749233,671,0,0,1,3.00000089999998e-14,0.9999999999999699
0.76835585,0.03317767,0.06885394,0.33416644,0.15754505,672,0,0,1,3.00000089999998e-14,0.9999999999999699
0.65789044,0.20507672,0.27438805,0.47258687,0.27152348,673,0,0,0,0.9999998999999902,1.0000000994736041e-07
0.6822906,0.14404155,0.23994361,0.3625911,0.13184354,674,0,0,1,3.00000089999998e-14,0.9999999999999699
0.6476669,0.027389992,0.06623666,0.3831949,0.17631264,675,0,0,1,3.00000089999998e-14,0.9999999999999699
0.6452342,0.027787745,0.06642205,0.31763697,0.1681757,676,0,0,1,3.00000089999998e-14,0.9999999999999699
0.71633327,0.025769733,0.06326046,0.3520165,0.16858596,677,0,0,1,3.00000089999998e-14,0.9999999999999699
0.7047818,0.09059412,0.15228121,0.2644695,0.089835204,678,0,0,1,3.00000089999998e-14,0.9999999999999699
0.77558935,0.01894106,0.051445365,0.17885464,0.20291404,679,0,0,1,3.00000089999998e-14,0.9999999999999699
0.7242772,0.014593866,0.05739776,0.21251899,0.1517125,680,0,0,1,3.00000089999998e-14,0.9999999999999699
0.6781316,0.01961894,0.062211387,0.37904602,0.13728479,681,0,0,1,3.00000089999998e-14,0.9999999999999699
0.729769,0.0038300157,0.05471015,0.19943267,0.24646306,682,0,0,1,3.00000089999998e-14,0.9999999999999699
0.6873976,0.037925754,0.07241634,0.41482925,0.19874443,683,0,0,1,3.00000089999998e-14,0.9999999999999699
0.629158,0.03047183,0.047914475,0.28883424,0.2821485,684,0,0,1,1.034089110449424e-11,0.9999999999896592
0.6267633,0.04802215,0.06373192,0.5303539,0.12932886,685,0,0,1,1.3452040020479595e-08,0.99999998654796
0.80265987,0.066287145,0.06270185,0.52044123,0.10126796,686,0,0,1,0.48899011476138915,0.5110098852386109
0.69808185,0.0915793,0.09094602,0.17109762,0.10398482,687,0,0,1,0.4891087129150456,0.5108912870849543
0.6634378,0.026631575,0.0652379,0.37162432,0.12947899,688,0,0,1,3.00000089999998e-14,0.9999999999999699
0.7074953,0.03583017,0.04366657,0.27853552,0.3398571,689,0,0,1,0.4891214761077974,0.5108785238922025
0.6723909,0.027622469,0.06524274,0.3497923,0.166165,690,0,0,1,3.00000089999998e-14,0.9999999999999699
0.89303976,0.045514278,0.055005506,0.4423059,0.14568566,691,0,0,1,0.0033598813095276608,0.9966401186904722
0.71006775,0.002327241,0.047313534,0.19975713,0.1251424,692,0,0,1,3.00000089999998e-14,0.9999999999999699
0.68874973,0.01872709,0.061919965,0.3470419,0.1445367,693,0,0,1,3.00000089999998e-14,0.9999999999999699
0.739524,0.010456227,0.05053512,0.2324217,0.16367838,694,0,0,1,3.00000089999998e-14,0.9999999999999699
0.8210205,0.018316954,0.05912687,0.29360336,0.09315379,695,0,0,1,3.00000089999998e-14,0.9999999999999699
0.70952106,0.038997523,0.082847916,0.25206175,0.15853827,696,0,0,1,3.00000089999998e-14,0.9999999999999699
0.78157705,0.029774532,0.07108343,0.31012487,0.17935164,697,0,0,1,3.00000089999998e-14,0.9999999999999699
0.6629172,0.010361224,0.051228657,0.1733385,0.13371399,698,0,0,1,3.00000089999998e-14,0.9999999999999699
0.7248731,0.056338042,0.09500564,0.31587893,0.11241319,699,0,0,1,3.00000089999998e-14,0.9999999999999699
0.7210902,0.018291596,0.06304018,0.21288514,0.03170246,700,0,0,1,3.00000089999998e-14,0.9999999999999699
0.5884809,0.03320853,0.07303921,0.31646818,0.16767271,701,0,0,1,3.00000089999998e-14,0.9999999999999699
0.7242141,0.013473786,0.05747538,0.21996227,0.103307635,702,0,0,1,3.00000089999998e-14,0.9999999999999699
0.71113974,0.025495306,0.06891305,0.3302982,0.13372208,703,0,0,1,3.00000089999998e-14,0.9999999999999699
0.74698776,0.027112179,0.07111518,0.27422118,0.17270479,704,0,0,1,3.00000089999998e-14,0.9999999999999699
0.7674994,0.017519694,0.059950963,0.2961286,0.16165227,705,0,0,1,3.00000089999998e-14,0.9999999999999699
0.7350254,0.039211802,0.07235391,0.33870196,0.16720805,706,0,0,1,3.00000089999998e-14,0.9999999999999699
0.7215626,0.015429039,0.058844246,0.24063918,0.09412679,707,0,0,1,3.00000089999998e-14,0.9999999999999699
0.6842634,0.0305151,0.07075403,0.36059898,0.12611467,708,0,0,1,3.00000089999998e-14,0.9999999999999699
0.64824504,0.070792444,0.06423307,0.41832605,0.10927245,709,0,0,1,0.013476616612881458,0.9865233833871186
0.74960816,0.0048820004,0.070689596,0.3056838,0.26259524,710,0,0,1,3.00000089999998e-14,0.9999999999999699
0.58503926,0.026590332,0.06163247,0.4678614,0.09422691,711,0,0,1,3.00000089999998e-14,0.9999999999999699
0.7181752,0.015934505,0.059865378,0.24101985,0.20060635,712,0,0,1,3.00000089999998e-14,0.9999999999999699
0.7483617,0.014099773,0.054865934,0.10159341,0.057987757,713,0,0,1,3.00000089999998e-14,0.9999999999999699
0.7310198,0.031059206,0.06971583,0.30874968,0.22670266,714,0,0,1,3.00000089999998e-14,0.9999999999999699
0.72927356,0.018222712,0.060791746,0.30488253,0.11367106,715,0,0,1,3.00000089999998e-14,0.9999999999999699
0.7197924,0.025789969,0.081469886,0.22403127,0.098900706,716,0,0,1,3.00000089999998e-14,0.9999999999999699
0.7034754,0.14206629,0.21078998,0.16712174,0.2161988,717,0,0,1,0.3823224743988975,0.6176775256011023
0.6456766,0.043401435,0.080226846,0.33245346,0.1665511,718,0,0,1,3.00000089999998e-14,0.9999999999999699
0.636148,0.011605006,0.055844255,0.19682577,0.16511106,719,0,0,1,3.00000089999998e-14,0.9999999999999699
0.7097523,0.014986839,0.055710763,0.20042571,0.13172615,720,0,0,1,3.00000089999998e-14,0.9999999999999699
0.7649337,0.025207352,0.064127624,0.3184204,0.24694575,721,0,0,1,3.00000089999998e-14,0.9999999999999699
0.7492226,0.03365375,0.07698044,0.20688537,0.16572279,722,0,0,1,3.00000089999998e-14,0.9999999999999699
0.6897443,0.03138531,0.07367989,0.2729191,0.1300653,723,0,0,1,3.00000089999998e-14,0.9999999999999699
0.526944,0.05757509,0.055621773,0.44832352,0.1287937,724,0,0,1,0.48782060467028965,0.5121793953297105
0.6801099,0.081751466,0.0061682574,0.23252043,0.12191241,725,0,1,0,0.9999998999999902,1.0000000994736041e-07
0.63127595,0.0,0.07328958,0.22461337,0.27235895,726,0,0,1,3.00000089999998e-14,0.9999999999999699
0.7274007,0.07466178,0.12360188,0.33425713,0.102743916,727,0,0,1,3.00000089999998e-14,0.9999999999999699
0.64854383,0.039530054,0.07997687,0.25453022,0.0965845,728,0,0,1,3.00000089999998e-14,0.9999999999999699
0.64033943,0.06773397,0.0,0.10800877,0.048815064,729,0,1,0,0.9999998999999902,1.0000000994736041e-07
0.7533473,0.25839034,0.33431163,0.46627888,0.36024028,730,0,0,0,0.9999998999999902,1.0000000994736041e-07
0.66103494,0.21683669,0.28319982,0.4571907,0.16030732,731,0,0,0,0.9999998999999902,1.0000000994736041e-07
0.7062177,0.083771415,0.0094557665,0.21485329,0.048682068,732,0,1,0,0.9999998999999902,1.0000000994736041e-07
0.7540494,0.051751617,0.046825103,0.31191397,0.2702133,733,0,0,1,0.4085079879705754,0.5914920120294248
0.85340303,0.051489875,0.054387696,0.49080414,0.12273329,734,0,0,1,0.040228270450572215,0.9597717295494277
0.6565126,0.077946864,0.00576235,0.21455847,0.083693594,735,0,1,0,0.9999998999999902,1.0000000994736041e-07
0.815196,0.017805781,0.078836665,0.34646052,0.11381543,736,0,0,1,3.00000089999998e-14,0.9999999999999699
0.70513356,0.030263565,0.06674168,0.38485807,0.14178734,737,0,0,1,3.00000089999998e-14,0.9999999999999699
0.65179974,0.024511136,0.06384183,0.320311,0.17692879,738,0,0,1,3.00000089999998e-14,0.9999999999999699
0.7486264,0.060404945,0.118837245,0.16895059,0.16618907,739,0,0,1,3.00000089999998e-14,0.9999999999999699
0.786956,0.07900722,0.010161936,0.16404349,0.10903595,740,0,1,0,0.9999998999999902,1.0000000994736041e-07
0.63414496,0.03354955,0.07464246,0.27118883,0.097700566,741,0,0,1,3.00000089999998e-14,0.9999999999999699
0.7673079,0.056256764,0.052185964,0.38100475,0.2706138,742,0,0,1,0.30042343791288517,0.6995765620871148
0.7291031,0.03239247,0.066499315,0.41372114,0.159466,743,0,0,1,3.00000089999998e-14,0.9999999999999699
0.8084496,0.049550183,0.098379575,0.29179582,0.12736246,744,0,0,1,3.00000089999998e-14,0.9999999999999699
0.72504044,0.0072530955,0.054372303,0.14849152,0.15213561,745,0,0,1,3.00000089999998e-14,0.9999999999999699
0.716846,0.033691548,0.07013841,0.34903166,0.13629712,746,0,0,1,3.00000089999998e-14,0.9999999999999699
0.59697336,0.013123386,0.056774914,0.17523356,0.18353072,747,0,0,1,3.00000089999998e-14,0.9999999999999699
0.72491467,0.020120934,0.060893975,0.39170197,0.13646571,748,0,0,1,3.00000089999998e-14,0.9999999999999699
0.6070179,0.065674566,0.1170205,0.22928011,0.175667,749,0,0,1,3.00000089999998e-14,0.9999999999999699
0.8159578,0.078972496,0.105205834,0.14678174,0.19076811,750,0,0,1,1.0162965154216848e-05,0.9999898370348457
0.6294967,0.044625334,0.083424665,0.27610236,0.10988903,751,0,0,1,3.00000089999998e-14,0.9999999999999699
0.64924926,0.03845121,0.07533063,0.32745028,0.16747274,752,0,0,1,3.00000089999998e-14,0.9999999999999699
0.64265066,0.04693944,0.09369434,0.30369252,0.14679715,753,0,0,1,3.00000089999998e-14,0.9999999999999699
0.6348504,0.011165056,0.054735295,0.24407691,0.17995843,754,0,0,1,3.00000089999998e-14,0.9999999999999699
0.70289457,0.1694775,0.2507771,0.41665104,0.22508532,755,0,0,1,0.49280745820633814,0.507192541793662
0.7597176,0.005638849,0.049349666,0.13204664,0.066549025,756,0,0,1,3.00000089999998e-14,0.9999999999999699
0.7426543,0.0362918,0.07378138,0.33573484,0.17050847,757,0,0,1,3.00000089999998e-14,0.9999999999999699
0.74251425,0.010953285,0.053969078,0.24920884,0.17189708,758,0,0,1,3.00000089999998e-14,0.9999999999999699
0.5884467,0.023969196,0.06348638,0.23241293,0.19629523,759,0,0,1,3.00000089999998e-14,0.9999999999999699
0.661529,0.21495213,0.28051442,0.5004597,0.29006505,760,0,0,0,0.9999998999999902,1.0000000994736041e-07
0.72784746,0.019777074,0.06448149,0.28151792,0.21528801,761,0,0,1,3.00000089999998e-14,0.9999999999999699
0.6397224,0.040808063,0.076212324,0.49395704,0.08975187,762,0,0,1,3.00000089999998e-14,0.9999999999999699
0.73054224,0.14149067,0.0,0.2204134,0.11174438,763,0,1,0,0.9999998999999902,1.0000000994736041e-07
0.70229554,0.021755204,0.06219831,0.35415202,0.18940252,764,0,0,1,3.00000089999998e-14,0.9999999999999699
0.78326964,0.14679125,0.15342991,0.25172842,0.28815207,765,0,0,0,0.9999998999999902,1.0000000994736041e-07
0.77343154,0.03199699,0.07269918,0.43742663,0.17847812,766,0,0,1,3.00000089999998e-14,0.9999999999999699
0.80641025,0.062252346,0.054324992,0.3978808,0.07420127,767,0,0,1,0.17469169953712685,0.8253083004628731
0.64369285,0.0617862,0.10842817,0.22247468,0.17904462,768,0,0,1,3.00000089999998e-14,0.9999999999999699
0.67472154,0.017665487,0.05780173,0.25935528,0.13554676,769,0,0,1,3.00000089999998e-14,0.9999999999999699
0.6278624,0.025465347,0.06465041,0.22934933,0.08958369,770,0,0,1,3.00000089999998e-14,0.9999999999999699
0.6214138,0.0487186,0.09425622,0.3260666,0.18447086,771,0,0,1,3.00000089999998e-14,0.9999999999999699
0.4773231,0.092272855,0.050790694,0.5814672,0.029755482,772,0,0,0,0.9999998999999902,1.0000000994736041e-07
0.7429838,0.04913674,0.04106616,0.3140651,0.2507222,773,0,0,1,0.2779534763023764,0.7220465236976236
0.6128805,0.029915351,0.0684396,0.40915903,0.18322328,774,0,0,1,3.00000089999998e-14,0.9999999999999699
0.86679643,0.04833498,0.05175563,0.17204459,0.09364638,775,0,0,1,0.14312222985887657,0.8568777701411234
0.58647627,0.056059383,0.049258325,0.44696152,0.09517921,776,0,0,1,0.35516400860858516,0.6448359913914149
0.65942687,0.10339137,0.112143084,0.17909119,0.16842717,777,0,0,1,0.35387973459884536,0.6461202654011546
0.7112745,0.02628241,0.03325461,0.23025373,0.32620537,778,0,0,1,0.4894701730881064,0.5105298269118936
0.76150763,0.0089537725,0.054196596,0.24625167,0.18287656,779,0,0,1,3.00000089999998e-14,0.9999999999999699
0.7335836,0.035937052,0.06978119,0.29216146,0.12314163,780,0,0,1,3.00000089999998e-14,0.9999999999999699
0.63004005,0.030272461,0.06841512,0.5036375,0.21609461,781,0,0,1,3.00000089999998e-14,0.9999999999999699
0.69291973,0.061364107,0.062631465,0.4782751,0.077234976,782,0,0,1,1.7654184612126124e-05,0.9999823458153879
0.60553104,0.04098402,0.07706142,0.35003608,0.20776322,783,0,0,1,3.00000089999998e-14,0.9999999999999699
0.6629733,0.029661369,0.06938937,0.33921227,0.17314665,784,0,0,1,3.00000089999998e-14,0.9999999999999699
0.73864603,0.026261639,0.06728638,0.35067883,0.15641001,785,0,0,1,3.00000089999998e-14,0.9999999999999699
0.7505669,0.058468826,0.054584388,0.48728934,0.25493494,786,0,0,1,0.4860440792820688,0.5139559207179311
0.7181788,0.041011408,0.090211794,0.33475775,0.1613841,787,0,0,1,3.00000089999998e-14,0.9999999999999699
0.7310766,0.0652942,0.113025896,0.16973215,0.15695049,788,0,0,1,3.00000089999998e-14,0.9999999999999699
0.7845723,0.035131693,0.06922206,0.31013572,0.09753114,789,0,0,1,3.00000089999998e-14,0.9999999999999699
0.8655442,0.009218596,0.06070242,0.23277119,0.05357063,790,0,0,1,3.00000089999998e-14,0.9999999999999699
0.77202445,0.0740535,0.0,0.13239151,0.07554861,791,0,1,0,0.9999998999999902,1.0000000994736041e-07
0.6406715,0.039613463,0.0738006,0.4664611,0.1068985,792,0,0,1,3.00000089999998e-14,0.9999999999999699
0.63219076,0.024259739,0.06441592,0.35053635,0.15008266,793,0,0,1,3.00000089999998e-14,0.9999999999999699
0.64250237,0.058383107,0.10361907,0.25283298,0.061179064,794,0,0,1,3.00000089999998e-14,0.9999999999999699
0.75168097,0.025995042,0.064255856,0.2734546,0.0966706,795,0,0,1,3.00000089999998e-14,0.9999999999999699
0.6376318,0.06766015,0.0,0.16178405,0.13486543,796,0,1,0,0.9999998999999902,1.0000000994736041e-07
0.68629575,0.0,0.09945631,0.44935438,0.2341534,797,0,0,1,3.00000089999998e-14,0.9999999999999699
0.683069,0.046191096,0.085324414,0.35943127,0.14833415,798,0,0,1,3.00000089999998e-14,0.9999999999999699
0.7149485,0.01634879,0.057022966,0.24390724,0.12179501,799,0,0,1,3.00000089999998e-14,0.9999999999999699
0.7541608,0.020821083,0.059714742,0.25595722,0.167608,800,0,0,1,3.00000089999998e-14,0.9999999999999699
0.73487324,0.031117354,0.06890449,0.3439984,0.17011105,801,0,0,1,3.00000089999998e-14,0.9999999999999699
0.6818451,0.0,0.113147944,0.33765283,0.25827312,802,0,0,1,3.00000089999998e-14,0.9999999999999699
0.73906976,0.053013794,0.060172815,0.24787903,0.28716943,803,0,0,1,0.04201894540830584,0.9579810545916941
0.69860256,0.0696651,0.0872867,0.12264884,0.12861109,804,0,0,1,5.167482693194873e-10,0.9999999994832517
0.687494,0.034032207,0.072076134,0.39225927,0.12903355,805,0,0,1,3.00000089999998e-14,0.9999999999999699
0.7129346,0.038958676,0.078459114,0.34700906,0.15157123,806,0,0,1,3.00000089999998e-14,0.9999999999999699
0.5914078,0.008154444,0.05161628,0.1523447,0.17092621,807,0,0,1,3.00000089999998e-14,0.9999999999999699
0.75424486,0.053588197,0.09374999,0.32311755,0.14831182,808,0,0,1,3.00000089999998e-14,0.9999999999999699
0.748578,0.016489174,0.05958572,0.2570646,0.21399811,809,0,0,1,3.00000089999998e-14,0.9999999999999699
0.6379407,0.07747342,0.13452035,0.29892525,0.13204902,810,0,0,1,3.00000089999998e-14,0.9999999999999699
0.7183263,0.040492155,0.07647942,0.30729535,0.123753,811,0,0,1,3.00000089999998e-14,0.9999999999999699
0.66866505,0.018801965,0.06087558,0.31183845,0.11928837,812,0,0,1,3.00000089999998e-14,0.9999999999999699
0.84194374,0.058287494,0.057002533,0.5031755,0.19255897,813,0,0,1,0.485109950416247,0.5148900495837531
0.7106554,0.036029387,0.07192857,0.36551055,0.19211037,814,0,0,1,3.00000089999998e-14,0.9999999999999699
0.56908214,0.0882306,0.061801024,0.22735797,0.98763525,815,0,0,0,0.9999998999999902,1.0000000994736041e-07
0.70621413,0.039721176,0.04027293,0.23326631,0.2883106,816,0,0,1,0.29873303674938195,0.7012669632506183
0.78222877,0.031890403,0.06974804,0.44133458,0.15613571,817,0,0,1,3.00000089999998e-14,0.9999999999999699
0.7555473,0.029178403,0.063454576,0.3464213,0.17113319,818,0,0,1,3.00000089999998e-14,0.9999999999999699
0.6853506,0.031465013,0.06886934,0.41705766,0.16471466,819,0,0,1,3.00000089999998e-14,0.9999999999999699
0.6098311,0.04005961,0.07710499,0.28291082,0.21264093,820,0,0,1,3.00000089999998e-14,0.9999999999999699
0.6234318,0.03430204,0.07962742,0.22829853,0.1972946,821,0,0,1,3.00000089999998e-14,0.9999999999999699
0.6004985,0.036217235,0.07207538,0.43047172,0.117946215,822,0,0,1,3.00000089999998e-14,0.9999999999999699
0.6702036,0.02226092,0.06071561,0.36040825,0.15513998,823,0,0,1,3.00000089999998e-14,0.9999999999999699
0.7205285,0.007456869,0.04916577,0.17000362,0.12771997,824,0,0,1,3.00000089999998e-14,0.9999999999999699
0.7832907,0.061562434,0.06074015,0.5369403,0.07411796,825,0,0,1,0.4911327753019447,0.5088672246980552
0.7267403,0.02611468,0.068823904,0.4685211,0.2330667,826,0,0,1,3.00000089999998e-14,0.9999999999999699
0.71556354,0.07220766,0.11834442,0.29777226,0.1484682,827,0,0,1,3.00000089999998e-14,0.9999999999999699
0.65967995,0.04155934,0.087021865,0.2742409,0.1393005,828,0,0,1,3.00000089999998e-14,0.9999999999999699
0.7058144,0.029102165,0.074341096,0.23854893,0.18468621,829,0,0,1,3.00000089999998e-14,0.9999999999999699
0.7153449,0.021770388,0.062635794,0.34077477,0.15683016,830,0,0,1,3.00000089999998e-14,0.9999999999999699
0.54774505,0.02688263,0.065383725,0.27303198,0.2034015,831,0,0,1,3.00000089999998e-14,0.9999999999999699
0.6979483,0.030789245,0.07946811,0.33820188,0.10754173,832,0,0,1,3.00000089999998e-14,0.9999999999999699
0.76312864,0.038061652,0.08500109,0.33123267,0.11757138,833,0,0,1,3.00000089999998e-14,0.9999999999999699
0.6202965,0.020198248,0.06291462,0.30846295,0.16221523,834,0,0,1,3.00000089999998e-14,0.9999999999999699
0.6609377,0.0,0.0455122,0.118213095,0.09413393,835,0,0,1,3.00000089999998e-14,0.9999999999999699
0.5792839,0.062395643,0.13420632,0.18946497,0.15296319,836,0,0,1,3.00000089999998e-14,0.9999999999999699
0.66877836,0.06613992,0.13679528,0.17661335,0.16536942,837,0,0,1,3.00000089999998e-14,0.9999999999999699
0.77157176,0.030720059,0.06560908,0.34883296,0.16670546,838,0,0,1,3.00000089999998e-14,0.9999999999999699
0.6468109,0.02901087,0.066966794,0.38940924,0.11213328,839,0,0,1,3.00000089999998e-14,0.9999999999999699
0.7865194,0.035651434,0.08362709,0.23159075,0.1656532,840,0,0,1,3.00000089999998e-14,0.9999999999999699
0.64393115,0.059192296,0.11359771,0.23361391,0.103238635,841,0,0,1,3.00000089999998e-14,0.9999999999999699
0.59458995,0.019125551,0.060158305,0.24074587,0.1860439,842,0,0,1,3.00000089999998e-14,0.9999999999999699
0.53634286,0.049356997,0.044953898,0.38331494,0.0794796,843,0,0,1,0.4750554660024683,0.5249445339975318
0.6671133,0.015305065,0.059420086,0.21162924,0.12424047,844,0,0,1,3.00000089999998e-14,0.9999999999999699
0.72725636,0.031070575,0.07334188,0.23362103,0.096990705,845,0,0,1,3.00000089999998e-14,0.9999999999999699
0.6864996,0.10908691,0.036421813,0.3322305,0.08023316,846,0,1,0,0.9999998999999902,1.0000000994736041e-07
0.7492577,0.017507236,0.05513397,0.10404286,0.16328102,847,0,0,1,3.00000089999998e-14,0.9999999999999699
0.6355791,0.016738847,0.058315404,0.23870614,0.20135263,848,0,0,1,3.00000089999998e-14,0.9999999999999699
0.7393974,0.103822164,0.0991664,0.15231024,0.45041665,849,0,0,0,0.9999998999999902,1.0000000994736041e-07
0.73073137,0.03072314,0.06954582,0.25052053,0.09801935,850,0,0,1,3.00000089999998e-14,0.9999999999999699
0.6897686,0.011810798,0.061833493,0.14953043,0.116865896,851,0,0,1,3.00000089999998e-14,0.9999999999999699
0.7382194,0.035756834,0.07421609,0.3386874,0.17176679,852,0,0,1,3.00000089999998e-14,0.9999999999999699
0.6620102,0.037239905,0.076895244,0.33568054,0.12540807,853,0,0,1,3.00000089999998e-14,0.9999999999999699
0.73463553,0.011013195,0.05499009,0.20788321,0.098718666,854,0,0,1,3.00000089999998e-14,0.9999999999999699
0.7119753,0.040297166,0.057292886,0.10895106,0.26572075,855,0,0,1,0.008378321830443548,0.9916216781695564
0.66989344,0.0,0.04395148,0.123808295,0.10750439,856,0,0,1,3.00000089999998e-14,0.9999999999999699
0.5509134,0.079720266,0.0069647394,0.1873336,0.1860671,857,0,1,0,0.9999998999999902,1.0000000994736041e-07
0.6364266,0.025435064,0.067045085,0.3877265,0.1212925,858,0,0,1,3.00000089999998e-14,0.9999999999999699
0.58523905,0.018162433,0.05681429,0.22666556,0.20452711,859,0,0,1,3.00000089999998e-14,0.9999999999999699
0.734279,0.006817408,0.05054167,0.17293164,0.15244462,860,0,0,1,3.00000089999998e-14,0.9999999999999699
0.6713813,0.07919065,0.064179726,0.19739257,0.35895574,861,0,0,0,0.9999998999999902,1.0000000994736041e-07
0.7248923,0.021757878,0.0737167,0.12848046,0.17106536,862,0,0,1,3.00000089999998e-14,0.9999999999999699
0.6908328,0.11441452,0.061144106,0.115054764,0.22610071,863,0,0,0,0.9999998999999902,1.0000000994736041e-07
0.69426787,0.029558033,0.07031493,0.36757,0.13470298,864,0,0,1,3.00000089999998e-14,0.9999999999999699
0.6963008,0.0053715706,0.052298836,0.23226878,0.1330502,865,0,0,1,3.00000089999998e-14,0.9999999999999699
0.6250451,0.03554101,0.07780941,0.1362022,0.16862649,866,0,0,1,3.00000089999998e-14,0.9999999999999699
0.77142036,0.03311428,0.08236103,0.22183993,0.18733048,867,0,0,1,3.00000089999998e-14,0.9999999999999699
0.7281535,0.032298636,0.074912496,0.24106845,0.17364301,868,0,0,1,3.00000089999998e-14,0.9999999999999699
0.631857,0.029600095,0.06481004,0.30831417,0.17013678,869,0,0,1,3.00000089999998e-14,0.9999999999999699
0.717683,0.05442455,0.09736815,0.2482963,0.116366506,870,0,0,1,3.00000089999998e-14,0.9999999999999699
0.591755,0.033253938,0.07254923,0.43156248,0.19857892,871,0,0,1,3.00000089999998e-14,0.9999999999999699
0.6120147,0.034002308,0.06852842,0.4380527,0.095989175,872,0,0,1,3.00000089999998e-14,0.9999999999999699
0.6945723,0.027169373,0.064182974,0.38052717,0.22752117,873,0,0,1,3.00000089999998e-14,0.9999999999999699
0.66670877,0.018609151,0.05953961,0.28958032,0.15085068,874,0,0,1,3.00000089999998e-14,0.9999999999999699
0.76601046,0.020968389,0.05982843,0.4128242,0.15808007,875,0,0,1,3.00000089999998e-14,0.9999999999999699
0.67349404,0.091301374,0.018282268,0.34701028,0.21965982,876,0,1,0,0.9999998999999902,1.0000000994736041e-07
0.74545455,0.015771609,0.057224587,0.22628535,0.20430455,877,0,0,1,3.00000089999998e-14,0.9999999999999699
0.633302,0.023500491,0.0669897,0.30920732,0.23438469,878,0,0,1,3.00000089999998e-14,0.9999999999999699
0.6946214,0.0,0.12345354,0.37548956,0.11473473,879,0,0,1,3.00000089999998e-14,0.9999999999999699
0.6718175,0.046889693,0.088654615,0.42068633,0.16627383,880,0,0,1,3.00000089999998e-14,0.9999999999999699
0.82608324,0.019925676,0.06095764,0.29296243,0.08503597,881,0,0,1,3.00000089999998e-14,0.9999999999999699
0.73317266,0.013972618,0.05326052,0.11204731,0.06713895,882,0,0,1,3.00000089999998e-14,0.9999999999999699
0.652611,0.034153685,0.068859965,0.41309518,0.12787521,883,0,0,1,3.00000089999998e-14,0.9999999999999699
0.63502383,0.017898578,0.059322625,0.23674631,0.16938648,884,0,0,1,3.00000089999998e-14,0.9999999999999699
0.75650215,0.023012511,0.06411228,0.20342049,0.08129166,885,0,0,1,3.00000089999998e-14,0.9999999999999699
0.7730701,0.01617064,0.054602876,0.240801,0.08793342,886,0,0,1,3.00000089999998e-14,0.9999999999999699
0.7575024,0.020773768,0.058023483,0.21663369,0.20642282,887,0,0,1,3.00000089999998e-14,0.9999999999999699
0.71446675,0.034725145,0.08707782,0.15491112,0.14242914,888,0,0,1,3.00000089999998e-14,0.9999999999999699
0.6231711,0.019793749,0.0613333,0.4007178,0.17908874,889,0,0,1,3.00000089999998e-14,0.9999999999999699
0.70730907,0.01564284,0.06714832,0.22055604,0.16318303,890,0,0,1,3.00000089999998e-14,0.9999999999999699
0.65931535,0.036540538,0.0709104,0.4282148,0.18440285,891,0,0,1,3.00000089999998e-14,0.9999999999999699
0.75464255,0.030166905,0.067435816,0.33665615,0.17743796,892,0,0,1,3.00000089999998e-14,0.9999999999999699
0.6836868,0.012253426,0.09678225,0.4008165,0.109739155,893,0,0,1,3.00000089999998e-14,0.9999999999999699
0.6818843,0.015753534,0.05751279,0.27839655,0.14038077,894,0,0,1,3.00000089999998e-14,0.9999999999999699
0.7220748,0.022570059,0.061490282,0.33939746,0.1548414,895,0,0,1,3.00000089999998e-14,0.9999999999999699
0.69515884,0.021823712,0.064024694,0.37932402,0.18405466,896,0,0,1,3.00000089999998e-14,0.9999999999999699
0.69337493,0.068182506,0.118048094,0.25706485,0.08985003,897,0,0,1,3.00000089999998e-14,0.9999999999999699
0.58767855,0.041783042,0.07915618,0.4987427,0.091986805,898,0,0,1,3.00000089999998e-14,0.9999999999999699
0.71976465,0.0,0.045742318,0.09094682,0.07808491,899,0,0,1,3.00000089999998e-14,0.9999999999999699
0.74157315,0.025295634,0.06125863,0.3015112,0.1681549,900,0,0,1,3.00000089999998e-14,0.9999999999999699
0.748616,0.021505784,0.05938612,0.39810574,0.10955833,901,0,0,1,3.00000089999998e-14,0.9999999999999699
0.64041835,0.009162612,0.053628184,0.22464335,0.15270534,902,0,0,1,3.00000089999998e-14,0.9999999999999699
0.7163532,0.011878461,0.0558232,0.17929317,0.1327411,903,0,0,1,3.00000089999998e-14,0.9999999999999699
0.72658896,0.02095225,0.063743554,0.2829025,0.14258532,904,0,0,1,3.00000089999998e-14,0.9999999999999699
0.6703314,0.043645903,0.08116349,0.43112513,0.15394308,905,0,0,1,3.00000089999998e-14,0.9999999999999699
0.6411477,0.028483603,0.06785178,0.40754062,0.13054103,906,0,0,1,3.00000089999998e-14,0.9999999999999699
0.5953964,0.12634331,0.090298355,0.32597905,0.5581475,907,0,0,0,0.9999998999999902,1.0000000994736041e-07
0.77894616,0.05099809,0.039758258,0.31993246,0.20358405,908,0,0,1,0.26098890717556333,0.7390110928244367
0.9109994,0.047384463,0.053954877,0.4414397,0.05942452,909,0,0,1,0.32688484099888254,0.6731151590011175
0.80311334,0.043746307,0.07691569,0.28394127,0.06131058,910,0,0,1,3.00000089999998e-14,0.9999999999999699
0.6131954,0.03765702,0.08112516,0.22535816,0.09128794,911,0,0,1,3.00000089999998e-14,0.9999999999999699
0.6320255,0.024546348,0.06490957,0.24866559,0.1747567,912,0,0,1,3.00000089999998e-14,0.9999999999999699
0.6849321,0.036377758,0.0850596,0.28144926,0.13882229,913,0,0,1,3.00000089999998e-14,0.9999999999999699
0.70886695,0.027542349,0.06573443,0.36737022,0.21010308,914,0,0,1,3.00000089999998e-14,0.9999999999999699
0.6510839,0.028859824,0.06783411,0.30578846,0.112133406,915,0,0,1,3.00000089999998e-14,0.9999999999999699
0.68570924,0.021917343,0.029344099,0.26117435,0.33951652,916,0,0,1,0.4797803576976112,0.5202196423023889
0.7087454,0.02861163,0.06948808,0.31032753,0.16519128,917,0,0,1,3.00000089999998e-14,0.9999999999999699
0.6248134,0.015734758,0.061480924,0.25612438,0.2477133,918,0,0,1,3.00000089999998e-14,0.9999999999999699
0.67335135,0.055624135,0.10442397,0.27196,0.120976925,919,0,0,1,3.00000089999998e-14,0.9999999999999699
0.62824667,0.12037616,0.08986658,0.18257032,0.18841302,920,0,0,0,0.9999998999999902,1.0000000994736041e-07
0.76805687,0.025470022,0.0695145,0.2705946,0.2583707,921,0,0,1,3.00000089999998e-14,0.9999999999999699
0.5297182,0.060846925,0.05881885,0.36310464,0.074500166,922,0,0,1,0.27212450211091116,0.7278754978890886
0.7130647,0.053353533,0.10156571,0.20472637,0.1438244,923,0,0,1,3.00000089999998e-14,0.9999999999999699
0.0,0.12634331,0.090298355,0.32597905,0.0,924,0,0,0,0.9999998999999902,1.0000000994736041e-07
0.5999871,0.076950505,0.0,0.18195257,0.15173104,925,0,1,0,0.9999998999999902,1.0000000994736041e-07
0.62727463,0.017457794,0.059613943,0.31743222,0.17824735,926,0,0,1,3.00000089999998e-14,0.9999999999999699
0.6633339,0.02737528,0.06454016,0.32723463,0.15472543,927,0,0,1,3.00000089999998e-14,0.9999999999999699
0.59755456,0.028697811,0.06745921,0.45240524,0.21517113,928,0,0,1,3.00000089999998e-14,0.9999999999999699
0.6821499,0.026538674,0.0707688,0.3280936,0.12910849,929,0,0,1,3.00000089999998e-14,0.9999999999999699
0.75042534,0.013952557,0.062494628,0.25103658,0.10053524,930,0,0,1,3.00000089999998e-14,0.9999999999999699
0.7322757,0.016994346,0.059406996,0.28527847,0.16052091,931,0,0,1,3.00000089999998e-14,0.9999999999999699
0.63927966,0.036418162,0.072050825,0.27646253,0.1551559,932,0,0,1,3.00000089999998e-14,0.9999999999999699
0.6357548,0.012287356,0.057233498,0.1736933,0.15007308,933,0,0,1,3.00000089999998e-14,0.9999999999999699
0.71684706,0.016843762,0.05652953,0.2756753,0.13856906,934,0,0,1,3.00000089999998e-14,0.9999999999999699
0.71749365,0.018847823,0.060919777,0.32858455,0.15351342,935,0,0,1,3.00000089999998e-14,0.9999999999999699
0.73936224,0.036865637,0.08363413,0.25827911,0.1960508,936,0,0,1,3.00000089999998e-14,0.9999999999999699
0.71460277,0.0408865,0.08646919,0.19843128,0.09464716,937,0,0,1,3.00000089999998e-14,0.9999999999999699
0.75876033,0.03244631,0.069067165,0.41820353,0.15999685,938,0,0,1,3.00000089999998e-14,0.9999999999999699
0.6664121,0.011182599,0.054613426,0.20906234,0.13669458,939,0,0,1,3.00000089999998e-14,0.9999999999999699
0.8689971,0.017464586,0.05652199,0.26082128,0.046024725,940,0,0,1,3.00000089999998e-14,0.9999999999999699
0.71784735,0.030441321,0.06791863,0.32412875,0.17201148,941,0,0,1,3.00000089999998e-14,0.9999999999999699
0.7310114,0.013014235,0.054909244,0.2567845,0.20360145,942,0,0,1,3.00000089999998e-14,0.9999999999999699
0.6339618,0.024375673,0.06512062,0.28450993,0.16174889,943,0,0,1,3.00000089999998e-14,0.9999999999999699
0.5974203,0.023170743,0.059528276,0.41796076,0.09226989,944,0,0,1,3.00000089999998e-14,0.9999999999999699
0.65818584,0.019989148,0.061143853,0.25210994,0.14169219,945,0,0,1,3.00000089999998e-14,0.9999999999999699
0.73161316,0.015337314,0.057823226,0.28913864,0.117086805,946,0,0,1,3.00000089999998e-14,0.9999999999999699
0.62355363,0.073406346,0.11913799,0.29434893,0.0908753,947,0,0,1,3.00000089999998e-14,0.9999999999999699
0.77893746,0.038350385,0.09860179,0.16854674,0.109748885,948,0,0,1,3.00000089999998e-14,0.9999999999999699
0.6442862,0.023283262,0.062309504,0.31660384,0.22089532,949,0,0,1,3.00000089999998e-14,0.9999999999999699
0.72401065,0.0033683479,0.048302546,0.1341047,0.07961106,950,0,0,1,3.00000089999998e-14,0.9999999999999699
0.6604538,0.020747378,0.05967275,0.30227143,0.14452599,951,0,0,1,3.00000089999998e-14,0.9999999999999699
0.7610843,0.02438869,0.06269098,0.42336544,0.09432667,952,0,0,1,3.00000089999998e-14,0.9999999999999699
0.65250516,0.018369596,0.060522698,0.23247877,0.10372975,953,0,0,1,3.00000089999998e-14,0.9999999999999699
0.61889076,0.034249894,0.072889335,0.3273601,0.14271875,954,0,0,1,3.00000089999998e-14,0.9999999999999699
0.71113694,0.15213855,0.0,0.26636896,0.13622256,955,0,1,0,0.9999998999999902,1.0000000994736041e-07
0.56749326,0.055901404,0.051439628,0.41465166,0.08134771,956,0,0,1,0.19807859397318592,0.801921406026814
0.7710723,0.017095543,0.05142898,0.25881445,0.04385224,957,0,0,1,3.00000089999998e-14,0.9999999999999699
0.67501813,0.06313743,0.12268541,0.2567652,0.10267049,958,0,0,1,3.00000089999998e-14,0.9999999999999699
0.75828797,0.017980251,0.06665608,0.17417441,0.17218019,959,0,0,1,3.00000089999998e-14,0.9999999999999699
0.6420495,0.041430794,0.0749879,0.32072306,0.11113947,960,0,0,1,3.00000089999998e-14,0.9999999999999699
0.73535377,0.006171465,0.051503368,0.1888565,0.09562392,961,0,0,1,3.00000089999998e-14,0.9999999999999699
0.7235472,0.030879483,0.07844333,0.266194,0.117070235,962,0,0,1,3.00000089999998e-14,0.9999999999999699
0.6764231,0.09508039,0.10673768,0.231568,0.13691185,963,0,0,1,1.6955898734113402e-07,0.9999998304410127
0.7581651,0.017101578,0.055396557,0.17425314,0.16343302,964,0,0,1,3.00000089999998e-14,0.9999999999999699
0.65377706,0.041124634,0.07444792,0.46694937,0.10773113,965,0,0,1,3.00000089999998e-14,0.9999999999999699
0.6666675,0.025294747,0.062420778,0.33265495,0.1606993,966,0,0,1,3.00000089999998e-14,0.9999999999999699
0.7835445,0.023424655,0.06374316,0.26675972,0.16963148,967,0,0,1,3.00000089999998e-14,0.9999999999999699
