GLCM_Pan,Mean_G,Mean_R,Mean_NIR,SD_Plan,name,is_train,target,prediction,score_0,score_1
0.6370181,0.041123193,0.048824415,0.22961535,0.31337583,0,0,0,1,7.603470294126335e-05,0.9999239652970587
0.70049614,0.026142731,0.062606014,0.3556339,0.16639674,1,0,0,1,5.351223908434122e-10,0.9999999994648776
0.6141484,0.044331286,0.035662517,0.25865966,0.115674675,2,0,0,1,0.03453018743889802,0.965469812561102
0.66656655,0.044290718,0.06520996,0.32520646,0.22640488,3,0,0,1,5.188228088259805e-07,0.9999994811771912
0.7176878,0.015776098,0.06019105,0.27003017,0.15370387,4,0,0,1,1.970139840157259e-08,0.9999999802986016
0.81230605,0.0011789501,0.11779577,0.08070584,0.25019705,5,0,0,1,0.21686669715053708,0.7831333028494629
0.7080757,0.039337765,0.071897194,0.39426845,0.17755525,6,0,0,1,4.670552833374586e-11,0.9999999999532945
0.7025047,0.09729155,0.08057158,0.19956613,0.15125065,7,0,0,1,0.06153443540886294,0.9384655645911371
0.74206454,0.011155482,0.06441765,0.3295874,0.18939279,8,0,0,1,8.6879392569017e-11,0.9999999999131206
0.771979,0.02616119,0.06646463,0.2885505,0.15768865,9,0,0,1,3.4185299035982553e-10,0.999999999658147
0.60390013,0.04180038,0.08147832,0.2704395,0.15045996,10,0,0,1,7.400309443017505e-08,0.9999999259969056
0.692467,0.025670726,0.06792882,0.25883955,0.23750769,11,0,0,1,1.2156841788790729e-06,0.9999987843158211
0.72069544,0.0737135,0.0,0.16969466,0.13323629,12,0,1,0,0.999999999848152,1.5184796040699513e-10
0.728382,0.027155187,0.12171505,0.3129381,0.10485242,13,0,0,1,1.9401813489139386e-11,0.9999999999805982
0.6920798,0.030095391,0.06725484,0.2859493,0.13277745,14,0,0,1,6.48943121461798e-11,0.9999999999351057
0.66098416,0.07574855,0.0046807677,0.226753,0.11833375,15,0,1,0,0.9999999975199729,2.480027031836807e-09
0.6668765,0.030446488,0.069572434,0.247756,0.31944522,16,0,0,1,7.702265652720364e-06,0.9999922977343473
0.61983746,0.036244847,0.037648045,0.2671539,0.18323167,17,0,0,1,0.0010672291639636233,0.9989327708360364
0.71626675,0.03511688,0.05036491,0.27001956,0.16486524,18,0,0,1,2.0637838105130868e-09,0.9999999979362162
0.7821544,0.025332041,0.06285741,0.27149084,0.18137759,19,0,0,1,6.224226023476831e-09,0.999999993775774
0.49493605,0.015552174,0.0626256,0.28163266,0.08438868,20,0,0,1,1.3815594002153375e-08,0.999999986184406
0.66095406,0.021115478,0.07826909,0.29770398,0.11754269,21,0,0,1,3.377995527742428e-08,0.9999999662200447
0.7207372,0.087960035,0.021045431,0.23813441,0.13179554,22,0,1,0,0.9999999484168366,5.1583163448031925e-08
0.76019096,0.00076809153,0.12850784,0.3173255,0.1286325,23,0,0,1,2.8179680811035723e-12,0.999999999997182
0.80654496,0.083267,0.011381291,0.20822,0.08828247,24,0,1,0,0.9999999909976935,9.002306501409614e-09
0.6786757,0.03839185,0.087805435,0.1867832,0.08539322,25,0,0,1,1.0134635833880523e-06,0.9999989865364166
0.6557075,0.026746742,0.06256445,0.2686786,0.08506492,26,0,0,1,1.5558478061450387e-08,0.9999999844415219
0.5954166,0.011927664,0.05485472,0.20669182,0.17944585,27,0,0,1,0.00398041036231056,0.9960195896376894
0.7261148,0.0072806664,0.05139613,0.1549853,0.09120447,28,0,0,1,8.967460797260074e-07,0.9999991032539203
0.5768895,0.05669633,0.059674107,0.3790245,0.10494188,29,0,0,1,1.5306480309451587e-05,0.9999846935196905
0.72432077,0.030445259,0.06629674,0.42274684,0.09059544,30,0,0,1,6.94999613415348e-14,0.9999999999999305
0.7733038,0.06874737,0.056969374,0.37602267,0.2247348,31,0,0,1,0.16343076051115257,0.8365692394888474
0.65955913,0.06703122,0.06343319,0.23119675,0.09614498,32,0,0,1,0.31827117118578774,0.6817288288142123
0.7259491,0.01772983,0.06188643,0.3098101,0.17788222,33,0,0,1,2.4631408024333723e-11,0.9999999999753686
0.7063108,0.012697633,0.056869596,0.2317704,0.39867872,34,0,0,1,0.002302783911063755,0.9976972160889362
0.72253406,0.011569448,0.054673396,0.1581379,0.090383686,35,0,0,1,2.4465550996222163e-06,0.9999975534449004
0.69514745,0.03516773,0.07032499,0.42242777,0.20547312,36,0,0,1,1.48991929904696e-12,0.9999999999985101
0.8104585,0.022387858,0.064351305,0.19482063,0.15502338,37,0,0,1,5.0833154685570037e-08,0.9999999491668453
0.6745833,0.07131271,0.0,0.17536715,0.1317094,38,0,1,0,0.9999999997658195,2.3418047907369625e-10
0.5039386,0.014962956,0.06686659,0.139288,0.13319254,39,0,0,1,0.0023630135484005166,0.9976369864515995
0.6014283,0.030479502,0.06860008,0.34143066,0.09141047,40,0,0,1,3.021360939214901e-12,0.9999999999969786
0.7662021,0.010580245,0.05701352,0.34494546,0.17520642,41,0,0,1,1.2863932141726764e-11,0.9999999999871361
0.6754916,0.012871139,0.0568956,0.13937803,0.12141434,42,0,0,1,0.002028079159555496,0.9979719208404445
0.77876294,0.02118817,0.0647628,0.4179116,0.2370403,43,0,0,1,7.97784061035145e-12,0.9999999999920222
0.6408261,0.029867455,0.06746245,0.2919286,0.058772013,44,0,0,1,3.213427302029004e-10,0.9999999996786573
0.7258288,0.004450053,0.057955034,0.13511147,0.06406596,45,0,0,1,6.934601392005746e-07,0.9999993065398608
0.6153029,0.2325589,0.21640585,0.26792464,0.1798346,46,0,0,0,0.9998067446820672,0.00019325531793284084
0.67788833,0.017831244,0.048475936,0.16517413,0.1491996,47,0,0,1,0.007218048724864756,0.9927819512751352
0.59371763,0.05732581,0.05508254,0.3969027,0.14477822,48,0,0,1,4.695994171854956e-06,0.9999953040058281
0.6893811,0.0018229485,0.051121235,0.21356434,0.10959575,49,0,0,1,4.6892451319724415e-06,0.999995310754868
0.7244867,0.017293397,0.05843222,0.24511603,0.16055243,50,0,0,1,1.6803949010046892e-08,0.999999983196051
0.6447978,0.03798662,0.068219945,0.37182188,0.12755999,51,0,0,1,2.474636051630341e-10,0.9999999997525364
0.6949343,0.02421958,0.06666684,0.29028642,0.12511155,52,0,0,1,3.4608633736610273e-09,0.9999999965391366
0.6422721,0.090472065,0.02029381,0.31851298,0.19515967,53,0,1,0,0.9999999323435961,6.765640388831598e-08
0.636104,0.056107923,0.044792935,0.3734326,0.23460795,54,0,0,1,0.009176313442780026,0.99082368655722
0.6325834,0.03242018,0.06637632,0.35214183,0.12632461,55,0,0,1,2.899902540320909e-13,0.99999999999971
0.79546505,0.02319821,0.06795575,0.42131615,0.078927085,56,0,0,1,4.884981308350689e-15,0.9999999999999951
0.72360176,0.05652881,0.06680055,0.36349285,0.19506967,57,0,0,1,1.1171149868482999e-05,0.9999888288501315
0.63852286,0.011797298,0.052873492,0.2028266,0.2987027,58,0,0,1,0.48829446048925484,0.5117055395107452
0.7374799,0.08570328,0.00835662,0.29078072,0.12657198,59,0,1,0,0.9999999893089081,1.0691091927903935e-08
0.77670634,0.025181863,0.060123324,0.3163817,0.20098417,60,0,0,1,3.544298188273842e-10,0.9999999996455702
0.694658,0.036612615,0.07152433,0.3472256,0.1736671,61,0,0,1,4.44046577285917e-10,0.9999999995559534
0.81648195,0.06499956,0.058947913,0.43524545,0.16638377,62,0,0,1,0.001014283231786317,0.9989857167682137
0.65146136,0.06531936,0.12148938,0.2263526,0.2629586,63,0,0,1,0.404713911288732,0.595286088711268
0.7711307,0.025897134,0.07002993,0.26033026,0.22326085,64,0,0,1,7.263231927012725e-08,0.9999999273676807
0.6986053,0.017751098,0.057471283,0.28870198,0.18338022,65,0,0,1,1.1161865032249807e-07,0.9999998883813497
0.6158919,0.03127928,0.123454824,0.18610992,0.17812017,66,0,0,1,1.3237347867844917e-06,0.9999986762652132
0.699727,0.034407537,0.07199651,0.32199746,0.111509815,67,0,0,1,1.3808953980287697e-12,0.9999999999986191
0.6605404,0.009260565,0.059466988,0.25506273,0.09035965,68,0,0,1,9.221366725764568e-08,0.9999999077863327
0.76607966,0.018390179,0.059788816,0.24425183,0.14487755,69,0,0,1,4.5553449901092335e-09,0.999999995444655
0.70726746,0.0067156553,0.051114433,0.1978026,0.16641416,70,0,0,1,0.0005094930833350331,0.999490506916665
0.77830845,0.015894074,0.05760163,0.28935555,0.17764315,71,0,0,1,3.8188208151268555e-10,0.9999999996181179
0.63316774,0.0027837604,0.13481416,0.38707453,0.25305423,72,0,0,1,7.40411443933553e-07,0.9999992595885561
0.6156297,0.014241826,0.059815787,0.21709469,0.13800946,73,0,0,1,5.4044306654232876e-05,0.9999459556933458
0.6011651,0.06347065,0.068261765,0.34644237,0.2885961,74,0,0,1,0.005092671607543786,0.9949073283924562
0.7276837,0.061929338,0.055346515,0.31129637,0.23503079,75,0,0,1,0.0006580324142017036,0.9993419675857983
0.6449042,0.11358588,0.09976622,0.27900252,0.18588512,76,0,0,0,0.999773198029737,0.00022680197026301742
0.80215263,0.062316842,0.043289404,0.47518352,0.15459464,77,0,0,1,0.21675149924175918,0.7832485007582408
0.6199434,0.037787795,0.070333034,0.3191216,0.09332749,78,0,0,1,5.316227458251888e-10,0.9999999994683773
0.77072316,0.01865872,0.062410742,0.2469918,0.12617886,79,0,0,1,1.6044749973076478e-09,0.999999998395525
0.7286009,0.04873174,0.05619212,0.07849174,0.16121666,80,0,0,1,0.1876635396400128,0.8123364603599872
0.63025224,0.06663251,0.059596166,0.43076393,0.1941584,81,0,0,1,0.0033599810872820823,0.9966400189127179
0.8451768,0.04838579,0.074677795,0.40679535,0.09221998,82,0,0,1,2.9459363837247565e-08,0.9999999705406362
0.6886461,0.022762846,0.07723365,0.043246433,0.06660506,83,0,0,1,0.007549798038758548,0.9924502019612415
0.712698,0.03491506,0.07633626,0.24380046,0.14706394,84,0,0,1,1.0069260647505018e-08,0.9999999899307394
0.6842225,0.023606636,0.07003127,0.12970485,0.16384783,85,0,0,1,0.004649396979582332,0.9953506030204177
0.8527394,0.023982644,0.063640416,0.35285163,0.056598306,86,0,0,1,3.907985046680551e-14,0.9999999999999609
0.7684299,0.09569487,0.07693723,0.16099773,0.16314276,87,0,0,0,0.9999692977509073,3.070224909272415e-05
0.57655585,0.03194475,0.06811882,0.46629894,0.10062775,88,0,0,1,9.325873406851315e-14,0.9999999999999067
0.6667344,0.020330839,0.06026174,0.37054014,0.18816683,89,0,0,1,2.250852892959898e-08,0.9999999774914711
0.70154226,0.106447004,0.093418926,0.20563607,0.2544328,90,0,0,0,0.999992716261317,7.283738682979113e-06
0.6488819,0.038226,0.073330514,0.24530348,0.26329535,91,0,0,1,1.3829263203368747e-05,0.9999861707367966
0.8722506,0.012725964,0.056982256,0.13786694,0.10526419,92,0,0,1,3.420455920721821e-07,0.9999996579544079
0.66856325,0.065342896,0.049471315,0.46676815,0.10012477,93,0,0,1,0.10869451785763051,0.8913054821423695
0.64466673,0.03501806,0.0,0.1139671,0.23804466,94,0,1,0,0.9999935457774479,6.454222552118802e-06
0.7910856,0.04566992,0.07358845,0.5347787,0.14288118,95,0,0,1,2.384674868682879e-08,0.9999999761532513
0.6890839,0.016033594,0.05657746,0.21447328,0.1261513,96,0,0,1,9.812078380022626e-06,0.99999018792162
0.7504592,0.035779323,0.067915246,0.3340002,0.29663104,97,0,0,1,3.8291931847567184e-09,0.9999999961708068
0.68717396,0.16551334,0.09761034,0.17829314,0.055241626,98,0,0,0,0.9999662861018574,3.371389814258985e-05
0.7694199,0.017031718,0.06110543,0.21278092,0.07740987,99,0,0,1,9.114804466747728e-10,0.9999999990885196
0.72899705,0.018857256,0.06311737,0.06807732,0.1961282,100,0,0,1,0.0060093850847350305,0.993990614915265
0.59312063,0.036933586,0.06309912,0.355433,0.18060683,101,0,0,1,1.3842851309675552e-09,0.9999999986157149
0.750844,0.015517633,0.057274252,0.32438827,0.13832098,102,0,0,1,8.507194948492725e-12,0.9999999999914928
0.6991533,0.015594896,0.053717367,0.2192178,0.123878956,103,0,0,1,2.1083640658892122e-06,0.9999978916359341
0.7369831,0.048798405,0.054084938,0.08098793,0.12487472,104,0,0,1,0.16381958341812075,0.8361804165818792
0.74273235,0.08631749,0.010182861,0.3273778,0.23284447,105,0,1,0,0.999999989571694,1.0428306046470726e-08
0.59744245,0.0586063,0.07532473,0.408967,0.1801806,106,0,0,1,2.3946764844406943e-06,0.9999976053235156
0.6644068,0.0675513,0.068562075,0.29566187,0.23420428,107,0,0,1,0.035008133990491186,0.9649918660095088
0.6951712,0.02192749,0.061741762,0.27315006,0.12906158,108,0,0,1,6.61157795178724e-09,0.999999993388422
0.79956627,0.025657866,0.06512591,0.2823271,0.2070503,109,0,0,1,1.470186394847417e-08,0.999999985298136
0.7091086,0.03910678,0.07651505,0.27467293,0.13101095,110,0,0,1,4.805573716737399e-09,0.9999999951944263
0.7773001,0.008466564,0.05666423,0.34489,0.052079752,111,0,0,1,1.0147438445073931e-13,0.9999999999998985
0.6953924,0.025559016,0.08159566,0.10671737,0.12031692,112,0,0,1,0.00034676173710934677,0.9996532382628907
0.70650136,0.027951278,0.046656184,0.09623975,0.08418015,113,0,0,1,0.003129941834199901,0.9968700581658001
0.7493582,0.03598354,0.07503347,0.34554464,0.1345081,114,0,0,1,8.628830983070657e-11,0.9999999999137117
0.7148003,0.030788563,0.07179314,0.22305064,0.14553133,115,0,0,1,2.690707656682889e-10,0.9999999997309292
0.7350673,0.039195426,0.07358323,0.37534824,0.14329432,116,0,0,1,2.1153589990774435e-10,0.9999999997884641
0.75129724,0.027418513,0.067646675,0.4136489,0.1351628,117,0,0,1,3.17295079099722e-11,0.9999999999682705
0.66535014,0.012411024,0.060834967,0.15885437,0.11197202,118,0,0,1,0.002106309501879622,0.9978936904981204
0.6833168,0.042871825,0.075278156,0.39821717,0.13938445,119,0,0,1,1.3162622547469027e-08,0.9999999868373775
0.6134679,0.06375764,0.05734238,0.47339264,0.14191844,120,0,0,1,0.0004169833360911923,0.9995830166639088
0.74440753,0.06729282,0.0013610572,0.1288209,0.122870065,121,0,1,0,0.9999999998297907,1.7020929651576423e-10
0.6637744,0.016230948,0.058953144,0.31209782,0.20236939,122,0,0,1,1.43301731481138e-07,0.9999998566982685
0.69818527,0.06854528,0.07756605,0.29645976,0.15260635,123,0,0,1,0.026889117516158967,0.973110882483841
0.656703,0.042590596,0.046632804,0.3872697,0.3204538,124,0,0,1,2.7549748065069934e-05,0.9999724502519349
0.60676455,0.02447725,0.059236422,0.31527853,0.1892463,125,0,0,1,1.3529732278971807e-07,0.9999998647026772
0.71932787,0.0,0.11764343,0.18591432,0.1293353,126,0,0,1,6.333449978468408e-05,0.9999366655002153
0.76963395,0.053670667,0.05440062,0.36675724,0.3122433,127,0,0,1,3.0456242627985297e-05,0.999969543757372
0.7071013,0.044407073,0.059369642,0.44702297,0.22330639,128,0,0,1,2.443314561784149e-08,0.9999999755668544
0.65370435,0.06036386,0.050782748,0.29152066,0.2258999,129,0,0,1,0.0018917901246648938,0.9981082098753351
0.62993747,0.02365287,0.06435231,0.33979592,0.14699456,130,0,0,1,1.7341794666947408e-09,0.9999999982658205
0.713678,0.040343195,0.07543297,0.4741248,0.15850607,131,0,0,1,2.935696130634824e-11,0.999999999970643
0.70311993,0.011215109,0.05427111,0.28860527,0.19498037,132,0,0,1,1.1790692873159259e-06,0.9999988209307127
0.6776274,0.012566924,0.056279466,0.18222664,0.2250859,133,0,0,1,0.14540070270189343,0.8545992972981066
0.84248936,0.04613281,0.07344121,0.28145382,0.10003711,134,0,0,1,1.6412503632823316e-06,0.9999983587496367
0.67062414,0.026089326,0.06554611,0.2139486,0.21244714,135,0,0,1,0.0035886278516459313,0.9964113721483541
0.67980176,0.20135134,0.21193713,0.29093483,0.6668273,136,0,0,0,0.9998185363249837,0.00018146367501627097
0.7419016,0.03130045,0.06822555,0.33640376,0.14690661,137,0,0,1,5.848654893725325e-13,0.9999999999994151
0.70005554,0.20117179,0.1655017,0.25898984,0.22197828,138,0,0,0,0.9998645160061388,0.0001354839938612315
0.5782487,0.023933671,0.06856561,0.45570877,0.11802873,139,0,0,1,2.390361242277095e-10,0.9999999997609639
0.69094765,0.006192304,0.04728295,0.105813436,0.06235148,140,0,0,1,0.0006307636660773941,0.9993692363339226
0.6970669,0.026829895,0.07036062,0.46456787,0.108233586,141,0,0,1,2.4067414727824143e-12,0.9999999999975933
0.7821274,0.0169621,0.056281835,0.23378775,0.13198657,142,0,0,1,4.457651803235763e-09,0.9999999955423482
0.77772665,0.03911683,0.036648016,0.30023593,0.07471043,143,0,0,1,2.119358321250875e-05,0.9999788064167875
0.6554649,0.025220066,0.06378411,0.27580377,0.13679229,144,0,0,1,7.158997439304926e-08,0.9999999284100256
0.66111314,0.16249937,0.042692266,0.33694744,0.1457293,145,0,1,0,0.9999384574910986,6.154250890142046e-05
0.70083356,0.017232012,0.056101628,0.26640436,0.16650978,146,0,0,1,3.109131113676611e-07,0.9999996890868886
0.6928035,0.030729175,0.06374368,0.32991782,0.21757996,147,0,0,1,7.860379014346108e-13,0.999999999999214
0.64893436,0.021966472,0.06241077,0.2702845,0.15482086,148,0,0,1,1.8252581757138842e-07,0.9999998174741824
0.76525664,0.012859438,0.06432204,0.14311475,0.09155173,149,0,0,1,7.126023260362047e-08,0.9999999287397674
0.7436571,0.008178402,0.054634474,0.2193309,0.13966261,150,0,0,1,1.142575707380189e-07,0.9999998857424293
0.68171525,0.0466097,0.07228173,0.33213794,0.18605039,151,0,0,1,1.981596908784411e-07,0.9999998018403091
0.70181626,0.023607321,0.06205347,0.21335119,0.025581822,152,0,0,1,1.6728539042887292e-07,0.9999998327146096
0.66581416,0.033521317,0.0,0.16447876,0.09226039,153,0,1,0,0.9998623607821391,0.00013763921786093822
0.7704445,0.025481775,0.06655578,0.32103696,0.064713076,154,0,0,1,7.02327085377874e-13,0.9999999999992977
0.73580194,0.03682673,0.077591784,0.33659467,0.14121062,155,0,0,1,2.6831159516405023e-10,0.9999999997316884
0.71870583,0.08154503,0.015704155,0.16865087,0.14837033,156,0,1,0,0.9999999989664405,1.0335594828864782e-09
0.6320222,0.020333968,0.060402982,0.19758141,0.15041685,157,0,0,1,0.0001812001157303067,0.9998187998842697
0.69297504,0.039256074,0.071169935,0.33176652,0.17338042,158,0,0,1,6.337790292576528e-10,0.999999999366221
0.71459484,0.07944863,0.012407068,0.21314067,0.22775902,159,0,1,0,0.9999999996127883,3.8721175098331244e-10
0.6493511,0.03095093,0.076552495,0.31580523,0.1536453,160,0,0,1,9.963141422986155e-13,0.9999999999990037
0.7172501,0.10310033,0.07888323,0.20005515,0.17342925,161,0,0,0,0.9999637176841257,3.628231587429129e-05
0.7503631,0.07911504,0.0027422532,0.16499844,0.13947603,162,0,1,0,0.9999999996563611,3.436388498808138e-10
0.6375863,0.11163314,0.080276564,0.30758557,0.09355762,163,0,0,0,0.9997505700626546,0.00024942993734541533
0.7452894,0.018631805,0.05884797,0.28282404,0.17535803,164,0,0,1,8.780336457903104e-10,0.9999999991219664
0.77788424,0.014485959,0.057747528,0.20220402,0.06640699,165,0,0,1,3.1751672402435815e-09,0.9999999968248328
0.7195676,0.0,0.0893235,0.04932755,0.08067905,166,0,0,1,0.004490784001885739,0.9955092159981143
0.76200974,0.015600674,0.055294767,0.2410834,0.107047,167,0,0,1,3.3712557190312964e-09,0.9999999966287443
0.6459559,0.014289394,0.06314948,0.49088326,0.09368518,168,0,0,1,4.193534408614141e-11,0.9999999999580647
0.68441945,0.12772681,0.11492317,0.3341423,0.3058972,169,0,0,0,0.9998721019295865,0.00012789807041346078
0.6993003,0.040129796,0.07598146,0.30537027,0.19107413,170,0,0,1,1.2548361572051192e-08,0.9999999874516384
0.70044935,0.0067342184,0.058155365,0.10340188,0.0820735,171,0,0,1,0.00022582717860608614,0.9997741728213939
0.9755328,0.060724985,0.11490968,0.177156,0.09758568,172,0,0,1,0.4411188761478233,0.5588811238521767
0.597207,0.020248488,0.06143602,0.31516823,0.16361281,173,0,0,1,1.3387319253155283e-08,0.9999999866126807
0.69457304,0.00650499,0.049563937,0.1070341,0.058861732,174,0,0,1,0.0005107043149376045,0.9994892956850624
0.6048056,0.030687716,0.06937807,0.27270824,0.12395869,175,0,0,1,7.208456054286216e-12,0.9999999999927915
0.6607382,0.033175472,0.072204724,0.3553309,0.13340381,176,0,0,1,2.999822612537173e-13,0.9999999999997
0.5706781,0.012678709,0.053739116,0.18052688,0.14915727,177,0,0,1,0.00179337527651946,0.9982066247234805
0.640127,0.01263069,0.050098784,0.17217156,0.19896509,178,0,0,1,0.4885690114606486,0.5114309885393514
0.6894832,0.19111674,0.2346625,0.41536346,0.14483282,179,0,0,0,0.9993728123829327,0.0006271876170673137
0.80886024,0.1152719,0.10168835,0.19428648,0.2454969,180,0,0,0,0.9999953211601296,4.67883987046975e-06
0.75697887,0.030930065,0.066842854,0.38251016,0.20583536,181,0,0,1,2.0961010704922955e-13,0.9999999999997904
0.6044296,0.03963855,0.07390815,0.41315573,0.20469268,182,0,0,1,7.58092477681771e-10,0.9999999992419075
0.71243745,0.036042444,0.032608427,0.15185261,0.061267637,183,0,0,1,8.601037144062573e-05,0.9999139896285594
0.6961843,0.01659359,0.059606455,0.22983512,0.34435356,184,0,0,1,0.002163291540988599,0.9978367084590114
0.7052806,0.039516993,0.07226471,0.30800736,0.26249093,185,0,0,1,1.7467107749080668e-07,0.9999998253289225
0.75446737,0.017195389,0.05696412,0.2698144,0.14903578,186,0,0,1,2.557707379224894e-10,0.9999999997442293
0.583717,0.024241313,0.06106592,0.27236626,0.17170918,187,0,0,1,2.4803385735294725e-06,0.9999975196614265
0.89473146,0.0228413,0.06512994,0.24505344,0.021510445,188,0,0,1,2.3265522841597885e-10,0.9999999997673448
0.66077465,0.4351707,0.39587724,0.4088372,0.104620345,189,0,0,0,0.9997685642820479,0.00023143571795219346
0.7487879,0.014343768,0.059675165,0.23053381,0.1456072,190,0,0,1,4.323728164390417e-08,0.9999999567627184
0.9013316,0.025617015,0.06370231,0.37687075,0.14110032,191,0,0,1,8.29292190474007e-12,0.9999999999917071
0.71213454,0.0,0.06438933,0.061325084,0.11818857,192,0,0,1,0.0047277066224817865,0.9952722933775182
0.8170503,0.056920208,0.0556959,0.39646995,0.1775448,193,0,0,1,9.33653295265291e-06,0.9999906634670473
0.6571651,0.08636884,0.01276831,0.2543982,0.18188341,194,0,1,0,0.9999999970110971,2.9889028504124752e-09
0.7418473,0.017461296,0.05921372,0.23059776,0.24478532,195,0,0,1,1.970600150502655e-06,0.9999980293998495
0.76558274,0.030778311,0.07294577,0.335787,0.12947294,196,0,0,1,3.774758283725532e-15,0.9999999999999962
0.65272504,0.09044259,0.047749955,0.561992,0.13065217,197,0,0,0,0.9997254383517747,0.0002745616482252868
0.8119592,0.031084076,0.06836873,0.31000477,0.21437104,198,0,0,1,3.711253526716973e-12,0.9999999999962887
0.6080221,0.026901208,0.06286164,0.54559296,0.093181826,199,0,0,1,2.9563684833533443e-11,0.9999999999704363
0.63275397,0.032758493,0.06588987,0.38919595,0.16991648,200,0,0,1,2.1005419625907962e-13,0.99999999999979
0.81728846,0.009226598,0.052371696,0.21213458,0.11349494,201,0,0,1,3.8345550845697574e-08,0.9999999616544492
0.7251484,0.031075403,0.06798906,0.30548054,0.15514524,202,0,0,1,8.036904475261508e-12,0.9999999999919631
0.46376812,0.029739201,0.06751427,0.3809156,0.0,203,0,0,1,9.403589018575076e-13,0.9999999999990596
0.7875023,0.0122980885,0.055146307,0.24257933,0.13641682,204,0,0,1,8.172095555813996e-09,0.9999999918279044
0.5244043,0.04584267,0.09139064,0.39584482,0.06326353,205,0,0,1,5.230059263450215e-08,0.9999999476994074
0.66523445,0.018012699,0.059946746,0.22810063,0.1431886,206,0,0,1,4.3631219905138074e-05,0.9999563687800949
0.78102994,0.012695596,0.059823588,0.31099007,0.080011405,207,0,0,1,7.327471962526033e-14,0.9999999999999267
0.65081257,0.034433465,0.05142679,0.36684373,0.2123116,208,0,0,1,6.202860447501735e-10,0.999999999379714
0.7187024,0.016672984,0.05722536,0.36714837,0.13933173,209,0,0,1,3.6875169584504874e-10,0.9999999996312483
0.72424316,0.0739949,0.0,0.1383778,0.10934347,210,0,1,0,0.9999999999648566,3.514348571656579e-11
0.7693673,0.05170732,0.053698238,0.4324409,0.16608362,211,0,0,1,1.659063639802838e-07,0.999999834093636
0.69572365,0.038997848,0.068263486,0.4263852,0.17896582,212,0,0,1,4.609601589322665e-11,0.999999999953904
0.84393734,0.035787832,0.07899978,0.24744432,0.104993105,213,0,0,1,1.6708285788258337e-07,0.9999998329171421
0.70666164,0.012941908,0.057261676,0.24807788,0.15952426,214,0,0,1,1.488856010700701e-06,0.9999985111439893
0.7292745,0.028340168,0.07441059,0.2101745,0.13320373,215,0,0,1,7.889473518929435e-10,0.9999999992110526
0.67242765,0.0,0.033607937,0.08638999,0.12690681,216,0,0,1,0.024945585609017495,0.9750544143909825
0.67743546,0.058516093,0.06123878,0.3575964,0.11938427,217,0,0,1,8.986745642758365e-06,0.9999910132543572
0.68750846,0.043822274,0.07713086,0.34172156,0.1756728,218,0,0,1,3.76446663841179e-08,0.9999999623553336
0.6493513,0.06440115,0.13602148,0.34191027,0.25619695,219,0,0,1,0.004083382600161278,0.9959166173998387
0.7062511,0.0023191795,0.04646074,0.1130355,0.11184418,220,0,0,1,0.00252008594362374,0.9974799140563763
0.68352807,0.0047727674,0.046304762,0.106423244,0.081043564,221,0,0,1,0.002403063059479127,0.9975969369405209
0.63998634,0.036370747,0.07234287,0.39359736,0.1844528,222,0,0,1,1.425455309345125e-10,0.9999999998574545
0.63192785,0.09314231,0.02962849,0.2523192,0.09140345,223,0,1,0,0.9999990181927638,9.818072361234638e-07
0.6899637,0.049211904,0.07042932,0.3976048,0.18397811,224,0,0,1,6.77386968739313e-09,0.9999999932261303
0.81864166,0.031183798,0.12454105,0.3171539,0.17810872,225,0,0,1,3.3173463975799677e-13,0.9999999999996683
0.76238155,0.028519493,0.075353265,0.25838658,0.16769573,226,0,0,1,1.2283507544452732e-11,0.9999999999877165
0.7104689,0.03729239,0.076115794,0.35739854,0.13468905,227,0,0,1,1.9612311774608315e-11,0.9999999999803877
0.71549565,0.0101822205,0.052911974,0.15929529,0.16103989,228,0,0,1,0.0009002734149167191,0.9990997265850833
0.6970836,0.035187244,0.06760087,0.40654865,0.10514022,229,0,0,1,1.7363888105137448e-13,0.9999999999998264
0.64053535,0.06163584,0.068946406,0.42120793,0.1213044,230,0,0,1,8.823837730265183e-06,0.9999911761622697
0.73805183,0.0,0.04134027,0.08111283,0.10638463,231,0,0,1,0.0010263267384323926,0.9989736732615676
0.7152379,0.02439401,0.06535554,0.29011315,0.15954944,232,0,0,1,6.3581049314365146e-09,0.9999999936418951
0.78665537,0.053572666,0.05381038,0.48792058,0.20801133,233,0,0,1,4.765735550638084e-07,0.9999995234264449
0.65280837,0.031295,0.07775465,0.23153022,0.12952414,234,0,0,1,3.7558316456909324e-09,0.9999999962441684
0.70425284,0.030069351,0.06972218,0.24418187,0.27531534,235,0,0,1,2.5647137938955566e-06,0.9999974352862061
0.79630923,0.025658585,0.059495136,0.28086045,0.09182588,236,0,0,1,7.064460127992334e-11,0.9999999999293554
0.7629039,0.020238549,0.058159575,0.14191203,0.11364905,237,0,0,1,5.704161484265668e-07,0.9999994295838516
0.74711454,0.021175057,0.06146416,0.3402096,0.19383053,238,0,0,1,2.169997515011346e-11,0.9999999999783
0.7322935,0.023802351,0.05910434,0.31640714,0.24438967,239,0,0,1,2.755728978343086e-10,0.9999999997244271
0.7646116,0.074022524,0.0,0.24297358,0.17081158,240,0,1,0,0.9999998884186155,1.1158138442349427e-07
0.60379636,0.0,0.122489974,0.25105697,0.10106558,241,0,0,1,1.1966250135220236e-07,0.9999998803374986
0.6979689,0.0,0.058471985,0.065268986,0.054768294,242,0,0,1,0.0039855948056106705,0.9960144051943893
0.6857746,0.043005906,0.07876172,0.47006342,0.10215914,243,0,0,1,6.573321886804706e-09,0.9999999934266781
0.66274387,0.02435236,0.06357131,0.52390254,0.14294258,244,0,0,1,5.092084531810315e-10,0.9999999994907915
0.61579365,0.018137246,0.0594315,0.24126598,0.16118516,245,0,0,1,1.9942425911523287e-05,0.9999800575740885
0.73619825,0.04735154,0.034967616,0.19472404,0.19953749,246,0,0,1,0.35722558116036496,0.642774418839635
0.71211106,0.031031191,0.06672622,0.44776613,0.17737195,247,0,0,1,5.129230373768223e-14,0.9999999999999487
0.63204455,0.0461389,0.12316477,0.18507026,0.23412833,248,0,0,1,0.0017069313421205212,0.9982930686578795
0.7278905,0.0042115897,0.050464638,0.12820138,0.07504886,249,0,0,1,2.7785841579808235e-06,0.999997221415842
0.7317417,0.0,0.043564245,0.10190104,0.027330425,250,0,0,1,3.490724676313839e-06,0.9999965092753237
0.6882239,0.012778997,0.053800143,0.22487672,0.32195532,251,0,0,1,0.010437096417322822,0.9895629035826772
0.78430027,0.066514,0.05072756,0.48681542,0.12703979,252,0,0,1,0.18387487452757545,0.8161251254724246
0.67938447,0.036209624,0.117807575,0.20293896,0.17808232,253,0,0,1,1.938957017721954e-06,0.9999980610429823
0.69395006,0.027751949,0.066569775,0.27588063,0.21797985,254,0,0,1,4.706589481262569e-06,0.9999952934105187
0.60710657,0.03512972,0.06319517,0.3419825,0.19137157,255,0,0,1,3.2032154706485017e-11,0.9999999999679678
0.7503101,0.012409467,0.057959966,0.2327114,0.12780361,256,0,0,1,1.719823317092306e-08,0.9999999828017668
0.68986034,0.018762227,0.06082011,0.290523,0.13723549,257,0,0,1,1.8816041502667247e-08,0.9999999811839585
0.5342102,0.025495376,0.058630466,0.2743519,0.11066942,258,0,0,1,1.833736884560011e-08,0.9999999816626312
0.5203359,0.0446961,0.07804533,0.32989642,0.09347469,259,0,0,1,2.93006551799202e-07,0.9999997069934482
0.68913406,0.057757735,0.048545327,0.44398016,0.08567761,260,0,0,1,0.00024387144324378163,0.9997561285567562
0.6992071,0.013323113,0.06046345,0.288763,0.13410363,261,0,0,1,4.276988097018375e-09,0.9999999957230119
0.7449332,0.06264754,0.07662696,0.17726845,0.07579267,262,0,0,1,0.3995532698714309,0.6004467301285691
0.5918368,0.037677392,0.07290177,0.43847215,0.117419,263,0,0,1,1.5952017484721637e-10,0.9999999998404798
0.7419759,0.013269942,0.05777601,0.21888952,0.08399655,264,0,0,1,2.071999016806103e-09,0.999999997928001
0.765154,0.027566716,0.06797905,0.29600102,0.1942083,265,0,0,1,3.3390191056525964e-08,0.9999999666098089
0.6350283,0.0071679056,0.051860034,0.13712797,0.14181301,266,0,0,1,0.02932231479702363,0.9706776852029764
0.64418125,0.065533094,0.07368609,0.25545818,0.10382735,267,0,0,1,0.053912440033186404,0.9460875599668136
0.58858657,0.035599366,0.07124395,0.32280198,0.12391573,268,0,0,1,5.325739849126876e-12,0.9999999999946743
0.6081273,0.103822164,0.07345902,0.17506894,0.05225637,269,0,0,0,0.9999805598506583,1.944014934178001e-05
0.7417995,0.030861292,0.060881205,0.32862657,0.1087921,270,0,0,1,2.0872192862952943e-14,0.9999999999999791
0.552657,0.037200697,0.027952591,0.19757146,0.05168916,271,0,0,1,0.17325321560597728,0.8267467843940227
0.6537015,0.0671819,0.07423204,0.2463239,0.19398314,272,0,0,1,0.32293360277294647,0.6770663972270535
0.69949865,0.019621614,0.061120436,0.2225728,0.12173287,273,0,0,1,1.119378574276908e-06,0.9999988806214257
0.7068669,0.011264432,0.05628875,0.12458176,0.17268689,274,0,0,1,0.029240321460347385,0.9707596785396526
0.5917843,0.026332095,0.06408447,0.43639725,0.22210087,275,0,0,1,3.732998454797354e-08,0.9999999626700155
0.6802701,0.010497,0.057357505,0.19147311,0.112780474,276,0,0,1,0.00035537481768188606,0.9996446251823181
0.7030102,0.06688218,0.07778689,0.30379087,0.11737146,277,0,0,1,0.003134186939221073,0.9968658130607789
0.72297055,0.08375262,0.005737681,0.29550776,0.18389696,278,0,1,0,0.999999984523606,1.547639409502517e-08
0.73378605,0.01950065,0.06062965,0.27334303,0.13261247,279,0,0,1,6.677747244054899e-11,0.9999999999332225
0.69968456,0.030197646,0.06376333,0.27447492,0.16897134,280,0,0,1,2.431905787858568e-10,0.9999999997568094
0.67082477,0.47712547,0.44453016,0.45795065,0.10647608,281,0,0,0,0.9997685642820479,0.00023143571795219346
0.71052593,0.026013523,0.06295733,0.34474945,0.14013362,282,0,0,1,7.469136420468203e-11,0.9999999999253086
0.7155158,0.083937414,0.0043149292,0.3141892,0.19011748,283,0,1,0,0.999999976567721,2.343227896312524e-08
0.6184906,0.046666414,0.083340734,0.52931297,0.10813042,284,0,0,1,2.9219889396969734e-08,0.9999999707801106
0.77785254,0.037659816,0.0,0.10177422,0.07219202,285,0,1,0,0.9988032795462473,0.0011967204537527128
0.64457726,0.022772484,0.13274397,0.36235857,0.24597265,286,0,0,1,1.6163866470852994e-06,0.9999983836133529
0.634554,0.072051376,0.00106626,0.15937838,0.11500777,287,0,1,0,0.999999999503564,4.964360482998787e-10
0.6732394,0.030395016,0.07614265,0.24581495,0.29435387,288,0,0,1,8.021921271139654e-06,0.9999919780787289
0.7294311,0.010284122,0.054131873,0.29040533,0.11328402,289,0,0,1,2.367981366546701e-10,0.9999999997632019
0.73051447,0.016198501,0.05525209,0.29607296,0.14444816,290,0,0,1,1.5815193599166832e-10,0.9999999998418481
0.89383423,0.055869587,0.10163252,0.25696453,0.30703765,291,0,0,1,0.01101798210705962,0.9889820178929404
0.6671876,0.012409613,0.054789327,0.15848386,0.18482277,292,0,0,1,0.10965259126151827,0.8903474087384817
0.71677375,0.015691198,0.06296745,0.2663962,0.16783077,293,0,0,1,1.3365136675158595e-07,0.9999998663486332
0.79508543,0.026737165,0.066368684,0.35083655,0.18234277,294,0,0,1,5.631184407661749e-11,0.9999999999436882
0.6421283,0.019641157,0.061857864,0.24753106,0.18004021,295,0,0,1,0.0001517137007334135,0.9998482862992666
0.5691146,0.048569825,0.03437236,0.29553226,0.10432289,296,0,0,1,0.3563135070655813,0.6436864929344187
0.6443308,0.014824975,0.062076934,0.28560397,0.14334969,297,0,0,1,1.3244104324350303e-07,0.9999998675589568
0.5515749,0.037670474,0.07140109,0.32963684,0.08761027,298,0,0,1,1.1640601815798846e-09,0.9999999988359398
0.70160466,0.091329455,0.09275379,0.18084894,0.12168316,299,0,0,0,0.9999228991691052,7.71008308948904e-05
0.51503265,0.02137272,0.06370608,0.25985965,0.061712287,300,0,0,1,1.73355499955008e-08,0.99999998266445
0.69687,0.122342296,0.116667636,0.21761878,0.105775736,301,0,0,0,0.9999381694042211,6.183059577885787e-05
0.7315823,0.083464794,0.008869886,0.2621568,0.11443113,302,0,1,0,0.9999999927419194,7.2580806111881675e-09
0.6940263,0.0031011999,0.052509144,0.13305664,0.1253357,303,0,0,1,0.0004520779546197673,0.9995479220453802
0.6535644,0.05443687,0.0662756,0.46639886,0.09198858,304,0,0,1,7.686466576561912e-07,0.9999992313533423
0.8103455,0.01018513,0.053544186,0.14586827,0.081453174,305,0,0,1,2.519318447191665e-07,0.9999997480681553
0.6342747,0.052040204,0.051387817,0.30626327,0.26685157,306,0,0,1,0.00023052915121557493,0.9997694708487844
0.64927536,0.009040341,0.057877064,0.18271396,0.09524511,307,0,0,1,0.0002404509156946899,0.9997595490843053
0.6685046,0.018441577,0.06039977,0.35407913,0.17389303,308,0,0,1,2.1384995552153896e-08,0.9999999786150044
0.69303596,0.0076288134,0.052837163,0.13911217,0.17306283,309,0,0,1,0.023224074002216488,0.9767759259977835
0.7149101,0.016998734,0.05821146,0.3100027,0.12770393,310,0,0,1,1.7112022909770985e-10,0.9999999998288798
0.6796773,0.017978523,0.059232086,0.20998801,0.1390896,311,0,0,1,7.862875276642978e-05,0.9999213712472336
0.7086435,0.0149747245,0.0619717,0.25553918,0.21131457,312,0,0,1,1.5259094525710282e-06,0.9999984740905474
0.7303076,0.043534935,0.0738488,0.42629778,0.04585774,313,0,0,1,1.4575217921475314e-08,0.9999999854247821
0.7029282,0.026666168,0.06148468,0.30728075,0.16767949,314,0,0,1,1.779565417248108e-08,0.9999999822043458
0.616239,0.020361561,0.06706031,0.23567784,0.13217092,315,0,0,1,1.0829863526962136e-05,0.999989170136473
0.559004,0.051259466,0.12745538,0.23781697,0.07233733,316,0,0,1,2.872191624703202e-05,0.999971278083753
0.7304674,0.031075913,0.057668373,0.0925797,0.12204229,317,0,0,1,3.1027175660947037e-06,0.9999968972824339
0.6375429,0.065011136,0.07345554,0.45665687,0.20666817,318,0,0,1,0.0009218788906224518,0.9990781211093775
0.9163209,0.020543244,0.06264932,0.41384447,0.11096419,319,0,0,1,1.6431300764452317e-14,0.9999999999999836
0.7173208,0.01033175,0.0505345,0.070656836,0.08385863,320,0,0,1,0.01407788546807498,0.985922114531925
0.59977704,0.06345977,0.052073278,0.4670372,0.18032469,321,0,0,1,0.0024808353682181927,0.9975191646317818
0.6907994,0.01171767,0.05826804,0.18489417,0.13706698,322,0,0,1,0.00015080575978643207,0.9998491942402136
0.74985003,0.024513189,0.066195674,0.3584624,0.23753592,323,0,0,1,1.2051581954608537e-10,0.9999999998794842
0.63740224,0.017374892,0.060277984,0.21125664,0.13783687,324,0,0,1,9.884857812492154e-05,0.9999011514218751
0.7106308,0.062007587,0.07846687,0.16800883,0.07414862,325,0,0,1,0.1827108145783536,0.8172891854216464
0.6535342,0.04611776,0.038467553,0.20053945,0.22578666,326,0,0,1,0.15068760513220203,0.849312394867798
0.7074857,0.017471813,0.06295479,0.22487177,0.14202073,327,0,0,1,2.3496538550382695e-06,0.999997650346145
0.71708214,0.033652835,0.07014674,0.33713472,0.1657213,328,0,0,1,3.161915174132446e-13,0.9999999999996838
0.632269,0.04409892,0.08110591,0.28501725,0.14095834,329,0,0,1,3.562921483402093e-07,0.9999996437078517
0.6746546,0.067443535,0.057091676,0.3967733,0.18997353,330,0,0,1,0.011441793863182004,0.988558206136818
0.6540318,0.046107538,0.06266429,0.5282924,0.107336044,331,0,0,1,2.189179881817438e-08,0.9999999781082012
0.71696347,0.0091336,0.05837778,0.09618,0.14924568,332,0,0,1,0.01546100197836775,0.9845389980216323
0.60285383,0.039915107,0.07059134,0.5228455,0.2138868,333,0,0,1,1.572758812073971e-09,0.9999999984272412
0.6963147,0.016485296,0.06579367,0.09871272,0.13520867,334,0,0,1,0.002478647483320162,0.9975213525166798
0.7119916,0.012442403,0.058163494,0.22004212,0.14020115,335,0,0,1,3.783265538959135e-06,0.999996216734461
0.6563046,0.03426964,0.04494942,0.07860282,0.09788664,336,0,0,1,1.6314746835055516e-05,0.9999836852531649
0.77158344,0.009557769,0.0966973,0.20089938,0.21951397,337,0,0,1,9.451096193213715e-06,0.9999905489038068
0.70804906,0.0068083033,0.051937506,0.2058063,0.17060582,338,0,0,1,0.00020055327339696394,0.999799446726603
0.755308,0.030250447,0.06610303,0.3440706,0.25165004,339,0,0,1,9.656475619124194e-11,0.9999999999034352
0.67264825,0.06146159,0.059810575,0.3033473,0.2567722,340,0,0,1,0.00022997433869498263,0.999770025661305
0.70814943,0.032956723,0.07133978,0.3473223,0.156542,341,0,0,1,8.72635297355373e-14,0.9999999999999127
0.59243804,0.06219496,0.05176699,0.41219845,0.16706799,342,0,0,1,8.470149121830861e-05,0.9999152985087817
0.63313043,0.17272852,0.1885328,0.24288921,0.07837209,343,0,0,0,0.9999432448470956,5.6755152904415184e-05
0.72826385,0.004714947,0.048740566,0.12314388,0.15087011,344,0,0,1,3.4031930842282065e-05,0.9999659680691577
0.6331791,0.0,0.050920997,0.27110362,0.2621512,345,0,0,1,0.001610843436466114,0.9983891565635339
0.79065263,0.029163595,0.072201155,0.18758528,0.11274879,346,0,0,1,3.097162382115215e-08,0.9999999690283762
0.6499635,0.016802069,0.059909955,0.2724608,0.16934311,347,0,0,1,2.2401612630451595e-06,0.999997759838737
0.76805854,0.020371746,0.058495797,0.33222324,0.1519828,348,0,0,1,9.00390872971002e-13,0.9999999999990996
0.7365839,0.035265565,0.053072467,0.26338676,0.12634338,349,0,0,1,5.79224446184412e-10,0.9999999994207756
0.5976548,0.038334288,0.072619915,0.28346333,0.11862243,350,0,0,1,4.1489920166171146e-08,0.9999999585100798
0.6656932,0.06624857,0.067017354,0.38108906,0.2622326,351,0,0,1,0.006707529121084299,0.9932924708789157
0.74861133,0.08245556,0.00229989,0.28292415,0.15158144,352,0,1,0,0.9999999866532367,1.3346763288984038e-08
0.6647115,0.046257827,0.0338119,0.28469786,0.20447582,353,0,0,1,0.10600333464775413,0.8939966653522459
0.752474,0.033475406,0.062424645,0.34408635,0.34321138,354,0,0,1,4.590283708694187e-11,0.9999999999540972
0.73446345,0.04557445,0.08892661,0.45253867,0.11386161,355,0,0,1,1.5763786942457614e-08,0.9999999842362131
0.8162133,0.0,0.063119546,0.23284726,0.08151068,356,0,0,1,9.989777893792962e-10,0.9999999990010222
0.6389035,0.038344286,0.058646247,0.30113286,0.2357809,357,0,0,1,1.4406626236418418e-07,0.9999998559337376
0.7162546,0.07588898,0.0,0.22857143,0.2490628,358,0,1,0,0.9999999983530379,1.6469621370321877e-09
0.7113807,0.0114238,0.058164775,0.1805556,0.07668615,359,0,0,1,1.0462627231921928e-05,0.9999895373727681
0.7604107,0.02223134,0.06447628,0.35857248,0.21470283,360,0,0,1,9.185208149631308e-11,0.9999999999081479
0.7324161,0.068386674,0.069152914,0.29143676,0.16768382,361,0,0,1,0.10809655308445676,0.8919034469155432
0.630313,0.07003568,0.0,0.13275184,0.07673326,362,0,1,0,0.9999999998613007,1.3869928523855022e-10
0.7685015,0.018255282,0.05949556,0.28887612,0.08123154,363,0,0,1,2.0166091019291343e-12,0.9999999999979834
0.71664953,0.034384347,0.07494343,0.31523907,0.1667943,364,0,0,1,9.14601727686204e-12,0.999999999990854
0.7503375,0.01599741,0.058529004,0.27220076,0.18218245,365,0,0,1,2.1586661347328118e-09,0.9999999978413339
0.66248184,0.037661962,0.06414547,0.42435062,0.18103331,366,0,0,1,2.6275537301501117e-10,0.9999999997372446
0.6346032,0.021672532,0.05836998,0.28341183,0.09958632,367,0,0,1,1.3511511909314322e-08,0.9999999864884881
0.74687046,0.053750597,0.07358438,0.1360278,0.24117719,368,0,0,1,0.33637437608290643,0.6636256239170936
0.75695443,0.034766488,0.06862577,0.33177054,0.11482392,369,0,0,1,4.690248189831436e-12,0.9999999999953098
0.6617789,0.0397253,0.06258267,0.24947082,0.24471079,370,0,0,1,1.349710044062924e-06,0.9999986502899559
0.68257946,0.19307262,0.1818712,0.29899797,0.30387518,371,0,0,0,0.9998435390572854,0.00015646094271459947
0.8863427,0.026312225,0.06305724,0.38793162,0.22526708,372,0,0,1,2.440092572442154e-10,0.9999999997559907
0.55759346,0.015174095,0.04280493,0.24674945,0.26186016,373,0,0,1,0.2824968763942305,0.7175031236057695
0.6248,0.025943207,0.09061535,0.23856366,0.20862469,374,0,0,1,0.00038816323980261913,0.9996118367601974
0.6173541,0.024883125,0.063921355,0.3385549,0.13737991,375,0,0,1,2.8457614043020385e-10,0.9999999997154239
0.63844264,0.029977135,0.07396601,0.35535797,0.13835067,376,0,0,1,1.2422285422530877e-11,0.9999999999875777
0.68227804,0.024433427,0.056666993,0.37337822,0.102699555,377,0,0,1,1.0388867544008917e-10,0.9999999998961113
0.66207147,0.020550393,0.059553698,0.29532045,0.22025277,378,0,0,1,1.395944598969745e-05,0.9999860405540103
0.7434242,0.020349193,0.059620038,0.3405981,0.21952693,379,0,0,1,1.0194312061173605e-10,0.9999999998980569
0.660085,0.090324976,0.0130523965,0.385518,0.17798823,380,0,1,0,0.9999999886271945,1.137280545923706e-08
0.7044269,0.01749849,0.062525034,0.27594823,0.14180204,381,0,0,1,1.5189373536728112e-08,0.9999999848106265
0.7775966,0.02265434,0.070564374,0.353455,0.13875785,382,0,0,1,4.1966430330830917e-13,0.9999999999995803
0.57992554,0.024512928,0.11928627,0.3011583,0.17621544,383,0,0,1,5.074051173670213e-07,0.9999994925948826
0.6313571,0.103979655,0.086588986,0.3273028,0.20793724,384,0,0,0,0.9997708411967858,0.00022915880321418928
0.71351355,0.01650485,0.057365164,0.3230637,0.12552124,385,0,0,1,2.0172041814703334e-10,0.9999999997982796
0.6409296,0.030440517,0.07265912,0.2807338,0.064651385,386,0,0,1,1.931199644644721e-10,0.99999999980688
0.6429649,0.043832943,0.04401318,0.1261141,0.27855343,387,0,0,1,0.2517963118254767,0.7482036881745233
0.64876,0.036418553,0.0671403,0.48268586,0.22499037,388,0,0,1,1.5058585489668985e-09,0.9999999984941415
0.78513014,0.04243321,0.07001638,0.43485934,0.20249419,389,0,0,1,2.702101731255624e-08,0.9999999729789827
0.70262337,0.03824681,0.06403345,0.37156096,0.19343284,390,0,0,1,2.7508817446175726e-10,0.9999999997249118
0.66280144,0.0901303,0.075837836,0.24664547,0.10252589,391,0,0,0,0.9999324310574732,6.756894252678889e-05
0.65341854,0.04524046,0.07172331,0.15461606,0.20044759,392,0,0,1,0.00037971551375171053,0.9996202844862483
0.61411965,0.022462193,0.06907361,0.27458552,0.080663115,393,0,0,1,1.425551432454597e-08,0.9999999857444857
0.7088079,0.014482595,0.060057476,0.0987779,0.08817827,394,0,0,1,0.002594586995428916,0.9974054130045711
0.7430159,0.018242225,0.055154808,0.17035674,0.22694539,395,0,0,1,0.000703520214057729,0.9992964797859423
0.8123827,0.009171721,0.056168936,0.16929725,0.053810105,396,0,0,1,3.2274757377770413e-07,0.9999996772524262
0.61790675,0.035348535,0.081215106,0.25850934,0.1303968,397,0,0,1,5.11496400790179e-10,0.9999999994885036
0.71597606,0.03454881,0.07484933,0.26515478,0.18614544,398,0,0,1,2.2884050210336682e-10,0.9999999997711595
0.6570611,0.06281734,0.055779763,0.4470004,0.10441081,399,0,0,1,0.00010182168483674481,0.9998981783151633
0.6405556,0.02486755,0.06444736,0.26130915,0.14261547,400,0,0,1,3.104422352517844e-08,0.9999999689557765
0.6451037,0.011118125,0.035899393,0.1606637,0.06335954,401,0,0,1,0.002843626664786103,0.9971563733352139
0.76226515,0.040532887,0.07655074,0.39395723,0.19826606,402,0,0,1,2.0413248869033396e-10,0.9999999997958675
0.7629192,0.007070441,0.052407563,0.16588992,0.1473733,403,0,0,1,2.6213307453559764e-06,0.9999973786692546
0.6933131,0.04273379,0.07467424,0.31944984,0.13525411,404,0,0,1,3.8454527451214915e-08,0.9999999615454725
0.63360995,0.19255145,0.25031164,0.46134156,0.13161051,405,0,0,0,0.9995394826024196,0.00046051739758031575
0.40988916,0.118836254,0.11663679,0.20794263,0.25064895,406,0,0,0,0.999997217168313,2.782831686924885e-06
0.67033863,0.06548367,0.073329486,0.27819994,0.1102097,407,0,0,1,0.011740051367012394,0.9882599486329876
0.8711339,0.028633524,0.06788527,0.25955603,0.06503283,408,0,0,1,1.233857460647414e-11,0.9999999999876614
0.6634634,0.016716756,0.059162058,0.2849421,0.16398233,409,0,0,1,3.9504235904708196e-07,0.999999604957641
0.7474143,0.029283743,0.06874971,0.31472698,0.20988217,410,0,0,1,1.230620050307607e-10,0.999999999876938
0.6879095,0.0027858317,0.049984723,0.13131487,0.08529217,411,0,0,1,0.0005360771076658999,0.9994639228923341
0.7132466,0.025384638,0.06430747,0.38777086,0.07158796,412,0,0,1,7.758238496080594e-13,0.9999999999992242
0.7532322,0.0,0.05755286,0.27046484,0.10242636,413,0,0,1,4.8060222468393476e-11,0.9999999999519398
0.64764434,0.036367282,0.079713024,0.24933857,0.20785375,414,0,0,1,4.9894157605479e-07,0.999999501058424
0.61859345,0.0,0.09620778,0.24046879,0.10642096,415,0,0,1,4.702129984046621e-06,0.999995297870016
0.6928962,0.032971293,0.0772481,0.19197431,0.11592945,416,0,0,1,2.861427483846768e-08,0.9999999713857252
0.71285766,0.0039919987,0.043280773,0.11955707,0.12206324,417,0,0,1,0.0019469249201460315,0.998053075079854
0.601023,0.039331302,0.06784548,0.24191947,0.15518852,418,0,0,1,3.083691652028264e-07,0.9999996916308348
0.7813551,0.00898163,0.05319102,0.31452766,0.052352414,419,0,0,1,3.872457909892546e-13,0.9999999999996128
0.6032432,0.06450001,0.04920739,0.45526752,0.10537099,420,0,0,1,0.08086758578270992,0.9191324142172901
0.6762253,0.040697016,0.070455484,0.4275124,0.12100157,421,0,0,1,1.377953307013513e-10,0.9999999998622047
0.69793504,0.041931085,0.0900356,0.4476716,0.29514158,422,0,0,1,1.5809658027166051e-09,0.9999999984190342
0.80111396,0.024654835,0.0642766,0.27324876,0.047761396,423,0,0,1,3.3002489630007403e-12,0.9999999999966998
0.71664363,0.010801606,0.056808412,0.20275053,0.07863587,424,0,0,1,3.160394839496483e-06,0.9999968396051605
0.6487868,0.059257045,0.07019518,0.44871342,0.17505303,425,0,0,1,1.90746003880804e-06,0.9999980925399612
0.64999,0.027865786,0.05900459,0.35530692,0.17519923,426,0,0,1,4.043905044159857e-08,0.9999999595609496
0.692644,0.043443233,0.062379085,0.4473464,0.1667484,427,0,0,1,6.244274208810907e-09,0.9999999937557258
0.67943627,0.046643518,0.07263081,0.4553454,0.12806939,428,0,0,1,3.045189034267537e-08,0.9999999695481097
0.57615715,0.041790016,0.06339368,0.34728548,0.1976651,429,0,0,1,2.1871207067647447e-09,0.9999999978128793
0.86926687,0.037091088,0.0734333,0.30475187,0.043999314,430,0,0,1,4.1142427242846225e-09,0.9999999958857573
0.6374332,0.027283011,0.10924901,0.25838494,0.2618626,431,0,0,1,0.00016213158180178322,0.9998378684181982
0.75224745,0.033075113,0.06955158,0.33900362,0.08767083,432,0,0,1,2.2182256032010628e-13,0.9999999999997782
0.6536019,0.02998934,0.068482295,0.2735988,0.08110431,433,0,0,1,5.76079184355649e-10,0.9999999994239208
0.6357204,0.058476232,0.11735676,0.30432242,0.25532284,434,0,0,1,7.485574822907459e-05,0.9999251442517709
0.7567316,0.0143460035,0.05915104,0.2678276,0.11300635,435,0,0,1,1.0819278806195598e-10,0.9999999998918072
0.72717005,0.023183696,0.06503841,0.33692855,0.18856436,436,0,0,1,2.6292079624568032e-11,0.9999999999737079
0.6904284,0.03713446,0.044136785,0.44478765,0.19981168,437,0,0,1,8.893449421343291e-09,0.9999999911065506
0.6454202,0.06522473,0.06133663,0.4274614,0.07768372,438,0,0,1,0.0006138786037255262,0.9993861213962745
0.7071944,0.018832449,0.061467253,0.34818232,0.11803608,439,0,0,1,5.32036636968769e-11,0.9999999999467963
0.70005465,0.028513264,0.08090719,0.13812852,0.17651922,440,0,0,1,2.505532076813033e-06,0.9999974944679232
0.74224937,0.030415557,0.069534004,0.30313385,0.16253564,441,0,0,1,1.5477397141694382e-11,0.9999999999845226
0.6669584,0.037119433,0.07063701,0.38911283,0.10731291,442,0,0,1,3.54578588712684e-11,0.9999999999645421
0.7333655,0.03386644,0.06498184,0.33313945,0.19297028,443,0,0,1,1.2716716568661468e-11,0.9999999999872833
0.76649344,0.08783878,0.014863677,0.24774143,0.16422755,444,0,1,0,0.9999999835915415,1.6408458435472854e-08
0.64057404,0.0064543337,0.049990788,0.20711203,0.1627787,445,0,0,1,0.0015398034601787902,0.9984601965398212
0.6138484,0.028665707,0.06738008,0.34956568,0.16557299,446,0,0,1,2.0332846517590042e-11,0.9999999999796672
0.76228964,0.0219111,0.062571235,0.3543988,0.11427839,447,0,0,1,7.038813976123492e-13,0.9999999999992961
0.5642512,0.028729308,0.0663687,0.35517558,0.12840958,448,0,0,1,3.034239526300553e-12,0.9999999999969658
0.58694994,0.034922555,0.033214275,0.28326416,0.2897494,449,0,0,1,0.0001739571134484752,0.9998260428865515
0.69347924,0.0010074377,0.047695383,0.13794376,0.0967948,450,0,0,1,0.00016232898270696072,0.999837671017293
0.7618233,0.0072138384,0.054487824,0.16618058,0.12258381,451,0,0,1,4.850358741759209e-06,0.9999951496412582
0.7870344,0.04688579,0.072251715,0.5225593,0.17268233,452,0,0,1,1.6918526468678863e-08,0.9999999830814735
0.5804779,0.039008066,0.07592708,0.5004005,0.124429286,453,0,0,1,1.4915046975261248e-10,0.9999999998508495
0.6452222,0.016114943,0.05866138,0.22603391,0.124744326,454,0,0,1,2.0907819334059496e-05,0.9999790921806659
0.6460476,0.014162473,0.056294866,0.2740837,0.18948144,455,0,0,1,1.6845618677097107e-05,0.9999831543813229
0.6054747,0.059744745,0.10697894,0.2527285,0.044881843,456,0,0,1,0.0009781227033267559,0.9990218772966732
0.6309869,0.039905332,0.078475475,0.28202894,0.13568583,457,0,0,1,3.585133057093515e-08,0.9999999641486694
0.67171484,0.04641062,0.065535404,0.43790027,0.22030993,458,0,0,1,7.875337515450553e-08,0.9999999212466248
0.63662076,0.03650956,0.07344219,0.40989152,0.18288544,459,0,0,1,1.5020296117995713e-10,0.999999999849797
0.70332366,0.031078406,0.063213915,0.2425909,0.3245469,460,0,0,1,1.9453547051018205e-07,0.9999998054645295
0.60973996,0.021490593,0.059872597,0.3735521,0.120843805,461,0,0,1,9.395300093473224e-10,0.99999999906047
0.6681555,0.051136956,0.0606834,0.12103247,0.19196722,462,0,0,1,0.2869843376894097,0.7130156623105903
0.66312665,0.010631058,0.052636303,0.18642858,0.21195136,463,0,0,1,0.38992769255671444,0.6100723074432856
0.6390649,0.014499009,0.057747543,0.2217842,0.039041385,464,0,0,1,2.079096556362181e-06,0.9999979209034436
0.7792789,0.032265276,0.066092305,0.31851718,0.100347504,465,0,0,1,3.7769787297747826e-13,0.9999999999996223
0.6439655,0.025255192,0.06595205,0.22592537,0.2194863,466,0,0,1,0.0015758138787557163,0.9984241861212443
0.5834991,0.116424486,0.10736627,0.22190714,0.08444984,467,0,0,0,0.9999687659143923,3.1234085607623596e-05
0.62692386,0.08129205,0.011556286,0.25831622,0.21130869,468,0,1,0,0.9999999974575733,2.5424267185221787e-09
0.7100513,0.012610193,0.05412118,0.16277125,0.26056695,469,0,0,1,0.448221596693838,0.551778403306162
0.56523633,0.05749057,0.04756862,0.52998716,0.08197012,470,0,0,1,0.00012387814408354458,0.9998761218559165
0.5680875,0.022432018,0.06651263,0.40198565,0.17579302,471,0,0,1,4.667383812773096e-09,0.9999999953326162
0.78105026,0.037590243,0.06926928,0.32917166,0.15114576,472,0,0,1,5.762810229015258e-10,0.999999999423719
0.72001016,0.02028568,0.057465293,0.29125452,0.22490127,473,0,0,1,1.0253270784632562e-06,0.9999989746729215
0.64345026,0.050487284,0.10185671,0.30336806,0.28023434,474,0,0,1,3.733676336858949e-05,0.9999626632366314
0.6522378,0.012106154,0.056817263,0.28649452,0.15268543,475,0,0,1,3.510242621018733e-07,0.9999996489757379
0.65634817,0.039185807,0.06905058,0.45509964,0.13640663,476,0,0,1,9.252043575713742e-11,0.9999999999074796
0.718089,0.042985253,0.12008194,0.35074756,0.11485456,477,0,0,1,4.335461112336958e-08,0.9999999566453889
0.78540826,0.028109286,0.063827075,0.3766084,0.11300675,478,0,0,1,1.9952484109353463e-11,0.9999999999800475
0.65866655,0.046886332,0.067800805,0.53398937,0.172669,479,0,0,1,2.6444226364219503e-08,0.9999999735557736
0.7334603,0.08864892,0.015539058,0.29546165,0.12779032,480,0,1,0,0.9999999668939287,3.3106071299631094e-08
0.885081,0.026942242,0.06953506,0.24310896,0.0057989284,481,0,0,1,2.6900426330911387e-09,0.9999999973099574
0.65192765,0.037845183,0.06997615,0.3457402,0.22147547,482,0,0,1,3.8909768740325035e-09,0.9999999961090231
0.59232736,0.041075192,0.033487424,0.2767287,0.25285602,483,0,0,1,0.056255507909483526,0.9437444920905165
0.6608627,0.08519401,0.009948537,0.27134952,0.13454595,484,0,1,0,0.9999999918260785,8.17392155635499e-09
0.75319785,0.06780429,0.059685647,0.28882042,0.09604994,485,0,0,1,0.012945176741865128,0.9870548232581349
0.65120614,0.031281058,0.069960065,0.34322026,0.19021942,486,0,0,1,2.7273738822941596e-12,0.9999999999972726
0.7191678,0.02121111,0.06485748,0.33237728,0.1497559,487,0,0,1,2.1710233610860996e-10,0.9999999997828977
0.84606683,0.0443097,0.097425744,0.26353824,0.042978086,488,0,0,1,2.2546014899482714e-06,0.99999774539851
0.6633579,0.032222018,0.0,0.08153927,0.07117417,489,0,1,0,0.9996764695082635,0.00032353049173649504
0.7095186,0.051771566,0.08075099,0.1147311,0.12889023,490,0,0,1,0.11914894805500598,0.880851051944994
0.71611565,0.016973004,0.062279783,0.29478213,0.34245342,491,0,0,1,5.215990101614665e-06,0.9999947840098984
0.75537926,0.011367995,0.12321194,0.20434839,0.14820088,492,0,0,1,8.415111385495777e-08,0.9999999158488861
0.5959485,0.117933966,0.1180873,0.2404716,0.067562476,493,0,0,0,0.9999590316799837,4.0968320016371656e-05
0.90485936,0.026946045,0.07017847,0.35444015,0.12515157,494,0,0,1,5.659916979539048e-12,0.9999999999943401
0.61911863,0.036940474,0.067684695,0.37556168,0.13781056,495,0,0,1,3.291633632329649e-10,0.9999999996708366
0.7432405,0.037000723,0.08736693,0.2455694,0.10804403,496,0,0,1,2.088311412684618e-08,0.9999999791168859
0.7011697,0.030093625,0.069874525,0.28797913,0.1840109,497,0,0,1,1.857758391565767e-10,0.9999999998142242
0.69534683,0.01747049,0.04714962,0.060006335,0.043347236,498,0,0,1,0.004439848075728392,0.9955601519242716
0.81744814,0.02859164,0.066404685,0.3467733,0.1304994,499,0,0,1,1.0591527654923993e-13,0.9999999999998941
0.6660821,0.030334383,0.07360612,0.24492091,0.13572583,500,0,0,1,2.0408514878056394e-08,0.9999999795914851
0.7510799,0.0043612644,0.049012825,0.21425958,0.118924625,501,0,0,1,1.7697955057016657e-07,0.9999998230204494
0.7016398,0.038944505,0.07164621,0.29620025,0.10631015,502,0,0,1,1.995343890115464e-09,0.9999999980046561
0.5739925,0.023770042,0.0626879,0.3024237,0.220572,503,0,0,1,5.086962658662486e-06,0.9999949130373413
0.6394506,0.025393512,0.061932176,0.3905166,0.15856229,504,0,0,1,1.9253332261826017e-10,0.9999999998074667
0.57343566,0.018741753,0.063058406,0.31618312,0.1294938,505,0,0,1,2.0820387636177884e-09,0.9999999979179612
0.66651344,0.07794158,0.03245066,0.14418492,0.19929457,506,0,1,0,0.9999998812265823,1.1877341760576537e-07
0.63009995,0.026616301,0.065796115,0.3582539,0.2224613,507,0,0,1,1.296636303882437e-07,0.9999998703363696
0.62229055,0.06634241,0.0659395,0.20962769,0.10714023,508,0,0,1,0.48623796658366303,0.513762033416337
0.69135654,0.06514242,0.07592671,0.3483474,0.18775406,509,0,0,1,0.0008118038231860192,0.999188196176814
0.6461915,0.022735238,0.064532414,0.3674953,0.18377994,510,0,0,1,1.493556833764842e-08,0.9999999850644317
0.71454495,0.04124884,0.07267995,0.17794183,0.06390155,511,0,0,1,8.856894924136327e-07,0.9999991143105076
0.6197534,0.059333865,0.086866565,0.42159325,0.19301704,512,0,0,1,3.9336537956957685e-06,0.9999960663462043
0.6913156,0.09163352,0.07163168,0.24404696,0.09809735,513,0,0,0,0.999866472771062,0.00013352722893800268
0.6510395,0.033367205,0.07127718,0.2948214,0.1461688,514,0,0,1,4.4860115622213925e-11,0.9999999999551399
0.65022194,0.09090794,0.06777948,0.28647414,0.19178481,515,0,0,0,0.999798746142288,0.00020125385771201793
0.6642029,0.100778766,0.10787287,0.21206303,0.16694376,516,0,0,0,0.9999809180170175,1.9081982982486033e-05
0.64810914,0.057703737,0.11185639,0.30106828,0.03471358,517,0,0,1,2.691579531211019e-05,0.9999730842046879
0.87425405,0.029619358,0.06516085,0.38885826,0.1028573,518,0,0,1,2.1316282072803006e-14,0.9999999999999787
0.6765608,0.04101409,0.055492043,0.23085788,0.09816081,519,0,0,1,2.2381240472046926e-07,0.9999997761875953
0.70008427,0.02911131,0.06634927,0.44881412,0.2016618,520,0,0,1,8.242961868631937e-12,0.999999999991757
0.64660794,0.04154605,0.06539821,0.40789038,0.17180878,521,0,0,1,1.5222401117398476e-10,0.999999999847776
0.6081015,0.085019834,0.010626525,0.30071932,0.16245154,522,0,1,0,0.9999999875252892,1.2474710854265986e-08
0.696363,0.019815281,0.060278818,0.3570877,0.12879011,523,0,0,1,6.568678934115724e-11,0.9999999999343132
0.63964397,0.15789159,0.17839053,0.4158301,0.28797492,524,0,0,0,0.9999074118579779,9.258814202211269e-05
0.56156546,0.05751847,0.11926125,0.3550418,0.09206094,525,0,0,1,8.644345175889967e-06,0.9999913556548241
0.6180657,0.04275627,0.060866967,0.23111886,0.21630454,526,0,0,1,1.9626512798409657e-05,0.9999803734872016
0.64019185,0.05557939,0.06985152,0.3610878,0.14099365,527,0,0,1,2.641378957335405e-06,0.9999973586210427
0.64141196,0.01826831,0.056836054,0.2032768,0.16375834,528,0,0,1,0.000329125553371612,0.9996708744466284
0.6661517,0.031683877,0.07145814,0.35924518,0.075534545,529,0,0,1,2.595701431573616e-13,0.9999999999997404
0.7923456,0.021985546,0.06273315,0.3283508,0.09217877,530,0,0,1,7.815970093361102e-14,0.9999999999999218
0.6500937,0.03432358,0.06342602,0.21826306,0.22392306,531,0,0,1,6.3846982322202095e-06,0.9999936153017678
0.71990657,0.023665547,0.067062125,0.38124657,0.10391645,532,0,0,1,4.265032771400001e-12,0.999999999995735
0.666902,0.040188447,0.067561604,0.37740472,0.07707786,533,0,0,1,4.010749510285905e-10,0.999999999598925
0.7298439,0.0076055937,0.0545331,0.108178526,0.24571738,534,0,0,1,0.08698043772994968,0.9130195622700503
0.7349914,0.012083142,0.103922136,0.097539224,0.090399586,535,0,0,1,4.0585547501970076e-05,0.999959414452498
0.6603448,0.041249976,0.038926445,0.36008218,0.24483229,536,0,0,1,4.079956492319958e-06,0.9999959200435077
0.6146283,0.046404947,0.07317513,0.39885017,0.1472404,537,0,0,1,2.0679584933347428e-08,0.9999999793204151
0.57004094,0.021081798,0.058870167,0.36331546,0.23179488,538,0,0,1,2.1861876131623603e-07,0.9999997813812387
0.71125144,0.056687012,0.050030038,0.4754826,0.13024686,539,0,0,1,5.1729297431135635e-06,0.9999948270702569
0.84020084,0.027649969,0.067734554,0.41577497,0.19189444,540,0,0,1,2.995814707418276e-10,0.9999999997004185
0.6545765,0.01759759,0.063706055,0.244739,0.26757172,541,0,0,1,0.01397554494664055,0.9860244550533594
0.75734663,0.029937644,0.06331269,0.25901246,0.19022381,542,0,0,1,4.3918491066108345e-10,0.9999999995608151
0.6909343,0.02603257,0.062639184,0.32815138,0.1851151,543,0,0,1,1.9395720585180243e-09,0.9999999980604279
0.7401243,0.1378926,0.1182868,0.23130564,0.13559929,544,0,0,0,0.9998906217081089,0.00010937829189102156
0.4956267,0.044576086,0.06379854,0.41082084,0.11127798,545,0,0,1,2.6592950730375264e-08,0.9999999734070493
0.60743195,0.06307275,0.05220083,0.5291392,0.10258858,546,0,0,1,9.09246094250582e-05,0.9999090753905749
0.7470896,0.034616962,0.06718324,0.33621547,0.19709216,547,0,0,1,2.2035928637365032e-11,0.9999999999779641
0.8453538,0.03175679,0.056997202,0.37098733,0.0,548,0,0,1,2.9309887850104133e-13,0.9999999999997069
0.650444,0.10158792,0.09896475,0.18673076,0.22007994,549,0,0,0,0.999995545371143,4.45462885704441e-06
0.5693095,0.044416834,0.07941953,0.22747725,0.15318501,550,0,0,1,4.008337280647645e-06,0.9999959916627194
0.64403546,0.030250624,0.06685774,0.27142388,0.1989672,551,0,0,1,6.904854910061431e-09,0.9999999930951451
0.57019407,0.037516586,0.08097976,0.27822194,0.10262119,552,0,0,1,2.320427017199478e-08,0.9999999767957298
0.6622795,0.09067554,0.007551454,0.22511229,0.121930785,553,0,1,0,0.9999999975199729,2.480027031836807e-09
0.798826,0.066947825,0.065443486,0.4530171,0.20085448,554,0,0,1,0.004259132785096265,0.9957408672149037
0.73510104,0.034485154,0.06572365,0.25917834,0.23201989,555,0,0,1,4.445077861348068e-09,0.9999999955549221
0.6034556,0.019804962,0.060254022,0.209572,0.1140855,556,0,0,1,7.014677388872403e-05,0.9999298532261113
0.71481806,0.038784835,0.068927355,0.45819357,0.11429696,557,0,0,1,1.1949996547855335e-11,0.99999999998805
0.748488,0.039502576,0.07175533,0.30273017,0.13181236,558,0,0,1,7.298388116083743e-09,0.9999999927016119
0.81633514,0.025935315,0.06998344,0.20731588,0.15105923,559,0,0,1,3.4631436851562114e-07,0.9999996536856315
0.63440436,0.059296545,0.049591742,0.33701047,0.14307424,560,0,0,1,0.0003019440594226319,0.9996980559405774
0.6447429,0.16978982,0.0688444,0.29315656,0.12329409,561,0,1,0,0.9996917832084942,0.0003082167915058028
0.76266503,0.05041164,0.06719239,0.5161811,0.20331572,562,0,0,1,4.877499015787379e-08,0.9999999512250098
0.6490302,0.040529884,0.08103707,0.3531071,0.17363504,563,0,0,1,9.653213783877845e-10,0.9999999990346786
0.66385734,0.08389862,0.023315527,0.19065353,0.15796626,564,0,1,0,0.9999999831813604,1.6818639552280084e-08
0.7605324,0.009212382,0.059826866,0.32419482,0.13362977,565,0,0,1,3.482325539039266e-12,0.9999999999965177
0.81598467,0.015392456,0.061439246,0.3594043,0.1582855,566,0,0,1,4.434230760352875e-13,0.9999999999995566
0.64934874,0.0,0.0654759,0.44250482,0.17674972,567,0,0,1,7.926529321800047e-09,0.9999999920734707
0.5300694,0.024631899,0.06953508,0.21158358,0.079124115,568,0,0,1,4.756404205163989e-06,0.9999952435957948
0.7002249,0.022709548,0.06785253,0.14501905,0.21819735,569,0,0,1,0.024336036593969324,0.9756639634060307
0.6480345,0.08232814,0.009037986,0.1660319,0.13672012,570,0,1,0,0.9999999997056016,2.943984061276061e-10
0.7141451,0.021433547,0.061559252,0.2703736,0.07710368,571,0,0,1,9.064455852580977e-10,0.9999999990935544
0.7823039,0.038181722,0.07914423,0.14242214,0.123987965,572,0,0,1,1.966671010045218e-06,0.99999803332899
0.6715522,0.03350808,0.07948452,0.09253694,0.031190988,573,0,0,1,1.8969714108418856e-06,0.9999981030285892
0.69545364,0.019614737,0.06287706,0.29714727,0.22780816,574,0,0,1,3.913075167227831e-07,0.9999996086924833
0.6404969,0.06279212,0.07040122,0.47949886,0.11488953,575,0,0,1,1.2976800893849116e-05,0.9999870231991062
0.7521581,0.07858437,0.0072887316,0.26904264,0.06355538,576,0,1,0,0.9999999941636429,5.836357025288589e-09
0.71508014,0.0647056,0.07952544,0.26020107,0.12418399,577,0,0,1,0.0013765847238363937,0.9986234152761636
0.78647965,0.037690327,0.069386035,0.34391615,0.18435037,578,0,0,1,5.194487062709641e-10,0.9999999994805513
0.6085829,0.058476076,0.062366523,0.33440706,0.23067296,579,0,0,1,9.397416269385506e-05,0.9999060258373061
0.7527163,0.007420264,0.05136606,0.14585552,0.1046225,580,0,0,1,1.0684582395503739e-06,0.9999989315417604
0.67156875,0.049648184,0.056043584,0.035987876,0.029348694,581,0,0,1,0.43453889469634643,0.5654611053036536
0.6300006,0.038200438,0.0643056,0.27138156,0.17303336,582,0,0,1,1.3055674430439979e-07,0.9999998694432557
0.6846352,0.044738367,0.06543177,0.33633757,0.18742776,583,0,0,1,8.789005545573048e-08,0.9999999121099445
0.7193738,0.04668858,0.08653553,0.17282487,0.13831162,584,0,0,1,8.233639991239716e-05,0.9999176636000876
0.809946,0.019818537,0.06072872,0.24866197,0.17370963,585,0,0,1,4.969026767831508e-08,0.9999999503097323
0.6574595,0.0,0.087083,0.31624755,0.2567045,586,0,0,1,6.455248757641918e-06,0.9999935447512424
0.7173696,0.049419757,0.13003053,0.27989456,0.25211182,587,0,0,1,0.00045470331053842905,0.9995452966894616
0.47851664,0.13500528,0.13628268,0.192278,0.06500286,588,0,0,0,0.9999503705064368,4.962949356324945e-05
0.61926705,0.06067671,0.12805782,0.4167705,0.15838951,589,0,0,1,2.3397072490549675e-06,0.999997660292751
0.7734802,0.0022752807,0.04723379,0.09173462,0.116771795,590,0,0,1,6.0394577976796704e-05,0.9999396054220232
0.6599197,0.04518345,0.046056792,0.22173415,0.2699171,591,0,0,1,0.002047718318664127,0.9979522816813359
0.79744786,0.033776343,0.076355025,0.27630448,0.19452032,592,0,0,1,1.0667788874485495e-09,0.9999999989332211
0.69836754,0.0006026253,0.04763878,0.08854365,0.100144446,593,0,0,1,0.013264787351177199,0.9867352126488228
0.6329846,0.04133294,0.03505929,0.38386402,0.1823592,594,0,0,1,2.0290635008857194e-05,0.9999797093649911
0.74454904,0.022671249,0.06165187,0.30865967,0.23787409,595,0,0,1,2.1247354986542177e-09,0.9999999978752645
0.7878293,0.014384456,0.056447446,0.13472429,0.013085015,596,0,0,1,8.533602069427104e-08,0.9999999146639793
0.56184995,0.012217846,0.059170984,0.24572474,0.14013223,597,0,0,1,4.345241502001773e-05,0.99995654758498
0.598604,0.02325156,0.06316067,0.3199524,0.18753162,598,0,0,1,7.71356818418667e-08,0.9999999228643182
0.7064985,0.0032665804,0.048124805,0.050772548,0.03229098,599,0,0,1,0.004849355073737294,0.9951506449262627
0.41747656,0.0005296357,0.11490968,0.11736341,0.047026932,600,0,0,1,0.001376525419304997,0.998623474580695
0.6275305,0.038256984,0.03635148,0.33172917,0.20288336,601,0,0,1,4.920157173893269e-05,0.9999507984282611
0.7147934,0.025941756,0.07034742,0.215408,0.07390551,602,0,0,1,1.0510603054569856e-07,0.9999998948939695
0.7220754,0.018636234,0.06354065,0.13362028,0.08252138,603,0,0,1,1.5136696259743232e-06,0.999998486330374
0.6486512,0.016401771,0.058985606,0.20894767,0.154806,604,0,0,1,7.131213587974194e-05,0.9999286878641203
0.6930271,0.022702958,0.05867876,0.27455586,0.21170247,605,0,0,1,2.8570170222952385e-06,0.9999971429829777
0.70214164,0.21672815,0.14283706,0.21083729,0.11590198,606,0,0,0,0.9999306584263457,6.934157365436611e-05
0.7990962,0.035830226,0.04415571,0.29697394,0.20683919,607,0,0,1,2.5973085904240634e-08,0.9999999740269141
0.70202655,0.007997725,0.053378344,0.12487204,0.12725113,608,0,0,1,0.0010918842237269688,0.998908115776273
0.7333261,0.026798062,0.06677815,0.17220986,0.016921477,609,0,0,1,2.388226589600251e-06,0.9999976117734104
0.7097956,0.04504086,0.06547331,0.40909654,0.043154206,610,0,0,1,5.996409591091378e-09,0.9999999940035904
0.65399826,0.019921605,0.06034796,0.31734666,0.21351148,611,0,0,1,4.67939063719669e-07,0.9999995320609363
0.7731253,0.06280701,0.0754609,0.1663321,0.14276786,612,0,0,1,0.21878274115281082,0.7812172588471892
0.6567108,0.08397285,0.011581317,0.19104353,0.12957184,613,0,1,0,0.9999999996574792,3.4252077748244673e-10
0.5910742,0.04126235,0.06587887,0.4124316,0.18630204,614,0,0,1,3.8133585178456997e-10,0.9999999996186641
0.69946784,0.0064940564,0.052513912,0.1119265,0.11597305,615,0,0,1,0.0016610988862189036,0.9983389011137811
0.7077575,0.06802736,0.061002105,0.5353851,0.09888479,616,0,0,1,0.024321184508909743,0.9756788154910903
0.72405916,0.020484842,0.06342545,0.44364038,0.1493502,617,0,0,1,3.1818991885756986e-13,0.9999999999996818
0.8204914,0.09332279,0.07875811,0.16724665,0.12613304,618,0,0,0,0.9999881908693204,1.1809130679600243e-05
0.7036895,0.14729455,0.03438138,0.22569667,0.13611768,619,0,1,0,0.9999861745691533,1.3825430846711922e-05
0.659202,0.018961295,0.060466677,0.16690135,0.17544006,620,0,0,1,0.06865312994839812,0.9313468700516019
0.7864856,0.030130345,0.06308169,0.33577922,0.08905828,621,0,0,1,1.3078427230084344e-13,0.9999999999998692
0.74741495,0.036538385,0.07711313,0.2928838,0.24136315,622,0,0,1,4.687704123762515e-07,0.9999995312295876
0.7016068,0.024656143,0.062156275,0.45673037,0.19893438,623,0,0,1,7.364451271030248e-10,0.9999999992635549
0.6943115,0.01990809,0.061312526,0.32888559,0.11159224,624,0,0,1,1.1612266703764362e-10,0.9999999998838773
0.64710057,0.034990337,0.075242296,0.38985106,0.22064325,625,0,0,1,3.006972448815759e-11,0.9999999999699303
0.74037683,0.035492383,0.12216021,0.2614761,0.16490445,626,0,0,1,3.2788993742371986e-10,0.9999999996721101
0.9111679,0.021892615,0.06751424,0.36370656,0.04223192,627,0,0,1,2.3092638912203256e-14,0.9999999999999769
0.7833311,0.060459677,0.043953992,0.43388933,0.2764203,628,0,0,1,0.04048891550664735,0.9595110844933527
0.7063634,0.23930992,0.29911685,0.42465526,0.5460512,629,0,0,0,0.9998069856908187,0.0001930143091812464
0.7113427,0.0083766915,0.058438733,0.23018856,0.23287556,630,0,0,1,0.0004178518444514223,0.9995821481555486
0.7736527,0.029389255,0.06671193,0.33714625,0.0637237,631,0,0,1,1.4854784069484595e-13,0.9999999999998515
0.69270957,0.016781129,0.059154324,0.22598022,0.15422359,632,0,0,1,2.941161913350143e-06,0.9999970588380866
0.7223397,0.026748601,0.12952973,0.41643685,0.17330472,633,0,0,1,2.362003925782119e-10,0.9999999997637996
0.59816605,0.031304948,0.068620175,0.38058466,0.20925187,634,0,0,1,4.8550052866858096e-12,0.999999999995145
0.57319313,0.041169368,0.06800904,0.21716009,0.31382746,635,0,0,1,9.365887055323707e-05,0.9999063411294468
0.6030023,0.037984855,0.06901478,0.3919294,0.12706374,636,0,0,1,1.5952017484721637e-10,0.9999999998404798
0.7037617,0.017930157,0.061111115,0.2796043,0.18762407,637,0,0,1,1.2700420370936882e-07,0.9999998729957963
0.7309817,0.061890498,0.06968272,0.43211815,0.20075049,638,0,0,1,9.916988432112639e-06,0.9999900830115679
0.60775787,0.017735198,0.05867882,0.20800789,0.16171,639,0,0,1,8.215995514249119e-05,0.9999178400448575
0.6383731,0.04539348,0.037741873,0.24078,0.08106479,640,0,0,1,0.37059004539824036,0.6294099546017596
0.6622021,0.016668111,0.05521469,0.219682,0.19479242,641,0,0,1,0.002029102560231144,0.9979708974397689
0.79217917,0.012797974,0.057584196,0.24443464,0.07831686,642,0,0,1,4.5418868666047274e-10,0.9999999995458113
0.697152,0.01578451,0.058265686,0.24812621,0.1818429,643,0,0,1,1.2392864667254422e-05,0.9999876071353327
0.5968536,0.012854483,0.054485098,0.19510719,0.15612853,644,0,0,1,0.00030780951783404564,0.999692190482166
0.6817167,0.053961612,0.078926675,0.45215866,0.13586442,645,0,0,1,2.1913577785692695e-07,0.9999997808642221
0.6941824,0.18078744,0.1574263,0.16887066,0.0771611,646,0,0,0,0.9999401683917447,5.98316082553376e-05
0.6079402,0.008358661,0.05339455,0.24456702,0.085553855,647,0,0,1,4.437969863491098e-06,0.9999955620301365
0.71228206,0.023581732,0.061271258,0.2865754,0.10620482,648,0,0,1,8.383704841463668e-10,0.9999999991616295
0.6589722,0.02598074,0.06513257,0.31824005,0.21592164,649,0,0,1,2.3160389728271724e-07,0.9999997683961027
0.66368175,0.017178617,0.06052965,0.22097939,0.15872967,650,0,0,1,4.1295124748930156e-05,0.9999587048752511
0.70385015,0.015028339,0.054633185,0.19319811,0.11806457,651,0,0,1,9.261472640909041e-06,0.9999907385273591
0.5945502,0.022686768,0.06796701,0.34294423,0.08175081,652,0,0,1,1.39875444560289e-10,0.9999999998601246
0.69396204,0.020198815,0.06036853,0.27132377,0.14218979,653,0,0,1,1.87712611010582e-08,0.9999999812287389
0.5122884,0.2857237,0.335764,0.42857143,0.6306047,654,0,0,0,0.9999262483166114,7.375168338862865e-05
0.69748604,0.01570141,0.055068977,0.29526946,0.10738662,655,0,0,1,2.820415900828266e-09,0.9999999971795841
0.70872414,0.03796097,0.069347024,0.39409563,0.040464163,656,0,0,1,1.2579270958212874e-11,0.9999999999874207
0.69456667,0.017041646,0.072194666,0.20127964,0.12340865,657,0,0,1,4.912423470448957e-06,0.9999950875765296
0.6435362,0.021507952,0.05718317,0.20139533,0.1399296,658,0,0,1,0.00034652071354079883,0.9996534792864592
0.62951857,0.40578833,0.38126254,0.49939328,0.2943009,659,0,0,0,0.9999074118579779,9.258814202211269e-05
0.60771203,0.0184623,0.058243573,0.20302984,0.22113107,660,0,0,1,0.013218642492634047,0.986781357507366
0.7186151,0.03806717,0.07318732,0.34850788,0.15658796,661,0,0,1,1.5721535184809454e-10,0.9999999998427846
0.52960396,0.016873442,0.0688909,0.2030369,0.26882994,662,0,0,1,0.09476934283370497,0.905230657166295
0.91614664,0.049003635,0.03554546,0.36569223,0.051813528,663,0,0,1,0.07069337416664856,0.9293066258333514
0.6314418,0.03821194,0.06997032,0.42482075,0.17125036,664,0,0,1,2.2128032739487935e-10,0.9999999997787197
0.615366,0.053181205,0.07043802,0.35158637,0.15266103,665,0,0,1,4.560791051488877e-07,0.9999995439208949
0.66359216,0.028018296,0.06747484,0.38617992,0.16459276,666,0,0,1,2.324100911721416e-09,0.9999999976758991
0.63106567,0.06325037,0.061389953,0.34927744,0.081482075,667,0,0,1,9.315160666034661e-05,0.9999068483933397
0.5992797,0.03598617,0.07858714,0.29426757,0.119148046,668,0,0,1,1.78137521400501e-08,0.9999999821862479
0.69974935,0.025351625,0.06568239,0.29321736,0.23847815,669,0,0,1,3.503428200879455e-07,0.9999996496571799
0.72580135,0.035253767,0.08171414,0.15947889,0.13935305,670,0,0,1,5.6799436096710565e-06,0.9999943200563903
0.6599855,0.02614317,0.06653232,0.3471839,0.11671827,671,0,0,1,5.415499160221771e-10,0.9999999994584501
0.78247017,0.03359615,0.0688763,0.3291612,0.20149451,672,0,0,1,1.4286349880876514e-12,0.9999999999985714
0.65789044,0.20507672,0.27438805,0.47258687,0.27152348,673,0,0,0,0.9999074118579779,9.258814202211269e-05
0.6985166,0.25546452,0.22371766,0.34636515,0.14806949,674,0,0,0,0.9989149641255549,0.001085035874445072
0.703412,0.027645517,0.06623642,0.35439837,0.21991764,675,0,0,1,3.783801083567795e-08,0.9999999621619892
0.63697076,0.015147235,0.13314284,0.32057363,0.17729029,676,0,0,1,3.776854085035808e-08,0.9999999622314591
0.71511793,0.04003535,0.063277304,0.36661887,0.18878019,677,0,0,1,3.0025137931488644e-10,0.9999999996997486
0.72607726,0.060445413,0.1843559,0.2509747,0.058094226,678,0,0,1,0.001440266134808299,0.9985597338651917
0.7167782,0.03864335,0.027577251,0.21680151,0.1422507,679,0,0,1,0.2584463121318681,0.7415536878681319
0.693486,0.014731783,0.0574776,0.18751767,0.14466327,680,0,0,1,0.00012486106998121915,0.9998751389300188
0.665324,0.018893354,0.06293699,0.36486486,0.12542939,681,0,0,1,8.853775490536009e-10,0.9999999991146225
0.73329544,0.0038019717,0.055350788,0.19943267,0.14172201,682,0,0,1,4.258680825763861e-07,0.9999995741319174
0.7157502,0.037915535,0.07163649,0.43166023,0.13994849,683,0,0,1,1.9843238163730348e-11,0.9999999999801568
0.58587295,0.04515377,0.06319927,0.25617513,0.2822938,684,0,0,1,7.384752542205497e-05,0.999926152474578
0.6210261,0.03805355,0.07415896,0.53058136,0.13455307,685,0,0,1,5.896017007955834e-11,0.9999999999410398
0.7957049,0.050429918,0.0394392,0.52044123,0.05228886,686,0,0,1,0.0006928500573236684,0.9993071499426763
0.6007655,0.054040827,0.09094602,0.26523167,0.026747676,687,0,0,1,5.352994187790561e-05,0.9999464700581221
0.63761264,0.02674469,0.065247074,0.3538924,0.1001398,688,0,0,1,1.1389245102577661e-10,0.9999999998861075
0.6981208,0.025885794,0.06569664,0.24734512,0.3398571,689,0,0,1,0.0005417667492466638,0.9994582332507533
0.677315,0.029611256,0.06526118,0.35173744,0.19074252,690,0,0,1,7.188738493368874e-11,0.9999999999281126
0.89323103,0.033294316,0.07225528,0.44233868,0.14312515,691,0,0,1,1.9340085088970227e-13,0.9999999999998066
0.68912596,0.0028677285,0.047493078,0.19087303,0.13840312,692,0,0,1,0.0005925548844400996,0.9994074451155599
0.71129537,0.018638708,0.062008373,0.37341422,0.14083746,693,0,0,1,1.1105827368851351e-10,0.9999999998889417
0.73874295,0.0,0.053762674,0.22644351,0.17075793,694,0,0,1,3.6808765901952256e-07,0.999999631912341
0.83947146,0.01829448,0.05916901,0.3171699,0.09669708,695,0,0,1,1.3633538742396922e-13,0.9999999999998637
0.69005376,0.038980417,0.06821959,0.22629708,0.19380517,696,0,0,1,3.4158814410378824e-07,0.9999996584118559
0.7845035,0.029689014,0.07120391,0.32677883,0.16155407,697,0,0,1,3.630429290524262e-13,0.999999999999637
0.702125,0.041846454,0.05115152,0.11893685,0.24264044,698,0,0,1,0.0003546930608239185,0.9996453069391761
0.7382253,0.022874042,0.0,0.30554396,0.08295883,699,0,0,1,0.009507384918365003,0.990492615081635
0.6943024,0.01828121,0.06305698,0.20322597,0.0030120104,700,0,0,1,1.6728539042887292e-07,0.9999998327146096
0.56461287,0.03318889,0.0730678,0.33969814,0.07369718,701,0,0,1,4.4209080840573733e-13,0.9999999999995579
0.7046598,0.012758244,0.058190927,0.20528,0.07923764,702,0,0,1,3.605632233893985e-07,0.9999996394367766
0.71223384,0.025132384,0.06927599,0.33021513,0.07561362,703,0,0,1,6.763700710621379e-12,0.9999999999932363
0.7626821,0.027474828,0.07075256,0.26993933,0.17661853,704,0,0,1,4.629627958774307e-08,0.9999999537037204
0.8531804,0.017339088,0.060131915,0.3080518,0.15736093,705,0,0,1,1.4913403845184803e-11,0.9999999999850866
0.7035301,0.039218403,0.06965832,0.34300193,0.16124445,706,0,0,1,6.564238042017223e-11,0.9999999999343576
0.7277121,0.015259415,0.059020914,0.23867232,0.14646809,707,0,0,1,2.8202842838886966e-08,0.9999999717971572
0.6574643,0.030621246,0.07077542,0.34825215,0.16917455,708,0,0,1,1.1746159600534156e-13,0.9999999999998825
0.6482265,0.09169539,0.053667095,0.41833165,0.10924992,709,0,0,0,0.9999303828911353,6.961710886471165e-05
0.75110936,0.020534217,0.13171558,0.305642,0.2629209,710,0,0,1,3.2289074636260295e-08,0.9999999677109254
0.59585106,0.02856708,0.061803736,0.4440706,0.106692865,711,0,0,1,4.816369525428854e-12,0.9999999999951836
0.7099685,0.015904821,0.059912607,0.25364316,0.22310427,712,0,0,1,3.4201545979772874e-06,0.999996579845402
0.7886325,0.014134873,0.054386675,0.118416674,0.054919478,713,0,0,1,5.65772645733098e-07,0.9999994342273543
0.69477785,0.031162802,0.0697824,0.26345742,0.24617033,714,0,0,1,2.4763713302178303e-09,0.9999999975236287
0.7329661,0.017861255,0.06115324,0.31544903,0.072052896,715,0,0,1,1.7408297026122455e-13,0.9999999999998259
0.6772894,0.06537631,0.053893223,0.23432207,0.09273357,716,0,0,1,0.42075954761962664,0.5792404523803734
0.7034754,0.14206629,0.13077974,0.16712174,0.2161988,717,0,0,0,0.999992897361243,7.102638757003256e-06
0.64318067,0.0434193,0.072934605,0.33679283,0.16625503,718,0,0,1,1.6386091394871016e-07,0.999999836139086
0.6597248,0.01152949,0.05592081,0.27946514,0.19623989,719,0,0,1,3.082308388235866e-05,0.9999691769161176
0.70447296,0.0162655,0.055678993,0.22662711,0.13125265,720,0,0,1,1.7377720560318721e-06,0.999998262227944
0.6832744,0.027135305,0.064188406,0.33114174,0.2654135,721,0,0,1,1.0242874979304872e-06,0.9999989757125021
0.7127403,0.033607528,0.07708407,0.21480718,0.1483087,722,0,0,1,1.0823424378969548e-09,0.9999999989176576
0.7080128,0.03138531,0.07367989,0.22810537,0.15242559,723,0,0,1,1.4630932021475473e-09,0.9999999985369068
0.526944,0.06700085,0.05446508,0.44832352,0.12935154,724,0,0,1,0.03126560852560889,0.9687343914743911
0.67729956,0.082024544,0.005895201,0.13205938,0.09350577,725,0,1,0,0.9999999998436522,1.5634782609255014e-10
0.63120204,0.019810583,0.0622636,0.20119227,0.2728985,726,0,0,1,0.19802739527675706,0.8019726047232429
0.7389599,0.107633434,0.090686955,0.31883067,0.103311405,727,0,0,0,0.9997713879209282,0.00022861207907174064
0.6514205,0.03951814,0.071928754,0.21609339,0.03281566,728,0,0,1,2.3210128252681983e-07,0.9999997678987175
0.6649517,0.11439674,0.06632789,0.096161604,0.12147948,729,0,1,0,0.9999987153889082,1.2846110918639565e-06
0.7533473,0.25839034,0.33431163,0.46627888,0.36024028,730,0,0,0,0.9998074987854026,0.000192501214597406
0.66103494,0.21683669,0.28319982,0.4571907,0.16030732,731,0,0,0,0.9994792711837654,0.0005207288162345521
0.65663654,0.08448689,0.008740287,0.22753006,0.09486233,732,0,1,0,0.9999999961138927,3.8861073773496495e-09
0.75512487,0.06712732,0.06265499,0.3111795,0.2702133,733,0,0,1,0.016634056817636855,0.9833659431823631
0.8535379,0.036704496,0.07290917,0.4908833,0.120346084,734,0,0,1,4.002909115286002e-11,0.9999999999599709
0.6513473,0.077584304,0.006124962,0.20807022,0.09587934,735,0,1,0,0.9999999989061864,1.0938136130332315e-09
0.81537175,0.058402777,0.0544883,0.34639895,0.115146294,736,0,0,1,9.696328113673047e-05,0.9999030367188633
0.72582847,0.030264918,0.066745915,0.3891948,0.14040834,737,0,0,1,2.8910207561239076e-13,0.9999999999997109
0.6647911,0.025699742,0.06388962,0.32285872,0.18908757,738,0,0,1,6.541784347557922e-08,0.9999999345821565
0.7321807,0.09303511,0.086360544,0.16548483,0.1597728,739,0,0,0,0.9999483714529344,5.1628547065678695e-05
0.7633652,0.079178184,0.009990968,0.1879316,0.10252002,740,0,1,0,0.9999999644924028,3.550759722713066e-08
0.61511904,0.033529837,0.07467827,0.26769263,0.09294886,741,0,0,1,3.1527669364095345e-11,0.9999999999684723
0.7722226,0.04403825,0.061213233,0.38098916,0.2706955,742,0,0,1,5.892136906160417e-07,0.9999994107863094
0.7199221,0.043303955,0.06642276,0.42413196,0.18239482,743,0,0,1,1.1577650727012667e-08,0.9999999884223493
0.8379735,0.06820924,0.06341569,0.271707,0.12900242,744,0,0,1,0.46128074820839515,0.5387192517916048
0.68705297,0.0069217235,0.054725222,0.14661822,0.13589075,745,0,0,1,0.0009191819875957741,0.9990808180124042
0.68746865,0.034003235,0.07014552,0.33166865,0.14389306,746,0,0,1,5.3188564663742e-12,0.9999999999946811
0.6071105,0.03112048,0.123568185,0.1820669,0.18099697,747,0,0,1,1.6032499301488201e-06,0.9999983967500699
0.7425969,0.020013966,0.061074927,0.37342802,0.1410994,748,0,0,1,1.3207213100940862e-12,0.9999999999986793
0.6214915,0.098652475,0.08416094,0.21389961,0.1912057,749,0,0,0,0.9999909376367844,9.062363215664233e-06
0.8159932,0.10786442,0.10338122,0.14674021,0.19080882,750,0,0,0,0.9999918522056267,8.147794373353692e-06
0.60195273,0.04462915,0.07468829,0.2747427,0.10575118,751,0,0,1,1.6736761566660263e-06,0.9999983263238433
0.65180963,0.0,0.064524956,0.3243243,0.17873473,752,0,0,1,6.910753247435508e-08,0.9999999308924675
0.6246276,0.04181949,0.044929683,0.27620184,0.15269955,753,0,0,1,1.1549971374869017e-06,0.9999988450028625
0.653433,0.010439601,0.055370398,0.2166717,0.18883398,754,0,0,1,0.002318701575217519,0.9976812984247825
0.70289457,0.19672117,0.2462728,0.41665104,0.22508532,755,0,0,0,0.9998069856908187,0.0001930143091812464
0.74284977,0.0056009665,0.04940944,0.17484707,0.033593703,756,0,0,1,7.979823382076034e-07,0.9999992020176618
0.7691132,0.036265887,0.07380841,0.34020153,0.070604384,757,0,0,1,8.6565421497653e-11,0.9999999999134346
0.7381185,0.010590371,0.05428218,0.22738454,0.06422129,758,0,0,1,4.6992338909035425e-09,0.9999999953007661
0.67129946,0.009000529,0.11061393,0.219689,0.21642667,759,0,0,1,0.0040648798645185336,0.9959351201354815
0.661529,0.21495213,0.28051442,0.5004597,0.29006505,760,0,0,0,0.9999074118579779,9.258814202211269e-05
0.7052959,0.019742902,0.06454952,0.24666654,0.23735027,761,0,0,1,9.001210368930757e-05,0.9999099878963107
0.6549379,0.0,0.0764782,0.4877871,0.14842449,762,0,0,1,6.721587730851297e-10,0.9999999993278412
0.74651134,0.07589094,0.009067196,0.20969422,0.11467653,763,0,1,0,0.9999999992885412,7.114588313610243e-10
0.68827796,0.022211246,0.062208734,0.33364165,0.21099861,764,0,0,1,6.817295039596161e-08,0.9999999318270496
0.78326964,0.14679125,0.15342991,0.25172842,0.28815207,765,0,0,0,0.9999765654879693,2.3434512030663494e-05
0.78274554,0.031950742,0.07276914,0.4255772,0.1815052,766,0,0,1,1.1057821325266559e-13,0.9999999999998894
0.8580383,0.043271564,0.045685414,0.3978808,0.006160192,767,0,0,1,1.6655076792160273e-06,0.9999983344923208
0.6436902,0.11841218,0.10171348,0.22240417,0.17910185,768,0,0,0,0.9999521897987614,4.781020123861488e-05
0.698277,0.018269569,0.05780506,0.21809977,0.16006713,769,0,0,1,3.025350164942431e-06,0.9999969746498351
0.59187824,0.025535714,0.06468602,0.16549452,0.025925543,770,0,0,1,3.644559830606742e-05,0.9999635544016939
0.617361,0.06460176,0.04952204,0.32568488,0.18970455,771,0,0,1,0.2582009744497622,0.7417990255502378
0.4773231,0.092272855,0.050790694,0.5814672,0.029755482,772,0,0,0,0.9997176288835224,0.00028237111647755607
0.7466466,0.06356178,0.063470624,0.3140651,0.2507222,773,0,0,1,0.0030521755464586464,0.9969478244535414
0.59442675,0.030004404,0.06848337,0.40882218,0.1737163,774,0,0,1,7.308598171107406e-12,0.9999999999926914
0.86683714,0.0,0.053387925,0.17201999,0.09364164,775,0,0,1,7.192853546111877e-07,0.9999992807146454
0.586416,0.05014637,0.04566477,0.44699395,0.09428838,776,0,0,1,2.3717176845128307e-05,0.9999762828231549
0.65942687,0.12554374,0.111173145,0.17909119,0.16842717,777,0,0,0,0.999982867343046,1.7132656954026367e-05
0.7063079,0.024801496,0.053624332,0.21541446,0.32620537,778,0,0,1,0.001348850553472447,0.9986511494465276
0.7553628,0.008232586,0.054917805,0.2366443,0.18346873,779,0,0,1,3.9087350978128654e-07,0.9999996091264902
0.7295854,0.056714255,0.06905284,0.3789071,0.09563236,780,0,0,1,1.1414124487463262e-05,0.9999885858755125
0.63223124,0.030208312,0.06858241,0.513482,0.17501204,781,0,0,1,4.907407813448117e-12,0.9999999999950926
0.6842983,0.059268054,0.051893365,0.47832558,0.14683115,782,0,0,1,5.527150095829825e-06,0.9999944728499042
0.70836663,0.041020192,0.07157062,0.314958,0.2265293,783,0,0,1,1.578780439714933e-09,0.9999999984212196
0.67794037,0.029724054,0.06941505,0.3264032,0.18900979,784,0,0,1,1.569018248659404e-10,0.9999999998430982
0.75069475,0.026173256,0.067374736,0.35638905,0.17721114,785,0,0,1,4.1016279261896216e-10,0.9999999995898372
0.7559815,0.068698645,0.06701344,0.48728934,0.25493494,786,0,0,1,0.03977695965801342,0.9602230403419866
0.69922525,0.040328506,0.054690152,0.33475775,0.17862976,787,0,0,1,2.0609858264464265e-09,0.9999999979390142
0.67256576,0.09827007,0.08022579,0.16259652,0.11709433,788,0,0,0,0.9999580052566036,4.19947433963535e-05
0.7297726,0.03603243,0.06916562,0.33656922,0.10798916,789,0,0,1,1.3128320652810999e-10,0.9999999998687168
0.86576635,0.019692272,0.06143575,0.18901676,0.05342859,790,0,0,1,1.5652985796421603e-08,0.9999999843470142
0.7592632,0.07459798,0.0,0.17668363,0.13114496,791,0,1,0,0.9999999995667282,4.3327173336224817e-10
0.60505825,0.03960692,0.072892845,0.37465778,0.124391355,792,0,0,1,7.369660437461789e-10,0.999999999263034
0.5998955,0.024610244,0.064414985,0.34916642,0.14267409,793,0,0,1,3.5895602046309705e-09,0.9999999964104398
0.64780074,0.09136541,0.07068331,0.24295957,0.039124463,794,0,0,0,0.9999517352862812,4.8264713718796355e-05
0.77484673,0.026118211,0.06428973,0.27105752,0.13691327,795,0,0,1,4.887183990831545e-10,0.9999999995112816
0.66317135,0.035964463,0.0,0.19062328,0.12609491,796,0,1,0,0.9968333256101417,0.0031666743898582724
0.6850713,0.043215625,0.06961961,0.44965023,0.23496714,797,0,0,1,1.686716333271221e-08,0.9999999831328367
0.69306445,0.0465298,0.05989354,0.33147943,0.11979501,798,0,0,1,7.429134174508079e-08,0.9999999257086583
0.70864415,0.01668474,0.057044365,0.22475381,0.07662727,799,0,0,1,2.70523130230238e-07,0.9999997294768698
0.74612397,0.02158992,0.059669808,0.22315916,0.093727425,800,0,0,1,3.109475121831906e-09,0.9999999968905249
0.75541425,0.031142898,0.06893517,0.34328416,0.1926806,801,0,0,1,1.0944578576754793e-12,0.9999999999989055
0.68872195,0.060826436,0.06329028,0.33713657,0.26056767,802,0,0,1,7.506447669647365e-05,0.9999249355233035
0.73906606,0.0,0.056095704,0.24885342,0.2872531,803,0,0,1,6.877562725993158e-07,0.9999993122437274
0.69829655,0.03671757,0.0872867,0.14259532,0.1122089,804,0,0,1,1.6133374058924232e-07,0.9999998386662594
0.7235094,0.03402038,0.072090924,0.41050833,0.11813752,805,0,0,1,5.841993555577574e-13,0.9999999999994158
0.72792786,0.0,0.060392477,0.33106354,0.14380312,806,0,0,1,8.715472787912404e-12,0.9999999999912845
0.5890103,0.0095282085,0.05169434,0.17886367,0.1780749,807,0,0,1,0.09137794310237202,0.908622056897628
0.77114713,0.08657039,0.060802538,0.30879757,0.14425832,808,0,0,0,0.9996413754458006,0.00035862455419945964
0.6848626,0.01642396,0.059677906,0.19569735,0.301217,809,0,0,1,0.052079572388381346,0.9479204276116187
0.6553626,0.11010357,0.101890266,0.27543253,0.14477108,810,0,0,0,0.9996319430787631,0.0003680569212368727
0.71730125,0.040680636,0.07329391,0.30298564,0.095377035,811,0,0,1,1.1056344173532295e-08,0.9999999889436558
0.6485271,0.01862108,0.061051615,0.29890186,0.13478586,812,0,0,1,2.921107244979737e-08,0.9999999707889276
0.84194374,0.04961778,0.060913257,0.5031755,0.15273689,813,0,0,1,3.036356988062039e-08,0.9999999696364301
0.7252405,0.036035784,0.07189408,0.34249824,0.15334329,814,0,0,1,1.1577450109712117e-10,0.9999999998842255
0.56908214,0.055738106,0.06318908,0.25136632,0.98763525,815,0,0,1,0.006845062839918703,0.9931549371600813
0.7101072,0.023546372,0.064998746,0.2401996,0.2883876,816,0,0,1,0.001111781368108744,0.9988882186318913
0.8063788,0.011506159,0.13634412,0.40360028,0.17724414,817,0,0,1,2.268629728519045e-12,0.9999999999977314
0.75895107,0.03481029,0.063477665,0.35583746,0.18365997,818,0,0,1,4.062750136313298e-12,0.9999999999959372
0.73265386,0.031485055,0.06887135,0.38789102,0.17396694,819,0,0,1,7.616129948928574e-14,0.9999999999999238
0.6534487,0.040029272,0.063896105,0.2822405,0.22048518,820,0,0,1,2.306545742181143e-07,0.9999997693454258
0.66167194,0.034295946,0.07960964,0.20779264,0.22610898,821,0,0,1,1.102595101243331e-05,0.9999889740489876
0.58681446,0.03619332,0.071862295,0.30933332,0.13381493,822,0,0,1,6.661798890306159e-09,0.9999999933382011
0.6413926,0.026800057,0.0340438,0.3553455,0.12692764,823,0,0,1,2.2719753705047196e-06,0.9999977280246295
0.7480005,0.007490013,0.0491696,0.13487543,0.08243866,824,0,0,1,1.6549745769367519e-06,0.9999983450254231
0.7677152,0.03927663,0.08317836,0.5369403,0.07639763,825,0,0,1,5.887001996995878e-11,0.99999999994113
0.7269459,0.055479314,0.08244273,0.46864864,0.23334266,826,0,0,1,3.4241500999065977e-06,0.9999965758499001
0.7094705,0.10519025,0.08543868,0.28280538,0.14995547,827,0,0,0,0.9991204464141366,0.0008795535858634281
0.65646785,0.04137981,0.08128211,0.2805161,0.12827083,828,0,0,1,3.662689307404321e-08,0.9999999633731069
0.68737483,0.029102158,0.07436158,0.24799523,0.19045305,829,0,0,1,8.252398868702215e-07,0.9999991747601131
0.7262517,0.022042718,0.06281674,0.34637898,0.16225505,830,0,0,1,4.2514880504995745e-12,0.9999999999957485
0.5395993,0.027931444,0.1318922,0.3216768,0.17865288,831,0,0,1,6.757750570240972e-08,0.9999999324224943
0.6979483,0.030785915,0.079474345,0.33820188,0.10754173,832,0,0,1,5.551115123125783e-15,0.9999999999999944
0.76103824,0.037699137,0.085363604,0.3180364,0.08992502,833,0,0,1,2.8022140163841414e-10,0.9999999997197786
0.596914,0.020356026,0.06300301,0.32923332,0.167564,834,0,0,1,3.6651997437076034e-08,0.9999999633480026
0.6400425,0.0,0.0641851,0.09277201,0.08325381,835,0,0,1,0.010912886359486285,0.9890871136405137
0.5792839,0.0946549,0.10203731,0.18946497,0.15296319,836,0,0,0,0.9999373086098353,6.26913901646797e-05
0.66877836,0.098405935,0.10455446,0.17661335,0.16536942,837,0,0,0,0.9999571504452573,4.284955474261891e-05
0.78596294,0.044547714,0.0810259,0.36194414,0.1718718,838,0,0,1,7.414562608332176e-08,0.9999999258543739
0.6309471,0.029266186,0.06697285,0.3787263,0.08757427,839,0,0,1,4.211964110822919e-12,0.999999999995788
0.77534235,0.036196075,0.0821958,0.25077316,0.18374574,840,0,0,1,5.4359140633231107e-08,0.9999999456408594
0.6631831,0.09182244,0.080967635,0.20923552,0.085583724,841,0,0,0,0.999968035740104,3.196425989600859e-05
0.58526856,0.025886022,0.06010987,0.1998658,0.199204,842,0,0,1,0.006465250339046769,0.9935347496609532
0.53634286,0.05724014,0.04421913,0.38331494,0.07970796,843,0,0,1,0.0040814534648851986,0.9959185465351148
0.6350392,0.015309747,0.059420086,0.18065315,0.123053454,844,0,0,1,0.0006306766423231913,0.9993693233576768
0.695287,0.031030647,0.07337196,0.2334691,0.117322445,845,0,0,1,6.259506246664159e-10,0.9999999993740494
0.69581145,0.108377546,0.06939347,0.34647787,0.10896961,846,0,1,0,0.9996002630000894,0.00039973699991059555
0.7227731,0.01767663,0.05371943,0.10041249,0.100483306,847,0,0,1,9.808756394003026e-06,0.999990191243606
0.6669842,0.020325787,0.058309764,0.20096958,0.22883067,848,0,0,1,0.03299783069840578,0.9670021693015942
0.7393974,0.103822164,0.0991664,0.15231024,0.45041665,849,0,0,0,0.999991716481423,8.283518576912369e-06
0.7221759,0.030751698,0.069551766,0.18692999,0.08771751,850,0,0,1,5.295056171306101e-09,0.9999999947049438
0.7178255,0.011129372,0.06251516,0.114105634,0.08225256,851,0,0,1,0.00017699977030039005,0.9998230002296996
0.73786694,0.03572564,0.074270785,0.3452891,0.15064046,852,0,0,1,2.1158630403306233e-12,0.9999999999978841
0.70310056,0.03721708,0.07686464,0.3295926,0.12161867,853,0,0,1,4.945333031969312e-11,0.9999999999505467
0.7269315,0.010923732,0.054860868,0.14373459,0.07917178,854,0,0,1,7.45180373407095e-07,0.9999992548196266
0.7217721,0.033503693,0.081354015,0.13404918,0.265846,855,0,0,1,0.0005896791698062342,0.9994103208301938
0.7026057,0.013541326,0.04393936,0.092860274,0.058534514,856,0,0,1,0.0017561228411843155,0.9982438771588157
0.5810147,0.07972016,0.006964829,0.21120909,0.17377728,857,0,1,0,0.9999999997448409,2.5515909592240407e-10
0.6094685,0.025345236,0.06713487,0.37632135,0.07737536,858,0,0,1,4.432454403513475e-11,0.9999999999556755
0.6728896,0.047846694,0.1168845,0.2213673,0.22065783,859,0,0,1,9.600015653810079e-05,0.9999039998434619
0.7048086,0.007027559,0.050722644,0.1750133,0.1723935,860,0,0,1,0.026438551994400927,0.9735614480055991
0.67184126,0.052059583,0.06481716,0.19716635,0.35895574,861,0,0,1,0.03412288718814205,0.965877112811858
0.7209782,0.021939814,0.071703784,0.1461981,0.1922792,862,0,0,1,0.0003647223690218526,0.9996352776309781
0.6908328,0.11441452,0.061144106,0.115054764,0.22610071,863,0,0,0,0.999999760450661,2.395493390703898e-07
0.6616112,0.029719185,0.070304915,0.36708355,0.16606495,864,0,0,1,2.137912069599679e-11,0.9999999999786209
0.6693189,0.010686766,0.052479856,0.20139731,0.1463798,865,0,0,1,0.00042569142485349154,0.9995743085751465
0.65911007,0.03429736,0.065752566,0.11883901,0.10679651,866,0,0,1,1.7621176455429044e-05,0.9999823788235446
0.7699948,0.032932367,0.08238354,0.2513272,0.18418464,867,0,0,1,1.2647216607319933e-10,0.9999999998735278
0.7097092,0.03225587,0.07499257,0.26311368,0.15571317,868,0,0,1,1.0484724199955053e-11,0.9999999999895153
0.6114502,0.034388974,0.06482792,0.2450979,0.16314247,869,0,0,1,5.6331221354177785e-08,0.9999999436687786
0.68843395,0.06744554,0.07291011,0.23937652,0.1024624,870,0,0,1,0.20415676864549925,0.7958432313545007
0.58022165,0.0331828,0.07263958,0.4235411,0.19149424,871,0,0,1,1.163069640597314e-12,0.9999999999988369
0.606759,0.034584377,0.06850372,0.42577496,0.13117813,872,0,0,1,8.524292383071952e-13,0.9999999999991476
0.66471815,0.028823324,0.06418322,0.4099379,0.124160945,873,0,0,1,7.063238882665246e-13,0.9999999999992937
0.6414222,0.018595368,0.059558995,0.16868433,0.13828567,874,0,0,1,0.005636651016916461,0.9943633489830835
0.77124333,0.021899976,0.059839793,0.40216953,0.201664,875,0,0,1,2.744915406083237e-12,0.9999999999972551
0.6870822,0.09134418,0.018239498,0.31835067,0.19464435,876,0,1,0,0.9999999232207176,7.67792824032468e-08
0.72511226,0.016170342,0.057290293,0.23954362,0.25937933,877,0,0,1,1.7688654113334756e-05,0.9999823113458867
0.6428096,0.024733227,0.06632053,0.305811,0.14228484,878,0,0,1,6.79226475064354e-09,0.9999999932077352
0.67583036,0.04757852,0.069856204,0.37540573,0.11937617,879,0,0,1,7.539662483235787e-08,0.9999999246033752
0.6769396,0.046869513,0.075509645,0.4323665,0.19615908,880,0,0,1,4.3439099539632764e-08,0.9999999565609005
0.84204865,0.019982308,0.060862474,0.31426874,0.04794964,881,0,0,1,5.484501741648273e-14,0.9999999999999452
0.72322166,0.011860229,0.022822814,0.11013089,0.08607463,882,0,0,1,0.3681729979722419,0.6318270020277581
0.64367694,0.034827586,0.06887042,0.40285394,0.09054004,883,0,0,1,8.08242361927114e-13,0.9999999999991918
0.6433502,0.017909035,0.059372358,0.22523132,0.17289609,884,0,0,1,0.00037106281753651604,0.9996289371824635
0.7982556,0.023121826,0.06416416,0.20209238,0.037263967,885,0,0,1,1.486323952804014e-09,0.999999998513676
0.77354896,0.016700778,0.054544866,0.24595697,0.05984173,886,0,0,1,4.4109116359436484e-10,0.9999999995589088
0.7217337,0.026500896,0.058104187,0.21442162,0.23556578,887,0,0,1,0.0012826746107746922,0.9987173253892253
0.6892035,0.034043893,0.087039895,0.16930673,0.16645612,888,0,0,1,1.0479105674754408e-05,0.9999895208943252
0.5994456,0.020028155,0.061365202,0.41669425,0.17102924,889,0,0,1,6.43808761857656e-09,0.9999999935619124
0.70730907,0.015638806,0.06715542,0.22055604,0.16318303,890,0,0,1,6.711866459396809e-06,0.9999932881335406
0.66133183,0.06860689,0.075025916,0.42100433,0.19722584,891,0,0,1,0.07060327998081806,0.9293967200191819
0.74723953,0.030144833,0.06748982,0.33631784,0.16441523,892,0,0,1,1.9273471707492718e-12,0.9999999999980727
0.6779136,0.061274458,0.071995355,0.40084067,0.090755194,893,0,0,1,5.530508884632468e-06,0.9999944694911154
0.6705951,0.017603032,0.057444356,0.13447967,0.1078124,894,0,0,1,0.0004853630642965845,0.9995146369357034
0.7443278,0.022961583,0.06153418,0.33501184,0.14918591,895,0,0,1,2.2863932969130474e-12,0.9999999999977136
0.70154953,0.022400972,0.06404466,0.38068396,0.21610762,896,0,0,1,3.687476990421601e-09,0.999999996312523
0.70984423,0.10117107,0.08508758,0.23027629,0.108817406,897,0,0,0,0.9999117889022238,8.821109777625893e-05
0.5973719,0.04155031,0.0698173,0.48825532,0.12798455,898,0,0,1,2.0327139971243469e-10,0.9999999997967286
0.7002333,0.009008713,0.045810714,0.09838952,0.046016164,899,0,0,1,0.0016926116763984478,0.9983073883236016
0.7634523,0.026066475,0.061162077,0.27254644,0.17662524,900,0,0,1,8.117937544405152e-09,0.9999999918820625
0.6977192,0.02187194,0.059379756,0.39270923,0.10951237,901,0,0,1,3.983480212355062e-12,0.9999999999960165
0.62272054,0.008803438,0.053989634,0.212631,0.13156971,902,0,0,1,0.00010734033657466835,0.9998926596634253
0.70917916,0.011843003,0.055849753,0.13507563,0.11783014,903,0,0,1,0.0004550805091751986,0.9995449194908248
0.77695554,0.021115094,0.063763514,0.27897507,0.13475159,904,0,0,1,1.670330540548548e-11,0.9999999999832967
0.6414734,0.043688178,0.07191155,0.37339303,0.11410029,905,0,0,1,5.358634513896732e-08,0.9999999464136549
0.6274709,0.028448164,0.06789289,0.4153337,0.1484162,906,0,0,1,1.1102230246251565e-13,0.999999999999889
0.5953964,0.12634331,0.090298355,0.32597905,0.5581475,907,0,0,0,0.9999262483166114,7.375168338862865e-05
0.7787491,0.057304375,0.04301818,0.31991756,0.20312735,908,0,0,1,0.008004944049545992,0.991995055950454
0.9111679,0.032184627,0.071151346,0.44147822,0.024000429,909,0,0,1,5.062616992290714e-14,0.9999999999999494
0.7715673,0.044146262,0.06420766,0.32430857,0.10119329,910,0,0,1,1.8005844681923122e-07,0.9999998199415532
0.6076262,0.03762486,0.07240418,0.23087291,0.0686005,911,0,0,1,1.3416974797841874e-07,0.999999865830252
0.6531766,0.024769913,0.06496074,0.21539058,0.18954211,912,0,0,1,0.0002092461654743527,0.9997907538345256
0.69828564,0.036650874,0.078835845,0.2748156,0.08599172,913,0,0,1,2.930625742081361e-08,0.9999999706937426
0.69444734,0.028318897,0.06574897,0.3543141,0.23890927,914,0,0,1,5.770273148186789e-12,0.9999999999942297
0.63055414,0.028900638,0.06785114,0.31353736,0.1315888,915,0,0,1,6.6775474039104665e-12,0.9999999999933225
0.6950318,0.027996324,0.062311336,0.2585249,0.33951652,916,0,0,1,4.385044381882697e-05,0.9999561495561812
0.6937777,0.028602373,0.0695011,0.2807982,0.18673047,917,0,0,1,8.929799122370241e-10,0.9999999991070201
0.63501656,0.015711185,0.061532862,0.23654442,0.27210823,918,0,0,1,0.02051192909644639,0.9794880709035536
0.685973,0.06630476,0.07144093,0.24977289,0.092630014,919,0,0,1,0.10389717175423496,0.896102828245765
0.62824667,0.12037616,0.08986658,0.18257032,0.18841302,920,0,0,0,0.9999848832570474,1.5116742952615584e-05
0.755501,0.025401868,0.06967902,0.28512844,0.27352938,921,0,0,1,1.2564507027024163e-06,0.9999987435492973
0.52965045,0.0445223,0.07737474,0.33214414,0.07649447,922,0,0,1,2.93006551799202e-07,0.9999997069934482
0.7049397,0.061864443,0.072331324,0.22015712,0.13764736,923,0,0,1,0.003846453198852906,0.9961535468011471
0.0,0.12634331,0.090298355,0.32597905,0.0,924,0,0,0,0.9998310288095403,0.00016897119045968878
0.5999871,0.07695433,0.0,0.18195257,0.15173104,925,0,1,0,0.9999999997885506,2.114494433286243e-10
0.6052856,0.017413583,0.059652746,0.33772752,0.21513383,926,0,0,1,3.775926777915828e-07,0.9999996224073222
0.6768879,0.03423099,0.06455514,0.31705448,0.18594056,927,0,0,1,3.026312533904729e-11,0.9999999999697369
0.59315145,0.028619044,0.06759065,0.44583562,0.2166205,928,0,0,1,1.5918311113694017e-10,0.9999999998408169
0.7128336,0.026457723,0.07085723,0.28890476,0.14037228,929,0,0,1,5.942595304730958e-09,0.9999999940574047
0.7557815,0.013226945,0.06322031,0.226569,0.08564856,930,0,0,1,1.6733376906330477e-09,0.9999999983266623
0.72954124,0.016279291,0.060122505,0.27974823,0.17319492,931,0,0,1,1.0444580755830657e-09,0.9999999989555419
0.684963,0.03643692,0.07185296,0.275383,0.051338635,932,0,0,1,8.362728398658703e-09,0.9999999916372716
0.64700335,0.012111548,0.05741304,0.13581543,0.15203908,933,0,0,1,0.01251941652727706,0.9874805834727229
0.69683665,0.023380138,0.11601806,0.25874746,0.15118459,934,0,0,1,1.0957738383332583e-08,0.9999999890422616
0.6997875,0.018123724,0.06164389,0.32351202,0.17391546,935,0,0,1,2.2673929400696125e-09,0.9999999977326071
0.7136352,0.036820047,0.082511224,0.2724724,0.19500002,936,0,0,1,3.7132333430278663e-08,0.9999999628676666
0.7124746,0.04087667,0.08040548,0.19950683,0.06698213,937,0,0,1,2.166377469636771e-07,0.999999783362253
0.77552664,0.032838486,0.069089755,0.4225622,0.13669044,938,0,0,1,7.127631818093505e-14,0.9999999999999287
0.6764836,0.011163015,0.05453618,0.2514044,0.15099122,939,0,0,1,6.456180872138617e-07,0.9999993543819128
0.85700184,0.017267168,0.05675198,0.32580486,0.021034319,940,0,0,1,1.0480505352461478e-13,0.9999999999998952
0.70590734,0.030437335,0.06793055,0.3219083,0.17159593,941,0,0,1,3.26316751397826e-12,0.9999999999967368
0.7150104,0.012974966,0.054740824,0.23915924,0.22168495,942,0,0,1,0.00022495164112612542,0.9997750483588739
0.6149652,0.024649382,0.06516627,0.27838582,0.15236512,943,0,0,1,1.463527486977867e-07,0.9999998536472513
0.5922344,0.028368551,0.056153767,0.33265808,0.083941214,944,0,0,1,1.6753265441593612e-12,0.9999999999983247
0.6748329,0.020202115,0.061162792,0.2198478,0.15821221,945,0,0,1,1.811492811776283e-05,0.9999818850718822
0.74727505,0.014730651,0.058544435,0.28463566,0.14083101,946,0,0,1,1.286362127927987e-10,0.9999999998713638
0.6355155,0.10638309,0.08625748,0.2921365,0.09286434,947,0,0,0,0.9997608059361187,0.00023919406388128047
0.80050457,0.037624866,0.029921796,0.15756333,0.12965018,948,0,0,1,0.10549069540229172,0.8945093045977083
0.64668113,0.0413188,0.12790923,0.3067124,0.25024283,949,0,0,1,5.173148123205351e-07,0.9999994826851877
0.6949256,0.003314197,0.048388064,0.10557863,0.10364859,950,0,0,1,0.0007313188760351697,0.9992686811239648
0.7122352,0.021409996,0.059686713,0.2836643,0.14128783,951,0,0,1,9.82590997455901e-09,0.99999999017409
0.70001686,0.02467177,0.06273458,0.4222835,0.07802347,952,0,0,1,1.8243184740640572e-12,0.9999999999981757
0.6494983,0.018281214,0.060566545,0.22332978,0.1340153,953,0,0,1,2.3042230012704223e-05,0.9999769577699873
0.5923721,0.034244254,0.07290103,0.33349806,0.13499174,954,0,0,1,1.1999290450148692e-11,0.9999999999880007
0.72551537,0.08668629,0.019140549,0.2998817,0.17466837,955,0,1,0,0.9999999278300641,7.216993596718482e-08
0.56743395,0.0577666,0.0497059,0.4146718,0.08143613,956,0,0,1,8.141024419960896e-05,0.9999185897558004
0.7708797,0.047191646,0.03553544,0.26839492,0.12737156,957,0,0,1,0.03552568660329425,0.9644743133967058
0.67341506,0.0954045,0.090422906,0.22566506,0.12664524,958,0,0,0,0.9999290788860015,7.092111399852332e-05
0.7609701,0.017617673,0.06701869,0.1430202,0.18738085,959,0,0,1,3.779252299418445e-05,0.9999622074770058
0.6409548,0.03465457,0.07308149,0.35481524,0.1313351,960,0,0,1,3.6062264285874335e-12,0.9999999999963938
0.7506945,0.0058134682,0.05186484,0.19400121,0.09419909,961,0,0,1,6.517656014892736e-08,0.9999999348234399
0.7753185,0.0308794,0.07844363,0.27032366,0.14391097,962,0,0,1,5.479838804944848e-12,0.9999999999945202
0.67642593,0.12496839,0.10463954,0.23154992,0.13691843,963,0,0,0,0.9998966586496558,0.00010334135034417527
0.74857175,0.03897939,0.04587329,0.17759533,0.15255927,964,0,0,1,5.988450258787026e-06,0.9999940115497412
0.68467915,0.041805185,0.07271303,0.46360937,0.14244744,965,0,0,1,4.648659235328978e-11,0.9999999999535134
0.6651603,0.026930004,0.062434524,0.32864234,0.18109667,966,0,0,1,2.8228458570644932e-08,0.9999999717715414
0.77107924,0.023956966,0.063812174,0.27027026,0.13894324,967,0,0,1,5.228928401379562e-11,0.9999999999477107
