GLCM_Pan,Mean_G,Mean_R,Mean_NIR,SD_Plan,name,is_train,target,prediction,score_0,score_1
0.63707095,0.03417272,0.027933132,0.22998199,0.31338426,0,0,0,1,0.20774170729313368,0.7922582927068663
0.67656255,0.053383723,0.039474126,0.35570872,0.15611885,1,0,0,1,0.0098226867382607,0.9901773132617393
0.61365366,0.052471526,0.040612064,0.25403404,0.115362056,2,0,0,1,0.18755975033117434,0.8124402496688257
0.68152267,0.053592153,0.039730176,0.32517678,0.22670877,3,0,0,1,0.09513011159832863,0.9048698884016714
0.6917727,0.048798762,0.034486607,0.26987508,0.1522461,4,0,0,1,0.021105248161621848,0.9788947518383782
0.7189141,0.10943846,0.11914529,0.19987437,0.1611629,5,0,0,1,0.12499728081800399,0.875002719181996
0.71752363,0.061877456,0.044420622,0.39447322,0.16683242,6,0,0,1,0.048097957638962296,0.9519020423610377
0.71802497,0.061163425,0.081125736,0.1958873,0.15317276,7,0,0,1,0.009930502250469542,0.9900694977495305
0.74195504,0.05440895,0.04022721,0.32948244,0.18986075,8,0,0,1,0.036389293842449155,0.9636107061575508
0.7916331,0.053634264,0.03883089,0.27855945,0.17512867,9,0,0,1,0.07722654994585687,0.9227734500541431
0.60393256,0.066816345,0.050911132,0.2742199,0.12694173,10,0,0,1,0.28590196077850705,0.714098039221493
0.6748013,0.058605175,0.04519588,0.26282674,0.23759928,11,0,0,1,0.31062964179246055,0.6893703582075394
0.7012754,0.04210084,0.02768076,0.13908309,0.108188845,12,0,1,0,0.9892487293189879,0.010751270681012127
0.7284039,0.048161738,0.03462793,0.31271878,0.10542716,13,0,0,1,0.052152219876530514,0.9478477801234695
0.7192992,0.06288243,0.045286566,0.30207446,0.11587554,14,0,0,1,0.34216461564235945,0.6578353843576406
0.66088027,0.049654424,0.037605975,0.23205021,0.124329105,15,0,1,0,0.8066205668718347,0.19337943312816533
0.66706395,0.06258037,0.047140274,0.25854144,0.31941992,16,0,0,1,0.16562691917058858,0.8343730808294114
0.61979175,0.04854305,0.03525518,0.26688623,0.18319133,17,0,0,1,0.10491341150388345,0.8950865884961166
0.7224243,0.05329245,0.039562695,0.2700874,0.16505413,18,0,0,1,0.02531954162365624,0.9746804583763438
0.775837,0.053406086,0.039128095,0.27170324,0.17974849,19,0,0,1,0.05186131446199793,0.9481386855380021
0.49498707,0.048558824,0.03432628,0.2815868,0.08371607,20,0,0,1,0.151948419740632,0.848051580259368
0.6610642,0.048194233,0.03386727,0.29752633,0.115143806,21,0,0,1,0.056552586446404485,0.9434474135535955
0.7251072,0.066981085,0.05384769,0.2531661,0.11101645,22,0,1,0,0.7082587787819468,0.29174122121805324
0.7602802,0.055503905,0.040622614,0.31720817,0.13067943,23,0,0,1,0.416094320340216,0.583905679659784
0.7982053,0.05584425,0.04443906,0.22948574,0.068228185,24,0,1,0,0.556727771327984,0.443272228672016
0.707274,0.067188285,0.05732013,0.19754338,0.08544884,25,0,0,1,0.4953277516022606,0.5046722483977394
0.65565497,0.053961165,0.039946113,0.26894003,0.13166623,26,0,0,1,0.15670487141642764,0.8432951285835724
0.6181886,0.04196118,0.026661143,0.25190789,0.17440458,27,0,0,1,0.23738815907060595,0.762611840929394
0.7320187,0.035584826,0.021284115,0.14153399,0.112291925,28,0,0,1,0.3699825405961108,0.6300174594038892
0.57688695,0.06192519,0.04314659,0.37904763,0.10604505,29,0,0,1,0.41294605220263203,0.587053947797368
0.72725177,0.05646429,0.03905279,0.42255488,0.10090686,30,0,0,1,0.4774953762890788,0.5225046237109212
0.7738312,0.06594692,0.051104385,0.3764395,0.22498669,31,0,0,1,0.17087995854967852,0.8291200414503215
0.6595004,0.06464044,0.057349384,0.22435093,0.0971562,32,0,0,1,0.13472155812551967,0.8652784418744803
0.73241025,0.04923033,0.03440142,0.30987185,0.19680423,33,0,0,1,0.16223557559973956,0.8377644244002604
0.6278487,0.5133829,0.2566983,0.19969288,0.12960175,34,0,0,1,0.1034641790850489,0.8965358209149511
0.71880096,0.04195123,0.025239134,0.15164712,0.090218216,35,0,0,1,0.496141953205539,0.503858046794461
0.6842906,0.06641482,0.050599586,0.4224488,0.20188534,36,0,0,1,0.1537031938106449,0.8462968061893551
0.8047448,0.04982423,0.03488383,0.24579643,0.10277297,37,0,0,1,0.36842541231889847,0.6315745876811015
0.7027858,0.039725203,0.03040008,0.18736282,0.10504679,38,0,1,0,0.7477173078093418,0.2522826921906583
0.503902,0.045743797,0.03949099,0.10950411,0.11657089,39,0,0,1,0.4070945601086199,0.5929054398913801
0.6104415,0.062259223,0.044046402,0.34155545,0.1283319,40,0,0,1,0.12796420895321325,0.8720357910467867
0.7866738,0.041959852,0.024486985,0.3158464,0.16505253,41,0,0,1,0.05748955083371632,0.9425104491662837
0.67323565,0.04335547,0.025249131,0.14681558,0.12130879,42,0,0,1,0.21839748913396106,0.7816025108660389
0.7803171,0.048980616,0.034198325,0.417885,0.23704034,43,0,0,1,0.15812755261387434,0.8418724473861257
0.6409487,0.062276714,0.044217,0.29713586,0.17630863,44,0,0,1,0.1738764729200596,0.8261235270799404
0.7276094,0.037069194,0.02604925,0.103938036,0.09588779,45,0,0,1,0.08108795204669883,0.9189120479533012
0.6175532,0.047542293,0.2162449,0.26360098,0.179047,46,0,0,1,1.4343070104949618e-06,0.9999985656929895
0.69522494,0.03261034,0.021448808,0.16196288,0.17142124,47,0,0,1,0.49932098646656997,0.50067901353343
0.5937164,0.062386993,0.044645615,0.3969058,0.14468285,48,0,0,1,0.0710424192235094,0.9289575807764906
0.72143024,0.033665996,0.021527011,0.19278944,0.13023451,49,0,0,1,0.061794760722580167,0.9382052392774198
0.754488,0.049322505,0.032496426,0.22078072,0.1684851,50,0,0,1,0.24170858726000555,0.7582914127399945
0.6448388,0.06188588,0.044446163,0.37172842,0.14105289,51,0,0,1,0.08192569927793181,0.9180743007220682
0.7260058,0.05434563,0.039276548,0.29823694,0.13268694,52,0,0,1,0.06469336160641004,0.93530663839359
0.62660277,0.06933455,0.053272817,0.31843388,0.18856871,53,0,1,0,0.9613600586930443,0.038639941306955694
0.63628113,0.065860234,0.05122054,0.37346098,0.2343251,54,0,0,1,0.2921277831407548,0.7078722168592452
0.63262755,0.061399892,0.045418873,0.35188332,0.12577875,55,0,0,1,0.08417520673125423,0.9158247932687458
0.7820743,0.051147763,0.034983527,0.4212657,0.103207186,56,0,0,1,0.37908841108489455,0.6209115889151055
0.72408295,0.05619562,0.039573688,0.36356524,0.19586799,57,0,0,1,0.41080985552317595,0.589190144476824
0.6371154,0.041951288,0.02669353,0.236037,0.2979258,58,0,0,1,0.4827407869659941,0.5172592130340059
0.7098111,0.055124305,0.040503055,0.2938726,0.12783596,59,0,1,0,0.5217493992981816,0.4782506007018184
0.7673421,0.053516366,0.039615296,0.31651026,0.19359861,60,0,0,1,0.014772362533684968,0.985227637466315
0.72059053,0.06144165,0.043870088,0.34745866,0.17166272,61,0,0,1,0.361138996766011,0.638861003233989
0.81668687,0.061879233,0.044489995,0.4354309,0.16623305,62,0,0,1,0.06995126727685064,0.9300487327231494
0.7333757,0.06415905,0.1211122,0.20012052,0.26193503,63,0,0,1,0.4626977794582424,0.5373022205417576
0.7471017,0.053987227,0.039197814,0.27132186,0.22324088,64,0,0,1,0.3585609706981072,0.6414390293018928
0.7107523,0.049324047,0.030882549,0.2884085,0.1791376,65,0,0,1,0.28290834578272595,0.717091654217274
0.61565834,0.04613298,0.03514034,0.18633027,0.17811792,66,0,0,1,0.39974037210757263,0.6002596278924274
0.6880971,0.062341142,0.04359433,0.32196632,0.12941636,67,0,0,1,0.1636949178642484,0.8363050821357516
0.66053766,0.04208908,0.027208265,0.13468152,0.09035849,68,0,0,0,0.9971166305185454,0.0028833694814546047
0.7821982,0.05125902,0.039665353,0.24436754,0.1378447,69,0,0,1,0.0065067366447396635,0.9934932633552603
0.7251893,0.030510917,0.02158305,0.17408754,0.16339783,70,0,0,1,0.12657050567147354,0.8734294943285265
0.7807557,0.04845735,0.035004504,0.2835405,0.19092597,71,0,0,1,0.047590343796898305,0.9524096562031017
0.63301563,0.06199546,0.045151465,0.38696605,0.24844556,72,0,0,1,0.23981388860087804,0.760186111399122
0.6235937,0.047253717,0.034719314,0.19029754,0.12678644,73,0,0,1,0.17079977860844764,0.8292002213915524
0.6011753,0.060123324,0.043320067,0.34619388,0.28880867,74,0,0,1,0.38663548020725935,0.6133645197927406
0.7259425,0.06611167,0.051451024,0.31218457,0.23517273,75,0,0,1,0.2467585499294762,0.7532414500705238
0.6436236,0.062601164,0.097782806,0.28131694,0.18837678,76,0,0,1,0.00014827581768506182,0.9998517241823149
0.8026831,0.061086696,0.044696167,0.47534472,0.15440723,77,0,0,1,0.026902969961699608,0.9730970300383004
0.6218566,0.061940007,0.044923816,0.3193892,0.09970307,78,0,0,1,0.12065367497123225,0.8793463250287678
0.7604655,0.050095525,0.033902943,0.22299851,0.14125825,79,0,0,1,0.4697713368678328,0.5302286631321672
0.7296735,0.04795174,0.05774193,0.079125986,0.16110803,80,0,0,1,0.09992889534955185,0.9000711046504482
0.62921214,0.060646683,0.044729073,0.4309568,0.19560833,81,0,0,1,0.03499627044366971,0.9650037295563303
0.84513026,0.06546128,0.05049094,0.40655044,0.09182998,82,0,0,1,0.130539850921375,0.869460149078625
0.71125007,0.04882182,0.047205776,0.04452724,0.06982777,83,0,0,1,0.16723377196573952,0.8327662280342605
0.68864596,0.061904546,0.044109456,0.24377954,0.14364544,84,0,0,1,0.36404276912338285,0.6359572308766172
0.6821949,0.053276647,0.039457917,0.14803655,0.1698856,85,0,0,1,0.35587037044132064,0.6441296295586794
0.8526582,0.053476613,0.039253693,0.35289818,0.081917726,86,0,0,1,0.12557899197747546,0.8744210080225245
0.76849735,0.058556717,0.07700374,0.16114119,0.16404293,87,0,0,1,0.1579742390482911,0.8420257609517089
0.5765522,0.062472686,0.044100363,0.4662763,0.13580246,88,0,0,1,0.05835820832906946,0.9416417916709305
0.66607016,0.04824426,0.034857295,0.37121382,0.1900031,89,0,0,1,0.1220653952668318,0.8779346047331682
0.70210797,0.057073273,0.09322471,0.20511883,0.2550397,90,0,0,1,0.018720769623577938,0.9812792303764221
0.6489517,0.0660365,0.053494867,0.2805799,0.26306346,91,0,0,1,0.3756432127007534,0.6243567872992466
0.8722674,0.03854519,0.028294057,0.2529783,0.110857524,92,0,0,1,0.19548763848370865,0.8045123615162914
0.7158241,0.06655612,0.05021541,0.4668969,0.1319857,93,0,0,1,0.03940951304937668,0.9605904869506233
0.64466757,0.034446996,0.024117798,0.116215505,0.13898984,94,0,1,1,0.45562007066230437,0.5443799293376956
0.78423417,0.06608866,0.05039131,0.5348457,0.14624968,95,0,0,1,0.13733442721289568,0.8626655727871043
0.711049,0.041971244,0.025986241,0.22499317,0.11357956,96,0,0,1,0.04227791019779026,0.9577220898022097
0.70377207,0.062147263,0.044104382,0.33413887,0.2964744,97,0,0,1,0.14923291967051333,0.8507670803294867
0.687277,0.048617505,0.098998465,0.17942217,0.054607395,98,0,0,1,0.00010632458276427226,0.9998936754172357
0.7649968,0.04932348,0.033201873,0.21724461,0.08468306,99,0,0,1,0.07283894951167436,0.9271610504883256
0.71603376,0.04906178,0.034385007,0.11779665,0.1354831,100,0,0,1,0.49185063429461595,0.508149365705384
0.6278117,0.04747013,0.034488,0.35579428,0.17265143,101,0,0,1,0.17162946685059766,0.8283705331494023
0.76112205,0.04196482,0.0252995,0.31904206,0.14270993,102,0,0,1,0.028504072302241945,0.971495927697758
0.6956424,0.047950935,0.035504952,0.19082385,0.12910464,103,0,0,1,0.040894150673759455,0.9591058493262405
0.7371332,0.04606166,0.054921582,0.082108356,0.12753356,104,0,0,1,0.11497898803109674,0.8850210119689033
0.71802723,0.055847067,0.042791095,0.31735817,0.23286994,105,0,1,0,0.7711168715298002,0.22888312847019973
0.5975663,0.055251684,0.04087896,0.4088294,0.18014437,106,0,0,1,0.30511400394715427,0.6948859960528457
0.66566414,0.06618415,0.059214775,0.3046863,0.23449095,107,0,0,1,0.02396044988889412,0.9760395501111059
0.7149961,0.050850186,0.034983255,0.27334586,0.1316467,108,0,0,1,0.4191000667556336,0.5808999332443664
0.76274693,0.05264215,0.038295362,0.25736156,0.1601133,109,0,0,1,0.3672047456662032,0.6327952543337968
0.6814186,0.066930026,0.05144604,0.2730756,0.15124948,110,0,0,1,0.23197997610466825,0.7680200238953317
0.8050283,0.04071338,0.026933236,0.31437933,0.052062746,111,0,0,1,0.1694470197000405,0.8305529802999595
0.7081276,0.050874125,0.051303007,0.09437191,0.12732857,112,0,0,1,0.2264187712782033,0.7735812287217967
0.71277595,0.03348235,0.021702234,0.0962606,0.10458206,113,0,0,1,0.09322088619031632,0.9067791138096837
0.74685425,0.061733708,0.044031817,0.34537485,0.14988735,114,0,0,1,0.05224080168674605,0.947759198313254
0.69539523,0.06230773,0.04466346,0.237382,0.11726383,115,0,0,1,0.35270480652921665,0.6472951934707833
0.7034424,0.06128621,0.043666605,0.37524086,0.11919636,116,0,0,1,0.06197232952861775,0.9380276704713822
0.7506904,0.057240322,0.040107694,0.41366488,0.11762504,117,0,0,1,0.43522372385773955,0.5647762761422604
0.6653335,0.045132875,0.034401916,0.17216568,0.10121312,118,0,0,1,0.04270786812430616,0.9572921318756938
0.67005914,0.06720038,0.050293356,0.39843076,0.1464727,119,0,0,1,0.21528935049167341,0.7847106495083266
0.6126932,0.060773715,0.04325862,0.47359586,0.14163865,120,0,0,1,0.12857928715140943,0.8714207128485906
0.7746114,0.051498637,0.034587104,0.16545643,0.071822025,121,0,1,0,0.8946191816283252,0.10538081837167475
0.6638821,0.048915338,0.03484152,0.31213441,0.19410066,122,0,0,1,0.22310583180026844,0.7768941681997316
0.7237471,0.06721546,0.07770526,0.28680545,0.15066777,123,0,0,1,0.01369825426563187,0.9863017457343681
0.65644944,0.061324753,0.044765938,0.38718134,0.32041797,124,0,0,1,0.1215945860406501,0.8784054139593499
0.6066514,0.05440119,0.040213574,0.3149561,0.19092736,125,0,0,1,0.1564516708241407,0.8435483291758593
0.7214669,0.03946719,0.027889559,0.18590295,0.1314883,126,0,0,1,0.345658947625924,0.654341052374076
0.770521,0.066599205,0.05189898,0.36658517,0.3123306,127,0,0,1,0.17087995854967852,0.8291200414503215
0.7061727,0.0670195,0.050558213,0.44700414,0.22346526,128,0,0,1,0.35304430790631547,0.6469556920936845
0.653551,0.05319185,0.04006399,0.2915091,0.2255723,129,0,0,1,0.15519138138943134,0.8448086186105687
0.630172,0.054427553,0.039071932,0.33980036,0.14915471,130,0,0,1,0.062199502359590264,0.9378004976404097
0.68186426,0.061832055,0.04431454,0.47414392,0.15455434,131,0,0,1,0.035030448171223694,0.9649695518287763
0.71064156,0.038617473,0.026942117,0.28873262,0.1828158,132,0,0,1,0.3912193663002188,0.6087806336997812
0.6956746,0.041950423,0.026800463,0.2009694,0.225333,133,0,0,1,0.31702863059996955,0.6829713694000304
0.8422151,0.054078024,0.040489905,0.28065705,0.10035041,134,0,0,1,0.13222012464395871,0.8677798753560413
0.67389363,0.05279087,0.03969269,0.24564987,0.19604465,135,0,0,1,0.14416128313151733,0.8558387168684827
0.6761502,0.050133105,0.21405418,0.29524043,0.660114,136,0,0,1,8.909725598971185e-05,0.9999109027440103
0.76305085,0.063095346,0.044132717,0.336292,0.14917244,137,0,0,1,0.18946201323968515,0.8105379867603149
0.6973084,0.0505247,0.1681796,0.26438424,0.22384901,138,0,0,1,6.221592737998272e-06,0.999993778407262
0.5783292,0.054218896,0.03866867,0.45581287,0.1182697,139,0,0,1,0.17571939885740007,0.8242806011425999
0.69560224,0.03540954,0.02224694,0.08534991,0.071505636,140,0,0,1,0.34071310496220064,0.6592868950377994
0.6758813,0.057109155,0.039317153,0.464514,0.0955565,141,0,0,1,0.44976112711819216,0.5502388728818078
0.7573086,0.041437507,0.027530637,0.23847091,0.17395164,142,0,0,1,0.4725011850967118,0.5274988149032882
0.77855253,0.05038921,0.03630549,0.29905644,0.074031755,143,0,0,1,0.4329501618389713,0.5670498381610287
0.6552209,0.054327548,0.03967362,0.2758655,0.13975248,144,0,0,1,0.15856999224804313,0.8414300077519569
0.6612261,0.06996001,0.061935365,0.3369067,0.14575098,145,0,1,0,0.6322420056479926,0.3677579943520074
0.6847175,0.041958354,0.02601896,0.26650822,0.16130057,146,0,0,1,0.125198410135692,0.874801589864308
0.69176227,0.05224045,0.038262323,0.33001393,0.2168828,147,0,0,1,0.3439859172280778,0.6560140827719222
0.64885014,0.04915009,0.034695968,0.28397653,0.14890042,148,0,0,1,0.08631235853559349,0.9136876414644065
0.7637678,0.045131817,0.033796493,0.25844485,0.08573269,149,0,0,1,0.013004704644508425,0.9869952953554916
0.74671495,0.035881665,0.023078177,0.22727129,0.25506747,150,0,0,1,0.35053817322618785,0.6494618267738121
0.67394274,0.06752488,0.056922972,0.33201745,0.18424293,151,0,0,1,0.019290619541956322,0.9807093804580437
0.72942775,0.049155504,0.0355255,0.21749243,0.07580441,152,0,0,1,0.054067830159680086,0.9459321698403199
0.66581905,0.03369069,0.022459285,0.16448237,0.09226512,153,0,1,1,0.1090163710727835,0.8909836289272165
0.79197615,0.0567561,0.039741576,0.32107773,0.17575948,154,0,0,1,0.48835622228486153,0.5116437777151385
0.73377573,0.06164454,0.0447399,0.3366587,0.25646982,155,0,0,1,0.21529209467439814,0.7847079053256019
0.72192717,0.058825687,0.048401143,0.19018456,0.14834934,156,0,1,0,0.8290497207441654,0.1709502792558346
0.6321024,0.051506396,0.039631426,0.2477047,0.15216027,157,0,0,1,0.007838303108370304,0.9921616968916297
0.68670034,0.061967336,0.04421089,0.3320194,0.1568431,158,0,0,1,0.03222207303461355,0.9677779269653864
0.7077577,0.050332285,0.037481442,0.22078398,0.121218465,159,0,1,0,0.6763848013602043,0.32361519863979565
0.6237483,0.06309982,0.044006635,0.3100066,0.18223399,160,0,0,1,0.41090614589714447,0.5890938541028555
0.7172494,0.10309734,0.07888164,0.19996053,0.17342919,161,0,0,1,0.28062922690644554,0.7193707730935545
0.722825,0.049681365,0.03501964,0.18276912,0.110987775,162,0,1,0,0.7830994917123602,0.21690050828763985
0.6366438,0.062845126,0.08120496,0.30655354,0.09413897,163,0,0,1,5.393678701359761e-05,0.9999460632129864
0.7268625,0.048372302,0.034388483,0.28270346,0.15633152,164,0,0,1,0.07263659666476419,0.9273634033352358
0.79549104,0.043348454,0.026306996,0.1837255,0.081385985,165,0,0,1,0.3589701739042296,0.6410298260957704
0.7199058,0.041964244,0.02626046,0.050570596,0.08062132,166,0,0,1,0.05107023599347715,0.9489297640065228
0.38218603,0.40282533,0.25265083,0.19959289,0.11925308,167,0,0,1,0.20457295806991038,0.7954270419300896
0.64572656,0.067553274,0.05098805,0.4996128,0.09517029,168,0,0,1,0.0800491967510708,0.9199508032489292
0.6857853,0.060749855,0.11712323,0.333756,0.30675143,169,0,0,1,7.506447669647365e-05,0.9999249355233035
0.6960916,0.067070365,0.04957407,0.30672637,0.19532542,170,0,0,1,0.4851143749871004,0.5148856250128996
0.66984665,0.039001152,0.02599398,0.087037764,0.078120865,171,0,0,1,0.28773772156606736,0.7122622784339326
0.9748026,0.052109726,0.11470015,0.18057954,0.096884,172,0,0,1,0.02315626258490977,0.9768437374150902
0.59732646,0.048349846,0.03417281,0.31522158,0.16323803,173,0,0,1,0.18802573829793534,0.8119742617020647
0.71774375,0.032944903,0.022125013,0.08608902,0.07489528,174,0,0,1,0.18655971165958296,0.813440288340417
0.619184,0.061571654,0.044095643,0.28561783,0.14145036,175,0,0,1,0.2807348129671948,0.7192651870328052
0.66066086,0.06217519,0.043705117,0.3601752,0.16110182,176,0,0,1,0.20487482677704782,0.7951251732229522
0.570696,0.04195502,0.02619628,0.19894236,0.16074145,177,0,0,1,0.3103813455327702,0.6896186544672298
0.6747245,0.040314205,0.0324786,0.12671469,0.19907625,178,0,0,1,0.09744761452893869,0.9025523854710613
0.69112027,0.053160917,0.23356883,0.4150172,0.14281917,179,0,0,1,4.547870735560622e-08,0.9999999545212926
0.80875754,0.05580498,0.102717526,0.19375947,0.2460578,180,0,0,1,0.4773802994588351,0.5226197005411649
0.77208436,0.056839585,0.040222794,0.38244396,0.16516186,181,0,0,1,0.29239884919113024,0.7076011508088698
0.6253907,0.06723105,0.0503993,0.4133129,0.19351707,182,0,0,1,0.38931059074083163,0.6106894092591684
0.7130674,0.03340418,0.021871137,0.1496837,0.077519074,183,0,0,1,0.12328718957589091,0.8767128104241091
0.7000345,0.048276428,0.03600053,0.23973404,0.34428376,184,0,0,1,0.4898709531135951,0.5101290468864049
0.6846836,0.066299245,0.05137291,0.35874203,0.2623057,185,0,0,1,0.17055135835275392,0.8294486416472461
0.74528,0.041967273,0.02664165,0.26983097,0.13786517,186,0,0,1,0.06546156123195379,0.9345384387680462
0.5836203,0.048671965,0.034981012,0.27229926,0.15687342,187,0,0,1,0.11698215763938535,0.8830178423606146
0.8948909,0.054496247,0.03990147,0.26062182,0.070408836,188,0,0,1,0.3176873937158765,0.6823126062841235
0.66123474,0.016471304,0.3976443,0.4050714,0.10749925,189,0,0,1,5.3692383872316896e-11,0.9999999999463076
0.7314352,0.041962728,0.027174702,0.23731971,0.13782136,190,0,0,1,0.05615148821326832,0.9438485117867317
0.9011469,0.054341096,0.039718255,0.37664163,0.14300235,191,0,0,1,0.03364405888535871,0.9663559411146413
0.71235514,0.04904964,0.06467609,0.0611897,0.120413885,192,0,0,1,0.04998808623414441,0.9500119137658556
0.8168868,0.06620577,0.050529525,0.39671028,0.17537512,193,0,0,1,0.18647984703917564,0.8135201529608244
0.6850614,0.06402416,0.04539155,0.23655592,0.16456625,194,0,1,0,0.9841176558475778,0.015882344152422137
0.72340757,0.047552593,0.035051152,0.21630813,0.24489346,195,0,0,1,0.3632826829368896,0.6367173170631104
0.7661873,0.062301025,0.04349583,0.33585197,0.24469872,196,0,0,1,0.4967510783429634,0.5032489216570366
0.65274847,0.06593623,0.05101919,0.56194896,0.13083039,197,0,0,1,0.024073840462211726,0.9759261595377883
0.81207144,0.062368415,0.044022758,0.3611673,0.1640203,198,0,0,1,0.0936731834847756,0.9063268165152244
0.6247278,0.05930837,0.04319106,0.5457093,0.13398199,199,0,0,1,0.0214003963443542,0.9785996036556458
0.6329128,0.062280715,0.044345666,0.38893735,0.15717678,200,0,0,1,0.04383293376879438,0.9561670662312056
0.81710476,0.032545444,0.021317147,0.21183598,0.104826555,201,0,0,1,0.20079045092713665,0.7992095490728633
0.7376378,0.06311854,0.04518581,0.30155218,0.1617983,202,0,0,1,0.2191715285100304,0.7808284714899696
0.46371266,0.05362439,0.038553357,0.38103172,7.48843e-05,203,0,0,1,0.17827745934142647,0.8217225406585735
0.75778395,0.041967962,0.026354829,0.22083683,0.13793671,204,0,0,1,0.1454448246539254,0.8545551753460746
0.52424264,0.06276784,0.04544213,0.39592063,0.0630101,205,0,0,1,0.40273337549625277,0.5972666245037472
0.6649997,0.049571905,0.03473766,0.22552724,0.15658623,206,0,0,1,0.30762811747022645,0.6923718825297736
0.77085376,0.043351296,0.026833737,0.3110356,0.109477825,207,0,0,1,0.292650008803339,0.707349991196661
0.6506959,0.06630726,0.05080932,0.3664121,0.21550816,208,0,0,1,0.2921277831407548,0.7078722168592452
0.7563271,0.034050997,0.024038015,0.36741242,0.2545637,209,0,0,1,0.002479673954547734,0.9975203260454523
0.7125247,0.04211225,0.031842172,0.15056409,0.09618749,210,0,1,0,0.746179054973951,0.253820945026049
0.7706768,0.06153597,0.045044612,0.43219784,0.16642375,211,0,0,1,0.03758134034963734,0.9624186596503627
0.69922936,0.062636614,0.044366173,0.42618495,0.18385704,212,0,0,1,0.020861512029240692,0.9791384879707593
0.8439592,0.062779024,0.051843263,0.21744153,0.09983045,213,0,0,1,0.2372393345439332,0.7627606654560668
0.683742,0.04334392,0.025777517,0.24815784,0.15973088,214,0,0,1,0.4926537757851671,0.5073462242148329
0.73709875,0.057230294,0.04448329,0.183445,0.13135864,215,0,0,1,0.4431831313791261,0.5568168686208739
0.67266786,0.049029347,0.040300556,0.0861451,0.12945871,216,0,0,1,0.35999609084651285,0.6400039091534871
0.6744361,0.06164472,0.04458855,0.35773218,0.12063092,217,0,0,1,0.11197491606770771,0.8880250839322923
0.6702722,0.06530184,0.050284587,0.3687699,0.1842124,218,0,0,1,0.1671603123260198,0.8328396876739802
0.64943814,0.061983146,0.044543896,0.34200367,0.25187466,219,0,0,1,0.2999083027894194,0.7000916972105806
0.7073499,0.03356769,0.021730028,0.12404684,0.09351135,220,0,0,1,0.011583643460370663,0.9884163565396293
0.69587547,0.033517092,0.022214517,0.09777156,0.10531517,221,0,0,1,0.08890963935403895,0.911090360645961
0.63991547,0.061579067,0.043097552,0.39350507,0.19036552,222,0,0,1,0.25819997470551315,0.7418000252944869
0.63190585,0.06791895,0.062000785,0.27219144,0.09703682,223,0,1,0,0.6209253018749299,0.37907469812507005
0.6980652,0.0599508,0.039359365,0.39764652,0.18571912,224,0,0,1,0.44217766457921404,0.557822335420786
0.8186875,0.048201628,0.033876687,0.3172085,0.17814219,225,0,0,1,0.038133067103806706,0.9618669328961933
0.7315027,0.060779773,0.04396243,0.22654472,0.19839613,226,0,0,1,0.4995538336046418,0.5004461663953582
0.70406103,0.064574726,0.047128126,0.36877397,0.15580438,227,0,0,1,0.3345753060401757,0.6654246939598243
0.7462264,0.042017072,0.026172306,0.16063356,0.13865486,228,0,0,1,0.46978802909507655,0.5302119709049234
0.6858555,0.062426273,0.044209022,0.406484,0.09656738,229,0,0,1,0.03110349136731605,0.968896508632684
0.6404535,0.06698905,0.0592337,0.42103493,0.11438128,230,0,0,1,0.004176029405146386,0.9958239705948536
0.7380307,0.041949324,0.026501145,0.08102907,0.10680272,231,0,0,1,0.08850008832383871,0.9114999116761613
0.6865722,0.054668617,0.04032776,0.29495993,0.14346567,232,0,0,1,0.18761991156795943,0.8123800884320406
0.7871415,0.0663382,0.050641507,0.4877177,0.21035807,233,0,0,1,0.31878273616123576,0.6812172638387642
0.65276617,0.06297017,0.046537254,0.23453848,0.14029013,234,0,0,1,0.3710077134523513,0.6289922865476487
0.7276451,0.060622904,0.04465021,0.24634372,0.17499322,235,0,0,1,0.30212465778186404,0.697875342218136
0.77553374,0.051454507,0.039734386,0.28094876,0.111791365,236,0,0,1,0.0066269826240858976,0.9933730173759141
0.7420437,0.0534903,0.04038754,0.14664346,0.09024158,237,0,0,1,0.2538134008114965,0.7461865991885035
0.76727784,0.05018844,0.034650005,0.3401848,0.16261062,238,0,0,1,0.41895209976838943,0.5810479002316106
0.7250404,0.053408373,0.040241294,0.31646487,0.24444729,239,0,0,1,0.05114880111482978,0.9488511988851702
0.74271065,0.042056616,0.028457206,0.24297488,0.14463146,240,0,1,0,0.9983318158876625,0.0016681841123374695
0.6036949,0.043353852,0.024899654,0.24683255,0.102300495,241,0,0,1,0.4430608823593124,0.5569391176406876
0.69811535,0.04874355,0.05872548,0.065122806,0.054847185,242,0,0,1,0.07691246128348084,0.9230875387165192
0.71770406,0.063320026,0.04692821,0.47016206,0.15242189,243,0,0,1,0.43588751733853737,0.5641124826614626
0.6626346,0.054598797,0.039642066,0.5239378,0.13786556,244,0,0,1,0.04514831413703935,0.9548516858629607
0.6151559,0.049323905,0.032861035,0.22023256,0.15247431,245,0,0,1,0.42705666463745295,0.572943335362547
0.7364243,0.04777783,0.035907194,0.19456187,0.19967669,246,0,0,1,0.342774395329273,0.657225604670727
0.71254474,0.056469627,0.040347725,0.4476214,0.17542897,247,0,0,1,0.20253829972745274,0.7974617002725473
0.63183886,0.048191644,0.0401379,0.18522371,0.23434074,248,0,0,1,0.04150875600150228,0.9584912439984977
0.7359366,0.035679653,0.021696247,0.103055805,0.064787775,249,0,0,1,0.2015923411451248,0.7984076588548752
0.72033584,0.028363321,0.018165177,0.08392608,0.05667793,250,0,0,1,0.16821522299970382,0.8317847770002962
0.6963894,0.035627004,0.02109715,0.26706713,0.3219496,251,0,0,1,0.3389924704122249,0.6610075295877751
0.7859377,0.0659055,0.049577195,0.49589667,0.11924723,252,0,0,1,0.2670968357161617,0.7329031642838383
0.6777823,0.043354593,0.02679621,0.20253085,0.17811254,253,0,0,1,0.38432409244220633,0.6156759075577937
0.7329819,0.054289132,0.040460683,0.2850292,0.21524566,254,0,0,1,0.17306588309747462,0.8269341169025254
0.6179253,0.05544448,0.040591568,0.34160474,0.1557682,255,0,0,1,0.32298193146909915,0.6770180685309009
0.7460389,0.04197503,0.026354523,0.21811523,0.12773694,256,0,0,1,0.16790954583527762,0.8320904541647224
0.69539887,0.051664267,0.033961844,0.29046527,0.12003288,257,0,0,1,0.40227089185621756,0.5977291081437824
0.53396326,0.05346107,0.040222906,0.27425164,0.11256015,258,0,0,1,0.25142271063307,0.74857728936693
0.5204126,0.06628722,0.05118707,0.35440928,0.09864478,259,0,0,1,0.12294493114012917,0.8770550688598708
0.7180397,0.066213645,0.051759634,0.44419816,0.13072343,260,0,0,1,0.020280789562091006,0.979719210437909
0.70210695,0.041419946,0.027523432,0.28870848,0.16300245,261,0,0,1,0.26978688161988085,0.7302131183801192
0.7307901,0.06303764,0.076868795,0.2031083,0.07202121,262,0,0,1,0.010509344392366171,0.9894906556076338
0.6219765,0.06206316,0.04491572,0.43818346,0.12766784,263,0,0,1,0.07925434985669466,0.9207456501433053
0.7267746,0.04195878,0.026625227,0.190837,0.11291398,264,0,0,1,0.05913254995904327,0.9408674500409567
0.7677144,0.056806464,0.039463054,0.29745615,0.18421397,265,0,0,1,0.42683458745113567,0.5731654125488643
0.63514113,0.039985675,0.027751237,0.14123455,0.14098254,266,0,0,1,0.2689845282416732,0.7310154717583268
0.6440734,0.066959165,0.06495134,0.2405218,0.10321241,267,0,0,1,0.2616507812071056,0.7383492187928944
0.5885161,0.06151259,0.043977357,0.322785,0.122609794,268,0,0,1,0.1610266682754754,0.8389733317245246
0.6081273,0.103822164,0.07345902,0.17506894,0.05225637,269,0,0,0,0.9999805598506583,1.944014934178001e-05
0.74999416,0.052975085,0.038650297,0.32886618,0.09726795,270,0,0,1,0.0328260297763332,0.9671739702236668
0.55273753,0.04842619,0.035611603,0.1970084,0.052506022,271,0,0,1,0.3458230044411721,0.6541769955588279
0.65405965,0.064101316,0.06421123,0.23466071,0.2068504,272,0,0,1,0.1049671231087852,0.8950328768912148
0.7175309,0.05163082,0.039515767,0.21799612,0.12223092,273,0,0,1,0.006325993597903534,0.9936740064020965
0.716525,0.0419803,0.02504088,0.14201647,0.16569199,274,0,0,1,0.3357219933677328,0.6642780066322672
0.5917359,0.053883422,0.03956562,0.43631342,0.2032052,275,0,0,1,0.07654194012880844,0.9234580598711916
0.7104874,0.041954737,0.025272265,0.18606435,0.08339478,276,0,0,1,0.43272458605609365,0.5672754139439063
0.6822362,0.06632589,0.05692371,0.30257118,0.11172494,277,0,0,1,0.008749517074337576,0.9912504829256624
0.7229707,0.051486455,0.03807539,0.29550678,0.1838988,278,0,1,1,0.11216423698227729,0.8878357630177227
0.7294911,0.04930425,0.035191823,0.24023849,0.114791535,279,0,0,1,0.051377867433930136,0.9486221325660699
0.67629117,0.059948817,0.043116465,0.30076033,0.17436679,280,0,0,1,0.06592840926140453,0.9340715907385955
0.6703692,0.010308381,0.44561175,0.46695688,0.14000407,281,0,0,1,5.050939666517706e-10,0.999999999494906
0.6903343,0.056455296,0.038645912,0.3447984,0.15479372,282,0,0,1,0.205419733297579,0.794580266702421
0.7155217,0.0516678,0.03827913,0.31418645,0.19012515,283,0,1,1,0.05721429731285432,0.9427857026871457
0.62496394,0.0598817,0.04630672,0.5295733,0.09113656,284,0,0,1,0.001965827948040011,0.99803417205196
0.77785975,0.03823978,0.026041372,0.10177676,0.07219662,285,0,1,1,0.18396846952954315,0.8160315304704568
0.6446195,0.05402788,0.03968025,0.36243528,0.24174815,286,0,0,1,0.15320652866109452,0.8467934713389055
0.70937246,0.04225451,0.0327383,0.15440498,0.13884741,287,0,1,0,0.8479683062879377,0.1520316937120623
0.68409634,0.05674822,0.044306237,0.21829711,0.29444262,288,0,0,1,0.4582687989899691,0.5417312010100309
0.7335787,0.041965775,0.026008055,0.23064075,0.12661166,289,0,0,1,0.16555959605449944,0.8344404039455006
0.7583389,0.0419547,0.02619082,0.29604614,0.1630472,290,0,0,1,0.14697538971567592,0.8530246102843241
0.7956578,0.051760793,0.09966615,0.16456792,0.20806928,291,0,0,1,0.004508435578723491,0.9954915644212765
0.6671635,0.045162693,0.03534704,0.23602197,0.18864311,292,0,0,1,0.0513510213192111,0.9486489786807889
0.69345236,0.04875072,0.034225408,0.27907643,0.19365142,293,0,0,1,0.04611464696331358,0.9538853530366864
0.78251463,0.05675455,0.040183138,0.35095134,0.19740827,294,0,0,1,0.34601924896503267,0.6539807510349673
0.6422001,0.048435237,0.034196295,0.264992,0.18628834,295,0,0,1,0.13098198375938708,0.8690180162406129
0.5692327,0.051028334,0.040721968,0.29683447,0.10468274,296,0,0,1,0.023727732286532244,0.9762722677134678
0.6442434,0.0478201,0.034338534,0.2856838,0.1405448,297,0,0,1,0.12950072001234325,0.8704992799876567
0.55161583,0.061527696,0.044054653,0.329544,0.086268045,298,0,0,1,0.1960120837029975,0.8039879162970025
0.7010368,0.059216946,0.09262092,0.18097264,0.12196977,299,0,0,1,0.07339571600255956,0.9266042839974404
0.5151273,0.054282576,0.040493224,0.28252465,0.065884225,300,0,0,1,0.3304851540375707,0.6695148459624293
0.69591534,0.059867274,0.11705095,0.21705419,0.10598215,301,0,0,1,0.002957246303736283,0.9970427536962637
0.7212679,0.055160653,0.04148552,0.26804674,0.10993829,302,0,1,0,0.9204795740104963,0.07952042598950372
0.71302336,0.035914667,0.020091943,0.15309875,0.10218971,303,0,0,1,0.4864562571363331,0.5135437428636669
0.68417406,0.06547709,0.050320923,0.46641013,0.12018218,304,0,0,1,0.0493033739612333,0.9506966260387667
0.76180923,0.04196647,0.026400639,0.16063233,0.11074498,305,0,0,1,0.10832782163579546,0.8916721783642045
0.6345191,0.05315906,0.04258759,0.3064669,0.26683992,306,0,0,1,0.0979723253509972,0.9020276746490028
0.64927566,0.041994598,0.026019555,0.22999834,0.14743783,307,0,0,1,0.4499550157460883,0.5500449842539117
0.6684637,0.049073547,0.03468858,0.3539798,0.16767494,308,0,0,1,0.13158394337212198,0.868416056627878
0.7011747,0.030504901,0.02151404,0.14682694,0.18944277,309,0,0,1,0.17148819468499454,0.8285118053150055
0.68823117,0.04932229,0.032799907,0.31888342,0.13384914,310,0,0,1,0.10459211192291362,0.8954078880770864
0.67030585,0.049322344,0.03272008,0.20527042,0.13118577,311,0,0,1,0.33284973572429377,0.6671502642757062
0.72038853,0.04197041,0.031207269,0.18373306,0.21889414,312,0,0,1,0.20544961756014368,0.7945503824398563
0.70552194,0.067002155,0.05024144,0.4263431,0.045919817,313,0,0,1,0.1688493575640132,0.8311506424359868
0.6821592,0.054681905,0.040016133,0.30737257,0.16160932,314,0,0,1,0.11744405494357846,0.8825559450564215
0.60093623,0.053123854,0.039073788,0.25593466,0.1263637,315,0,0,1,0.39890715625460416,0.6010928437453958
0.5587476,0.05270311,0.039811254,0.23766124,0.0722348,316,0,0,1,0.30254407709502507,0.6974559229049749
0.7301255,0.048632823,0.0579035,0.092621066,0.121374205,317,0,0,1,0.07116400425632796,0.928835995743672
0.63789403,0.061001733,0.046620104,0.45682016,0.19520722,318,0,0,1,0.003827476362956439,0.9961725236370436
0.9163146,0.048816413,0.034518387,0.4136134,0.109860696,319,0,0,1,0.397140841311472,0.602859158688528
0.7234493,0.03554264,0.021259604,0.09360107,0.10801712,320,0,0,1,0.30410294730203824,0.6958970526979618
0.5998395,0.06691729,0.050832454,0.46700475,0.18055691,321,0,0,1,0.08338740030667569,0.9166125996933243
0.7084196,0.04196552,0.026184883,0.20032176,0.1573195,322,0,0,1,0.08574610284582551,0.9142538971541745
0.744288,0.056827903,0.04190762,0.3582882,0.2374284,323,0,0,1,0.2690500397124096,0.7309499602875904
0.6375379,0.0488261,0.03470358,0.20379277,0.13300554,324,0,0,1,0.20306465285082265,0.7969353471491774
0.6935068,0.05960367,0.07789714,0.14146687,0.07350782,325,0,0,1,0.10532587508172053,0.8946741249182795
0.65374583,0.050929077,0.04045728,0.2005185,0.22606254,326,0,0,1,0.20211470076227123,0.7978852992377288
0.7264904,0.04820501,0.039278764,0.2614199,0.2574417,327,0,0,1,0.014535764859044953,0.985464235140955
0.6885426,0.06288586,0.043990873,0.3585178,0.18698108,328,0,0,1,0.21689361367290616,0.7831063863270938
0.6187378,0.06647941,0.05272975,0.29520646,0.16677897,329,0,0,1,0.05321019759286538,0.9467898024071346
0.6734261,0.06573794,0.05055757,0.39681962,0.19059326,330,0,0,1,0.26135331054813915,0.7386466894518608
0.6537561,0.06730579,0.0506797,0.5282588,0.12239545,331,0,0,1,0.27936942370991613,0.7206305762900839
0.7149737,0.04198743,0.025393348,0.087095484,0.14058554,332,0,0,1,0.3381392364316179,0.6618607635683821
0.62854725,0.061716575,0.044135503,0.5232199,0.18320489,333,0,0,1,0.07545927567297495,0.924540724327025
0.7225017,0.048686184,0.039291967,0.10334626,0.13915837,334,0,0,1,0.19159244756940164,0.8084075524305984
0.7336142,0.043352958,0.026054459,0.20395692,0.16329981,335,0,0,1,0.20092680295039633,0.7990731970496037
0.6765113,0.0283135,0.018380865,0.086960405,0.085310124,336,0,0,1,0.12534371849119796,0.874656281508802
0.70724636,0.061043035,0.09803368,0.2614308,0.22137488,337,0,0,1,0.0002806790917302404,0.9997193209082698
0.72308785,0.03878098,0.027355991,0.20586927,0.15811487,338,0,0,1,0.4185235116547613,0.5814764883452387
0.7553644,0.054073364,0.040227696,0.3441975,0.24693315,339,0,0,1,0.12677745518153405,0.873222544818466
0.6721229,0.06674878,0.05255999,0.30321315,0.25252128,340,0,0,1,0.12550854834130354,0.8744914516586965
0.7089451,0.062442627,0.04313664,0.34719688,0.16865689,341,0,0,1,0.08013090277331514,0.9198690972266849
0.5923461,0.06585721,0.050600316,0.41223985,0.1685277,342,0,0,1,0.22474269813010828,0.7752573018698917
0.63466614,0.05298242,0.19072911,0.24683309,0.07813223,343,0,0,1,5.1317250707283435e-05,0.9999486827492927
0.7325268,0.035914194,0.02208044,0.13576786,0.15061575,344,0,0,1,0.0870478539910493,0.9129521460089507
0.63329256,0.049507566,0.040022112,0.27112678,0.25770578,345,0,0,1,0.08749657910631958,0.9125034208936804
0.7905566,0.048263084,0.035044592,0.1872751,0.11333086,346,0,0,1,0.1482461986226894,0.8517538013773106
0.65004325,0.048523974,0.034670535,0.27258432,0.1738451,347,0,0,1,0.07938826427978618,0.9206117357202138
0.75337404,0.052998565,0.039882973,0.33229515,0.14907242,348,0,0,1,0.007091164122953408,0.9929088358770466
0.7365352,0.053489167,0.04029235,0.2587151,0.12845814,349,0,0,1,0.04423146098377939,0.9557685390162206
0.5977337,0.06135578,0.043195188,0.3613884,0.1235344,350,0,0,1,0.14801682587864362,0.8519831741213564
0.665759,0.061563425,0.045272678,0.38104242,0.26223943,351,0,0,1,0.31606744079014093,0.6839325592098591
0.7486118,0.05018879,0.034585964,0.2829243,0.15158148,352,0,1,1,0.4267301627775947,0.5732698372224053
0.6649106,0.05388731,0.04010102,0.2845503,0.20456888,353,0,0,1,0.18143200703946072,0.8185679929605393
0.75355226,0.05316966,0.03909164,0.3441412,0.3428152,354,0,0,1,0.17328900072610998,0.82671099927389
0.7370707,0.06582044,0.050815064,0.45188338,0.08808893,355,0,0,1,0.03687748036742011,0.9631225196325799
0.8161646,0.06610049,0.06276699,0.23274906,0.08156182,356,0,0,1,0.483913478748226,0.516086521251774
0.6389332,0.049128212,0.03477151,0.30122805,0.23577207,357,0,0,1,0.35453673469810565,0.6454632653018944
0.71625316,0.043358807,0.031004237,0.22857574,0.1286792,358,0,1,1,0.018620630880265554,0.9813793691197344
0.68627846,0.04194793,0.026519727,0.19499275,0.10827382,359,0,0,1,0.21700549236962563,0.7829945076303744
0.76506364,0.053135883,0.039067876,0.35871723,0.218791,360,0,0,1,0.043523697793486305,0.9564763022065137
0.7285614,0.06723809,0.06945804,0.28347284,0.17118327,361,0,0,1,0.016499625231997217,0.9835003747680028
0.6207045,0.042730704,0.03203175,0.12256666,0.08861413,362,0,1,0,0.8374977827518661,0.16250221724813388
0.7840662,0.041348856,0.02669465,0.30216265,0.07224394,363,0,0,1,0.4962020805869304,0.5037979194130696
0.7036131,0.061975352,0.0433252,0.2932738,0.19386026,364,0,0,1,0.30662409018794856,0.6933759098120514
0.744408,0.048650417,0.034835972,0.27183658,0.16520433,365,0,0,1,0.034134491982049764,0.9658655080179502
0.6623226,0.06297705,0.0451952,0.42440605,0.17141967,366,0,0,1,0.35225953903757234,0.6477404609624277
0.63488925,0.048463415,0.035080303,0.32249442,0.14294867,367,0,0,1,0.05668508544815454,0.9433149145518455
0.7366955,0.057003513,0.07434097,0.15396208,0.24108689,368,0,0,1,0.4001433265121258,0.5998566734878742
0.7691864,0.061414056,0.0430716,0.33183962,0.1350164,369,0,0,1,0.1828404233688643,0.8171595766311357
0.66187054,0.05342214,0.04033088,0.28731558,0.20436801,370,0,0,1,0.09177018368155831,0.9082298163184417
0.67844194,0.051081367,0.18159407,0.28874615,0.30230013,371,0,0,1,8.932224283508816e-05,0.9999106777571649
0.88615966,0.05684769,0.040604863,0.38786498,0.16169746,372,0,0,1,0.4503755345703129,0.5496244654296871
0.55785924,0.051200934,0.04353631,0.24089667,0.26159492,373,0,0,1,0.0742256428014777,0.9257743571985223
0.62521946,0.051259898,0.03988231,0.23840189,0.20854001,374,0,0,1,0.03409134269072578,0.9659086573092742
0.6170474,0.052589018,0.038292278,0.3383402,0.1181224,375,0,0,1,0.47340899305943285,0.5265910069405672
0.6169529,0.062249955,0.043178845,0.33115894,0.16691959,376,0,0,1,0.32545646382868965,0.6745435361713104
0.680683,0.053430326,0.039800063,0.37360302,0.11982527,377,0,0,1,0.0180728635208246,0.9819271364791754
0.67041796,0.047971852,0.0353816,0.2954158,0.22025353,378,0,0,1,0.23335313845203698,0.766646861547963
0.7458797,0.052988853,0.039684866,0.34058127,0.21038812,379,0,0,1,0.01999864352117442,0.9800013564788256
0.6600992,0.06412205,0.046254814,0.37747005,0.16543311,380,0,1,0,0.7725488767410881,0.2274511232589119
0.7544307,0.05033928,0.034328464,0.2759107,0.14822438,381,0,0,1,0.45508012825466093,0.5449198717453391
0.7690929,0.05485294,0.038596496,0.3534419,0.13866685,382,0,0,1,0.3749900670382589,0.6250099329617411
0.58000773,0.04196695,0.027865369,0.30097985,0.1763222,383,0,0,1,0.18714385175895787,0.8128561482410421
0.63163394,0.064031154,0.08655695,0.32670492,0.2069588,384,0,0,1,0.0016444329711978733,0.9983555670288021
0.6848104,0.048953213,0.034895513,0.32351482,0.1347907,385,0,0,1,0.02408782573134416,0.9759121742686558
0.6408073,0.061187353,0.04459686,0.25228474,0.14463209,386,0,0,1,0.3738743308079302,0.6261256691920698
0.612631,0.041951496,0.030575411,0.17048964,0.251634,387,0,0,1,0.2533245232257363,0.7466754767742637
0.64872426,0.062463414,0.045130182,0.48250708,0.21886864,388,0,0,1,0.23981388860087804,0.760186111399122
0.78532577,0.06690674,0.05053471,0.43508714,0.20419556,389,0,0,1,0.25406909103586717,0.7459309089641328
0.6823544,0.062610395,0.031058451,0.37156096,0.18094319,390,0,0,0,0.9999403168461152,5.96831538847986e-05
0.66287553,0.06462673,0.07627069,0.24649768,0.102409296,391,0,0,1,0.028248939864681355,0.9717510601353186
0.67104316,0.058968022,0.061391808,0.15083297,0.20661604,392,0,0,1,0.3590044196109272,0.6409955803890728
0.6178635,0.053302582,0.038844164,0.27460808,0.10598734,393,0,0,1,0.4302879471337675,0.5697120528662325
0.6996445,0.047474414,0.034516197,0.11798887,0.100007564,394,0,0,1,0.1819855282687598,0.8180144717312402
0.71420586,0.03589109,0.02569618,0.1960506,0.22790317,395,0,0,1,0.26992136684626633,0.7300786331537337
0.8049634,0.039053652,0.027273728,0.15950258,0.053849336,396,0,0,1,0.2535281149875436,0.7464718850124564
0.62627417,0.0649137,0.05131287,0.24672155,0.12979889,397,0,0,1,0.19274286759328563,0.8072571324067144
0.6862021,0.06184309,0.044539746,0.24116655,0.17719612,398,0,0,1,0.4549918352483604,0.5450081647516396
0.6567774,0.06272918,0.04547418,0.4468341,0.108068645,399,0,0,1,0.4587526623898317,0.5412473376101683
0.64053124,0.05499545,0.040472243,0.29953063,0.16073845,400,0,0,1,0.2990046004640651,0.7009953995359349
0.64495826,0.025414158,0.028409746,0.09068502,0.10623894,401,0,0,1,0.4826035165768999,0.5173964834231001
0.7708413,0.06840487,0.05404337,0.39400288,0.18113199,402,0,0,1,0.3090786979751151,0.6909213020248849
0.7054391,0.03950757,0.02767278,0.1576009,0.17058688,403,0,0,1,0.3438571593524,0.6561428406476
0.67553025,0.06675571,0.050349582,0.3098618,0.13910381,404,0,0,1,0.2990135860746398,0.7009864139253602
0.63099766,0.053175516,0.24701977,0.45861617,0.13925922,405,0,0,1,1.445745239081475e-07,0.9999998554254761
0.40942332,0.05524773,0.11751151,0.20852847,0.25034174,406,0,0,1,0.07715841433995396,0.922841585660046
0.6732758,0.06515393,0.07348975,0.25113085,0.108935475,407,0,0,1,0.038575229081535545,0.9614247709184645
0.80867296,0.052622713,0.040681288,0.20898382,0.11562637,408,0,0,1,0.3595589561434219,0.6404410438565781
0.6708918,0.048439533,0.034752656,0.28490904,0.16663714,409,0,0,1,0.08956679845181681,0.9104332015481832
0.7501498,0.056528147,0.04102578,0.3146004,0.19861014,410,0,0,1,0.363294188361873,0.636705811638127
0.7121296,0.03563835,0.021727521,0.1314678,0.08318301,411,0,0,1,0.17272921451660372,0.8272707854833963
0.6850957,0.057487216,0.03870801,0.3877938,0.17790122,412,0,0,1,0.3492139411716554,0.6507860588283446
0.7529294,0.06694922,0.05234112,0.2703081,0.10731502,413,0,0,1,0.14672161174328668,0.8532783882567133
0.64771986,0.062339325,0.047078937,0.264102,0.21428719,414,0,0,1,0.15058015225693555,0.8494198477430644
0.6187265,0.041989848,0.026677445,0.24041884,0.10764972,415,0,0,1,0.382180961314703,0.617819038685297
0.6887386,0.06204903,0.04650442,0.2026671,0.11135274,416,0,0,1,0.4933246694109381,0.5066753305890619
0.7044624,0.028391501,0.014099839,0.09180949,0.12211558,417,0,0,1,0.338923733240746,0.661076266759254
0.60092586,0.04886913,0.035475858,0.24207805,0.15506124,418,0,0,1,0.20152111009587703,0.798478889904123
0.782358,0.041964047,0.026020182,0.22771703,0.060363352,419,0,0,1,0.18797704454751019,0.8120229554524898
0.60365444,0.062417787,0.044680763,0.45517862,0.10587854,420,0,0,1,0.13107272682856685,0.8689272731714331
0.6710808,0.06617835,0.0496691,0.4272782,0.13013428,421,0,0,1,0.18638590998056137,0.8136140900194386
0.6918971,0.06023107,0.04478744,0.44753242,0.29563624,422,0,0,1,0.026622026320522574,0.9733779736794774
0.7936472,0.04854485,0.034685362,0.27308685,0.047734942,423,0,0,1,0.037858768876213755,0.9621412311237862
0.69028854,0.041963287,0.025999324,0.2220402,0.110578746,424,0,0,1,0.1537800529999166,0.8462199470000834
0.6489087,0.061414044,0.04394036,0.4485056,0.17254308,425,0,0,1,0.07199544036769145,0.9280045596323085
0.65011156,0.048886944,0.034876242,0.3551187,0.16648388,426,0,0,1,0.14738323481975968,0.8526167651802403
0.6850141,0.066790886,0.049723912,0.44722852,0.16896755,427,0,0,1,0.14357472859096987,0.8564252714090301
0.67437595,0.06623754,0.04985306,0.4554289,0.12967673,428,0,0,1,0.10985443044295484,0.8901455695570452
0.5759423,0.054164648,0.039760694,0.3474328,0.17951028,429,0,0,1,0.05131688914656496,0.948683110853435
0.8691304,0.06244904,0.045061585,0.2885407,0.074868664,430,0,0,1,0.4349118735860089,0.5650881264139911
0.6373672,0.050085805,0.040338565,0.2536896,0.25709203,431,0,0,1,0.22532732728576288,0.7746726727142371
0.7397938,0.061857965,0.043940578,0.33893496,0.09450501,432,0,0,1,0.06917442991336087,0.9308255700866391
0.65373224,0.061470125,0.04512515,0.35077167,0.109219216,433,0,0,1,0.24447595345627937,0.7555240465437206
0.635862,0.050293375,0.040418454,0.30415842,0.2507904,434,0,0,1,0.12022891676647496,0.879771083233525
0.7637355,0.047472678,0.03454077,0.26777062,0.11560384,435,0,0,1,0.049414647704403625,0.9505853522955964
0.7052995,0.05391809,0.039431788,0.33692342,0.21043602,436,0,0,1,0.07018478511190229,0.9298152148880977
0.6856841,0.054787256,0.040064733,0.44458455,0.20105265,437,0,0,1,0.11074408957386794,0.8892559104261321
0.6454323,0.06597397,0.05003765,0.4279423,0.077608675,438,0,0,1,0.2170858949096648,0.7829141050903352
0.71849114,0.051326424,0.037192337,0.34819713,0.11963695,439,0,0,1,0.489577823958804,0.510422176041196
0.6856668,0.052738246,0.051577732,0.120629385,0.18660933,440,0,0,1,0.40298875812016444,0.5970112418798356
0.72942996,0.062474776,0.043779887,0.29551408,0.16473421,441,0,0,1,0.30181970803569325,0.6981802919643068
0.66707945,0.061972063,0.044991508,0.3890379,0.10581574,442,0,0,1,0.10726540079392921,0.8927345992060708
0.73137885,0.06174103,0.04419437,0.33324808,0.16775188,443,0,0,1,0.07063665515744799,0.929363344842552
0.7802512,0.06450827,0.047838714,0.2653818,0.15435846,444,0,1,0,0.6677439860399808,0.3322560139600193
0.640486,0.033815883,0.022079635,0.20717533,0.134489,445,0,0,1,0.39710265436790926,0.6028973456320907
0.6244696,0.056601275,0.03942501,0.34956715,0.17542954,446,0,0,1,0.4664264260734995,0.5335735739265005
0.77146834,0.05172852,0.033917945,0.35427418,0.10081567,447,0,0,1,0.4105379055320373,0.5894620944679627
0.5641432,0.061065923,0.044309232,0.35512975,0.14142948,448,0,0,1,0.04117458910948857,0.9588254108905114
0.58674145,0.048629276,0.040311996,0.28310823,0.2900238,449,0,0,1,0.06926703421644131,0.9307329657835587
0.71354705,0.033452187,0.021577625,0.13186385,0.099970296,450,0,0,1,0.03270773395458226,0.9672922660454177
0.75369745,0.040310655,0.02734219,0.17511398,0.1015684,451,0,0,1,0.20475958237681735,0.7952404176231826
0.7880916,0.061427683,0.044354856,0.52272433,0.17218953,452,0,0,1,0.045344009095295346,0.9546559909047047
0.5804313,0.06487793,0.050863355,0.5007175,0.110522464,453,0,0,1,0.010615045292366787,0.9893849547076332
0.64526,0.04901404,0.03488282,0.18118966,0.13596347,454,0,0,1,0.31613503594210857,0.6838649640578914
0.64625466,0.047407936,0.03516963,0.31043917,0.18315868,455,0,0,1,0.0853905895736985,0.9146094104263015
0.69901276,0.054465428,0.10680911,0.15819708,0.13151081,456,0,0,1,0.0027007410797303955,0.9972992589202696
0.6310063,0.06709515,0.050332494,0.29700342,0.13315485,457,0,0,1,0.4576470614663931,0.5423529385336069
0.6881699,0.057396255,0.039403282,0.43766105,0.22056663,458,0,0,1,0.45948474807262885,0.5405152519273712
0.6368139,0.061622113,0.043264985,0.4100614,0.17983131,459,0,0,1,0.27017282213901883,0.7298271778609812
0.70124817,0.05035529,0.03901808,0.2729396,0.3248079,460,0,0,1,0.10495028765033154,0.8950497123496685
0.60979253,0.048537698,0.034745015,0.3734386,0.123916686,461,0,0,1,0.058302200962258244,0.9416977990377418
0.66937006,0.047795035,0.059256174,0.12079255,0.19228844,462,0,0,1,0.07585036931746003,0.92414963068254
0.663045,0.03589191,0.024190722,0.13954832,0.19750884,463,0,0,1,0.40262700762045744,0.5973729923795426
0.6298079,0.04738653,0.035019692,0.1838501,0.058579095,464,0,0,1,0.1791432243421036,0.8208567756578964
0.7931193,0.056364205,0.03930211,0.3695859,0.09955172,465,0,0,1,0.3492996624206053,0.6507003375793947
0.6439465,0.052796423,0.038809113,0.30023986,0.21941178,466,0,0,1,0.3124171555996076,0.6875828444003924
0.5831891,0.060913384,0.106000826,0.22820753,0.08439932,467,0,0,1,0.004082251092135114,0.9959177489078649
0.701614,0.06469787,0.044335816,0.23171139,0.1536236,468,0,1,0,0.9801530106736863,0.01984698932631371
0.7318346,0.045496054,0.035491582,0.16589703,0.20092538,469,0,0,1,0.22167469749271296,0.778325302507287
0.5655362,0.06551621,0.05056543,0.5299499,0.088619195,470,0,0,1,0.24555377449964633,0.7544462255003537
0.5682427,0.05454852,0.039186217,0.40199506,0.17343928,471,0,0,1,0.1264877812486357,0.8735122187513643
0.7764492,0.06212287,0.044256087,0.32915103,0.13888584,472,0,0,1,0.07764826827981341,0.9223517317201866
0.7148773,0.04756834,0.035005026,0.29124573,0.22505683,473,0,0,1,0.04178570275819138,0.9582142972418086
0.72584784,0.058178227,0.10221575,0.20569421,0.18683927,474,0,0,1,0.009817227887604973,0.990182772112395
0.6522758,0.04196642,0.026369262,0.2864967,0.13869901,475,0,0,1,0.26067171349069684,0.7393282865093032
0.65619844,0.061715506,0.04513848,0.4550231,0.14825216,476,0,0,1,0.04712337119254317,0.9528766288074568
0.72161585,0.062221956,0.045166876,0.3507045,0.114216685,477,0,0,1,0.20195094640594424,0.7980490535940558
0.7895453,0.053256135,0.039418016,0.30904657,0.08748626,478,0,0,1,0.04450306815799687,0.9554969318420031
0.6585633,0.061049517,0.043984447,0.5337828,0.15718298,479,0,0,1,0.016812622047598924,0.9831873779524011
0.7153679,0.06626612,0.04856814,0.2989115,0.1244612,480,0,1,0,0.716219893089037,0.283780106910963
0.8851033,0.053444438,0.039423227,0.23190899,0.057557408,481,0,0,1,0.20569974178856765,0.7943002582114324
0.6519369,0.06720654,0.05188951,0.31283844,0.22153424,482,0,0,1,0.4521759411477536,0.5478240588522464
0.5926319,0.049148694,0.040075548,0.2766625,0.24824032,483,0,0,1,0.09223778386183867,0.9077622161381613
0.6837964,0.05591099,0.042521123,0.27139246,0.13318269,484,0,1,0,0.7095019613632607,0.2904980386367393
0.74519724,0.06470163,0.059937637,0.25075775,0.09832173,485,0,0,1,0.028679111158253057,0.9713208888417469
0.65111583,0.062043123,0.04392214,0.34339663,0.19668543,486,0,0,1,0.1301615897092384,0.8698384102907616
0.759643,0.049973637,0.03507711,0.3323845,0.11926697,487,0,0,1,0.34824718557981826,0.6517528144201817
0.8460672,0.049212106,0.035233755,0.25917906,0.04278188,488,0,0,1,0.10767991173095282,0.8923200882690472
0.6643316,0.036230378,0.025966175,0.08681063,0.08980482,489,0,1,0,0.5674091901669605,0.4325908098330396
0.69591045,0.047438446,0.066184334,0.10434119,0.11445023,490,0,0,1,0.020135012886814296,0.9798649871131857
0.7223384,0.04875305,0.03469385,0.29498574,0.34238577,491,0,0,1,0.4887372738507213,0.5112627261492787
0.7555551,0.048538014,0.03517663,0.20378606,0.14834042,492,0,0,1,0.05104090785810844,0.9489590921418916
0.59652424,0.060639895,0.11713491,0.24303384,0.06682928,493,0,0,1,0.0017218585172857903,0.9982781414827142
0.90487057,0.0559415,0.03951372,0.35442677,0.12393413,494,0,0,1,0.33538892066854864,0.6646110793314514
0.6269559,0.062464625,0.04418493,0.37546393,0.14232534,495,0,0,1,0.07639999567128108,0.9236000043287189
0.7368393,0.06658223,0.061144352,0.21555372,0.09746484,496,0,0,1,0.4893057194007785,0.5106942805992215
0.6757727,0.062100418,0.043893684,0.29547065,0.18372133,497,0,0,1,0.45845724920809194,0.5415427507919081
0.7070351,0.028412217,0.014377,0.06511625,0.07084014,498,0,0,1,0.49241954616482386,0.5075804538351761
0.8176864,0.05740797,0.040179975,0.34686756,0.14038602,499,0,0,1,0.47567340324247565,0.5243265967575244
0.66609377,0.06251876,0.044386487,0.2475272,0.15803327,500,0,0,1,0.4738642501797037,0.5261357498202963
0.765226,0.035967093,0.021422438,0.21429214,0.1025325,501,0,0,1,0.013499481130344382,0.9865005188696556
0.71227044,0.06704878,0.051802706,0.29229024,0.1090886,502,0,0,1,0.15424456835258926,0.8457554316474107
0.616691,0.05329268,0.039772566,0.3022198,0.22093737,503,0,0,1,0.17709581840529243,0.8229041815947076
0.63966644,0.054253124,0.039439175,0.39041665,0.15672442,504,0,0,1,0.02417725276429583,0.9758227472357042
0.57347137,0.049007013,0.034387037,0.31624904,0.13614638,505,0,0,1,0.3797124271450516,0.6202875728549484
0.66636175,0.055902723,0.050637823,0.15730251,0.18504833,506,0,1,0,0.7268890865165487,0.27311091348345123
0.6301018,0.052958876,0.039697867,0.30801907,0.21001522,507,0,0,1,0.1463369239445893,0.8536630760554107
0.61756855,0.0605499,0.06934546,0.18506426,0.1064137,508,0,0,1,0.24293260675818384,0.7570673932418162
0.6759149,0.06632204,0.052515112,0.34880856,0.18382603,509,0,0,1,0.03955984572006699,0.960440154279933
0.64613944,0.05459767,0.039462026,0.36756566,0.17935295,510,0,0,1,0.045544898396588485,0.9544551016034115
0.6894661,0.065782025,0.06833825,0.20456134,0.09286724,511,0,0,1,0.38863256698975246,0.6113674330102475
0.6193309,0.061173633,0.043541227,0.42148346,0.19331144,512,0,0,1,0.2079130645826529,0.7920869354173471
0.69110304,0.06444072,0.072096705,0.24426545,0.09841364,513,0,0,1,0.014496196700292674,0.9855038032997073
0.65102524,0.06190457,0.043390714,0.30161762,0.14280775,514,0,0,1,0.32764924125240935,0.6723507587475906
0.6496403,0.06596176,0.06783954,0.28522748,0.19202906,515,0,0,1,0.01332181810803068,0.9866781818919693
0.6643145,0.0621956,0.107524864,0.21177249,0.16385132,516,0,0,1,0.007209299695546956,0.992790700304453
0.65377724,0.05982436,0.112962835,0.20343827,0.13499583,517,0,0,1,0.002546966421273056,0.9974530335787269
0.8744835,0.059812542,0.044108324,0.38903075,0.13323897,518,0,0,1,0.011690335880159997,0.98830966411984
0.67382723,0.06694461,0.061117303,0.2298253,0.107595585,519,0,0,1,0.3898010045501811,0.6101989954498189
0.6798066,0.055323064,0.039578427,0.44890115,0.18795234,520,0,0,1,0.20408937219608603,0.795910627803914
0.6468008,0.062188435,0.044429563,0.4078122,0.16886425,521,0,0,1,0.07383568813059671,0.9261643118694033
0.61583763,0.052584283,0.03774037,0.30288368,0.1556314,522,0,1,0,0.9944547804166296,0.00554521958337036
0.7199195,0.04932237,0.03219495,0.35706094,0.13806382,523,0,0,1,0.42117627087610454,0.5788237291238955
0.6397038,0.05508402,0.18328746,0.4120268,0.28707534,524,0,0,1,1.3051324082580251e-05,0.9999869486759174
0.5612773,0.062303737,0.044589736,0.35525474,0.089981884,525,0,0,1,0.14394121001256022,0.8560587899874398
0.618253,0.049006034,0.036001712,0.23086321,0.216494,526,0,0,1,0.4846479208722855,0.5153520791277145
0.6400815,0.05900198,0.043690857,0.36106542,0.25635907,527,0,0,1,0.17967072986992205,0.820329270130078
0.64133406,0.0493263,0.031781863,0.22650808,0.15854672,528,0,0,1,0.33622830112607993,0.6637716988739201
0.66630054,0.061903447,0.0435341,0.3114096,0.12936838,529,0,0,1,0.3466735051628015,0.6533264948371985
0.7984296,0.051581983,0.033911847,0.32848433,0.095043376,530,0,0,1,0.4671278352770546,0.5328721647229454
0.7284234,0.05360273,0.03962148,0.2174437,0.18512353,531,0,0,1,0.0911248529125307,0.9088751470874693
0.7231715,0.048290376,0.034260403,0.38135096,0.10601973,532,0,0,1,0.0816366485425396,0.9183633514574604
0.6669554,0.061750557,0.045277245,0.37742367,0.08931645,533,0,0,1,0.12624458129239657,0.8737554187076034
0.7006041,0.04063737,0.02902377,0.12257354,0.21757665,534,0,0,1,0.3508941112662909,0.6491058887337091
0.71398115,0.045469508,0.10489075,0.12659924,0.07090818,535,0,0,1,0.0009175367340777951,0.9990824632659222
0.66029394,0.06691546,0.05209654,0.30813488,0.2447778,536,0,0,1,0.2521194596444589,0.7478805403555411
0.62197345,0.06605278,0.049936276,0.39886883,0.124310985,537,0,0,1,0.17706983702216983,0.8229301629778302
0.61991704,0.048530467,0.034969036,0.3633978,0.23182581,538,0,0,1,0.26060143074645314,0.7393985692535469
0.7217461,0.06299963,0.045729242,0.47533667,0.13129883,539,0,0,1,0.32717764862226506,0.6728223513777349
0.84011084,0.05739127,0.039324734,0.41565177,0.19652689,540,0,0,1,0.4051089523587472,0.5948910476412528
0.6545263,0.05015204,0.03948275,0.26199895,0.26753828,541,0,0,1,0.21054499560317264,0.7894550043968274
0.75088096,0.05435404,0.03966562,0.28397518,0.19370213,542,0,0,1,0.07586685648689573,0.9241331435131043
0.69984525,0.05472926,0.039824937,0.3284883,0.18536258,543,0,0,1,0.17043009767056816,0.8295699023294318
0.7393889,0.059924696,0.11261761,0.23384425,0.13962613,544,0,0,1,0.0009907958026614816,0.9990092041973385
0.49586377,0.053197876,0.038726475,0.41089407,0.11070605,545,0,0,1,0.21996285691725592,0.7800371430827441
0.60712254,0.061318725,0.043246713,0.52933323,0.10324135,546,0,0,1,0.06619864964799183,0.9338013503520082
0.7439237,0.061391853,0.044337094,0.33622277,0.18045016,547,0,0,1,0.07934087390808886,0.9206591260919111
0.8449208,0.037313797,0.02529863,0.37140727,0.07116037,548,0,0,1,0.33176416930531916,0.6682358306946808
0.6508828,0.054195806,0.09885026,0.18726875,0.22057833,549,0,0,1,0.09151405603940843,0.9084859439605916
0.5693681,0.066409566,0.058108304,0.2229175,0.15641429,550,0,0,1,0.2972528664771634,0.7027471335228366
0.64413,0.062472828,0.044346914,0.29867548,0.198977,551,0,0,1,0.24386026010055106,0.7561397398994489
0.5701655,0.067465544,0.051275093,0.2627416,0.10785065,552,0,0,1,0.4982760571553335,0.5017239428446665
0.66234285,0.05848359,0.044491056,0.22506708,0.12191122,553,0,1,1,0.2822756260734456,0.7177243739265544
0.80163205,0.061127245,0.044552647,0.4529762,0.20338687,554,0,0,1,0.03628412257875435,0.9637158774212456
0.70791006,0.054088328,0.039956275,0.24838343,0.2320122,555,0,0,1,0.288356607767397,0.711643392232603
0.6035053,0.04896629,0.034736875,0.24488887,0.09201304,556,0,0,1,0.1519428837510376,0.8480571162489624
0.6890394,0.06288119,0.04444086,0.4582293,0.1281182,557,0,0,1,0.17872201635448748,0.8212779836455125
0.7310901,0.06749441,0.050169606,0.31115165,0.14958064,558,0,0,1,0.34652919275604965,0.6534708072439503
0.7871472,0.053744845,0.041393742,0.17333378,0.101116896,559,0,0,1,0.18931349221565474,0.8106865077843453
0.63440436,0.06352793,0.030521128,0.33701047,0.14290184,560,0,0,0,0.9999877885270476,1.2211472952421984e-05
0.6447527,0.068896614,0.06883461,0.29313785,0.12552638,561,0,1,1,0.04577281733283234,0.9542271826671677
0.7624756,0.0616281,0.043832343,0.5163174,0.20666079,562,0,0,1,0.13558700486108322,0.8644129951389168
0.6489824,0.06698485,0.05092106,0.36924714,0.20085378,563,0,0,1,0.24153827206703227,0.7584617279329677
0.6766456,0.06507024,0.05475245,0.21501194,0.104756854,564,0,1,0,0.7435769427812864,0.25642305721871356
0.7709785,0.04199546,0.02685903,0.3241986,0.1299738,565,0,0,1,0.009267281787659343,0.9907327182123407
0.81603837,0.048341762,0.034425616,0.3593735,0.16468999,566,0,0,1,0.09137427241864349,0.9086257275813565
0.6492304,0.06706943,0.050267912,0.44237587,0.17685896,567,0,0,1,0.2938041153016686,0.7061958846983314
0.52994955,0.054016754,0.041590873,0.239185,0.07439499,568,0,0,1,0.10278880943990443,0.8972111905600956
0.73123693,0.053566374,0.03996498,0.18131143,0.18830341,569,0,0,1,0.33235207562227276,0.6676479243777272
0.6806214,0.05188523,0.041931428,0.17732455,0.1072258,570,0,1,0,0.5628519256012166,0.4371480743987835
0.68667173,0.053072654,0.039264966,0.27906907,0.094962,571,0,0,1,0.024310827041352123,0.9756891729586479
0.7870223,0.06216698,0.054699328,0.19551364,0.1187862,572,0,0,1,0.0899041006596133,0.9100958993403867
0.6808348,0.049705878,0.046683464,0.12044151,0.089640886,573,0,0,1,0.2047414044480037,0.7952585955519963
0.70169115,0.049223643,0.03420271,0.2971108,0.22777793,574,0,0,1,0.13027473961269476,0.8697252603873052
0.6402441,0.066513255,0.05122371,0.47908586,0.11412705,575,0,0,1,0.041941328271231204,0.9580586717287688
0.7383686,0.056016818,0.04022515,0.2652302,0.08667326,576,0,1,0,0.8147821193235544,0.18521788067644565
0.71351075,0.06753094,0.06024634,0.2624792,0.13209814,577,0,0,1,0.011576185545494888,0.9884238144545051
0.7790674,0.067244776,0.051064193,0.34442118,0.18862486,578,0,0,1,0.10624585742832626,0.8937541425716737
0.60851526,0.04932626,0.03365487,0.33424586,0.23053117,579,0,0,1,0.09814239695192017,0.9018576030480798
0.7450742,0.028304389,0.019500192,0.15771475,0.10136082,580,0,0,1,0.03650242674148496,0.963497573258515
0.66972196,0.045662876,0.055967733,0.036017224,0.030792344,581,0,0,1,0.15028782868023005,0.84971217131977
0.63004905,0.06734197,0.052180827,0.24932365,0.16023737,582,0,0,1,0.436699664355477,0.563300335644523
0.6758675,0.05405937,0.039925825,0.33616313,0.16506892,583,0,0,1,0.05799112975335563,0.9420088702466444
0.69714046,0.06499091,0.059273463,0.19335426,0.11775119,584,0,0,1,0.2632018890800196,0.7367981109199804
0.7418313,0.05278256,0.03953669,0.24428283,0.18682605,585,0,0,1,0.02931634592221022,0.9706836540777898
0.6574536,0.04195764,0.024953702,0.31249183,0.25216186,586,0,0,1,0.28815482007689797,0.711845179923102
0.71937263,0.048575334,0.034224592,0.27908084,0.24775776,587,0,0,1,0.3905052834808327,0.6094947165191673
0.4782324,0.12586047,0.13608576,0.19996846,0.06689174,588,0,0,1,0.25920167966880814,0.7407983203311919
0.61863035,0.056114066,0.03963824,0.41654196,0.1589469,589,0,0,1,0.38690082402189785,0.6130991759781022
0.7728195,0.028306417,0.015413577,0.093933344,0.119870625,590,0,0,1,0.05158311899120127,0.9484168810087987
0.65966624,0.040179595,0.030534565,0.22066242,0.271013,591,0,0,1,0.34327883132126324,0.6567211686787368
0.80529684,0.06058091,0.044213325,0.2519345,0.18552361,592,0,0,1,0.40796355326614764,0.5920364467338524
0.7072808,0.033163488,0.021552717,0.101342775,0.08597735,593,0,0,1,0.04359801476093983,0.9564019852390602
0.6328995,0.054251373,0.039990194,0.38382885,0.18325956,594,0,0,1,0.03433061168126872,0.9656693883187313
0.7534661,0.054444164,0.039870284,0.30861446,0.23801129,595,0,0,1,0.07880938609454358,0.9211906139054564
0.7999396,0.035366174,0.024099205,0.15499263,0.059424568,596,0,0,1,0.48385491003581227,0.5161450899641877
0.5619044,0.043346565,0.028173812,0.23547927,0.1682022,597,0,0,1,0.30521666183919527,0.6947833381608047
0.61518145,0.054480836,0.039672337,0.31999558,0.1936134,598,0,0,1,0.16691102006886493,0.8330889799311351
0.71609485,0.034876324,0.022126088,0.061378326,0.039865006,599,0,0,1,0.39442392659355385,0.6055760734064461
0.42575684,0.10002916,0.12828255,0.19988608,0.11433932,600,0,0,1,0.2223651689849344,0.7776348310150656
0.62717694,0.053696055,0.040199663,0.33144727,0.20308994,601,0,0,1,0.05173426495913236,0.9482657350408676
0.6980325,0.058859963,0.043730732,0.23728217,0.09489415,602,0,0,1,0.215431609152838,0.784568390847162
0.73441887,0.04904966,0.034255397,0.1628658,0.09869528,603,0,0,1,0.06781753148317127,0.9321824685168287
0.64841056,0.048899084,0.034854893,0.20902856,0.162995,604,0,0,1,0.2737607427758689,0.7262392572241311
0.72905314,0.049069427,0.035029717,0.31322274,0.20056918,605,0,0,1,0.07868303635819618,0.9213169636418038
0.70087343,0.04644382,0.14304513,0.20801108,0.11560073,606,0,0,1,2.951472189760551e-06,0.9999970485278102
0.7992422,0.047928166,0.03486625,0.2967972,0.20704244,607,0,0,1,0.02785183601864416,0.9721481639813558
0.709798,0.040433373,0.026983436,0.12954357,0.119329475,608,0,0,1,0.11030241434954502,0.889697585650455
0.7521418,0.054234788,0.04036329,0.21239965,0.07875844,609,0,0,1,0.37512582315167053,0.6248741768483295
0.7094044,0.06129128,0.044478822,0.40925395,0.043105043,610,0,0,1,0.014400604778863402,0.9855993952211366
0.6539896,0.052603863,0.04005106,0.31741667,0.20038535,611,0,0,1,0.03493021563275245,0.9650697843672476
0.79142183,0.060363114,0.07600036,0.14448015,0.124209404,612,0,0,1,0.25482743380192574,0.7451725661980743
0.6566158,0.055913366,0.044459336,0.21849602,0.13216724,613,0,1,0,0.5164954526175011,0.48350454738249893
0.6277224,0.056366943,0.04062703,0.41231617,0.17329977,614,0,0,1,0.4792610258262253,0.5207389741737747
0.69522643,0.039317943,0.024901418,0.11248913,0.101961374,615,0,0,1,0.318842355131556,0.681157644868444
0.7092172,0.05906423,0.04270684,0.5348308,0.09370837,616,0,0,1,0.1109012451467235,0.8890987548532765
0.73446393,0.050367713,0.034034517,0.44360217,0.15755703,617,0,0,1,0.39530372508593314,0.6046962749140669
0.82041544,0.058934886,0.078900635,0.16734825,0.12782712,618,0,0,1,0.3408845854410829,0.6591154145589171
0.7039054,0.055918112,0.04271474,0.22577365,0.13610005,619,0,1,0,0.7424667096906314,0.2575332903093685
0.65919286,0.051570922,0.039555512,0.23754092,0.18074903,620,0,0,1,0.015079274821655386,0.9849207251783446
0.727241,0.05533815,0.040758613,0.3356064,0.102409564,621,0,0,1,0.48021705289769057,0.5197829471023094
0.74375904,0.06762717,0.051738735,0.28390992,0.24148585,622,0,0,1,0.47515862254286456,0.5248413774571354
0.7011589,0.057129167,0.041504152,0.45676687,0.2119994,623,0,0,1,0.39458113616808566,0.6054188638319143
0.723134,0.049932398,0.034604937,0.32901958,0.13162242,624,0,0,1,0.43212220735034823,0.5678777926496518
0.64713067,0.06754663,0.05197568,0.38988912,0.21745235,625,0,0,1,0.22759330384935494,0.7724066961506451
0.74035305,0.04195474,0.026182646,0.2571397,0.16472726,626,0,0,1,0.20028799147507848,0.7997120085249215
0.91116834,0.05415489,0.038939655,0.36367184,0.042289577,627,0,0,1,0.15448247002144866,0.8455175299785513
0.78282845,0.06273639,0.045573395,0.43388447,0.27669585,628,0,0,1,0.3938278885805725,0.6061721114194275
0.7092974,0.046518974,0.29942048,0.42691034,0.54520535,629,0,0,1,2.738552757897139e-07,0.9999997261447242
0.71004605,0.041242424,0.030893022,0.21735305,0.23285672,630,0,0,1,0.4504831240098395,0.5495168759901605
0.75256705,0.0623076,0.044240147,0.33691114,0.1769471,631,0,0,1,0.06682837186163415,0.9331716281383658
0.6741116,0.048634794,0.03477639,0.22031236,0.1335008,632,0,0,1,0.07746608281710188,0.9225339171828981
0.7248733,0.05484911,0.040013887,0.41671678,0.17311694,633,0,0,1,0.1513288220745974,0.8486711779254026
0.6249444,0.061718613,0.04410154,0.38050655,0.20354903,634,0,0,1,0.15178814118411355,0.8482118588158865
0.57316285,0.047888845,0.041333232,0.21653634,0.3138718,635,0,0,1,0.38777915850368305,0.612220841496317
0.6199842,0.06645595,0.050535675,0.39177197,0.14096318,636,0,0,1,0.13215156367753567,0.8678484363224643
0.6842867,0.05058877,0.033938855,0.27951953,0.1846992,637,0,0,1,0.49218914590758756,0.5078108540924124
0.73044944,0.061282888,0.045277596,0.43205708,0.20109455,638,0,0,1,0.021825352694863742,0.9781746473051363
0.6074747,0.049110193,0.034903515,0.21002175,0.15964489,639,0,0,1,0.26792750122497244,0.7320724987750276
0.6383893,0.06631798,0.0628532,0.22238055,0.08118685,640,0,0,1,0.33840821433639356,0.6615917856636064
0.66220343,0.046464607,0.035372578,0.24429616,0.19659945,641,0,0,1,0.15635228896012277,0.8436477110398772
0.7859115,0.04335471,0.027349565,0.2445021,0.107817315,642,0,0,1,0.36408880791007237,0.6359111920899276
0.7253824,0.04196552,0.02782848,0.24405952,0.17227228,643,0,0,1,0.09025121757295407,0.9097487824270459
0.6175235,0.045897495,0.035441495,0.19647965,0.12597607,644,0,0,1,0.17522065260128805,0.824779347398712
0.67670655,0.06174841,0.045029555,0.45189184,0.13544069,645,0,0,1,0.05056198855748795,0.949438011442512
0.6941068,0.053839274,0.15762885,0.20518757,0.073099844,646,0,0,1,0.0002887838359650896,0.9997112161640349
0.62209296,0.041283604,0.029366521,0.244564,0.10581724,647,0,0,1,0.3867215434610928,0.6132784565389072
0.69905955,0.05097789,0.034826722,0.2969676,0.101531275,648,0,0,1,0.20052046054036765,0.7994795394596323
0.6593234,0.058941506,0.044477623,0.31835374,0.20343573,649,0,0,1,0.04044075766091404,0.959559242339086
0.6637502,0.049326207,0.031380378,0.21779308,0.15663676,650,0,0,1,0.468875504556833,0.531124495443167
0.72380686,0.041967757,0.026045157,0.20195252,0.11650387,651,0,0,1,0.21785667220581306,0.7821433277941869
0.6117621,0.054320376,0.039002,0.34292534,0.10630504,652,0,0,1,0.23507698677156164,0.7649230132284384
0.694297,0.05074307,0.03483434,0.2712985,0.11983352,653,0,0,1,0.4064734769836239,0.5935265230163761
0.5129815,0.037534833,0.33377394,0.42657667,0.632823,654,0,0,1,3.121299230190999e-08,0.9999999687870077
0.7250679,0.043356653,0.026240129,0.3169746,0.14889868,655,0,0,1,0.3592936801712354,0.6407063198287646
0.68388504,0.062828094,0.045222744,0.39419866,0.06042012,656,0,0,1,0.24029060745114794,0.7597093925488521
0.694558,0.05537415,0.039882414,0.20183444,0.12339984,657,0,0,0,0.8387884539965874,0.16121154600341261
0.6439256,0.04865836,0.034772653,0.20195578,0.102022395,658,0,0,1,0.04559650492657841,0.9544034950734216
0.6280844,0.020845804,0.38635746,0.5049448,0.297959,659,0,0,1,4.046486311581887e-07,0.9999995953513688
0.6295728,0.048440114,0.03503029,0.20578767,0.14642061,660,0,0,1,0.1498323463264808,0.8501676536735192
0.6927608,0.059934296,0.042081326,0.36890066,0.13644554,661,0,0,1,0.20739578904777223,0.7926042109522278
0.57803077,0.033197593,0.028106384,0.17546967,0.26880935,662,0,0,1,0.3139689295463539,0.6860310704536461
0.9158058,0.041553546,0.026265385,0.3658453,0.052258357,663,0,0,1,0.48566952332998636,0.5143304766700136
0.6316666,0.06146328,0.043468975,0.42487225,0.17429206,664,0,0,1,0.26252277778355004,0.73747722221645
0.6141924,0.067519784,0.05155824,0.35138994,0.15148206,665,0,0,1,0.12781057837947563,0.8721894216205244
0.66359335,0.060151912,0.041692548,0.38598216,0.16905494,666,0,0,1,0.4974780605150245,0.5025219394849755
0.6314054,0.06286239,0.04565036,0.34916887,0.081459515,667,0,0,1,0.39372934748113997,0.60627065251886
0.59931993,0.066167966,0.050261334,0.28580305,0.13402776,668,0,0,1,0.4895647201336456,0.5104352798663544
0.6969383,0.054193817,0.040243216,0.2901384,0.23854202,669,0,0,1,0.11675767082794908,0.8832423291720509
0.7434187,0.062152356,0.052477345,0.15023166,0.10484367,670,0,0,1,0.4968440749190747,0.5031559250809253
0.6600367,0.053944923,0.039500233,0.3469588,0.119630635,671,0,0,1,0.064663349593711,0.935336650406289
0.7854159,0.06145637,0.043704387,0.32934794,0.15953639,672,0,0,1,0.25600419582630585,0.7439958041736942
0.656089,0.048601255,0.27662277,0.46973446,0.2741205,673,0,0,1,1.1718905832402982e-06,0.9999988281094168
0.7009027,0.044501774,0.22228138,0.3455328,0.1499781,674,0,0,1,1.4342938614575473e-08,0.9999999856570614
0.68915397,0.05744405,0.040212147,0.35412577,0.20827752,675,0,0,1,0.24619373178173476,0.7538062682182652
0.6369915,0.06057174,0.04426145,0.32068735,0.17736313,676,0,0,1,0.04785225677412219,0.9521477432258778
0.70900226,0.056509804,0.039180655,0.36650378,0.1911758,677,0,0,1,0.4718697035839803,0.5281302964160197
0.7240044,0.059896763,0.11993603,0.23773095,0.098532826,678,0,0,1,0.0024000757585648236,0.9975999242414352
0.7172491,0.039532337,0.029305518,0.21714064,0.1422107,679,0,0,1,0.14580895937948912,0.8541910406205109
0.7184936,0.041956656,0.026019417,0.20187826,0.15999015,680,0,0,1,0.19654448168436778,0.8034555183156322
0.66524804,0.048776593,0.034385,0.3648928,0.11976677,681,0,0,1,0.11383957174636039,0.8861604282536396
0.7297708,0.035961002,0.022446929,0.19943003,0.12607744,682,0,0,1,0.03663652416179819,0.9633634758382018
0.68811566,0.062009335,0.043366477,0.4316794,0.15264174,683,0,0,1,0.07020591623257388,0.9297940837674261
0.6293749,0.04774852,0.038916674,0.2884589,0.28252375,684,0,0,1,0.0914910910579283,0.9085089089420717
0.6265467,0.062078483,0.044679854,0.53057027,0.13149938,685,0,0,1,0.05666268586757306,0.9433373141324269
0.8027263,0.06501151,0.050589792,0.52091545,0.10144109,686,0,0,1,0.13366998396304364,0.8663300160369564
0.6957902,0.05518599,0.09071655,0.17015962,0.10433102,687,0,0,1,0.044470036846748884,0.9555299631532511
0.6376041,0.056413017,0.03987455,0.35387447,0.10241486,688,0,0,1,0.33183245489358637,0.6681675451064136
0.70754534,0.053608187,0.040449318,0.27833965,0.33997005,689,0,0,1,0.27502432073827787,0.7249756792617221
0.6713381,0.059866287,0.04286063,0.35173172,0.18801044,690,0,0,1,0.323631785437282,0.676368214562718
0.8932938,0.061886303,0.043274216,0.44220176,0.14567964,691,0,0,1,0.30070541255859196,0.699294587441408
0.6945691,0.03511345,0.02223545,0.17734951,0.1410718,692,0,0,1,0.41079117082131344,0.5892088291786866
0.7034682,0.04336536,0.028999861,0.3734465,0.11365118,693,0,0,1,0.02483888839145021,0.9751611116085498
0.7384494,0.041962206,0.026266979,0.22632565,0.17090133,694,0,0,1,0.271945289558294,0.728054710441706
0.83940756,0.04920188,0.034798574,0.30609927,0.08390654,695,0,0,1,0.06954077816312443,0.9304592218368756
0.6862228,0.06603433,0.052508455,0.2308255,0.1799422,696,0,0,1,0.4558762471955049,0.5441237528044951
0.78497154,0.062563136,0.04359821,0.32657605,0.1730944,697,0,0,1,0.24959720701802823,0.7504027929819718
0.67006755,0.041978326,0.026252959,0.15075837,0.1221813,698,0,0,1,0.14612251832567835,0.8538774816743216
0.6959651,0.0676561,0.0622586,0.29927477,0.096207455,699,0,0,1,0.005112349272259342,0.9948876507277407
0.72084236,0.04932495,0.03353797,0.20684296,0.0028522178,700,0,0,1,0.13392184252652273,0.8660781574734773
0.56458914,0.062360737,0.04367838,0.3397932,0.17617697,701,0,0,1,0.3600178830783126,0.6399821169216874
0.7061469,0.04197175,0.02668624,0.2087435,0.10862524,702,0,0,1,0.05643162237054922,0.9435683776294508
0.70548034,0.053977348,0.038968317,0.33024257,0.10807252,703,0,0,1,0.19876785312304657,0.8012321468769534
0.74920845,0.05968179,0.043556575,0.26997292,0.18137658,704,0,0,1,0.11691981482459168,0.8830801851754083
0.78178424,0.049323596,0.030908741,0.2952461,0.15251811,705,0,0,1,0.3605532166361495,0.6394467833638505
0.7078808,0.061791565,0.04378006,0.34298703,0.1636685,706,0,0,1,0.08792530775476093,0.9120746922452391
0.73416644,0.048438042,0.034655772,0.22393875,0.1195932,707,0,0,1,0.022453396319459418,0.9775466036805406
0.6573589,0.06254749,0.043680098,0.34838682,0.14440776,708,0,0,1,0.27068030614743654,0.7293196938525635
0.6474725,0.065896116,0.052989956,0.4185006,0.109442525,709,0,0,1,0.022525875975323184,0.9774741240246768
0.74974346,0.06047952,0.044415917,0.3054163,0.25870007,710,0,0,1,0.08654825901813845,0.9134517409818615
0.59602475,0.047718868,0.03389849,0.44387642,0.12607077,711,0,0,1,0.11463287153733226,0.8853671284626677
0.70515865,0.04857601,0.034658283,0.22635661,0.22311948,712,0,0,1,0.062354757058351584,0.9376452429416484
0.74205744,0.04195414,0.026021723,0.107409924,0.055041958,713,0,0,1,0.02271214305332525,0.9772878569466747
0.70836353,0.062386677,0.043889035,0.30767763,0.24623936,714,0,0,1,0.4060663185768799,0.5939336814231201
0.7356261,0.050774004,0.0339451,0.3153938,0.09400508,715,0,0,1,0.4813990082451862,0.5186009917548138
0.71907127,0.065112,0.05830537,0.22397807,0.09876085,716,0,0,1,0.12939737820916253,0.8706026217908375
0.70473945,0.04896109,0.1322743,0.15581359,0.2174373,717,0,0,1,0.0006860122571119565,0.999313987742888
0.64323467,0.063203625,0.047477975,0.33687633,0.1637237,718,0,0,1,0.021683369556642074,0.9783166304433579
0.6597311,0.044409685,0.035306733,0.18392767,0.18042043,719,0,0,1,0.16828201971730183,0.8317179802826982
0.6990482,0.04770978,0.03527302,0.18034275,0.13940312,720,0,0,1,0.05073538835896951,0.9492646116410305
0.68427974,0.053515702,0.039684184,0.33107364,0.26548803,721,0,0,1,0.22028962579858902,0.779710374201411
0.7365037,0.062216014,0.047092415,0.20622203,0.15677813,722,0,0,1,0.4906613781686535,0.5093386218313465
0.68242306,0.06264533,0.044431213,0.24167924,0.16069004,723,0,0,1,0.4050864989639178,0.5949135010360822
0.526893,0.060605977,0.043675847,0.44840646,0.1311662,724,0,0,1,0.09127558264777125,0.9087244173522288
0.67245144,0.049386706,0.038412817,0.2473557,0.119556464,725,0,1,0,0.5340203202080374,0.46597967979196264
0.6314978,0.047948055,0.03892216,0.22409426,0.27277455,726,0,0,1,0.14403660218636005,0.85596339781364
0.7407954,0.06352291,0.09043007,0.32052335,0.099920765,727,0,0,1,0.0013120144787259758,0.998687985521274
0.6716758,0.061891306,0.04708448,0.24253637,0.07880921,728,0,0,1,0.19380154486632561,0.8061984551336744
0.6649572,0.035798073,0.024829887,0.13785952,0.07876881,729,0,1,0,0.5639029180238607,0.4360970819761393
0.751986,0.04228717,0.33458477,0.46269476,0.3588229,730,0,0,1,4.01051971066213e-06,0.9999959894802893
0.66142803,0.049653463,0.2833139,0.45905235,0.16142926,731,0,0,1,2.3635028045809747e-08,0.999999976364972
0.6839522,0.05553046,0.042045012,0.23367226,0.074602775,732,0,1,0,0.5591883362668748,0.44081166373312525
0.7537681,0.06112354,0.043513905,0.31192395,0.2701739,733,0,0,1,0.2450679430296675,0.7549320569703325
0.85359424,0.062119678,0.04412719,0.49095517,0.12492968,734,0,0,1,0.11762292103656269,0.8823770789634373
0.65134007,0.046461724,0.037835676,0.21495883,0.09042597,735,0,1,0,0.5031414544733405,0.49685854552665953
0.81550145,0.061090734,0.042964507,0.34645957,0.117699794,736,0,0,1,0.4332872342329247,0.5667127657670753
0.70508295,0.062385358,0.044244174,0.38902134,0.16703214,737,0,0,1,0.02371144561209948,0.9762885543879005
0.6647767,0.054140624,0.039641954,0.32280803,0.19194841,738,0,0,1,0.1259508668428676,0.8740491331571324
0.73249537,0.058955275,0.086329415,0.16533712,0.15934722,739,0,0,1,0.08546856050211593,0.9145314394978841
0.767445,0.05581571,0.042351246,0.18194997,0.10176563,740,0,1,0,0.9898389005136995,0.010161099486300486
0.62654215,0.062016107,0.044047132,0.2797552,0.08341918,741,0,0,1,0.3812523150842355,0.6187476849157645
0.7675998,0.06078329,0.044043675,0.38103795,0.2706876,742,0,0,1,0.07223269830728563,0.9277673016927144
0.71415776,0.062382367,0.04432726,0.42406854,0.17391632,743,0,0,1,0.02371144561209948,0.9762885543879005
0.83733445,0.06575649,0.06500375,0.2646958,0.12169385,744,0,0,1,0.053807029555875796,0.9461929704441242
0.7093528,0.039816897,0.027311182,0.13699223,0.16333072,745,0,0,1,0.17347142979545904,0.826528570204541
0.71578217,0.06304489,0.043318775,0.35974514,0.11838743,746,0,0,1,0.4564505007857099,0.5435494992142901
0.6069671,0.046016254,0.035157625,0.18196498,0.18151958,747,0,0,1,0.39974037210757263,0.6002596278924274
0.72713256,0.052848317,0.039512068,0.37331706,0.12395762,748,0,0,1,0.01550715725213725,0.9844928427478628
0.62171507,0.059992347,0.08381293,0.21472189,0.19127241,749,0,0,1,0.019698320961156868,0.9803016790388431
0.81566817,0.050390664,0.10337057,0.14705993,0.19195125,750,0,0,1,0.005061899100259448,0.9949381008997406
0.6194724,0.066459924,0.05106955,0.267698,0.11458296,751,0,0,1,0.3314722106268133,0.6685277893731867
0.65180427,0.065562576,0.05023796,0.32451344,0.17866533,752,0,0,1,0.39277874437923865,0.6072212556207613
0.6163334,0.06752489,0.060751434,0.27774888,0.1378813,753,0,0,1,0.020916862493953525,0.9790831375060465
0.6534122,0.03475433,0.026794273,0.24325226,0.18939184,754,0,0,1,0.10318157065241407,0.8968184293475859
0.7052001,0.05066878,0.24299203,0.4156107,0.22609262,755,0,0,1,1.333060906105743e-07,0.9999998666939094
0.7654648,0.035886724,0.020753931,0.13590258,0.057823267,756,0,0,1,0.12732449587606798,0.872675504123932
0.7457115,0.062314015,0.04395295,0.34028322,0.17813158,757,0,0,1,0.04586022559155134,0.9541397744084487
0.738082,0.041950032,0.026627526,0.24730474,0.17847505,758,0,0,1,0.09346224111033374,0.9065377588896663
0.6711036,0.05145991,0.039831165,0.21949767,0.21665692,759,0,0,1,0.166656645247924,0.833343354752076
0.66303504,0.047908828,0.28100199,0.49905923,0.28542897,760,0,0,1,1.1718905832402982e-06,0.9999988281094168
0.7249251,0.052647643,0.039468575,0.27193996,0.23720118,761,0,0,1,0.10238100313728993,0.8976189968627101
0.65520185,0.061107244,0.043426845,0.4962505,0.14702208,762,0,0,1,0.08176413712605834,0.9182358628739417
0.7306989,0.04974353,0.03756891,0.22043519,0.11113831,763,0,1,0,0.9020410660952503,0.0979589339047498
0.6964238,0.053951077,0.03981938,0.33376554,0.21896566,764,0,0,1,0.06686035025298309,0.9331396497470169
0.782394,0.05663506,0.15349218,0.25250486,0.2877227,765,0,0,1,0.001522297513252946,0.998477702486747
0.78806853,0.062389385,0.04342838,0.42554337,0.19123234,766,0,0,1,0.1922427842367732,0.8077572157632268
0.8066251,0.066524066,0.05151818,0.397942,0.073826805,767,0,0,1,0.07839295357979059,0.9216070464202094
0.64365757,0.060500883,0.10236876,0.22397055,0.17933877,768,0,0,1,0.0022726834969089005,0.9977273165030911
0.6772484,0.049029015,0.03494002,0.23075624,0.16320094,769,0,0,1,0.08636808020400422,0.9136319197959958
0.62516546,0.052717734,0.039734825,0.23976278,0.07912622,770,0,0,1,0.15628125056379438,0.8437187494362056
0.6117058,0.06726552,0.061447572,0.32597962,0.2014876,771,0,0,1,0.017525757906778572,0.9824742420932214
0.47802252,0.06428106,0.051247362,0.58172953,0.030127555,772,0,0,1,0.008418149613295123,0.9915818503867049
0.74302834,0.06166119,0.0449375,0.31407738,0.2459218,773,0,0,1,0.23727066022234788,0.7627293397776521
0.59445035,0.0625481,0.04404381,0.4088044,0.17572182,774,0,0,1,0.09097950553728762,0.9090204944627124
0.8667235,0.052429613,0.044695225,0.17222087,0.09354881,775,0,0,1,0.045328690367163915,0.9546713096328361
0.5865758,0.060977623,0.043859843,0.44677806,0.09529925,776,0,0,1,0.14002507746630777,0.8599749225336922
0.6599221,0.054288764,0.1101357,0.17985836,0.16785178,777,0,0,1,0.03011712148687451,0.9698828785131255
0.7113332,0.041950114,0.026876003,0.23016202,0.32642645,778,0,0,1,0.18283380429367901,0.817166195706321
0.76490545,0.035880234,0.02196857,0.24546331,0.19301686,779,0,0,1,0.10714650045429819,0.8928534995457018
0.72619265,0.06126145,0.044251565,0.37885958,0.10711989,780,0,0,1,0.08237874487347263,0.9176212551265274
0.63227063,0.062331773,0.043966293,0.5133721,0.17010224,781,0,0,1,0.0670905649532546,0.9329094350467454
0.69334537,0.06704979,0.051340755,0.4786747,0.07728361,782,0,0,1,0.029211597154569446,0.9707884028454306
0.68109584,0.06697585,0.052146755,0.36786518,0.22654386,783,0,0,1,0.19765455410533217,0.8023454458946678
0.6712029,0.062448215,0.043944873,0.326419,0.19704697,784,0,0,1,0.16744623885357257,0.8325537611464274
0.7573388,0.057353433,0.039109424,0.35635465,0.17271692,785,0,0,1,0.27935615825446536,0.7206438417455346
0.75079256,0.06594688,0.051245954,0.49608833,0.2504317,786,0,0,1,0.07707062622942606,0.9229293737705739
0.71816695,0.070232786,0.05799668,0.3347142,0.1604422,787,0,0,1,0.17845362673591836,0.8215463732640816
0.67279524,0.05834897,0.080548435,0.16253355,0.116179526,788,0,0,1,0.1769945279380748,0.8230054720619252
0.7043762,0.06265264,0.042994775,0.3364609,0.084228,789,0,0,1,0.29613233485475343,0.7038676651452466
0.865869,0.04952394,0.03556392,0.23257773,0.0533881,790,0,0,1,0.4166467505088519,0.5833532494911481
0.74291825,0.042052604,0.031733103,0.16221157,0.09961085,791,0,1,0,0.9028485812801957,0.0971514187198043
0.6282605,0.061206155,0.043059595,0.3746326,0.14408214,792,0,0,1,0.08919877244075702,0.910801227559243
0.59999406,0.053884584,0.03902834,0.34917423,0.15087011,793,0,0,1,0.06992752563514149,0.9300724743648585
0.6476059,0.06448589,0.070721366,0.24327129,0.03920479,794,0,0,1,0.03910643162398131,0.9608935683760187
0.7578513,0.054489788,0.039680544,0.27113748,0.11553639,795,0,0,1,0.13826613592163806,0.8617338640783619
0.66316384,0.03362974,0.020751862,0.1906489,0.12834047,796,0,1,1,0.4458266013921739,0.5541733986078261
0.6860966,0.061470494,0.043442756,0.4495631,0.23489334,797,0,0,1,0.359196644660546,0.640803355339454
0.6876907,0.06741637,0.052342556,0.3315361,0.12195394,798,0,0,1,0.04724787998354596,0.952752120016454
0.6995833,0.0433537,0.026679637,0.22372167,0.10850486,799,0,0,1,0.1138255946003468,0.8861744053996532
0.7520729,0.049985558,0.034867242,0.25688007,0.15464061,800,0,0,1,0.44133257568869366,0.5586674243113063
0.7447372,0.05658674,0.04017022,0.34321076,0.18632486,801,0,0,1,0.29049048715640446,0.7095095128435955
0.681976,0.05226645,0.040341467,0.33717117,0.26060447,802,0,0,1,0.27938530310566834,0.7206146968943317
0.73929816,0.067182586,0.05778463,0.24358162,0.2871715,803,0,0,1,0.4966879307848284,0.5033120692151716
0.6986218,0.060047682,0.08741252,0.1344065,0.13062975,804,0,0,1,0.35021905877311177,0.6497809412268882
0.6949984,0.06287728,0.043807067,0.41044897,0.14528418,805,0,0,1,0.3342848371537779,0.6657151628462221
0.72794366,0.066944815,0.050190896,0.33087257,0.14466724,806,0,0,1,0.46400266068846086,0.5359973393115391
0.58905137,0.041269444,0.032241493,0.15349483,0.17223781,807,0,0,1,0.1709261724002764,0.8290738275997236
0.7699737,0.06801563,0.06088059,0.30882934,0.14434691,808,0,0,1,0.10201455192397602,0.897985448076024
0.7335298,0.049323715,0.032492757,0.26055,0.22675912,809,0,0,1,0.37714773063819185,0.6228522693618082
0.65366817,0.06316189,0.10466901,0.27440184,0.14715959,810,0,0,1,8.312176226443757e-05,0.9999168782377356
0.7006379,0.06657594,0.050043654,0.2894399,0.11240651,811,0,0,1,0.3003931602952292,0.6996068397047708
0.64856225,0.048673414,0.03502465,0.29883453,0.13848832,812,0,0,1,0.06116633592468179,0.9388336640753182
0.8416284,0.06486901,0.0518415,0.50299275,0.19326119,813,0,0,1,0.007504708510043923,0.9924952914899561
0.7358036,0.06205333,0.045117356,0.3426147,0.13997777,814,0,0,1,0.05452103019483767,0.9454789698051623
0.56891346,0.06218863,0.062295545,0.22737245,0.98726916,815,0,0,1,0.027938682079211685,0.9720613179207883
0.7062631,0.050660692,0.038648408,0.23325518,0.28829384,816,0,0,1,0.29845210319496795,0.701547896805032
0.8084089,0.061756156,0.043248683,0.403566,0.17723157,817,0,0,1,0.2271440747565493,0.7728559252434507
0.7665457,0.057479583,0.038812008,0.35577622,0.18135399,818,0,0,1,0.3797534447626264,0.6202465552373736
0.7043508,0.062311456,0.043991778,0.38780448,0.19598633,819,0,0,1,0.032480765708190695,0.9675192342918093
0.65341717,0.06554836,0.050887577,0.29122525,0.22047873,820,0,0,1,0.4181865682088024,0.5818134317911976
0.66169584,0.06036341,0.05105401,0.20198257,0.2260661,821,0,0,1,0.35392618505962004,0.64607381494038
0.58683234,0.06297566,0.045016058,0.3613574,0.12735642,822,0,0,1,0.48247624763917585,0.5175237523608242
0.64132744,0.053393815,0.03953868,0.3553368,0.12887028,823,0,0,1,0.026934784327974026,0.973065215672026
0.7493012,0.03250963,0.021562766,0.14109418,0.11189643,824,0,0,1,0.2541130124146359,0.7458869875853641
0.7829618,0.06574256,0.04947427,0.5369247,0.073908016,825,0,0,1,0.2785482974176896,0.7214517025823104
0.72689086,0.061222885,0.044405036,0.4687704,0.23319493,826,0,0,1,0.08006852137258658,0.9199314786274134
0.70945644,0.06539179,0.08508373,0.28195876,0.15014002,827,0,0,1,0.0009743020997079466,0.999025697900292
0.6565403,0.06689639,0.054277953,0.25197613,0.14074461,828,0,0,1,0.4440218915902857,0.5559781084097143
0.69065136,0.05738206,0.043637827,0.21758279,0.20940426,829,0,0,1,0.4189283540113701,0.5810716459886299
0.7265111,0.049740985,0.035229325,0.34624782,0.15224342,830,0,0,1,0.4460116942387585,0.5539883057612415
0.5398399,0.05404679,0.03966218,0.3216617,0.1784934,831,0,0,1,0.10559601195607371,0.8944039880439263
0.6979483,0.063311525,0.04720889,0.33820474,0.107542925,832,0,0,0,0.610173935529538,0.389826064470462
0.7864034,0.06870218,0.05273528,0.31803897,0.100798704,833,0,0,1,0.4562166166779703,0.5437833833220297
0.5968408,0.048540838,0.03403676,0.3291015,0.16921033,834,0,0,1,0.1727469755430192,0.8272530244569808
0.6594667,0.028382193,0.01595601,0.102260016,0.08797739,835,0,0,1,0.4872699840667326,0.5127300159332674
0.5789186,0.061265577,0.10197165,0.19368073,0.15290168,836,0,0,1,0.010013751749805344,0.9899862482501947
0.66882545,0.05827178,0.1049555,0.17711386,0.16556628,837,0,0,1,0.10118514703833514,0.8988148529616649
0.7863344,0.05619329,0.03974866,0.36186218,0.17192613,838,0,0,1,0.3042582956985682,0.6957417043014318
0.63081646,0.057353567,0.039400287,0.37888217,0.09221433,839,0,0,1,0.4335710500403218,0.5664289499596782
0.79219276,0.064416036,0.050880957,0.22943415,0.16092052,840,0,0,1,0.39577206510798324,0.6042279348920168
0.66308516,0.06326364,0.08141271,0.20990373,0.08539093,841,0,0,1,0.014363466245172152,0.9856365337548278
0.5853751,0.04752124,0.03570301,0.23904763,0.19678164,842,0,0,1,0.3718038429437822,0.6281961570562178
0.53635466,0.060716882,0.045164745,0.38347688,0.079439834,843,0,0,1,0.047544220308713636,0.9524557796912864
0.6349738,0.048318855,0.03480019,0.17925769,0.123008594,844,0,0,1,0.18512850094435984,0.8148714990556402
0.7199979,0.061302196,0.043990977,0.22424558,0.097152315,845,0,0,1,0.4974822837277385,0.5025177162722615
0.695819,0.06802332,0.06932034,0.34626862,0.10901545,846,0,1,1,0.09248947397784835,0.9075105260221517
0.7122824,0.041969847,0.025677089,0.117517225,0.117812224,847,0,0,1,0.14906708345059327,0.8509329165494067
0.667358,0.049783953,0.04035682,0.2160914,0.22904545,848,0,0,1,0.1068086635840777,0.8931913364159223
0.7393903,0.053829685,0.09930825,0.15208207,0.44937673,849,0,0,1,0.2580609494253282,0.7419390505746718
0.7203208,0.058828108,0.044187725,0.24397548,0.107178755,850,0,0,1,0.4577812178014362,0.5422187821985638
0.6925918,0.041724008,0.029538661,0.121826746,0.113271005,851,0,0,1,0.017217153661646223,0.9827828463383538
0.73959404,0.06265734,0.043602835,0.3454434,0.18135467,852,0,0,1,0.24959890602053314,0.7504010939794669
0.68177766,0.0669821,0.050899535,0.32949114,0.12885651,853,0,0,1,0.13193028711312182,0.8680697128868782
0.7502384,0.041955177,0.026186625,0.19220747,0.10742326,854,0,0,1,0.33475506945908506,0.6652449305409149
0.7121571,0.04015109,0.051705092,0.108754955,0.26594365,855,0,0,1,0.004283515445206776,0.9957164845547932
0.67986876,0.030642545,0.016752891,0.09653509,0.08278889,856,0,0,1,0.4321768488320734,0.5678231511679266
0.58104414,0.05467476,0.03906319,0.21558666,0.15914722,857,0,1,0,0.8370627527884801,0.1629372472115199
0.62084776,0.053783674,0.038612932,0.37635526,0.107977375,858,0,0,1,0.39469089439796257,0.6053091056020374
0.672695,0.050715093,0.04056691,0.22147346,0.22072849,859,0,0,1,0.1590305250314502,0.8409694749685498
0.7176292,0.032961037,0.021513028,0.16856961,0.14544627,860,0,0,1,0.4852713293513775,0.5147286706486225
0.6712849,0.06099987,0.06426008,0.19770283,0.35884082,861,0,0,1,0.05312031498634828,0.9468796850136517
0.7122335,0.05137833,0.04153973,0.115997344,0.18681604,862,0,0,1,0.39940317233555844,0.6005968276644416
0.69139767,0.044675715,0.060342886,0.13012205,0.22503023,863,0,0,1,0.005706239905005739,0.9942937600949943
0.6616384,0.062453024,0.04379863,0.36712456,0.1674242,864,0,0,1,0.30943487734020503,0.690565122659795
0.6692469,0.035881825,0.020775938,0.20150067,0.1282846,865,0,0,1,0.17672037882097436,0.8232796211790256
0.6588244,0.050561998,0.04473458,0.12077953,0.106815256,866,0,0,1,0.24135497211018986,0.7586450278898101
0.7692955,0.062229704,0.049710177,0.22097304,0.19290456,867,0,0,1,0.37512877109505416,0.6248712289049458
0.70357704,0.06254582,0.044376276,0.2333219,0.18346232,868,0,0,1,0.35989872226276376,0.6401012777372362
0.61568415,0.062243924,0.04448478,0.30581197,0.1560217,869,0,0,1,0.0950557126921251,0.9049442873078749
0.67894256,0.06500539,0.06456059,0.22234917,0.10126967,870,0,0,1,0.15828679017002856,0.8417132098299714
0.58006084,0.06251325,0.04368944,0.423516,0.18294202,871,0,0,1,0.29291837926375697,0.707081620736243
0.606802,0.06138323,0.043676745,0.42571053,0.15107693,872,0,0,1,0.20444207215660304,0.795557927843397
0.6647277,0.057069466,0.040402744,0.40988538,0.15377982,873,0,0,1,0.3460740708879072,0.6539259291120928
0.6413271,0.04952994,0.03576876,0.2648054,0.14214486,874,0,0,1,0.4134870722267291,0.5865129277732709
0.7880432,0.049323883,0.03571824,0.4023679,0.16939026,875,0,0,1,0.0002998040292064852,0.9997001959707935
0.67249733,0.06409277,0.048271734,0.3399574,0.1909921,876,0,1,0,0.6887010984273364,0.3112989015726636
0.7371876,0.04195599,0.02827783,0.22229557,0.21909034,877,0,0,1,0.13662691225744494,0.8633730877425551
0.6426771,0.05085936,0.038730647,0.305706,0.25762743,878,0,0,1,0.44848425058424246,0.5515157494157575
0.6946153,0.06610891,0.050340258,0.3754867,0.116827756,879,0,0,1,0.16601825048159835,0.8339817495184016
0.6777508,0.06748743,0.055837676,0.43266767,0.18426152,880,0,0,1,0.038580635315956235,0.9614193646840438
0.8419465,0.052781675,0.039946634,0.3142179,0.07613278,881,0,0,1,0.061670339247523964,0.938329660752476
0.72373724,0.041961245,0.02429539,0.10981307,0.086032905,882,0,0,1,0.2598178829313599,0.7401821170686401
0.64370865,0.062418215,0.044136267,0.4028457,0.13282901,883,0,0,1,0.05666268586757306,0.9433373141324269
0.6431437,0.0486398,0.034788344,0.22938834,0.17854962,884,0,0,1,0.07789326241142092,0.9221067375885791
0.7580534,0.04909836,0.034719635,0.20400038,0.08086336,885,0,0,1,0.07208748052988034,0.9279125194701197
0.7822733,0.041964978,0.026594438,0.24635264,0.079708114,886,0,0,1,0.1467306033561122,0.8532693966438878
0.7305628,0.053456306,0.040372312,0.22614516,0.20819587,887,0,0,1,0.05261613297435741,0.9473838670256426
0.7092665,0.06262885,0.05474987,0.13915166,0.15461665,888,0,0,1,0.1824299114332949,0.8175700885667051
0.59945196,0.05093319,0.039216325,0.41663247,0.17049398,889,0,0,1,0.0393704863785892,0.9606295136214108
0.707267,0.047914125,0.033391032,0.22055306,0.1631889,890,0,0,0,0.8151479979392331,0.18485200206076685
0.6614004,0.062993266,0.045156002,0.42108595,0.19776955,891,0,0,1,0.454537530739211,0.545462469260789
0.7595182,0.06264312,0.044126693,0.3522104,0.18491222,892,0,0,1,0.029067275087673594,0.9709327249123264
0.68438876,0.06099682,0.044604592,0.40082774,0.110282764,893,0,0,1,0.03272355522318737,0.9672764447768126
0.68807244,0.04851739,0.034885,0.24986811,0.112773076,894,0,0,1,0.01596962041402694,0.9840303795859731
0.704782,0.05423685,0.03946249,0.3348836,0.16984616,895,0,0,1,0.017658610885072146,0.9823413891149279
0.68654007,0.05444357,0.03955049,0.38068572,0.21526997,896,0,0,1,0.04764514280608301,0.952354857193917
0.71018285,0.06436204,0.086146176,0.23130576,0.110806786,897,0,0,1,0.023310177999537607,0.9766898220004624
0.5973589,0.06677973,0.04929268,0.4882825,0.13787678,898,0,0,1,0.22580626438424534,0.7741937356157547
0.7078248,0.030714314,0.018798567,0.07955427,0.06711483,899,0,0,1,0.40050129948664825,0.5994987005133517
0.7480626,0.05325666,0.039952192,0.2945486,0.17945689,900,0,0,1,0.02108147920912029,0.9789185207908797
0.76205224,0.05417657,0.039756794,0.39257142,0.08703926,901,0,0,1,0.027292869731607716,0.9727071302683923
0.6272338,0.04195327,0.026027294,0.21275857,0.14519264,902,0,0,1,0.3201779939799688,0.6798220060200312
0.7292024,0.0419513,0.026005886,0.15930586,0.12455568,903,0,0,1,0.11345210067746525,0.8865478993225347
0.75588757,0.050483156,0.03389927,0.25389218,0.13014738,904,0,0,1,0.45266587431757943,0.5473341256824206
0.64195085,0.06664791,0.051412206,0.37326986,0.12821744,905,0,0,1,0.08640061568931245,0.9135993843106875
0.62384045,0.059710927,0.04249284,0.41527328,0.1422024,906,0,0,1,0.4750183889252386,0.5249816110747614
0.5958833,0.06077397,0.09105801,0.32565176,0.55749035,907,0,0,1,0.00013017455373320885,0.9998698254462668
0.7789874,0.061076764,0.044939555,0.31969887,0.20398551,908,0,0,1,0.03958953220849981,0.9604104677915002
0.91122866,0.0617955,0.043581977,0.4414667,0.05952834,909,0,0,1,0.4488121738257338,0.5511878261742662
0.77341574,0.066905975,0.05242521,0.32442135,0.114226334,910,0,0,1,0.10239862658811272,0.8976013734118873
0.6074689,0.064552836,0.052253723,0.22601081,0.08735241,911,0,0,1,0.29876151018168184,0.7012384898183182
0.65335125,0.052742288,0.03980195,0.24238564,0.18516159,912,0,0,1,0.09531720413849665,0.9046827958615034
0.68324065,0.067807026,0.052235182,0.25073493,0.10731266,913,0,0,1,0.45633722047669856,0.5436627795233014
0.6961363,0.059809133,0.04396591,0.35447943,0.23908359,914,0,0,1,0.013615979309823723,0.9863840206901763
0.6305818,0.061049122,0.044103857,0.2911945,0.1362052,915,0,0,1,0.12416960872863159,0.8758303912713684
0.68581253,0.049327157,0.035113078,0.26197356,0.33976096,916,0,0,1,0.009534894561626817,0.9904651054383732
0.69176686,0.06115806,0.04384189,0.287909,0.19110821,917,0,0,1,0.1972631575961582,0.8027368424038418
0.6349932,0.048456408,0.03941464,0.24469802,0.27204213,918,0,0,1,0.03954693142538379,0.9604530685746162
0.67538285,0.06487598,0.071734376,0.24046144,0.090379104,919,0,0,1,0.040390933198820145,0.9596090668011799
0.62967664,0.05512937,0.090327725,0.18309325,0.18685804,920,0,0,1,0.08945860508942849,0.9105413949105715
0.75590926,0.053914644,0.03976019,0.27817053,0.27355224,921,0,0,1,0.42267351326319924,0.5773264867368008
0.5298831,0.066679835,0.051710114,0.36324698,0.07452194,922,0,0,1,0.12515012572286754,0.8748498742771325
0.69070923,0.06736611,0.068912886,0.19526285,0.14823766,923,0,0,1,0.45150448076587346,0.5484955192341265
0.00023242438,0.060947027,0.08977714,0.32831785,0.000602748,924,0,0,1,4.424191082930129e-05,0.9999557580891707
0.5999581,0.044686552,0.034025032,0.18190897,0.15177853,925,0,1,1,0.12589208571356125,0.8741079142864387
0.6051833,0.048612386,0.03477774,0.3377951,0.19927448,926,0,0,1,0.24562833852849153,0.7543716614715085
0.6748994,0.053462077,0.039115418,0.31704175,0.16686183,927,0,0,1,0.08342130641051382,0.9165786935894862
0.59324867,0.06101738,0.044180777,0.44564453,0.21419773,928,0,0,1,0.14805480462705656,0.8519451953729434
0.68631935,0.057467546,0.038766976,0.2976429,0.15890154,929,0,0,1,0.4024382398852927,0.5975617601147073
0.7759215,0.041968837,0.030383542,0.2296953,0.07517048,930,0,0,1,0.1582963512802139,0.8417036487197861
0.73506725,0.049197335,0.034630403,0.27987224,0.16684683,931,0,0,1,0.0504984721183418,0.9495015278816582
0.67232734,0.06221183,0.04513499,0.26148838,0.14498016,932,0,0,1,0.28503915862151463,0.7149608413784854
0.64699095,0.041972816,0.026175687,0.16385594,0.15348077,933,0,0,1,0.22340068598600593,0.7765993140139941
0.69616526,0.049323123,0.03075011,0.25453982,0.15073681,934,0,0,1,0.17718852157350096,0.822811478426499
0.7256112,0.04996767,0.033928633,0.3235309,0.16742003,935,0,0,1,0.4886685584485625,0.5113314415514375
0.7356308,0.064858675,0.050901648,0.25048038,0.21171375,936,0,0,1,0.32485429474071126,0.6751457052592887
0.69326544,0.06179082,0.052982833,0.18033513,0.08829228,937,0,0,1,0.3245524196234846,0.6754475803765154
0.78048396,0.06212112,0.04353518,0.4225972,0.15493907,938,0,0,1,0.1256256434581945,0.8743743565418055
0.67237395,0.041950677,0.026435385,0.1820188,0.16315395,939,0,0,1,0.30947785009957185,0.6905221499004282
0.8574675,0.0413943,0.026291128,0.32573816,0.06663255,940,0,0,1,0.48566952332998636,0.5143304766700136
0.6980078,0.062120963,0.044070866,0.3095033,0.19377291,941,0,0,1,0.06360346538900596,0.936396534610994
0.7137724,0.04195881,0.026204312,0.2510988,0.22162291,942,0,0,1,0.3736518470032205,0.6263481529967795
0.6218161,0.054153625,0.0394716,0.27851856,0.16486366,943,0,0,1,0.11071511947095292,0.8892848805290471
0.5922003,0.039991114,0.026600298,0.33278236,0.08723098,944,0,0,1,0.45739658264232885,0.5426034173576711
0.67247325,0.04860496,0.03467695,0.22908853,0.16291128,945,0,0,1,0.0416835612934765,0.9583164387065235
0.74084795,0.043348555,0.026188837,0.28464538,0.11860152,946,0,0,1,0.27125759919041703,0.728742400809583
0.63618606,0.06378546,0.08566464,0.2935739,0.09462503,947,0,0,1,0.0015247900249336643,0.9984752099750663
0.8064308,0.05933562,0.06638207,0.14187792,0.123971455,948,0,0,1,0.43533197179825234,0.5646680282017477
0.6463757,0.053119965,0.039834592,0.30666804,0.24513595,949,0,0,1,0.1463369239445893,0.8536630760554107
0.72038585,0.035390437,0.02146728,0.124221325,0.095638044,950,0,0,1,0.49113014530631405,0.508869854693686
0.6815604,0.053524904,0.039709754,0.28360978,0.1546455,951,0,0,1,0.025971521170114475,0.9740284788298855
0.7606749,0.05395501,0.039373085,0.4223188,0.075636335,952,0,0,1,0.027292869731607716,0.9727071302683923
0.64938307,0.04886763,0.03467957,0.22166632,0.11858688,953,0,0,1,0.12297802776240951,0.8770219722375905
0.5924478,0.06235399,0.04439265,0.33341357,0.13273993,954,0,0,1,0.12098120984422145,0.8790187901557786
0.7112465,0.06488575,0.046196714,0.26655087,0.13620283,955,0,1,0,0.7628194512541251,0.23718054874587496
0.56767356,0.0661093,0.05097155,0.41434464,0.08111143,956,0,0,1,0.050756987020127764,0.9492430129798722
0.77131736,0.033908162,0.020859258,0.2685288,0.1298044,957,0,0,1,0.25855799468803364,0.7414420053119664
0.6730754,0.06384077,0.09089998,0.22568758,0.12573011,958,0,0,1,0.05277558633120305,0.947224413668797
0.7558586,0.04919503,0.034401573,0.17003874,0.17811489,959,0,0,1,0.40310579556182113,0.5968942044381789
0.64132404,0.06364357,0.04893319,0.35487232,0.1324722,960,0,0,1,0.22044783550907987,0.7795521644909201
0.7441842,0.035909,0.020866355,0.17893979,0.09919342,961,0,0,1,0.03589349302281808,0.9641065069771819
0.74876237,0.063148506,0.046429425,0.24026413,0.11547539,962,0,0,1,0.4811509157478211,0.5188490842521789
0.6722841,0.062386602,0.10377273,0.23277946,0.13603847,963,0,0,1,0.0018596725291457616,0.9981403274708542
0.7486686,0.043365553,0.026385194,0.17769085,0.15260105,964,0,0,1,0.34412111510764565,0.6558788848923544
0.6943696,0.062024944,0.044448756,0.4634967,0.12565003,965,0,0,1,0.024287484448210384,0.9757125155517896
0.6648115,0.058398746,0.044859763,0.32813528,0.1755386,966,0,0,1,0.026768288502722726,0.9732317114972773
0.7906696,0.054342832,0.039593674,0.2701396,0.14886531,967,0,0,1,0.07984805078005286,0.9201519492199471
