dataset,model,attack,window_id,window_source,true,pred,scenario,split,family
banknote,lin,hsj,full,full_group,hsj,zoo,one-data-set-out,banknote,xgb
banknote,lin,org,full,full_group,org,org,one-data-set-out,banknote,xgb
banknote,lin,zoo,full,full_group,zoo,hsj,one-data-set-out,banknote,xgb
banknote,nn,bim,full,full_group,bim,bim,one-data-set-out,banknote,xgb
banknote,nn,fgm,full,full_group,fgm,bim,one-data-set-out,banknote,xgb
banknote,nn,org,full,full_group,org,org,one-data-set-out,banknote,xgb
banknote,nn,pgd,full,full_group,pgd,bim,one-data-set-out,banknote,xgb
banknote,svm,hsj,full,full_group,hsj,hsj,one-data-set-out,banknote,xgb
banknote,svm,org,full,full_group,org,org,one-data-set-out,banknote,xgb
banknote,svm,zoo,full,full_group,zoo,zoo,one-data-set-out,banknote,xgb
banknote,xgb,hsj,full,full_group,hsj,hsj,one-data-set-out,banknote,xgb
banknote,xgb,org,full,full_group,org,org,one-data-set-out,banknote,xgb
banknote,xgb,zoo,full,full_group,zoo,zoo,one-data-set-out,banknote,xgb
banknote,lin,hsj,window_0,diagnostic_window,hsj,zoo,one-data-set-out,banknote,xgb
banknote,lin,hsj,window_1,diagnostic_window,hsj,zoo,one-data-set-out,banknote,xgb
banknote,lin,hsj,window_2,diagnostic_window,hsj,zoo,one-data-set-out,banknote,xgb
banknote,lin,hsj,window_3,diagnostic_window,hsj,zoo,one-data-set-out,banknote,xgb
banknote,lin,hsj,window_4,diagnostic_window,hsj,zoo,one-data-set-out,banknote,xgb
banknote,lin,org,window_0,diagnostic_window,org,org,one-data-set-out,banknote,xgb
banknote,lin,org,window_1,diagnostic_window,org,org,one-data-set-out,banknote,xgb
banknote,lin,org,window_2,diagnostic_window,org,org,one-data-set-out,banknote,xgb
banknote,lin,org,window_3,diagnostic_window,org,org,one-data-set-out,banknote,xgb
banknote,lin,org,window_4,diagnostic_window,org,org,one-data-set-out,banknote,xgb
banknote,lin,zoo,window_0,diagnostic_window,zoo,hsj,one-data-set-out,banknote,xgb
banknote,lin,zoo,window_1,diagnostic_window,zoo,hsj,one-data-set-out,banknote,xgb
banknote,lin,zoo,window_2,diagnostic_window,zoo,zoo,one-data-set-out,banknote,xgb
banknote,lin,zoo,window_3,diagnostic_window,zoo,hsj,one-data-set-out,banknote,xgb
banknote,lin,zoo,window_4,diagnostic_window,zoo,zoo,one-data-set-out,banknote,xgb
banknote,nn,bim,window_0,diagnostic_window,bim,bim,one-data-set-out,banknote,xgb
banknote,nn,bim,window_1,diagnostic_window,bim,bim,one-data-set-out,banknote,xgb
banknote,nn,bim,window_2,diagnostic_window,bim,bim,one-data-set-out,banknote,xgb
banknote,nn,bim,window_3,diagnostic_window,bim,bim,one-data-set-out,banknote,xgb
banknote,nn,bim,window_4,diagnostic_window,bim,bim,one-data-set-out,banknote,xgb
banknote,nn,fgm,window_0,diagnostic_window,fgm,bim,one-data-set-out,banknote,xgb
banknote,nn,fgm,window_1,diagnostic_window,fgm,bim,one-data-set-out,banknote,xgb
banknote,nn,fgm,window_2,diagnostic_window,fgm,bim,one-data-set-out,banknote,xgb
banknote,nn,fgm,window_3,diagnostic_window,fgm,bim,one-data-set-out,banknote,xgb
banknote,nn,fgm,window_4,diagnostic_window,fgm,bim,one-data-set-out,banknote,xgb
banknote,nn,org,window_0,diagnostic_window,org,org,one-data-set-out,banknote,xgb
banknote,nn,org,window_1,diagnostic_window,org,org,one-data-set-out,banknote,xgb
banknote,nn,org,window_2,diagnostic_window,org,org,one-data-set-out,banknote,xgb
banknote,nn,org,window_3,diagnostic_window,org,org,one-data-set-out,banknote,xgb
banknote,nn,org,window_4,diagnostic_window,org,org,one-data-set-out,banknote,xgb
banknote,nn,pgd,window_0,diagnostic_window,pgd,bim,one-data-set-out,banknote,xgb
banknote,nn,pgd,window_1,diagnostic_window,pgd,bim,one-data-set-out,banknote,xgb
banknote,nn,pgd,window_2,diagnostic_window,pgd,bim,one-data-set-out,banknote,xgb
banknote,nn,pgd,window_3,diagnostic_window,pgd,bim,one-data-set-out,banknote,xgb
banknote,nn,pgd,window_4,diagnostic_window,pgd,bim,one-data-set-out,banknote,xgb
banknote,svm,hsj,window_0,diagnostic_window,hsj,hsj,one-data-set-out,banknote,xgb
banknote,svm,hsj,window_1,diagnostic_window,hsj,hsj,one-data-set-out,banknote,xgb
banknote,svm,hsj,window_2,diagnostic_window,hsj,hsj,one-data-set-out,banknote,xgb
banknote,svm,hsj,window_3,diagnostic_window,hsj,hsj,one-data-set-out,banknote,xgb
banknote,svm,hsj,window_4,diagnostic_window,hsj,hsj,one-data-set-out,banknote,xgb
banknote,svm,org,window_0,diagnostic_window,org,org,one-data-set-out,banknote,xgb
banknote,svm,org,window_1,diagnostic_window,org,org,one-data-set-out,banknote,xgb
banknote,svm,org,window_2,diagnostic_window,org,org,one-data-set-out,banknote,xgb
banknote,svm,org,window_3,diagnostic_window,org,org,one-data-set-out,banknote,xgb
banknote,svm,org,window_4,diagnostic_window,org,org,one-data-set-out,banknote,xgb
banknote,svm,zoo,window_0,diagnostic_window,zoo,zoo,one-data-set-out,banknote,xgb
banknote,svm,zoo,window_1,diagnostic_window,zoo,hsj,one-data-set-out,banknote,xgb
banknote,svm,zoo,window_2,diagnostic_window,zoo,zoo,one-data-set-out,banknote,xgb
banknote,svm,zoo,window_3,diagnostic_window,zoo,hsj,one-data-set-out,banknote,xgb
banknote,svm,zoo,window_4,diagnostic_window,zoo,zoo,one-data-set-out,banknote,xgb
banknote,xgb,hsj,window_0,diagnostic_window,hsj,hsj,one-data-set-out,banknote,xgb
banknote,xgb,hsj,window_1,diagnostic_window,hsj,hsj,one-data-set-out,banknote,xgb
banknote,xgb,hsj,window_2,diagnostic_window,hsj,hsj,one-data-set-out,banknote,xgb
banknote,xgb,hsj,window_3,diagnostic_window,hsj,hsj,one-data-set-out,banknote,xgb
banknote,xgb,hsj,window_4,diagnostic_window,hsj,hsj,one-data-set-out,banknote,xgb
banknote,xgb,org,window_0,diagnostic_window,org,org,one-data-set-out,banknote,xgb
banknote,xgb,org,window_1,diagnostic_window,org,org,one-data-set-out,banknote,xgb
banknote,xgb,org,window_2,diagnostic_window,org,org,one-data-set-out,banknote,xgb
banknote,xgb,org,window_3,diagnostic_window,org,org,one-data-set-out,banknote,xgb
banknote,xgb,org,window_4,diagnostic_window,org,org,one-data-set-out,banknote,xgb
banknote,xgb,zoo,window_0,diagnostic_window,zoo,zoo,one-data-set-out,banknote,xgb
banknote,xgb,zoo,window_1,diagnostic_window,zoo,hsj,one-data-set-out,banknote,xgb
banknote,xgb,zoo,window_2,diagnostic_window,zoo,zoo,one-data-set-out,banknote,xgb
banknote,xgb,zoo,window_3,diagnostic_window,zoo,hsj,one-data-set-out,banknote,xgb
banknote,xgb,zoo,window_4,diagnostic_window,zoo,zoo,one-data-set-out,banknote,xgb
diabetes,lin,hsj,full,full_group,hsj,hsj,one-data-set-out,diabetes,xgb
diabetes,lin,org,full,full_group,org,zoo,one-data-set-out,diabetes,xgb
diabetes,lin,zoo,full,full_group,zoo,zoo,one-data-set-out,diabetes,xgb
diabetes,nn,bim,full,full_group,bim,bim,one-data-set-out,diabetes,xgb
diabetes,nn,fgm,full,full_group,fgm,bim,one-data-set-out,diabetes,xgb
diabetes,nn,org,full,full_group,org,org,one-data-set-out,diabetes,xgb
diabetes,nn,pgd,full,full_group,pgd,bim,one-data-set-out,diabetes,xgb
diabetes,svm,hsj,full,full_group,hsj,hsj,one-data-set-out,diabetes,xgb
diabetes,svm,org,full,full_group,org,zoo,one-data-set-out,diabetes,xgb
diabetes,svm,zoo,full,full_group,zoo,zoo,one-data-set-out,diabetes,xgb
diabetes,xgb,hsj,full,full_group,hsj,zoo,one-data-set-out,diabetes,xgb
diabetes,xgb,org,full,full_group,org,zoo,one-data-set-out,diabetes,xgb
diabetes,xgb,zoo,full,full_group,zoo,zoo,one-data-set-out,diabetes,xgb
diabetes,lin,hsj,window_0,diagnostic_window,hsj,hsj,one-data-set-out,diabetes,xgb
diabetes,lin,hsj,window_1,diagnostic_window,hsj,hsj,one-data-set-out,diabetes,xgb
diabetes,lin,hsj,window_2,diagnostic_window,hsj,hsj,one-data-set-out,diabetes,xgb
diabetes,lin,hsj,window_3,diagnostic_window,hsj,hsj,one-data-set-out,diabetes,xgb
diabetes,lin,hsj,window_4,diagnostic_window,hsj,zoo,one-data-set-out,diabetes,xgb
diabetes,lin,org,window_0,diagnostic_window,org,zoo,one-data-set-out,diabetes,xgb
diabetes,lin,org,window_1,diagnostic_window,org,zoo,one-data-set-out,diabetes,xgb
diabetes,lin,org,window_2,diagnostic_window,org,zoo,one-data-set-out,diabetes,xgb
diabetes,lin,org,window_3,diagnostic_window,org,zoo,one-data-set-out,diabetes,xgb
diabetes,lin,org,window_4,diagnostic_window,org,zoo,one-data-set-out,diabetes,xgb
diabetes,lin,zoo,window_0,diagnostic_window,zoo,zoo,one-data-set-out,diabetes,xgb
diabetes,lin,zoo,window_1,diagnostic_window,zoo,hsj,one-data-set-out,diabetes,xgb
diabetes,lin,zoo,window_2,diagnostic_window,zoo,zoo,one-data-set-out,diabetes,xgb
diabetes,lin,zoo,window_3,diagnostic_window,zoo,zoo,one-data-set-out,diabetes,xgb
diabetes,lin,zoo,window_4,diagnostic_window,zoo,zoo,one-data-set-out,diabetes,xgb
diabetes,nn,bim,window_0,diagnostic_window,bim,bim,one-data-set-out,diabetes,xgb
diabetes,nn,bim,window_1,diagnostic_window,bim,bim,one-data-set-out,diabetes,xgb
diabetes,nn,bim,window_2,diagnostic_window,bim,bim,one-data-set-out,diabetes,xgb
diabetes,nn,bim,window_3,diagnostic_window,bim,bim,one-data-set-out,diabetes,xgb
diabetes,nn,bim,window_4,diagnostic_window,bim,fgm,one-data-set-out,diabetes,xgb
diabetes,nn,fgm,window_0,diagnostic_window,fgm,bim,one-data-set-out,diabetes,xgb
diabetes,nn,fgm,window_1,diagnostic_window,fgm,bim,one-data-set-out,diabetes,xgb
diabetes,nn,fgm,window_2,diagnostic_window,fgm,bim,one-data-set-out,diabetes,xgb
diabetes,nn,fgm,window_3,diagnostic_window,fgm,fgm,one-data-set-out,diabetes,xgb
diabetes,nn,fgm,window_4,diagnostic_window,fgm,fgm,one-data-set-out,diabetes,xgb
diabetes,nn,org,window_0,diagnostic_window,org,org,one-data-set-out,diabetes,xgb
diabetes,nn,org,window_1,diagnostic_window,org,org,one-data-set-out,diabetes,xgb
diabetes,nn,org,window_2,diagnostic_window,org,org,one-data-set-out,diabetes,xgb
diabetes,nn,org,window_3,diagnostic_window,org,org,one-data-set-out,diabetes,xgb
diabetes,nn,org,window_4,diagnostic_window,org,org,one-data-set-out,diabetes,xgb
diabetes,nn,pgd,window_0,diagnostic_window,pgd,bim,one-data-set-out,diabetes,xgb
diabetes,nn,pgd,window_1,diagnostic_window,pgd,bim,one-data-set-out,diabetes,xgb
diabetes,nn,pgd,window_2,diagnostic_window,pgd,bim,one-data-set-out,diabetes,xgb
diabetes,nn,pgd,window_3,diagnostic_window,pgd,bim,one-data-set-out,diabetes,xgb
diabetes,nn,pgd,window_4,diagnostic_window,pgd,bim,one-data-set-out,diabetes,xgb
diabetes,svm,hsj,window_0,diagnostic_window,hsj,hsj,one-data-set-out,diabetes,xgb
diabetes,svm,hsj,window_1,diagnostic_window,hsj,hsj,one-data-set-out,diabetes,xgb
diabetes,svm,hsj,window_2,diagnostic_window,hsj,hsj,one-data-set-out,diabetes,xgb
diabetes,svm,hsj,window_3,diagnostic_window,hsj,hsj,one-data-set-out,diabetes,xgb
diabetes,svm,hsj,window_4,diagnostic_window,hsj,zoo,one-data-set-out,diabetes,xgb
diabetes,svm,org,window_0,diagnostic_window,org,zoo,one-data-set-out,diabetes,xgb
diabetes,svm,org,window_1,diagnostic_window,org,zoo,one-data-set-out,diabetes,xgb
diabetes,svm,org,window_2,diagnostic_window,org,zoo,one-data-set-out,diabetes,xgb
diabetes,svm,org,window_3,diagnostic_window,org,zoo,one-data-set-out,diabetes,xgb
diabetes,svm,org,window_4,diagnostic_window,org,zoo,one-data-set-out,diabetes,xgb
diabetes,svm,zoo,window_0,diagnostic_window,zoo,zoo,one-data-set-out,diabetes,xgb
diabetes,svm,zoo,window_1,diagnostic_window,zoo,zoo,one-data-set-out,diabetes,xgb
diabetes,svm,zoo,window_2,diagnostic_window,zoo,zoo,one-data-set-out,diabetes,xgb
diabetes,svm,zoo,window_3,diagnostic_window,zoo,zoo,one-data-set-out,diabetes,xgb
diabetes,svm,zoo,window_4,diagnostic_window,zoo,zoo,one-data-set-out,diabetes,xgb
diabetes,xgb,hsj,window_0,diagnostic_window,hsj,hsj,one-data-set-out,diabetes,xgb
diabetes,xgb,hsj,window_1,diagnostic_window,hsj,hsj,one-data-set-out,diabetes,xgb
diabetes,xgb,hsj,window_2,diagnostic_window,hsj,zoo,one-data-set-out,diabetes,xgb
diabetes,xgb,hsj,window_3,diagnostic_window,hsj,zoo,one-data-set-out,diabetes,xgb
diabetes,xgb,hsj,window_4,diagnostic_window,hsj,zoo,one-data-set-out,diabetes,xgb
diabetes,xgb,org,window_0,diagnostic_window,org,zoo,one-data-set-out,diabetes,xgb
diabetes,xgb,org,window_1,diagnostic_window,org,zoo,one-data-set-out,diabetes,xgb
diabetes,xgb,org,window_2,diagnostic_window,org,zoo,one-data-set-out,diabetes,xgb
diabetes,xgb,org,window_3,diagnostic_window,org,zoo,one-data-set-out,diabetes,xgb
diabetes,xgb,org,window_4,diagnostic_window,org,zoo,one-data-set-out,diabetes,xgb
diabetes,xgb,zoo,window_0,diagnostic_window,zoo,zoo,one-data-set-out,diabetes,xgb
diabetes,xgb,zoo,window_1,diagnostic_window,zoo,zoo,one-data-set-out,diabetes,xgb
diabetes,xgb,zoo,window_2,diagnostic_window,zoo,zoo,one-data-set-out,diabetes,xgb
diabetes,xgb,zoo,window_3,diagnostic_window,zoo,zoo,one-data-set-out,diabetes,xgb
diabetes,xgb,zoo,window_4,diagnostic_window,zoo,zoo,one-data-set-out,diabetes,xgb
wilt,lin,hsj,full,full_group,hsj,org,one-data-set-out,wilt,xgb
wilt,lin,org,full,full_group,org,org,one-data-set-out,wilt,xgb
wilt,lin,zoo,full,full_group,zoo,org,one-data-set-out,wilt,xgb
wilt,nn,bim,full,full_group,bim,pgd,one-data-set-out,wilt,xgb
wilt,nn,fgm,full,full_group,fgm,fgm,one-data-set-out,wilt,xgb
wilt,nn,org,full,full_group,org,org,one-data-set-out,wilt,xgb
wilt,nn,pgd,full,full_group,pgd,pgd,one-data-set-out,wilt,xgb
wilt,svm,hsj,full,full_group,hsj,zoo,one-data-set-out,wilt,xgb
wilt,svm,org,full,full_group,org,org,one-data-set-out,wilt,xgb
wilt,svm,zoo,full,full_group,zoo,zoo,one-data-set-out,wilt,xgb
wilt,xgb,hsj,full,full_group,hsj,zoo,one-data-set-out,wilt,xgb
wilt,xgb,org,full,full_group,org,org,one-data-set-out,wilt,xgb
wilt,xgb,zoo,full,full_group,zoo,zoo,one-data-set-out,wilt,xgb
wilt,lin,hsj,window_0,diagnostic_window,hsj,org,one-data-set-out,wilt,xgb
wilt,lin,hsj,window_1,diagnostic_window,hsj,org,one-data-set-out,wilt,xgb
wilt,lin,hsj,window_2,diagnostic_window,hsj,org,one-data-set-out,wilt,xgb
wilt,lin,hsj,window_3,diagnostic_window,hsj,org,one-data-set-out,wilt,xgb
wilt,lin,hsj,window_4,diagnostic_window,hsj,org,one-data-set-out,wilt,xgb
wilt,lin,org,window_0,diagnostic_window,org,org,one-data-set-out,wilt,xgb
wilt,lin,org,window_1,diagnostic_window,org,org,one-data-set-out,wilt,xgb
wilt,lin,org,window_2,diagnostic_window,org,org,one-data-set-out,wilt,xgb
wilt,lin,org,window_3,diagnostic_window,org,org,one-data-set-out,wilt,xgb
wilt,lin,org,window_4,diagnostic_window,org,org,one-data-set-out,wilt,xgb
wilt,lin,zoo,window_0,diagnostic_window,zoo,org,one-data-set-out,wilt,xgb
wilt,lin,zoo,window_1,diagnostic_window,zoo,org,one-data-set-out,wilt,xgb
wilt,lin,zoo,window_2,diagnostic_window,zoo,org,one-data-set-out,wilt,xgb
wilt,lin,zoo,window_3,diagnostic_window,zoo,org,one-data-set-out,wilt,xgb
wilt,lin,zoo,window_4,diagnostic_window,zoo,org,one-data-set-out,wilt,xgb
wilt,nn,bim,window_0,diagnostic_window,bim,fgm,one-data-set-out,wilt,xgb
wilt,nn,bim,window_1,diagnostic_window,bim,fgm,one-data-set-out,wilt,xgb
wilt,nn,bim,window_2,diagnostic_window,bim,fgm,one-data-set-out,wilt,xgb
wilt,nn,bim,window_3,diagnostic_window,bim,fgm,one-data-set-out,wilt,xgb
wilt,nn,bim,window_4,diagnostic_window,bim,pgd,one-data-set-out,wilt,xgb
wilt,nn,fgm,window_0,diagnostic_window,fgm,pgd,one-data-set-out,wilt,xgb
wilt,nn,fgm,window_1,diagnostic_window,fgm,fgm,one-data-set-out,wilt,xgb
wilt,nn,fgm,window_2,diagnostic_window,fgm,fgm,one-data-set-out,wilt,xgb
wilt,nn,fgm,window_3,diagnostic_window,fgm,fgm,one-data-set-out,wilt,xgb
wilt,nn,fgm,window_4,diagnostic_window,fgm,fgm,one-data-set-out,wilt,xgb
wilt,nn,org,window_0,diagnostic_window,org,org,one-data-set-out,wilt,xgb
wilt,nn,org,window_1,diagnostic_window,org,org,one-data-set-out,wilt,xgb
wilt,nn,org,window_2,diagnostic_window,org,org,one-data-set-out,wilt,xgb
wilt,nn,org,window_3,diagnostic_window,org,org,one-data-set-out,wilt,xgb
wilt,nn,org,window_4,diagnostic_window,org,org,one-data-set-out,wilt,xgb
wilt,nn,pgd,window_0,diagnostic_window,pgd,pgd,one-data-set-out,wilt,xgb
wilt,nn,pgd,window_1,diagnostic_window,pgd,pgd,one-data-set-out,wilt,xgb
wilt,nn,pgd,window_2,diagnostic_window,pgd,pgd,one-data-set-out,wilt,xgb
wilt,nn,pgd,window_3,diagnostic_window,pgd,fgm,one-data-set-out,wilt,xgb
wilt,nn,pgd,window_4,diagnostic_window,pgd,pgd,one-data-set-out,wilt,xgb
wilt,svm,hsj,window_0,diagnostic_window,hsj,zoo,one-data-set-out,wilt,xgb
wilt,svm,hsj,window_1,diagnostic_window,hsj,zoo,one-data-set-out,wilt,xgb
wilt,svm,hsj,window_2,diagnostic_window,hsj,zoo,one-data-set-out,wilt,xgb
wilt,svm,hsj,window_3,diagnostic_window,hsj,hsj,one-data-set-out,wilt,xgb
wilt,svm,hsj,window_4,diagnostic_window,hsj,zoo,one-data-set-out,wilt,xgb
wilt,svm,org,window_0,diagnostic_window,org,org,one-data-set-out,wilt,xgb
wilt,svm,org,window_1,diagnostic_window,org,org,one-data-set-out,wilt,xgb
wilt,svm,org,window_2,diagnostic_window,org,org,one-data-set-out,wilt,xgb
wilt,svm,org,window_3,diagnostic_window,org,org,one-data-set-out,wilt,xgb
wilt,svm,org,window_4,diagnostic_window,org,org,one-data-set-out,wilt,xgb
wilt,svm,zoo,window_0,diagnostic_window,zoo,zoo,one-data-set-out,wilt,xgb
wilt,svm,zoo,window_1,diagnostic_window,zoo,zoo,one-data-set-out,wilt,xgb
wilt,svm,zoo,window_2,diagnostic_window,zoo,zoo,one-data-set-out,wilt,xgb
wilt,svm,zoo,window_3,diagnostic_window,zoo,zoo,one-data-set-out,wilt,xgb
wilt,svm,zoo,window_4,diagnostic_window,zoo,zoo,one-data-set-out,wilt,xgb
wilt,xgb,hsj,window_0,diagnostic_window,hsj,zoo,one-data-set-out,wilt,xgb
wilt,xgb,hsj,window_1,diagnostic_window,hsj,zoo,one-data-set-out,wilt,xgb
wilt,xgb,hsj,window_2,diagnostic_window,hsj,zoo,one-data-set-out,wilt,xgb
wilt,xgb,hsj,window_3,diagnostic_window,hsj,zoo,one-data-set-out,wilt,xgb
wilt,xgb,hsj,window_4,diagnostic_window,hsj,zoo,one-data-set-out,wilt,xgb
wilt,xgb,org,window_0,diagnostic_window,org,org,one-data-set-out,wilt,xgb
wilt,xgb,org,window_1,diagnostic_window,org,org,one-data-set-out,wilt,xgb
wilt,xgb,org,window_2,diagnostic_window,org,org,one-data-set-out,wilt,xgb
wilt,xgb,org,window_3,diagnostic_window,org,org,one-data-set-out,wilt,xgb
wilt,xgb,org,window_4,diagnostic_window,org,org,one-data-set-out,wilt,xgb
wilt,xgb,zoo,window_0,diagnostic_window,zoo,zoo,one-data-set-out,wilt,xgb
wilt,xgb,zoo,window_1,diagnostic_window,zoo,zoo,one-data-set-out,wilt,xgb
wilt,xgb,zoo,window_2,diagnostic_window,zoo,zoo,one-data-set-out,wilt,xgb
wilt,xgb,zoo,window_3,diagnostic_window,zoo,zoo,one-data-set-out,wilt,xgb
wilt,xgb,zoo,window_4,diagnostic_window,zoo,zoo,one-data-set-out,wilt,xgb
banknote,lin,hsj,full,full_group,hsj,zoo,one-model-out,lin,xgb
banknote,lin,org,full,full_group,org,org,one-model-out,lin,xgb
banknote,lin,zoo,full,full_group,zoo,hsj,one-model-out,lin,xgb
diabetes,lin,hsj,full,full_group,hsj,hsj,one-model-out,lin,xgb
diabetes,lin,org,full,full_group,org,org,one-model-out,lin,xgb
diabetes,lin,zoo,full,full_group,zoo,zoo,one-model-out,lin,xgb
wilt,lin,hsj,full,full_group,hsj,org,one-model-out,lin,xgb
wilt,lin,org,full,full_group,org,org,one-model-out,lin,xgb
wilt,lin,zoo,full,full_group,zoo,org,one-model-out,lin,xgb
banknote,lin,hsj,window_0,diagnostic_window,hsj,zoo,one-model-out,lin,xgb
banknote,lin,hsj,window_1,diagnostic_window,hsj,zoo,one-model-out,lin,xgb
banknote,lin,hsj,window_2,diagnostic_window,hsj,hsj,one-model-out,lin,xgb
banknote,lin,hsj,window_3,diagnostic_window,hsj,zoo,one-model-out,lin,xgb
banknote,lin,hsj,window_4,diagnostic_window,hsj,zoo,one-model-out,lin,xgb
banknote,lin,org,window_0,diagnostic_window,org,org,one-model-out,lin,xgb
banknote,lin,org,window_1,diagnostic_window,org,org,one-model-out,lin,xgb
banknote,lin,org,window_2,diagnostic_window,org,org,one-model-out,lin,xgb
banknote,lin,org,window_3,diagnostic_window,org,org,one-model-out,lin,xgb
banknote,lin,org,window_4,diagnostic_window,org,org,one-model-out,lin,xgb
banknote,lin,zoo,window_0,diagnostic_window,zoo,hsj,one-model-out,lin,xgb
banknote,lin,zoo,window_1,diagnostic_window,zoo,hsj,one-model-out,lin,xgb
banknote,lin,zoo,window_2,diagnostic_window,zoo,zoo,one-model-out,lin,xgb
banknote,lin,zoo,window_3,diagnostic_window,zoo,zoo,one-model-out,lin,xgb
banknote,lin,zoo,window_4,diagnostic_window,zoo,zoo,one-model-out,lin,xgb
diabetes,lin,hsj,window_0,diagnostic_window,hsj,hsj,one-model-out,lin,xgb
diabetes,lin,hsj,window_1,diagnostic_window,hsj,hsj,one-model-out,lin,xgb
diabetes,lin,hsj,window_2,diagnostic_window,hsj,hsj,one-model-out,lin,xgb
diabetes,lin,hsj,window_3,diagnostic_window,hsj,hsj,one-model-out,lin,xgb
diabetes,lin,hsj,window_4,diagnostic_window,hsj,zoo,one-model-out,lin,xgb
diabetes,lin,org,window_0,diagnostic_window,org,org,one-model-out,lin,xgb
diabetes,lin,org,window_1,diagnostic_window,org,org,one-model-out,lin,xgb
diabetes,lin,org,window_2,diagnostic_window,org,org,one-model-out,lin,xgb
diabetes,lin,org,window_3,diagnostic_window,org,org,one-model-out,lin,xgb
diabetes,lin,org,window_4,diagnostic_window,org,org,one-model-out,lin,xgb
diabetes,lin,zoo,window_0,diagnostic_window,zoo,zoo,one-model-out,lin,xgb
diabetes,lin,zoo,window_1,diagnostic_window,zoo,zoo,one-model-out,lin,xgb
diabetes,lin,zoo,window_2,diagnostic_window,zoo,zoo,one-model-out,lin,xgb
diabetes,lin,zoo,window_3,diagnostic_window,zoo,zoo,one-model-out,lin,xgb
diabetes,lin,zoo,window_4,diagnostic_window,zoo,zoo,one-model-out,lin,xgb
wilt,lin,hsj,window_0,diagnostic_window,hsj,org,one-model-out,lin,xgb
wilt,lin,hsj,window_1,diagnostic_window,hsj,org,one-model-out,lin,xgb
wilt,lin,hsj,window_2,diagnostic_window,hsj,org,one-model-out,lin,xgb
wilt,lin,hsj,window_3,diagnostic_window,hsj,org,one-model-out,lin,xgb
wilt,lin,hsj,window_4,diagnostic_window,hsj,org,one-model-out,lin,xgb
wilt,lin,org,window_0,diagnostic_window,org,org,one-model-out,lin,xgb
wilt,lin,org,window_1,diagnostic_window,org,org,one-model-out,lin,xgb
wilt,lin,org,window_2,diagnostic_window,org,org,one-model-out,lin,xgb
wilt,lin,org,window_3,diagnostic_window,org,org,one-model-out,lin,xgb
wilt,lin,org,window_4,diagnostic_window,org,org,one-model-out,lin,xgb
wilt,lin,zoo,window_0,diagnostic_window,zoo,org,one-model-out,lin,xgb
wilt,lin,zoo,window_1,diagnostic_window,zoo,org,one-model-out,lin,xgb
wilt,lin,zoo,window_2,diagnostic_window,zoo,org,one-model-out,lin,xgb
wilt,lin,zoo,window_3,diagnostic_window,zoo,org,one-model-out,lin,xgb
wilt,lin,zoo,window_4,diagnostic_window,zoo,org,one-model-out,lin,xgb
banknote,nn,bim,full,full_group,bim,org,one-model-out,nn,xgb
banknote,nn,fgm,full,full_group,fgm,org,one-model-out,nn,xgb
banknote,nn,org,full,full_group,org,org,one-model-out,nn,xgb
banknote,nn,pgd,full,full_group,pgd,org,one-model-out,nn,xgb
diabetes,nn,bim,full,full_group,bim,org,one-model-out,nn,xgb
diabetes,nn,fgm,full,full_group,fgm,org,one-model-out,nn,xgb
diabetes,nn,org,full,full_group,org,org,one-model-out,nn,xgb
diabetes,nn,pgd,full,full_group,pgd,org,one-model-out,nn,xgb
wilt,nn,bim,full,full_group,bim,org,one-model-out,nn,xgb
wilt,nn,fgm,full,full_group,fgm,org,one-model-out,nn,xgb
wilt,nn,org,full,full_group,org,org,one-model-out,nn,xgb
wilt,nn,pgd,full,full_group,pgd,org,one-model-out,nn,xgb
banknote,nn,bim,window_0,diagnostic_window,bim,org,one-model-out,nn,xgb
banknote,nn,bim,window_1,diagnostic_window,bim,org,one-model-out,nn,xgb
banknote,nn,bim,window_2,diagnostic_window,bim,org,one-model-out,nn,xgb
banknote,nn,bim,window_3,diagnostic_window,bim,org,one-model-out,nn,xgb
banknote,nn,bim,window_4,diagnostic_window,bim,org,one-model-out,nn,xgb
banknote,nn,fgm,window_0,diagnostic_window,fgm,org,one-model-out,nn,xgb
banknote,nn,fgm,window_1,diagnostic_window,fgm,org,one-model-out,nn,xgb
banknote,nn,fgm,window_2,diagnostic_window,fgm,org,one-model-out,nn,xgb
banknote,nn,fgm,window_3,diagnostic_window,fgm,org,one-model-out,nn,xgb
banknote,nn,fgm,window_4,diagnostic_window,fgm,org,one-model-out,nn,xgb
banknote,nn,org,window_0,diagnostic_window,org,org,one-model-out,nn,xgb
banknote,nn,org,window_1,diagnostic_window,org,org,one-model-out,nn,xgb
banknote,nn,org,window_2,diagnostic_window,org,org,one-model-out,nn,xgb
banknote,nn,org,window_3,diagnostic_window,org,org,one-model-out,nn,xgb
banknote,nn,org,window_4,diagnostic_window,org,org,one-model-out,nn,xgb
banknote,nn,pgd,window_0,diagnostic_window,pgd,org,one-model-out,nn,xgb
banknote,nn,pgd,window_1,diagnostic_window,pgd,org,one-model-out,nn,xgb
banknote,nn,pgd,window_2,diagnostic_window,pgd,org,one-model-out,nn,xgb
banknote,nn,pgd,window_3,diagnostic_window,pgd,org,one-model-out,nn,xgb
banknote,nn,pgd,window_4,diagnostic_window,pgd,org,one-model-out,nn,xgb
diabetes,nn,bim,window_0,diagnostic_window,bim,org,one-model-out,nn,xgb
diabetes,nn,bim,window_1,diagnostic_window,bim,org,one-model-out,nn,xgb
diabetes,nn,bim,window_2,diagnostic_window,bim,org,one-model-out,nn,xgb
diabetes,nn,bim,window_3,diagnostic_window,bim,org,one-model-out,nn,xgb
diabetes,nn,bim,window_4,diagnostic_window,bim,org,one-model-out,nn,xgb
diabetes,nn,fgm,window_0,diagnostic_window,fgm,org,one-model-out,nn,xgb
diabetes,nn,fgm,window_1,diagnostic_window,fgm,org,one-model-out,nn,xgb
diabetes,nn,fgm,window_2,diagnostic_window,fgm,org,one-model-out,nn,xgb
diabetes,nn,fgm,window_3,diagnostic_window,fgm,org,one-model-out,nn,xgb
diabetes,nn,fgm,window_4,diagnostic_window,fgm,org,one-model-out,nn,xgb
diabetes,nn,org,window_0,diagnostic_window,org,org,one-model-out,nn,xgb
diabetes,nn,org,window_1,diagnostic_window,org,org,one-model-out,nn,xgb
diabetes,nn,org,window_2,diagnostic_window,org,org,one-model-out,nn,xgb
diabetes,nn,org,window_3,diagnostic_window,org,org,one-model-out,nn,xgb
diabetes,nn,org,window_4,diagnostic_window,org,org,one-model-out,nn,xgb
diabetes,nn,pgd,window_0,diagnostic_window,pgd,org,one-model-out,nn,xgb
diabetes,nn,pgd,window_1,diagnostic_window,pgd,org,one-model-out,nn,xgb
diabetes,nn,pgd,window_2,diagnostic_window,pgd,org,one-model-out,nn,xgb
diabetes,nn,pgd,window_3,diagnostic_window,pgd,org,one-model-out,nn,xgb
diabetes,nn,pgd,window_4,diagnostic_window,pgd,org,one-model-out,nn,xgb
wilt,nn,bim,window_0,diagnostic_window,bim,org,one-model-out,nn,xgb
wilt,nn,bim,window_1,diagnostic_window,bim,org,one-model-out,nn,xgb
wilt,nn,bim,window_2,diagnostic_window,bim,org,one-model-out,nn,xgb
wilt,nn,bim,window_3,diagnostic_window,bim,org,one-model-out,nn,xgb
wilt,nn,bim,window_4,diagnostic_window,bim,org,one-model-out,nn,xgb
wilt,nn,fgm,window_0,diagnostic_window,fgm,org,one-model-out,nn,xgb
wilt,nn,fgm,window_1,diagnostic_window,fgm,org,one-model-out,nn,xgb
wilt,nn,fgm,window_2,diagnostic_window,fgm,org,one-model-out,nn,xgb
wilt,nn,fgm,window_3,diagnostic_window,fgm,org,one-model-out,nn,xgb
wilt,nn,fgm,window_4,diagnostic_window,fgm,org,one-model-out,nn,xgb
wilt,nn,org,window_0,diagnostic_window,org,org,one-model-out,nn,xgb
wilt,nn,org,window_1,diagnostic_window,org,org,one-model-out,nn,xgb
wilt,nn,org,window_2,diagnostic_window,org,org,one-model-out,nn,xgb
wilt,nn,org,window_3,diagnostic_window,org,org,one-model-out,nn,xgb
wilt,nn,org,window_4,diagnostic_window,org,org,one-model-out,nn,xgb
wilt,nn,pgd,window_0,diagnostic_window,pgd,org,one-model-out,nn,xgb
wilt,nn,pgd,window_1,diagnostic_window,pgd,org,one-model-out,nn,xgb
wilt,nn,pgd,window_2,diagnostic_window,pgd,org,one-model-out,nn,xgb
wilt,nn,pgd,window_3,diagnostic_window,pgd,org,one-model-out,nn,xgb
wilt,nn,pgd,window_4,diagnostic_window,pgd,org,one-model-out,nn,xgb
banknote,svm,hsj,full,full_group,hsj,hsj,one-model-out,svm,xgb
banknote,svm,org,full,full_group,org,org,one-model-out,svm,xgb
banknote,svm,zoo,full,full_group,zoo,zoo,one-model-out,svm,xgb
diabetes,svm,hsj,full,full_group,hsj,hsj,one-model-out,svm,xgb
diabetes,svm,org,full,full_group,org,org,one-model-out,svm,xgb
diabetes,svm,zoo,full,full_group,zoo,zoo,one-model-out,svm,xgb
wilt,svm,hsj,full,full_group,hsj,hsj,one-model-out,svm,xgb
wilt,svm,org,full,full_group,org,org,one-model-out,svm,xgb
wilt,svm,zoo,full,full_group,zoo,zoo,one-model-out,svm,xgb
banknote,svm,hsj,window_0,diagnostic_window,hsj,zoo,one-model-out,svm,xgb
banknote,svm,hsj,window_1,diagnostic_window,hsj,zoo,one-model-out,svm,xgb
banknote,svm,hsj,window_2,diagnostic_window,hsj,hsj,one-model-out,svm,xgb
banknote,svm,hsj,window_3,diagnostic_window,hsj,zoo,one-model-out,svm,xgb
banknote,svm,hsj,window_4,diagnostic_window,hsj,hsj,one-model-out,svm,xgb
banknote,svm,org,window_0,diagnostic_window,org,org,one-model-out,svm,xgb
banknote,svm,org,window_1,diagnostic_window,org,org,one-model-out,svm,xgb
banknote,svm,org,window_2,diagnostic_window,org,org,one-model-out,svm,xgb
banknote,svm,org,window_3,diagnostic_window,org,org,one-model-out,svm,xgb
banknote,svm,org,window_4,diagnostic_window,org,org,one-model-out,svm,xgb
banknote,svm,zoo,window_0,diagnostic_window,zoo,zoo,one-model-out,svm,xgb
banknote,svm,zoo,window_1,diagnostic_window,zoo,hsj,one-model-out,svm,xgb
banknote,svm,zoo,window_2,diagnostic_window,zoo,zoo,one-model-out,svm,xgb
banknote,svm,zoo,window_3,diagnostic_window,zoo,zoo,one-model-out,svm,xgb
banknote,svm,zoo,window_4,diagnostic_window,zoo,zoo,one-model-out,svm,xgb
diabetes,svm,hsj,window_0,diagnostic_window,hsj,hsj,one-model-out,svm,xgb
diabetes,svm,hsj,window_1,diagnostic_window,hsj,hsj,one-model-out,svm,xgb
diabetes,svm,hsj,window_2,diagnostic_window,hsj,hsj,one-model-out,svm,xgb
diabetes,svm,hsj,window_3,diagnostic_window,hsj,hsj,one-model-out,svm,xgb
diabetes,svm,hsj,window_4,diagnostic_window,hsj,hsj,one-model-out,svm,xgb
diabetes,svm,org,window_0,diagnostic_window,org,org,one-model-out,svm,xgb
diabetes,svm,org,window_1,diagnostic_window,org,org,one-model-out,svm,xgb
diabetes,svm,org,window_2,diagnostic_window,org,org,one-model-out,svm,xgb
diabetes,svm,org,window_3,diagnostic_window,org,org,one-model-out,svm,xgb
diabetes,svm,org,window_4,diagnostic_window,org,org,one-model-out,svm,xgb
diabetes,svm,zoo,window_0,diagnostic_window,zoo,zoo,one-model-out,svm,xgb
diabetes,svm,zoo,window_1,diagnostic_window,zoo,zoo,one-model-out,svm,xgb
diabetes,svm,zoo,window_2,diagnostic_window,zoo,zoo,one-model-out,svm,xgb
diabetes,svm,zoo,window_3,diagnostic_window,zoo,zoo,one-model-out,svm,xgb
diabetes,svm,zoo,window_4,diagnostic_window,zoo,zoo,one-model-out,svm,xgb
wilt,svm,hsj,window_0,diagnostic_window,hsj,hsj,one-model-out,svm,xgb
wilt,svm,hsj,window_1,diagnostic_window,hsj,zoo,one-model-out,svm,xgb
wilt,svm,hsj,window_2,diagnostic_window,hsj,hsj,one-model-out,svm,xgb
wilt,svm,hsj,window_3,diagnostic_window,hsj,hsj,one-model-out,svm,xgb
wilt,svm,hsj,window_4,diagnostic_window,hsj,hsj,one-model-out,svm,xgb
wilt,svm,org,window_0,diagnostic_window,org,org,one-model-out,svm,xgb
wilt,svm,org,window_1,diagnostic_window,org,org,one-model-out,svm,xgb
wilt,svm,org,window_2,diagnostic_window,org,org,one-model-out,svm,xgb
wilt,svm,org,window_3,diagnostic_window,org,org,one-model-out,svm,xgb
wilt,svm,org,window_4,diagnostic_window,org,org,one-model-out,svm,xgb
wilt,svm,zoo,window_0,diagnostic_window,zoo,zoo,one-model-out,svm,xgb
wilt,svm,zoo,window_1,diagnostic_window,zoo,zoo,one-model-out,svm,xgb
wilt,svm,zoo,window_2,diagnostic_window,zoo,zoo,one-model-out,svm,xgb
wilt,svm,zoo,window_3,diagnostic_window,zoo,zoo,one-model-out,svm,xgb
wilt,svm,zoo,window_4,diagnostic_window,zoo,zoo,one-model-out,svm,xgb
banknote,xgb,hsj,full,full_group,hsj,hsj,one-model-out,xgb,xgb
banknote,xgb,org,full,full_group,org,org,one-model-out,xgb,xgb
banknote,xgb,zoo,full,full_group,zoo,zoo,one-model-out,xgb,xgb
diabetes,xgb,hsj,full,full_group,hsj,zoo,one-model-out,xgb,xgb
diabetes,xgb,org,full,full_group,org,org,one-model-out,xgb,xgb
diabetes,xgb,zoo,full,full_group,zoo,zoo,one-model-out,xgb,xgb
wilt,xgb,hsj,full,full_group,hsj,hsj,one-model-out,xgb,xgb
wilt,xgb,org,full,full_group,org,org,one-model-out,xgb,xgb
wilt,xgb,zoo,full,full_group,zoo,zoo,one-model-out,xgb,xgb
banknote,xgb,hsj,window_0,diagnostic_window,hsj,hsj,one-model-out,xgb,xgb
banknote,xgb,hsj,window_1,diagnostic_window,hsj,hsj,one-model-out,xgb,xgb
banknote,xgb,hsj,window_2,diagnostic_window,hsj,hsj,one-model-out,xgb,xgb
banknote,xgb,hsj,window_3,diagnostic_window,hsj,zoo,one-model-out,xgb,xgb
banknote,xgb,hsj,window_4,diagnostic_window,hsj,hsj,one-model-out,xgb,xgb
banknote,xgb,org,window_0,diagnostic_window,org,org,one-model-out,xgb,xgb
banknote,xgb,org,window_1,diagnostic_window,org,org,one-model-out,xgb,xgb
banknote,xgb,org,window_2,diagnostic_window,org,org,one-model-out,xgb,xgb
banknote,xgb,org,window_3,diagnostic_window,org,org,one-model-out,xgb,xgb
banknote,xgb,org,window_4,diagnostic_window,org,org,one-model-out,xgb,xgb
banknote,xgb,zoo,window_0,diagnostic_window,zoo,zoo,one-model-out,xgb,xgb
banknote,xgb,zoo,window_1,diagnostic_window,zoo,org,one-model-out,xgb,xgb
banknote,xgb,zoo,window_2,diagnostic_window,zoo,zoo,one-model-out,xgb,xgb
banknote,xgb,zoo,window_3,diagnostic_window,zoo,org,one-model-out,xgb,xgb
banknote,xgb,zoo,window_4,diagnostic_window,zoo,zoo,one-model-out,xgb,xgb
diabetes,xgb,hsj,window_0,diagnostic_window,hsj,zoo,one-model-out,xgb,xgb
diabetes,xgb,hsj,window_1,diagnostic_window,hsj,hsj,one-model-out,xgb,xgb
diabetes,xgb,hsj,window_2,diagnostic_window,hsj,zoo,one-model-out,xgb,xgb
diabetes,xgb,hsj,window_3,diagnostic_window,hsj,zoo,one-model-out,xgb,xgb
diabetes,xgb,hsj,window_4,diagnostic_window,hsj,zoo,one-model-out,xgb,xgb
diabetes,xgb,org,window_0,diagnostic_window,org,org,one-model-out,xgb,xgb
diabetes,xgb,org,window_1,diagnostic_window,org,org,one-model-out,xgb,xgb
diabetes,xgb,org,window_2,diagnostic_window,org,org,one-model-out,xgb,xgb
diabetes,xgb,org,window_3,diagnostic_window,org,org,one-model-out,xgb,xgb
diabetes,xgb,org,window_4,diagnostic_window,org,org,one-model-out,xgb,xgb
diabetes,xgb,zoo,window_0,diagnostic_window,zoo,zoo,one-model-out,xgb,xgb
diabetes,xgb,zoo,window_1,diagnostic_window,zoo,zoo,one-model-out,xgb,xgb
diabetes,xgb,zoo,window_2,diagnostic_window,zoo,zoo,one-model-out,xgb,xgb
diabetes,xgb,zoo,window_3,diagnostic_window,zoo,zoo,one-model-out,xgb,xgb
diabetes,xgb,zoo,window_4,diagnostic_window,zoo,zoo,one-model-out,xgb,xgb
wilt,xgb,hsj,window_0,diagnostic_window,hsj,hsj,one-model-out,xgb,xgb
wilt,xgb,hsj,window_1,diagnostic_window,hsj,hsj,one-model-out,xgb,xgb
wilt,xgb,hsj,window_2,diagnostic_window,hsj,hsj,one-model-out,xgb,xgb
wilt,xgb,hsj,window_3,diagnostic_window,hsj,hsj,one-model-out,xgb,xgb
wilt,xgb,hsj,window_4,diagnostic_window,hsj,hsj,one-model-out,xgb,xgb
wilt,xgb,org,window_0,diagnostic_window,org,org,one-model-out,xgb,xgb
wilt,xgb,org,window_1,diagnostic_window,org,org,one-model-out,xgb,xgb
wilt,xgb,org,window_2,diagnostic_window,org,org,one-model-out,xgb,xgb
wilt,xgb,org,window_3,diagnostic_window,org,org,one-model-out,xgb,xgb
wilt,xgb,org,window_4,diagnostic_window,org,org,one-model-out,xgb,xgb
wilt,xgb,zoo,window_0,diagnostic_window,zoo,zoo,one-model-out,xgb,xgb
wilt,xgb,zoo,window_1,diagnostic_window,zoo,zoo,one-model-out,xgb,xgb
wilt,xgb,zoo,window_2,diagnostic_window,zoo,zoo,one-model-out,xgb,xgb
wilt,xgb,zoo,window_3,diagnostic_window,zoo,zoo,one-model-out,xgb,xgb
wilt,xgb,zoo,window_4,diagnostic_window,zoo,zoo,one-model-out,xgb,xgb
banknote,lin,org,full,full_group,org,org,10-fold cross-validation,0,xgb
banknote,lin,zoo,full,full_group,zoo,hsj,10-fold cross-validation,0,xgb
banknote,nn,bim,full,full_group,bim,bim,10-fold cross-validation,0,xgb
banknote,nn,org,full,full_group,org,org,10-fold cross-validation,0,xgb
banknote,svm,zoo,full,full_group,zoo,zoo,10-fold cross-validation,0,xgb
banknote,lin,hsj,window_1,diagnostic_window,hsj,hsj,10-fold cross-validation,0,xgb
banknote,lin,hsj,window_2,diagnostic_window,hsj,zoo,10-fold cross-validation,0,xgb
banknote,lin,org,window_2,diagnostic_window,org,org,10-fold cross-validation,0,xgb
banknote,lin,org,window_3,diagnostic_window,org,org,10-fold cross-validation,0,xgb
banknote,lin,zoo,window_0,diagnostic_window,zoo,hsj,10-fold cross-validation,0,xgb
banknote,svm,hsj,window_4,diagnostic_window,hsj,hsj,10-fold cross-validation,0,xgb
diabetes,nn,fgm,window_0,diagnostic_window,fgm,pgd,10-fold cross-validation,0,xgb
diabetes,nn,pgd,window_0,diagnostic_window,pgd,pgd,10-fold cross-validation,0,xgb
diabetes,svm,hsj,window_3,diagnostic_window,hsj,hsj,10-fold cross-validation,0,xgb
diabetes,svm,hsj,window_4,diagnostic_window,hsj,hsj,10-fold cross-validation,0,xgb
diabetes,svm,org,window_3,diagnostic_window,org,org,10-fold cross-validation,0,xgb
wilt,nn,bim,window_2,diagnostic_window,bim,bim,10-fold cross-validation,0,xgb
wilt,nn,fgm,window_0,diagnostic_window,fgm,bim,10-fold cross-validation,0,xgb
wilt,nn,pgd,window_2,diagnostic_window,pgd,pgd,10-fold cross-validation,0,xgb
wilt,svm,org,window_3,diagnostic_window,org,org,10-fold cross-validation,0,xgb
wilt,svm,zoo,window_4,diagnostic_window,zoo,zoo,10-fold cross-validation,0,xgb
wilt,xgb,hsj,window_3,diagnostic_window,hsj,hsj,10-fold cross-validation,0,xgb
wilt,xgb,org,window_1,diagnostic_window,org,org,10-fold cross-validation,0,xgb
wilt,xgb,zoo,window_1,diagnostic_window,zoo,zoo,10-fold cross-validation,0,xgb
banknote,svm,org,full,full_group,org,org,10-fold cross-validation,1,xgb
wilt,nn,bim,full,full_group,bim,bim,10-fold cross-validation,1,xgb
wilt,svm,hsj,full,full_group,hsj,hsj,10-fold cross-validation,1,xgb
banknote,lin,hsj,window_3,diagnostic_window,hsj,hsj,10-fold cross-validation,1,xgb
banknote,lin,org,window_1,diagnostic_window,org,org,10-fold cross-validation,1,xgb
banknote,lin,org,window_4,diagnostic_window,org,org,10-fold cross-validation,1,xgb
banknote,lin,zoo,window_2,diagnostic_window,zoo,zoo,10-fold cross-validation,1,xgb
banknote,nn,fgm,window_1,diagnostic_window,fgm,fgm,10-fold cross-validation,1,xgb
banknote,nn,org,window_4,diagnostic_window,org,org,10-fold cross-validation,1,xgb
banknote,svm,hsj,window_0,diagnostic_window,hsj,hsj,10-fold cross-validation,1,xgb
banknote,svm,zoo,window_4,diagnostic_window,zoo,zoo,10-fold cross-validation,1,xgb
banknote,xgb,hsj,window_0,diagnostic_window,hsj,hsj,10-fold cross-validation,1,xgb
diabetes,lin,org,window_1,diagnostic_window,org,org,10-fold cross-validation,1,xgb
diabetes,nn,fgm,window_2,diagnostic_window,fgm,fgm,10-fold cross-validation,1,xgb
diabetes,nn,pgd,window_2,diagnostic_window,pgd,pgd,10-fold cross-validation,1,xgb
diabetes,svm,hsj,window_0,diagnostic_window,hsj,hsj,10-fold cross-validation,1,xgb
diabetes,svm,org,window_1,diagnostic_window,org,org,10-fold cross-validation,1,xgb
diabetes,xgb,zoo,window_1,diagnostic_window,zoo,zoo,10-fold cross-validation,1,xgb
wilt,lin,hsj,window_3,diagnostic_window,hsj,hsj,10-fold cross-validation,1,xgb
wilt,lin,org,window_3,diagnostic_window,org,hsj,10-fold cross-validation,1,xgb
wilt,lin,zoo,window_4,diagnostic_window,zoo,zoo,10-fold cross-validation,1,xgb
wilt,nn,bim,window_0,diagnostic_window,bim,bim,10-fold cross-validation,1,xgb
wilt,nn,pgd,window_3,diagnostic_window,pgd,pgd,10-fold cross-validation,1,xgb
wilt,xgb,zoo,window_4,diagnostic_window,zoo,zoo,10-fold cross-validation,1,xgb
diabetes,nn,bim,full,full_group,bim,bim,10-fold cross-validation,2,xgb
diabetes,svm,hsj,full,full_group,hsj,hsj,10-fold cross-validation,2,xgb
wilt,svm,org,full,full_group,org,org,10-fold cross-validation,2,xgb
wilt,xgb,zoo,full,full_group,zoo,zoo,10-fold cross-validation,2,xgb
banknote,nn,bim,window_0,diagnostic_window,bim,bim,10-fold cross-validation,2,xgb
banknote,nn,org,window_0,diagnostic_window,org,org,10-fold cross-validation,2,xgb
banknote,svm,hsj,window_1,diagnostic_window,hsj,hsj,10-fold cross-validation,2,xgb
banknote,xgb,org,window_2,diagnostic_window,org,org,10-fold cross-validation,2,xgb
diabetes,lin,hsj,window_2,diagnostic_window,hsj,hsj,10-fold cross-validation,2,xgb
diabetes,lin,zoo,window_3,diagnostic_window,zoo,zoo,10-fold cross-validation,2,xgb
diabetes,nn,pgd,window_1,diagnostic_window,pgd,pgd,10-fold cross-validation,2,xgb
diabetes,xgb,hsj,window_0,diagnostic_window,hsj,hsj,10-fold cross-validation,2,xgb
diabetes,xgb,hsj,window_3,diagnostic_window,hsj,hsj,10-fold cross-validation,2,xgb
diabetes,xgb,zoo,window_0,diagnostic_window,zoo,zoo,10-fold cross-validation,2,xgb
wilt,lin,org,window_1,diagnostic_window,org,hsj,10-fold cross-validation,2,xgb
wilt,lin,org,window_2,diagnostic_window,org,hsj,10-fold cross-validation,2,xgb
wilt,lin,zoo,window_3,diagnostic_window,zoo,zoo,10-fold cross-validation,2,xgb
wilt,nn,fgm,window_1,diagnostic_window,fgm,fgm,10-fold cross-validation,2,xgb
wilt,nn,fgm,window_3,diagnostic_window,fgm,fgm,10-fold cross-validation,2,xgb
wilt,nn,org,window_1,diagnostic_window,org,org,10-fold cross-validation,2,xgb
wilt,nn,pgd,window_4,diagnostic_window,pgd,pgd,10-fold cross-validation,2,xgb
wilt,svm,hsj,window_4,diagnostic_window,hsj,hsj,10-fold cross-validation,2,xgb
wilt,xgb,org,window_0,diagnostic_window,org,org,10-fold cross-validation,2,xgb
wilt,xgb,zoo,window_0,diagnostic_window,zoo,zoo,10-fold cross-validation,2,xgb
banknote,nn,fgm,full,full_group,fgm,fgm,10-fold cross-validation,3,xgb
diabetes,lin,hsj,full,full_group,hsj,hsj,10-fold cross-validation,3,xgb
diabetes,lin,zoo,full,full_group,zoo,zoo,10-fold cross-validation,3,xgb
diabetes,nn,fgm,full,full_group,fgm,fgm,10-fold cross-validation,3,xgb
wilt,svm,zoo,full,full_group,zoo,zoo,10-fold cross-validation,3,xgb
banknote,lin,hsj,window_4,diagnostic_window,hsj,zoo,10-fold cross-validation,3,xgb
banknote,lin,org,window_0,diagnostic_window,org,org,10-fold cross-validation,3,xgb
banknote,nn,bim,window_1,diagnostic_window,bim,bim,10-fold cross-validation,3,xgb
banknote,nn,pgd,window_1,diagnostic_window,pgd,fgm,10-fold cross-validation,3,xgb
banknote,svm,hsj,window_2,diagnostic_window,hsj,hsj,10-fold cross-validation,3,xgb
banknote,svm,zoo,window_0,diagnostic_window,zoo,zoo,10-fold cross-validation,3,xgb
banknote,svm,zoo,window_2,diagnostic_window,zoo,zoo,10-fold cross-validation,3,xgb
banknote,xgb,zoo,window_4,diagnostic_window,zoo,zoo,10-fold cross-validation,3,xgb
diabetes,lin,org,window_0,diagnostic_window,org,org,10-fold cross-validation,3,xgb
diabetes,nn,bim,window_0,diagnostic_window,bim,pgd,10-fold cross-validation,3,xgb
diabetes,svm,hsj,window_1,diagnostic_window,hsj,hsj,10-fold cross-validation,3,xgb
diabetes,svm,org,window_0,diagnostic_window,org,org,10-fold cross-validation,3,xgb
diabetes,svm,org,window_4,diagnostic_window,org,org,10-fold cross-validation,3,xgb
diabetes,xgb,org,window_0,diagnostic_window,org,org,10-fold cross-validation,3,xgb
wilt,nn,org,window_3,diagnostic_window,org,org,10-fold cross-validation,3,xgb
wilt,nn,pgd,window_0,diagnostic_window,pgd,pgd,10-fold cross-validation,3,xgb
wilt,svm,hsj,window_1,diagnostic_window,hsj,hsj,10-fold cross-validation,3,xgb
wilt,svm,hsj,window_3,diagnostic_window,hsj,hsj,10-fold cross-validation,3,xgb
wilt,xgb,org,window_2,diagnostic_window,org,org,10-fold cross-validation,3,xgb
banknote,svm,hsj,full,full_group,hsj,hsj,10-fold cross-validation,4,xgb
diabetes,nn,org,full,full_group,org,org,10-fold cross-validation,4,xgb
diabetes,svm,org,full,full_group,org,org,10-fold cross-validation,4,xgb
diabetes,xgb,org,full,full_group,org,org,10-fold cross-validation,4,xgb
diabetes,xgb,zoo,full,full_group,zoo,zoo,10-fold cross-validation,4,xgb
wilt,nn,org,full,full_group,org,org,10-fold cross-validation,4,xgb
banknote,lin,zoo,window_3,diagnostic_window,zoo,hsj,10-fold cross-validation,4,xgb
banknote,nn,pgd,window_2,diagnostic_window,pgd,fgm,10-fold cross-validation,4,xgb
banknote,svm,org,window_0,diagnostic_window,org,org,10-fold cross-validation,4,xgb
banknote,xgb,hsj,window_1,diagnostic_window,hsj,hsj,10-fold cross-validation,4,xgb
banknote,xgb,org,window_0,diagnostic_window,org,org,10-fold cross-validation,4,xgb
diabetes,lin,hsj,window_1,diagnostic_window,hsj,hsj,10-fold cross-validation,4,xgb
diabetes,lin,zoo,window_4,diagnostic_window,zoo,zoo,10-fold cross-validation,4,xgb
diabetes,nn,bim,window_2,diagnostic_window,bim,bim,10-fold cross-validation,4,xgb
diabetes,nn,fgm,window_3,diagnostic_window,fgm,fgm,10-fold cross-validation,4,xgb
diabetes,nn,fgm,window_4,diagnostic_window,fgm,fgm,10-fold cross-validation,4,xgb
diabetes,nn,org,window_2,diagnostic_window,org,org,10-fold cross-validation,4,xgb
wilt,lin,hsj,window_0,diagnostic_window,hsj,org,10-fold cross-validation,4,xgb
wilt,lin,zoo,window_1,diagnostic_window,zoo,zoo,10-fold cross-validation,4,xgb
wilt,nn,bim,window_3,diagnostic_window,bim,bim,10-fold cross-validation,4,xgb
wilt,svm,zoo,window_0,diagnostic_window,zoo,zoo,10-fold cross-validation,4,xgb
wilt,xgb,hsj,window_2,diagnostic_window,hsj,hsj,10-fold cross-validation,4,xgb
wilt,xgb,org,window_4,diagnostic_window,org,org,10-fold cross-validation,4,xgb
diabetes,lin,org,full,full_group,org,org,10-fold cross-validation,5,xgb
wilt,nn,fgm,full,full_group,fgm,fgm,10-fold cross-validation,5,xgb
banknote,nn,fgm,window_4,diagnostic_window,fgm,pgd,10-fold cross-validation,5,xgb
banknote,nn,org,window_3,diagnostic_window,org,org,10-fold cross-validation,5,xgb
banknote,nn,pgd,window_3,diagnostic_window,pgd,fgm,10-fold cross-validation,5,xgb
banknote,xgb,hsj,window_4,diagnostic_window,hsj,hsj,10-fold cross-validation,5,xgb
banknote,xgb,org,window_3,diagnostic_window,org,org,10-fold cross-validation,5,xgb
banknote,xgb,zoo,window_1,diagnostic_window,zoo,hsj,10-fold cross-validation,5,xgb
diabetes,lin,hsj,window_3,diagnostic_window,hsj,hsj,10-fold cross-validation,5,xgb
diabetes,lin,hsj,window_4,diagnostic_window,hsj,zoo,10-fold cross-validation,5,xgb
diabetes,lin,org,window_4,diagnostic_window,org,zoo,10-fold cross-validation,5,xgb
diabetes,lin,zoo,window_0,diagnostic_window,zoo,zoo,10-fold cross-validation,5,xgb
diabetes,lin,zoo,window_1,diagnostic_window,zoo,hsj,10-fold cross-validation,5,xgb
diabetes,nn,bim,window_3,diagnostic_window,bim,bim,10-fold cross-validation,5,xgb
diabetes,nn,bim,window_4,diagnostic_window,bim,fgm,10-fold cross-validation,5,xgb
diabetes,nn,org,window_3,diagnostic_window,org,org,10-fold cross-validation,5,xgb
diabetes,xgb,org,window_2,diagnostic_window,org,org,10-fold cross-validation,5,xgb
wilt,lin,hsj,window_4,diagnostic_window,hsj,org,10-fold cross-validation,5,xgb
wilt,lin,zoo,window_2,diagnostic_window,zoo,zoo,10-fold cross-validation,5,xgb
wilt,svm,hsj,window_0,diagnostic_window,hsj,hsj,10-fold cross-validation,5,xgb
wilt,svm,org,window_0,diagnostic_window,org,org,10-fold cross-validation,5,xgb
wilt,svm,org,window_2,diagnostic_window,org,org,10-fold cross-validation,5,xgb
wilt,xgb,zoo,window_3,diagnostic_window,zoo,zoo,10-fold cross-validation,5,xgb
banknote,lin,hsj,full,full_group,hsj,hsj,10-fold cross-validation,6,xgb
banknote,xgb,zoo,full,full_group,zoo,zoo,10-fold cross-validation,6,xgb
banknote,nn,bim,window_2,diagnostic_window,bim,pgd,10-fold cross-validation,6,xgb
banknote,nn,fgm,window_2,diagnostic_window,fgm,pgd,10-fold cross-validation,6,xgb
banknote,nn,pgd,window_0,diagnostic_window,pgd,pgd,10-fold cross-validation,6,xgb
banknote,svm,org,window_2,diagnostic_window,org,org,10-fold cross-validation,6,xgb
banknote,svm,org,window_3,diagnostic_window,org,org,10-fold cross-validation,6,xgb
banknote,svm,zoo,window_3,diagnostic_window,zoo,zoo,10-fold cross-validation,6,xgb
banknote,xgb,hsj,window_2,diagnostic_window,hsj,hsj,10-fold cross-validation,6,xgb
diabetes,nn,bim,window_1,diagnostic_window,bim,bim,10-fold cross-validation,6,xgb
diabetes,nn,pgd,window_4,diagnostic_window,pgd,fgm,10-fold cross-validation,6,xgb
diabetes,svm,org,window_2,diagnostic_window,org,org,10-fold cross-validation,6,xgb
diabetes,svm,zoo,window_0,diagnostic_window,zoo,zoo,10-fold cross-validation,6,xgb
diabetes,svm,zoo,window_1,diagnostic_window,zoo,zoo,10-fold cross-validation,6,xgb
diabetes,svm,zoo,window_2,diagnostic_window,zoo,zoo,10-fold cross-validation,6,xgb
diabetes,xgb,hsj,window_2,diagnostic_window,hsj,hsj,10-fold cross-validation,6,xgb
diabetes,xgb,org,window_1,diagnostic_window,org,org,10-fold cross-validation,6,xgb
diabetes,xgb,org,window_3,diagnostic_window,org,org,10-fold cross-validation,6,xgb
diabetes,xgb,zoo,window_4,diagnostic_window,zoo,zoo,10-fold cross-validation,6,xgb
wilt,lin,org,window_4,diagnostic_window,org,org,10-fold cross-validation,6,xgb
wilt,nn,org,window_2,diagnostic_window,org,org,10-fold cross-validation,6,xgb
wilt,xgb,hsj,window_0,diagnostic_window,hsj,hsj,10-fold cross-validation,6,xgb
wilt,xgb,hsj,window_1,diagnostic_window,hsj,hsj,10-fold cross-validation,6,xgb
banknote,xgb,hsj,full,full_group,hsj,hsj,10-fold cross-validation,7,xgb
diabetes,svm,zoo,full,full_group,zoo,zoo,10-fold cross-validation,7,xgb
wilt,lin,zoo,full,full_group,zoo,zoo,10-fold cross-validation,7,xgb
banknote,lin,zoo,window_1,diagnostic_window,zoo,hsj,10-fold cross-validation,7,xgb
banknote,nn,bim,window_4,diagnostic_window,bim,bim,10-fold cross-validation,7,xgb
banknote,nn,fgm,window_0,diagnostic_window,fgm,pgd,10-fold cross-validation,7,xgb
banknote,nn,pgd,window_4,diagnostic_window,pgd,fgm,10-fold cross-validation,7,xgb
banknote,svm,org,window_1,diagnostic_window,org,org,10-fold cross-validation,7,xgb
banknote,xgb,org,window_1,diagnostic_window,org,org,10-fold cross-validation,7,xgb
banknote,xgb,zoo,window_2,diagnostic_window,zoo,zoo,10-fold cross-validation,7,xgb
diabetes,nn,pgd,window_3,diagnostic_window,pgd,bim,10-fold cross-validation,7,xgb
diabetes,xgb,hsj,window_1,diagnostic_window,hsj,hsj,10-fold cross-validation,7,xgb
diabetes,xgb,org,window_4,diagnostic_window,org,org,10-fold cross-validation,7,xgb
wilt,lin,hsj,window_1,diagnostic_window,hsj,org,10-fold cross-validation,7,xgb
wilt,lin,hsj,window_2,diagnostic_window,hsj,org,10-fold cross-validation,7,xgb
wilt,lin,zoo,window_0,diagnostic_window,zoo,zoo,10-fold cross-validation,7,xgb
wilt,nn,bim,window_4,diagnostic_window,bim,bim,10-fold cross-validation,7,xgb
wilt,nn,org,window_0,diagnostic_window,org,org,10-fold cross-validation,7,xgb
wilt,nn,org,window_4,diagnostic_window,org,org,10-fold cross-validation,7,xgb
wilt,svm,hsj,window_2,diagnostic_window,hsj,hsj,10-fold cross-validation,7,xgb
wilt,svm,org,window_4,diagnostic_window,org,org,10-fold cross-validation,7,xgb
wilt,xgb,org,window_3,diagnostic_window,org,org,10-fold cross-validation,7,xgb
wilt,xgb,zoo,window_2,diagnostic_window,zoo,zoo,10-fold cross-validation,7,xgb
banknote,nn,pgd,full,full_group,pgd,pgd,10-fold cross-validation,8,xgb
diabetes,xgb,hsj,full,full_group,hsj,hsj,10-fold cross-validation,8,xgb
wilt,nn,pgd,full,full_group,pgd,pgd,10-fold cross-validation,8,xgb
wilt,xgb,org,full,full_group,org,org,10-fold cross-validation,8,xgb
banknote,lin,hsj,window_0,diagnostic_window,hsj,hsj,10-fold cross-validation,8,xgb
banknote,nn,bim,window_3,diagnostic_window,bim,bim,10-fold cross-validation,8,xgb
banknote,nn,fgm,window_3,diagnostic_window,fgm,pgd,10-fold cross-validation,8,xgb
banknote,nn,org,window_2,diagnostic_window,org,org,10-fold cross-validation,8,xgb
banknote,svm,org,window_4,diagnostic_window,org,org,10-fold cross-validation,8,xgb
banknote,xgb,hsj,window_3,diagnostic_window,hsj,hsj,10-fold cross-validation,8,xgb
banknote,xgb,zoo,window_0,diagnostic_window,zoo,zoo,10-fold cross-validation,8,xgb
banknote,xgb,zoo,window_3,diagnostic_window,zoo,zoo,10-fold cross-validation,8,xgb
diabetes,nn,fgm,window_1,diagnostic_window,fgm,bim,10-fold cross-validation,8,xgb
diabetes,nn,org,window_0,diagnostic_window,org,org,10-fold cross-validation,8,xgb
diabetes,nn,org,window_1,diagnostic_window,org,org,10-fold cross-validation,8,xgb
diabetes,nn,org,window_4,diagnostic_window,org,org,10-fold cross-validation,8,xgb
diabetes,svm,zoo,window_4,diagnostic_window,zoo,zoo,10-fold cross-validation,8,xgb
diabetes,xgb,hsj,window_4,diagnostic_window,hsj,zoo,10-fold cross-validation,8,xgb
diabetes,xgb,zoo,window_2,diagnostic_window,zoo,zoo,10-fold cross-validation,8,xgb
diabetes,xgb,zoo,window_3,diagnostic_window,zoo,zoo,10-fold cross-validation,8,xgb
wilt,svm,org,window_1,diagnostic_window,org,org,10-fold cross-validation,8,xgb
wilt,svm,zoo,window_3,diagnostic_window,zoo,zoo,10-fold cross-validation,8,xgb
wilt,xgb,hsj,window_4,diagnostic_window,hsj,hsj,10-fold cross-validation,8,xgb
banknote,xgb,org,full,full_group,org,org,10-fold cross-validation,9,xgb
diabetes,nn,pgd,full,full_group,pgd,pgd,10-fold cross-validation,9,xgb
wilt,lin,hsj,full,full_group,hsj,org,10-fold cross-validation,9,xgb
wilt,lin,org,full,full_group,org,org,10-fold cross-validation,9,xgb
wilt,xgb,hsj,full,full_group,hsj,hsj,10-fold cross-validation,9,xgb
banknote,lin,zoo,window_4,diagnostic_window,zoo,zoo,10-fold cross-validation,9,xgb
banknote,nn,org,window_1,diagnostic_window,org,org,10-fold cross-validation,9,xgb
banknote,svm,hsj,window_3,diagnostic_window,hsj,hsj,10-fold cross-validation,9,xgb
banknote,svm,zoo,window_1,diagnostic_window,zoo,zoo,10-fold cross-validation,9,xgb
banknote,xgb,org,window_4,diagnostic_window,org,org,10-fold cross-validation,9,xgb
diabetes,lin,hsj,window_0,diagnostic_window,hsj,hsj,10-fold cross-validation,9,xgb
diabetes,lin,org,window_2,diagnostic_window,org,org,10-fold cross-validation,9,xgb
diabetes,lin,org,window_3,diagnostic_window,org,org,10-fold cross-validation,9,xgb
diabetes,lin,zoo,window_2,diagnostic_window,zoo,zoo,10-fold cross-validation,9,xgb
diabetes,svm,hsj,window_2,diagnostic_window,hsj,hsj,10-fold cross-validation,9,xgb
diabetes,svm,zoo,window_3,diagnostic_window,zoo,zoo,10-fold cross-validation,9,xgb
wilt,lin,org,window_0,diagnostic_window,org,hsj,10-fold cross-validation,9,xgb
wilt,nn,bim,window_1,diagnostic_window,bim,bim,10-fold cross-validation,9,xgb
wilt,nn,fgm,window_2,diagnostic_window,fgm,fgm,10-fold cross-validation,9,xgb
wilt,nn,fgm,window_4,diagnostic_window,fgm,fgm,10-fold cross-validation,9,xgb
wilt,nn,pgd,window_1,diagnostic_window,pgd,pgd,10-fold cross-validation,9,xgb
wilt,svm,zoo,window_1,diagnostic_window,zoo,zoo,10-fold cross-validation,9,xgb
wilt,svm,zoo,window_2,diagnostic_window,zoo,zoo,10-fold cross-validation,9,xgb
banknote,lin,hsj,full,full_group,hsj,zoo,one-data-set-out,banknote,catboost
banknote,lin,org,full,full_group,org,org,one-data-set-out,banknote,catboost
banknote,lin,zoo,full,full_group,zoo,hsj,one-data-set-out,banknote,catboost
banknote,nn,bim,full,full_group,bim,bim,one-data-set-out,banknote,catboost
banknote,nn,fgm,full,full_group,fgm,bim,one-data-set-out,banknote,catboost
banknote,nn,org,full,full_group,org,org,one-data-set-out,banknote,catboost
banknote,nn,pgd,full,full_group,pgd,bim,one-data-set-out,banknote,catboost
banknote,svm,hsj,full,full_group,hsj,hsj,one-data-set-out,banknote,catboost
banknote,svm,org,full,full_group,org,org,one-data-set-out,banknote,catboost
banknote,svm,zoo,full,full_group,zoo,hsj,one-data-set-out,banknote,catboost
banknote,xgb,hsj,full,full_group,hsj,hsj,one-data-set-out,banknote,catboost
banknote,xgb,org,full,full_group,org,org,one-data-set-out,banknote,catboost
banknote,xgb,zoo,full,full_group,zoo,zoo,one-data-set-out,banknote,catboost
banknote,lin,hsj,window_0,diagnostic_window,hsj,zoo,one-data-set-out,banknote,catboost
banknote,lin,hsj,window_1,diagnostic_window,hsj,hsj,one-data-set-out,banknote,catboost
banknote,lin,hsj,window_2,diagnostic_window,hsj,hsj,one-data-set-out,banknote,catboost
banknote,lin,hsj,window_3,diagnostic_window,hsj,hsj,one-data-set-out,banknote,catboost
banknote,lin,hsj,window_4,diagnostic_window,hsj,zoo,one-data-set-out,banknote,catboost
banknote,lin,org,window_0,diagnostic_window,org,org,one-data-set-out,banknote,catboost
banknote,lin,org,window_1,diagnostic_window,org,org,one-data-set-out,banknote,catboost
banknote,lin,org,window_2,diagnostic_window,org,org,one-data-set-out,banknote,catboost
banknote,lin,org,window_3,diagnostic_window,org,org,one-data-set-out,banknote,catboost
banknote,lin,org,window_4,diagnostic_window,org,org,one-data-set-out,banknote,catboost
banknote,lin,zoo,window_0,diagnostic_window,zoo,zoo,one-data-set-out,banknote,catboost
banknote,lin,zoo,window_1,diagnostic_window,zoo,hsj,one-data-set-out,banknote,catboost
banknote,lin,zoo,window_2,diagnostic_window,zoo,hsj,one-data-set-out,banknote,catboost
banknote,lin,zoo,window_3,diagnostic_window,zoo,hsj,one-data-set-out,banknote,catboost
banknote,lin,zoo,window_4,diagnostic_window,zoo,zoo,one-data-set-out,banknote,catboost
banknote,nn,bim,window_0,diagnostic_window,bim,bim,one-data-set-out,banknote,catboost
banknote,nn,bim,window_1,diagnostic_window,bim,bim,one-data-set-out,banknote,catboost
banknote,nn,bim,window_2,diagnostic_window,bim,bim,one-data-set-out,banknote,catboost
banknote,nn,bim,window_3,diagnostic_window,bim,bim,one-data-set-out,banknote,catboost
banknote,nn,bim,window_4,diagnostic_window,bim,bim,one-data-set-out,banknote,catboost
banknote,nn,fgm,window_0,diagnostic_window,fgm,bim,one-data-set-out,banknote,catboost
banknote,nn,fgm,window_1,diagnostic_window,fgm,bim,one-data-set-out,banknote,catboost
banknote,nn,fgm,window_2,diagnostic_window,fgm,bim,one-data-set-out,banknote,catboost
banknote,nn,fgm,window_3,diagnostic_window,fgm,bim,one-data-set-out,banknote,catboost
banknote,nn,fgm,window_4,diagnostic_window,fgm,bim,one-data-set-out,banknote,catboost
banknote,nn,org,window_0,diagnostic_window,org,org,one-data-set-out,banknote,catboost
banknote,nn,org,window_1,diagnostic_window,org,org,one-data-set-out,banknote,catboost
banknote,nn,org,window_2,diagnostic_window,org,org,one-data-set-out,banknote,catboost
banknote,nn,org,window_3,diagnostic_window,org,org,one-data-set-out,banknote,catboost
banknote,nn,org,window_4,diagnostic_window,org,org,one-data-set-out,banknote,catboost
banknote,nn,pgd,window_0,diagnostic_window,pgd,bim,one-data-set-out,banknote,catboost
banknote,nn,pgd,window_1,diagnostic_window,pgd,bim,one-data-set-out,banknote,catboost
banknote,nn,pgd,window_2,diagnostic_window,pgd,bim,one-data-set-out,banknote,catboost
banknote,nn,pgd,window_3,diagnostic_window,pgd,bim,one-data-set-out,banknote,catboost
banknote,nn,pgd,window_4,diagnostic_window,pgd,bim,one-data-set-out,banknote,catboost
banknote,svm,hsj,window_0,diagnostic_window,hsj,hsj,one-data-set-out,banknote,catboost
banknote,svm,hsj,window_1,diagnostic_window,hsj,hsj,one-data-set-out,banknote,catboost
banknote,svm,hsj,window_2,diagnostic_window,hsj,hsj,one-data-set-out,banknote,catboost
banknote,svm,hsj,window_3,diagnostic_window,hsj,hsj,one-data-set-out,banknote,catboost
banknote,svm,hsj,window_4,diagnostic_window,hsj,hsj,one-data-set-out,banknote,catboost
banknote,svm,org,window_0,diagnostic_window,org,org,one-data-set-out,banknote,catboost
banknote,svm,org,window_1,diagnostic_window,org,org,one-data-set-out,banknote,catboost
banknote,svm,org,window_2,diagnostic_window,org,org,one-data-set-out,banknote,catboost
banknote,svm,org,window_3,diagnostic_window,org,org,one-data-set-out,banknote,catboost
banknote,svm,org,window_4,diagnostic_window,org,org,one-data-set-out,banknote,catboost
banknote,svm,zoo,window_0,diagnostic_window,zoo,hsj,one-data-set-out,banknote,catboost
banknote,svm,zoo,window_1,diagnostic_window,zoo,hsj,one-data-set-out,banknote,catboost
banknote,svm,zoo,window_2,diagnostic_window,zoo,hsj,one-data-set-out,banknote,catboost
banknote,svm,zoo,window_3,diagnostic_window,zoo,hsj,one-data-set-out,banknote,catboost
banknote,svm,zoo,window_4,diagnostic_window,zoo,hsj,one-data-set-out,banknote,catboost
banknote,xgb,hsj,window_0,diagnostic_window,hsj,hsj,one-data-set-out,banknote,catboost
banknote,xgb,hsj,window_1,diagnostic_window,hsj,hsj,one-data-set-out,banknote,catboost
banknote,xgb,hsj,window_2,diagnostic_window,hsj,hsj,one-data-set-out,banknote,catboost
banknote,xgb,hsj,window_3,diagnostic_window,hsj,hsj,one-data-set-out,banknote,catboost
banknote,xgb,hsj,window_4,diagnostic_window,hsj,hsj,one-data-set-out,banknote,catboost
banknote,xgb,org,window_0,diagnostic_window,org,org,one-data-set-out,banknote,catboost
banknote,xgb,org,window_1,diagnostic_window,org,org,one-data-set-out,banknote,catboost
banknote,xgb,org,window_2,diagnostic_window,org,org,one-data-set-out,banknote,catboost
banknote,xgb,org,window_3,diagnostic_window,org,org,one-data-set-out,banknote,catboost
banknote,xgb,org,window_4,diagnostic_window,org,org,one-data-set-out,banknote,catboost
banknote,xgb,zoo,window_0,diagnostic_window,zoo,zoo,one-data-set-out,banknote,catboost
banknote,xgb,zoo,window_1,diagnostic_window,zoo,hsj,one-data-set-out,banknote,catboost
banknote,xgb,zoo,window_2,diagnostic_window,zoo,zoo,one-data-set-out,banknote,catboost
banknote,xgb,zoo,window_3,diagnostic_window,zoo,hsj,one-data-set-out,banknote,catboost
banknote,xgb,zoo,window_4,diagnostic_window,zoo,zoo,one-data-set-out,banknote,catboost
diabetes,lin,hsj,full,full_group,hsj,hsj,one-data-set-out,diabetes,catboost
diabetes,lin,org,full,full_group,org,zoo,one-data-set-out,diabetes,catboost
diabetes,lin,zoo,full,full_group,zoo,hsj,one-data-set-out,diabetes,catboost
diabetes,nn,bim,full,full_group,bim,org,one-data-set-out,diabetes,catboost
diabetes,nn,fgm,full,full_group,fgm,org,one-data-set-out,diabetes,catboost
diabetes,nn,org,full,full_group,org,org,one-data-set-out,diabetes,catboost
diabetes,nn,pgd,full,full_group,pgd,org,one-data-set-out,diabetes,catboost
diabetes,svm,hsj,full,full_group,hsj,hsj,one-data-set-out,diabetes,catboost
diabetes,svm,org,full,full_group,org,zoo,one-data-set-out,diabetes,catboost
diabetes,svm,zoo,full,full_group,zoo,zoo,one-data-set-out,diabetes,catboost
diabetes,xgb,hsj,full,full_group,hsj,zoo,one-data-set-out,diabetes,catboost
diabetes,xgb,org,full,full_group,org,zoo,one-data-set-out,diabetes,catboost
diabetes,xgb,zoo,full,full_group,zoo,zoo,one-data-set-out,diabetes,catboost
diabetes,lin,hsj,window_0,diagnostic_window,hsj,hsj,one-data-set-out,diabetes,catboost
diabetes,lin,hsj,window_1,diagnostic_window,hsj,hsj,one-data-set-out,diabetes,catboost
diabetes,lin,hsj,window_2,diagnostic_window,hsj,hsj,one-data-set-out,diabetes,catboost
diabetes,lin,hsj,window_3,diagnostic_window,hsj,hsj,one-data-set-out,diabetes,catboost
diabetes,lin,hsj,window_4,diagnostic_window,hsj,zoo,one-data-set-out,diabetes,catboost
diabetes,lin,org,window_0,diagnostic_window,org,hsj,one-data-set-out,diabetes,catboost
diabetes,lin,org,window_1,diagnostic_window,org,hsj,one-data-set-out,diabetes,catboost
diabetes,lin,org,window_2,diagnostic_window,org,zoo,one-data-set-out,diabetes,catboost
diabetes,lin,org,window_3,diagnostic_window,org,hsj,one-data-set-out,diabetes,catboost
diabetes,lin,org,window_4,diagnostic_window,org,zoo,one-data-set-out,diabetes,catboost
diabetes,lin,zoo,window_0,diagnostic_window,zoo,zoo,one-data-set-out,diabetes,catboost
diabetes,lin,zoo,window_1,diagnostic_window,zoo,hsj,one-data-set-out,diabetes,catboost
diabetes,lin,zoo,window_2,diagnostic_window,zoo,zoo,one-data-set-out,diabetes,catboost
diabetes,lin,zoo,window_3,diagnostic_window,zoo,hsj,one-data-set-out,diabetes,catboost
diabetes,lin,zoo,window_4,diagnostic_window,zoo,hsj,one-data-set-out,diabetes,catboost
diabetes,nn,bim,window_0,diagnostic_window,bim,org,one-data-set-out,diabetes,catboost
diabetes,nn,bim,window_1,diagnostic_window,bim,org,one-data-set-out,diabetes,catboost
diabetes,nn,bim,window_2,diagnostic_window,bim,org,one-data-set-out,diabetes,catboost
diabetes,nn,bim,window_3,diagnostic_window,bim,org,one-data-set-out,diabetes,catboost
diabetes,nn,bim,window_4,diagnostic_window,bim,org,one-data-set-out,diabetes,catboost
diabetes,nn,fgm,window_0,diagnostic_window,fgm,org,one-data-set-out,diabetes,catboost
diabetes,nn,fgm,window_1,diagnostic_window,fgm,org,one-data-set-out,diabetes,catboost
diabetes,nn,fgm,window_2,diagnostic_window,fgm,org,one-data-set-out,diabetes,catboost
diabetes,nn,fgm,window_3,diagnostic_window,fgm,fgm,one-data-set-out,diabetes,catboost
diabetes,nn,fgm,window_4,diagnostic_window,fgm,org,one-data-set-out,diabetes,catboost
diabetes,nn,org,window_0,diagnostic_window,org,org,one-data-set-out,diabetes,catboost
diabetes,nn,org,window_1,diagnostic_window,org,org,one-data-set-out,diabetes,catboost
diabetes,nn,org,window_2,diagnostic_window,org,org,one-data-set-out,diabetes,catboost
diabetes,nn,org,window_3,diagnostic_window,org,org,one-data-set-out,diabetes,catboost
diabetes,nn,org,window_4,diagnostic_window,org,org,one-data-set-out,diabetes,catboost
diabetes,nn,pgd,window_0,diagnostic_window,pgd,org,one-data-set-out,diabetes,catboost
diabetes,nn,pgd,window_1,diagnostic_window,pgd,org,one-data-set-out,diabetes,catboost
diabetes,nn,pgd,window_2,diagnostic_window,pgd,org,one-data-set-out,diabetes,catboost
diabetes,nn,pgd,window_3,diagnostic_window,pgd,org,one-data-set-out,diabetes,catboost
diabetes,nn,pgd,window_4,diagnostic_window,pgd,org,one-data-set-out,diabetes,catboost
diabetes,svm,hsj,window_0,diagnostic_window,hsj,hsj,one-data-set-out,diabetes,catboost
diabetes,svm,hsj,window_1,diagnostic_window,hsj,hsj,one-data-set-out,diabetes,catboost
diabetes,svm,hsj,window_2,diagnostic_window,hsj,hsj,one-data-set-out,diabetes,catboost
diabetes,svm,hsj,window_3,diagnostic_window,hsj,hsj,one-data-set-out,diabetes,catboost
diabetes,svm,hsj,window_4,diagnostic_window,hsj,hsj,one-data-set-out,diabetes,catboost
diabetes,svm,org,window_0,diagnostic_window,org,hsj,one-data-set-out,diabetes,catboost
diabetes,svm,org,window_1,diagnostic_window,org,hsj,one-data-set-out,diabetes,catboost
diabetes,svm,org,window_2,diagnostic_window,org,zoo,one-data-set-out,diabetes,catboost
diabetes,svm,org,window_3,diagnostic_window,org,zoo,one-data-set-out,diabetes,catboost
diabetes,svm,org,window_4,diagnostic_window,org,zoo,one-data-set-out,diabetes,catboost
diabetes,svm,zoo,window_0,diagnostic_window,zoo,zoo,one-data-set-out,diabetes,catboost
diabetes,svm,zoo,window_1,diagnostic_window,zoo,zoo,one-data-set-out,diabetes,catboost
diabetes,svm,zoo,window_2,diagnostic_window,zoo,zoo,one-data-set-out,diabetes,catboost
diabetes,svm,zoo,window_3,diagnostic_window,zoo,zoo,one-data-set-out,diabetes,catboost
diabetes,svm,zoo,window_4,diagnostic_window,zoo,zoo,one-data-set-out,diabetes,catboost
diabetes,xgb,hsj,window_0,diagnostic_window,hsj,hsj,one-data-set-out,diabetes,catboost
diabetes,xgb,hsj,window_1,diagnostic_window,hsj,hsj,one-data-set-out,diabetes,catboost
diabetes,xgb,hsj,window_2,diagnostic_window,hsj,zoo,one-data-set-out,diabetes,catboost
diabetes,xgb,hsj,window_3,diagnostic_window,hsj,zoo,one-data-set-out,diabetes,catboost
diabetes,xgb,hsj,window_4,diagnostic_window,hsj,zoo,one-data-set-out,diabetes,catboost
diabetes,xgb,org,window_0,diagnostic_window,org,zoo,one-data-set-out,diabetes,catboost
diabetes,xgb,org,window_1,diagnostic_window,org,zoo,one-data-set-out,diabetes,catboost
diabetes,xgb,org,window_2,diagnostic_window,org,zoo,one-data-set-out,diabetes,catboost
diabetes,xgb,org,window_3,diagnostic_window,org,hsj,one-data-set-out,diabetes,catboost
diabetes,xgb,org,window_4,diagnostic_window,org,zoo,one-data-set-out,diabetes,catboost
diabetes,xgb,zoo,window_0,diagnostic_window,zoo,zoo,one-data-set-out,diabetes,catboost
diabetes,xgb,zoo,window_1,diagnostic_window,zoo,zoo,one-data-set-out,diabetes,catboost
diabetes,xgb,zoo,window_2,diagnostic_window,zoo,zoo,one-data-set-out,diabetes,catboost
diabetes,xgb,zoo,window_3,diagnostic_window,zoo,zoo,one-data-set-out,diabetes,catboost
diabetes,xgb,zoo,window_4,diagnostic_window,zoo,zoo,one-data-set-out,diabetes,catboost
wilt,lin,hsj,full,full_group,hsj,org,one-data-set-out,wilt,catboost
wilt,lin,org,full,full_group,org,org,one-data-set-out,wilt,catboost
wilt,lin,zoo,full,full_group,zoo,org,one-data-set-out,wilt,catboost
wilt,nn,bim,full,full_group,bim,fgm,one-data-set-out,wilt,catboost
wilt,nn,fgm,full,full_group,fgm,fgm,one-data-set-out,wilt,catboost
wilt,nn,org,full,full_group,org,org,one-data-set-out,wilt,catboost
wilt,nn,pgd,full,full_group,pgd,fgm,one-data-set-out,wilt,catboost
wilt,svm,hsj,full,full_group,hsj,zoo,one-data-set-out,wilt,catboost
wilt,svm,org,full,full_group,org,org,one-data-set-out,wilt,catboost
wilt,svm,zoo,full,full_group,zoo,zoo,one-data-set-out,wilt,catboost
wilt,xgb,hsj,full,full_group,hsj,hsj,one-data-set-out,wilt,catboost
wilt,xgb,org,full,full_group,org,org,one-data-set-out,wilt,catboost
wilt,xgb,zoo,full,full_group,zoo,zoo,one-data-set-out,wilt,catboost
wilt,lin,hsj,window_0,diagnostic_window,hsj,org,one-data-set-out,wilt,catboost
wilt,lin,hsj,window_1,diagnostic_window,hsj,org,one-data-set-out,wilt,catboost
wilt,lin,hsj,window_2,diagnostic_window,hsj,org,one-data-set-out,wilt,catboost
wilt,lin,hsj,window_3,diagnostic_window,hsj,org,one-data-set-out,wilt,catboost
wilt,lin,hsj,window_4,diagnostic_window,hsj,org,one-data-set-out,wilt,catboost
wilt,lin,org,window_0,diagnostic_window,org,org,one-data-set-out,wilt,catboost
wilt,lin,org,window_1,diagnostic_window,org,org,one-data-set-out,wilt,catboost
wilt,lin,org,window_2,diagnostic_window,org,org,one-data-set-out,wilt,catboost
wilt,lin,org,window_3,diagnostic_window,org,org,one-data-set-out,wilt,catboost
wilt,lin,org,window_4,diagnostic_window,org,org,one-data-set-out,wilt,catboost
wilt,lin,zoo,window_0,diagnostic_window,zoo,org,one-data-set-out,wilt,catboost
wilt,lin,zoo,window_1,diagnostic_window,zoo,org,one-data-set-out,wilt,catboost
wilt,lin,zoo,window_2,diagnostic_window,zoo,org,one-data-set-out,wilt,catboost
wilt,lin,zoo,window_3,diagnostic_window,zoo,org,one-data-set-out,wilt,catboost
wilt,lin,zoo,window_4,diagnostic_window,zoo,org,one-data-set-out,wilt,catboost
wilt,nn,bim,window_0,diagnostic_window,bim,fgm,one-data-set-out,wilt,catboost
wilt,nn,bim,window_1,diagnostic_window,bim,fgm,one-data-set-out,wilt,catboost
wilt,nn,bim,window_2,diagnostic_window,bim,fgm,one-data-set-out,wilt,catboost
wilt,nn,bim,window_3,diagnostic_window,bim,fgm,one-data-set-out,wilt,catboost
wilt,nn,bim,window_4,diagnostic_window,bim,fgm,one-data-set-out,wilt,catboost
wilt,nn,fgm,window_0,diagnostic_window,fgm,fgm,one-data-set-out,wilt,catboost
wilt,nn,fgm,window_1,diagnostic_window,fgm,fgm,one-data-set-out,wilt,catboost
wilt,nn,fgm,window_2,diagnostic_window,fgm,fgm,one-data-set-out,wilt,catboost
wilt,nn,fgm,window_3,diagnostic_window,fgm,fgm,one-data-set-out,wilt,catboost
wilt,nn,fgm,window_4,diagnostic_window,fgm,fgm,one-data-set-out,wilt,catboost
wilt,nn,org,window_0,diagnostic_window,org,org,one-data-set-out,wilt,catboost
wilt,nn,org,window_1,diagnostic_window,org,org,one-data-set-out,wilt,catboost
wilt,nn,org,window_2,diagnostic_window,org,org,one-data-set-out,wilt,catboost
wilt,nn,org,window_3,diagnostic_window,org,org,one-data-set-out,wilt,catboost
wilt,nn,org,window_4,diagnostic_window,org,org,one-data-set-out,wilt,catboost
wilt,nn,pgd,window_0,diagnostic_window,pgd,fgm,one-data-set-out,wilt,catboost
wilt,nn,pgd,window_1,diagnostic_window,pgd,fgm,one-data-set-out,wilt,catboost
wilt,nn,pgd,window_2,diagnostic_window,pgd,fgm,one-data-set-out,wilt,catboost
wilt,nn,pgd,window_3,diagnostic_window,pgd,fgm,one-data-set-out,wilt,catboost
wilt,nn,pgd,window_4,diagnostic_window,pgd,fgm,one-data-set-out,wilt,catboost
wilt,svm,hsj,window_0,diagnostic_window,hsj,zoo,one-data-set-out,wilt,catboost
wilt,svm,hsj,window_1,diagnostic_window,hsj,zoo,one-data-set-out,wilt,catboost
wilt,svm,hsj,window_2,diagnostic_window,hsj,hsj,one-data-set-out,wilt,catboost
wilt,svm,hsj,window_3,diagnostic_window,hsj,zoo,one-data-set-out,wilt,catboost
wilt,svm,hsj,window_4,diagnostic_window,hsj,zoo,one-data-set-out,wilt,catboost
wilt,svm,org,window_0,diagnostic_window,org,org,one-data-set-out,wilt,catboost
wilt,svm,org,window_1,diagnostic_window,org,org,one-data-set-out,wilt,catboost
wilt,svm,org,window_2,diagnostic_window,org,org,one-data-set-out,wilt,catboost
wilt,svm,org,window_3,diagnostic_window,org,org,one-data-set-out,wilt,catboost
wilt,svm,org,window_4,diagnostic_window,org,org,one-data-set-out,wilt,catboost
wilt,svm,zoo,window_0,diagnostic_window,zoo,zoo,one-data-set-out,wilt,catboost
wilt,svm,zoo,window_1,diagnostic_window,zoo,zoo,one-data-set-out,wilt,catboost
wilt,svm,zoo,window_2,diagnostic_window,zoo,zoo,one-data-set-out,wilt,catboost
wilt,svm,zoo,window_3,diagnostic_window,zoo,zoo,one-data-set-out,wilt,catboost
wilt,svm,zoo,window_4,diagnostic_window,zoo,zoo,one-data-set-out,wilt,catboost
wilt,xgb,hsj,window_0,diagnostic_window,hsj,hsj,one-data-set-out,wilt,catboost
wilt,xgb,hsj,window_1,diagnostic_window,hsj,hsj,one-data-set-out,wilt,catboost
wilt,xgb,hsj,window_2,diagnostic_window,hsj,hsj,one-data-set-out,wilt,catboost
wilt,xgb,hsj,window_3,diagnostic_window,hsj,hsj,one-data-set-out,wilt,catboost
wilt,xgb,hsj,window_4,diagnostic_window,hsj,hsj,one-data-set-out,wilt,catboost
wilt,xgb,org,window_0,diagnostic_window,org,org,one-data-set-out,wilt,catboost
wilt,xgb,org,window_1,diagnostic_window,org,org,one-data-set-out,wilt,catboost
wilt,xgb,org,window_2,diagnostic_window,org,org,one-data-set-out,wilt,catboost
wilt,xgb,org,window_3,diagnostic_window,org,org,one-data-set-out,wilt,catboost
wilt,xgb,org,window_4,diagnostic_window,org,org,one-data-set-out,wilt,catboost
wilt,xgb,zoo,window_0,diagnostic_window,zoo,zoo,one-data-set-out,wilt,catboost
wilt,xgb,zoo,window_1,diagnostic_window,zoo,zoo,one-data-set-out,wilt,catboost
wilt,xgb,zoo,window_2,diagnostic_window,zoo,zoo,one-data-set-out,wilt,catboost
wilt,xgb,zoo,window_3,diagnostic_window,zoo,zoo,one-data-set-out,wilt,catboost
wilt,xgb,zoo,window_4,diagnostic_window,zoo,zoo,one-data-set-out,wilt,catboost
banknote,lin,hsj,full,full_group,hsj,zoo,one-model-out,lin,catboost
banknote,lin,org,full,full_group,org,org,one-model-out,lin,catboost
banknote,lin,zoo,full,full_group,zoo,hsj,one-model-out,lin,catboost
diabetes,lin,hsj,full,full_group,hsj,hsj,one-model-out,lin,catboost
diabetes,lin,org,full,full_group,org,org,one-model-out,lin,catboost
diabetes,lin,zoo,full,full_group,zoo,zoo,one-model-out,lin,catboost
wilt,lin,hsj,full,full_group,hsj,org,one-model-out,lin,catboost
wilt,lin,org,full,full_group,org,org,one-model-out,lin,catboost
wilt,lin,zoo,full,full_group,zoo,org,one-model-out,lin,catboost
banknote,lin,hsj,window_0,diagnostic_window,hsj,zoo,one-model-out,lin,catboost
banknote,lin,hsj,window_1,diagnostic_window,hsj,hsj,one-model-out,lin,catboost
banknote,lin,hsj,window_2,diagnostic_window,hsj,hsj,one-model-out,lin,catboost
banknote,lin,hsj,window_3,diagnostic_window,hsj,hsj,one-model-out,lin,catboost
banknote,lin,hsj,window_4,diagnostic_window,hsj,zoo,one-model-out,lin,catboost
banknote,lin,org,window_0,diagnostic_window,org,org,one-model-out,lin,catboost
banknote,lin,org,window_1,diagnostic_window,org,org,one-model-out,lin,catboost
banknote,lin,org,window_2,diagnostic_window,org,org,one-model-out,lin,catboost
banknote,lin,org,window_3,diagnostic_window,org,org,one-model-out,lin,catboost
banknote,lin,org,window_4,diagnostic_window,org,org,one-model-out,lin,catboost
banknote,lin,zoo,window_0,diagnostic_window,zoo,hsj,one-model-out,lin,catboost
banknote,lin,zoo,window_1,diagnostic_window,zoo,hsj,one-model-out,lin,catboost
banknote,lin,zoo,window_2,diagnostic_window,zoo,hsj,one-model-out,lin,catboost
banknote,lin,zoo,window_3,diagnostic_window,zoo,hsj,one-model-out,lin,catboost
banknote,lin,zoo,window_4,diagnostic_window,zoo,zoo,one-model-out,lin,catboost
diabetes,lin,hsj,window_0,diagnostic_window,hsj,hsj,one-model-out,lin,catboost
diabetes,lin,hsj,window_1,diagnostic_window,hsj,hsj,one-model-out,lin,catboost
diabetes,lin,hsj,window_2,diagnostic_window,hsj,hsj,one-model-out,lin,catboost
diabetes,lin,hsj,window_3,diagnostic_window,hsj,hsj,one-model-out,lin,catboost
diabetes,lin,hsj,window_4,diagnostic_window,hsj,hsj,one-model-out,lin,catboost
diabetes,lin,org,window_0,diagnostic_window,org,org,one-model-out,lin,catboost
diabetes,lin,org,window_1,diagnostic_window,org,org,one-model-out,lin,catboost
diabetes,lin,org,window_2,diagnostic_window,org,org,one-model-out,lin,catboost
diabetes,lin,org,window_3,diagnostic_window,org,org,one-model-out,lin,catboost
diabetes,lin,org,window_4,diagnostic_window,org,org,one-model-out,lin,catboost
diabetes,lin,zoo,window_0,diagnostic_window,zoo,zoo,one-model-out,lin,catboost
diabetes,lin,zoo,window_1,diagnostic_window,zoo,hsj,one-model-out,lin,catboost
diabetes,lin,zoo,window_2,diagnostic_window,zoo,zoo,one-model-out,lin,catboost
diabetes,lin,zoo,window_3,diagnostic_window,zoo,zoo,one-model-out,lin,catboost
diabetes,lin,zoo,window_4,diagnostic_window,zoo,zoo,one-model-out,lin,catboost
wilt,lin,hsj,window_0,diagnostic_window,hsj,org,one-model-out,lin,catboost
wilt,lin,hsj,window_1,diagnostic_window,hsj,org,one-model-out,lin,catboost
wilt,lin,hsj,window_2,diagnostic_window,hsj,org,one-model-out,lin,catboost
wilt,lin,hsj,window_3,diagnostic_window,hsj,org,one-model-out,lin,catboost
wilt,lin,hsj,window_4,diagnostic_window,hsj,org,one-model-out,lin,catboost
wilt,lin,org,window_0,diagnostic_window,org,org,one-model-out,lin,catboost
wilt,lin,org,window_1,diagnostic_window,org,org,one-model-out,lin,catboost
wilt,lin,org,window_2,diagnostic_window,org,org,one-model-out,lin,catboost
wilt,lin,org,window_3,diagnostic_window,org,org,one-model-out,lin,catboost
wilt,lin,org,window_4,diagnostic_window,org,org,one-model-out,lin,catboost
wilt,lin,zoo,window_0,diagnostic_window,zoo,org,one-model-out,lin,catboost
wilt,lin,zoo,window_1,diagnostic_window,zoo,org,one-model-out,lin,catboost
wilt,lin,zoo,window_2,diagnostic_window,zoo,org,one-model-out,lin,catboost
wilt,lin,zoo,window_3,diagnostic_window,zoo,org,one-model-out,lin,catboost
wilt,lin,zoo,window_4,diagnostic_window,zoo,org,one-model-out,lin,catboost
banknote,nn,bim,full,full_group,bim,org,one-model-out,nn,catboost
banknote,nn,fgm,full,full_group,fgm,org,one-model-out,nn,catboost
banknote,nn,org,full,full_group,org,org,one-model-out,nn,catboost
banknote,nn,pgd,full,full_group,pgd,org,one-model-out,nn,catboost
diabetes,nn,bim,full,full_group,bim,org,one-model-out,nn,catboost
diabetes,nn,fgm,full,full_group,fgm,org,one-model-out,nn,catboost
diabetes,nn,org,full,full_group,org,org,one-model-out,nn,catboost
diabetes,nn,pgd,full,full_group,pgd,org,one-model-out,nn,catboost
wilt,nn,bim,full,full_group,bim,org,one-model-out,nn,catboost
wilt,nn,fgm,full,full_group,fgm,org,one-model-out,nn,catboost
wilt,nn,org,full,full_group,org,org,one-model-out,nn,catboost
wilt,nn,pgd,full,full_group,pgd,org,one-model-out,nn,catboost
banknote,nn,bim,window_0,diagnostic_window,bim,org,one-model-out,nn,catboost
banknote,nn,bim,window_1,diagnostic_window,bim,org,one-model-out,nn,catboost
banknote,nn,bim,window_2,diagnostic_window,bim,org,one-model-out,nn,catboost
banknote,nn,bim,window_3,diagnostic_window,bim,org,one-model-out,nn,catboost
banknote,nn,bim,window_4,diagnostic_window,bim,org,one-model-out,nn,catboost
banknote,nn,fgm,window_0,diagnostic_window,fgm,org,one-model-out,nn,catboost
banknote,nn,fgm,window_1,diagnostic_window,fgm,org,one-model-out,nn,catboost
banknote,nn,fgm,window_2,diagnostic_window,fgm,org,one-model-out,nn,catboost
banknote,nn,fgm,window_3,diagnostic_window,fgm,org,one-model-out,nn,catboost
banknote,nn,fgm,window_4,diagnostic_window,fgm,org,one-model-out,nn,catboost
banknote,nn,org,window_0,diagnostic_window,org,org,one-model-out,nn,catboost
banknote,nn,org,window_1,diagnostic_window,org,org,one-model-out,nn,catboost
banknote,nn,org,window_2,diagnostic_window,org,org,one-model-out,nn,catboost
banknote,nn,org,window_3,diagnostic_window,org,org,one-model-out,nn,catboost
banknote,nn,org,window_4,diagnostic_window,org,org,one-model-out,nn,catboost
banknote,nn,pgd,window_0,diagnostic_window,pgd,org,one-model-out,nn,catboost
banknote,nn,pgd,window_1,diagnostic_window,pgd,org,one-model-out,nn,catboost
banknote,nn,pgd,window_2,diagnostic_window,pgd,org,one-model-out,nn,catboost
banknote,nn,pgd,window_3,diagnostic_window,pgd,org,one-model-out,nn,catboost
banknote,nn,pgd,window_4,diagnostic_window,pgd,org,one-model-out,nn,catboost
diabetes,nn,bim,window_0,diagnostic_window,bim,org,one-model-out,nn,catboost
diabetes,nn,bim,window_1,diagnostic_window,bim,org,one-model-out,nn,catboost
diabetes,nn,bim,window_2,diagnostic_window,bim,org,one-model-out,nn,catboost
diabetes,nn,bim,window_3,diagnostic_window,bim,org,one-model-out,nn,catboost
diabetes,nn,bim,window_4,diagnostic_window,bim,org,one-model-out,nn,catboost
diabetes,nn,fgm,window_0,diagnostic_window,fgm,org,one-model-out,nn,catboost
diabetes,nn,fgm,window_1,diagnostic_window,fgm,org,one-model-out,nn,catboost
diabetes,nn,fgm,window_2,diagnostic_window,fgm,org,one-model-out,nn,catboost
diabetes,nn,fgm,window_3,diagnostic_window,fgm,org,one-model-out,nn,catboost
diabetes,nn,fgm,window_4,diagnostic_window,fgm,org,one-model-out,nn,catboost
diabetes,nn,org,window_0,diagnostic_window,org,org,one-model-out,nn,catboost
diabetes,nn,org,window_1,diagnostic_window,org,org,one-model-out,nn,catboost
diabetes,nn,org,window_2,diagnostic_window,org,org,one-model-out,nn,catboost
diabetes,nn,org,window_3,diagnostic_window,org,org,one-model-out,nn,catboost
diabetes,nn,org,window_4,diagnostic_window,org,org,one-model-out,nn,catboost
diabetes,nn,pgd,window_0,diagnostic_window,pgd,org,one-model-out,nn,catboost
diabetes,nn,pgd,window_1,diagnostic_window,pgd,org,one-model-out,nn,catboost
diabetes,nn,pgd,window_2,diagnostic_window,pgd,org,one-model-out,nn,catboost
diabetes,nn,pgd,window_3,diagnostic_window,pgd,org,one-model-out,nn,catboost
diabetes,nn,pgd,window_4,diagnostic_window,pgd,org,one-model-out,nn,catboost
wilt,nn,bim,window_0,diagnostic_window,bim,org,one-model-out,nn,catboost
wilt,nn,bim,window_1,diagnostic_window,bim,org,one-model-out,nn,catboost
wilt,nn,bim,window_2,diagnostic_window,bim,org,one-model-out,nn,catboost
wilt,nn,bim,window_3,diagnostic_window,bim,org,one-model-out,nn,catboost
wilt,nn,bim,window_4,diagnostic_window,bim,org,one-model-out,nn,catboost
wilt,nn,fgm,window_0,diagnostic_window,fgm,org,one-model-out,nn,catboost
wilt,nn,fgm,window_1,diagnostic_window,fgm,org,one-model-out,nn,catboost
wilt,nn,fgm,window_2,diagnostic_window,fgm,org,one-model-out,nn,catboost
wilt,nn,fgm,window_3,diagnostic_window,fgm,org,one-model-out,nn,catboost
wilt,nn,fgm,window_4,diagnostic_window,fgm,org,one-model-out,nn,catboost
wilt,nn,org,window_0,diagnostic_window,org,org,one-model-out,nn,catboost
wilt,nn,org,window_1,diagnostic_window,org,org,one-model-out,nn,catboost
wilt,nn,org,window_2,diagnostic_window,org,org,one-model-out,nn,catboost
wilt,nn,org,window_3,diagnostic_window,org,org,one-model-out,nn,catboost
wilt,nn,org,window_4,diagnostic_window,org,org,one-model-out,nn,catboost
wilt,nn,pgd,window_0,diagnostic_window,pgd,org,one-model-out,nn,catboost
wilt,nn,pgd,window_1,diagnostic_window,pgd,org,one-model-out,nn,catboost
wilt,nn,pgd,window_2,diagnostic_window,pgd,org,one-model-out,nn,catboost
wilt,nn,pgd,window_3,diagnostic_window,pgd,org,one-model-out,nn,catboost
wilt,nn,pgd,window_4,diagnostic_window,pgd,org,one-model-out,nn,catboost
banknote,svm,hsj,full,full_group,hsj,hsj,one-model-out,svm,catboost
banknote,svm,org,full,full_group,org,org,one-model-out,svm,catboost
banknote,svm,zoo,full,full_group,zoo,hsj,one-model-out,svm,catboost
diabetes,svm,hsj,full,full_group,hsj,hsj,one-model-out,svm,catboost
diabetes,svm,org,full,full_group,org,org,one-model-out,svm,catboost
diabetes,svm,zoo,full,full_group,zoo,zoo,one-model-out,svm,catboost
wilt,svm,hsj,full,full_group,hsj,hsj,one-model-out,svm,catboost
wilt,svm,org,full,full_group,org,org,one-model-out,svm,catboost
wilt,svm,zoo,full,full_group,zoo,zoo,one-model-out,svm,catboost
banknote,svm,hsj,window_0,diagnostic_window,hsj,hsj,one-model-out,svm,catboost
banknote,svm,hsj,window_1,diagnostic_window,hsj,hsj,one-model-out,svm,catboost
banknote,svm,hsj,window_2,diagnostic_window,hsj,hsj,one-model-out,svm,catboost
banknote,svm,hsj,window_3,diagnostic_window,hsj,hsj,one-model-out,svm,catboost
banknote,svm,hsj,window_4,diagnostic_window,hsj,hsj,one-model-out,svm,catboost
banknote,svm,org,window_0,diagnostic_window,org,org,one-model-out,svm,catboost
banknote,svm,org,window_1,diagnostic_window,org,org,one-model-out,svm,catboost
banknote,svm,org,window_2,diagnostic_window,org,org,one-model-out,svm,catboost
banknote,svm,org,window_3,diagnostic_window,org,org,one-model-out,svm,catboost
banknote,svm,org,window_4,diagnostic_window,org,org,one-model-out,svm,catboost
banknote,svm,zoo,window_0,diagnostic_window,zoo,hsj,one-model-out,svm,catboost
banknote,svm,zoo,window_1,diagnostic_window,zoo,hsj,one-model-out,svm,catboost
banknote,svm,zoo,window_2,diagnostic_window,zoo,hsj,one-model-out,svm,catboost
banknote,svm,zoo,window_3,diagnostic_window,zoo,hsj,one-model-out,svm,catboost
banknote,svm,zoo,window_4,diagnostic_window,zoo,hsj,one-model-out,svm,catboost
diabetes,svm,hsj,window_0,diagnostic_window,hsj,hsj,one-model-out,svm,catboost
diabetes,svm,hsj,window_1,diagnostic_window,hsj,hsj,one-model-out,svm,catboost
diabetes,svm,hsj,window_2,diagnostic_window,hsj,hsj,one-model-out,svm,catboost
diabetes,svm,hsj,window_3,diagnostic_window,hsj,hsj,one-model-out,svm,catboost
diabetes,svm,hsj,window_4,diagnostic_window,hsj,hsj,one-model-out,svm,catboost
diabetes,svm,org,window_0,diagnostic_window,org,org,one-model-out,svm,catboost
diabetes,svm,org,window_1,diagnostic_window,org,org,one-model-out,svm,catboost
diabetes,svm,org,window_2,diagnostic_window,org,org,one-model-out,svm,catboost
diabetes,svm,org,window_3,diagnostic_window,org,org,one-model-out,svm,catboost
diabetes,svm,org,window_4,diagnostic_window,org,org,one-model-out,svm,catboost
diabetes,svm,zoo,window_0,diagnostic_window,zoo,hsj,one-model-out,svm,catboost
diabetes,svm,zoo,window_1,diagnostic_window,zoo,hsj,one-model-out,svm,catboost
diabetes,svm,zoo,window_2,diagnostic_window,zoo,zoo,one-model-out,svm,catboost
diabetes,svm,zoo,window_3,diagnostic_window,zoo,zoo,one-model-out,svm,catboost
diabetes,svm,zoo,window_4,diagnostic_window,zoo,zoo,one-model-out,svm,catboost
wilt,svm,hsj,window_0,diagnostic_window,hsj,hsj,one-model-out,svm,catboost
wilt,svm,hsj,window_1,diagnostic_window,hsj,hsj,one-model-out,svm,catboost
wilt,svm,hsj,window_2,diagnostic_window,hsj,hsj,one-model-out,svm,catboost
wilt,svm,hsj,window_3,diagnostic_window,hsj,hsj,one-model-out,svm,catboost
wilt,svm,hsj,window_4,diagnostic_window,hsj,hsj,one-model-out,svm,catboost
wilt,svm,org,window_0,diagnostic_window,org,org,one-model-out,svm,catboost
wilt,svm,org,window_1,diagnostic_window,org,org,one-model-out,svm,catboost
wilt,svm,org,window_2,diagnostic_window,org,org,one-model-out,svm,catboost
wilt,svm,org,window_3,diagnostic_window,org,org,one-model-out,svm,catboost
wilt,svm,org,window_4,diagnostic_window,org,org,one-model-out,svm,catboost
wilt,svm,zoo,window_0,diagnostic_window,zoo,zoo,one-model-out,svm,catboost
wilt,svm,zoo,window_1,diagnostic_window,zoo,zoo,one-model-out,svm,catboost
wilt,svm,zoo,window_2,diagnostic_window,zoo,zoo,one-model-out,svm,catboost
wilt,svm,zoo,window_3,diagnostic_window,zoo,zoo,one-model-out,svm,catboost
wilt,svm,zoo,window_4,diagnostic_window,zoo,zoo,one-model-out,svm,catboost
banknote,xgb,hsj,full,full_group,hsj,hsj,one-model-out,xgb,catboost
banknote,xgb,org,full,full_group,org,org,one-model-out,xgb,catboost
banknote,xgb,zoo,full,full_group,zoo,zoo,one-model-out,xgb,catboost
diabetes,xgb,hsj,full,full_group,hsj,zoo,one-model-out,xgb,catboost
diabetes,xgb,org,full,full_group,org,org,one-model-out,xgb,catboost
diabetes,xgb,zoo,full,full_group,zoo,zoo,one-model-out,xgb,catboost
wilt,xgb,hsj,full,full_group,hsj,hsj,one-model-out,xgb,catboost
wilt,xgb,org,full,full_group,org,org,one-model-out,xgb,catboost
wilt,xgb,zoo,full,full_group,zoo,zoo,one-model-out,xgb,catboost
banknote,xgb,hsj,window_0,diagnostic_window,hsj,hsj,one-model-out,xgb,catboost
banknote,xgb,hsj,window_1,diagnostic_window,hsj,hsj,one-model-out,xgb,catboost
banknote,xgb,hsj,window_2,diagnostic_window,hsj,hsj,one-model-out,xgb,catboost
banknote,xgb,hsj,window_3,diagnostic_window,hsj,hsj,one-model-out,xgb,catboost
banknote,xgb,hsj,window_4,diagnostic_window,hsj,hsj,one-model-out,xgb,catboost
banknote,xgb,org,window_0,diagnostic_window,org,org,one-model-out,xgb,catboost
banknote,xgb,org,window_1,diagnostic_window,org,org,one-model-out,xgb,catboost
banknote,xgb,org,window_2,diagnostic_window,org,org,one-model-out,xgb,catboost
banknote,xgb,org,window_3,diagnostic_window,org,org,one-model-out,xgb,catboost
banknote,xgb,org,window_4,diagnostic_window,org,org,one-model-out,xgb,catboost
banknote,xgb,zoo,window_0,diagnostic_window,zoo,zoo,one-model-out,xgb,catboost
banknote,xgb,zoo,window_1,diagnostic_window,zoo,zoo,one-model-out,xgb,catboost
banknote,xgb,zoo,window_2,diagnostic_window,zoo,zoo,one-model-out,xgb,catboost
banknote,xgb,zoo,window_3,diagnostic_window,zoo,zoo,one-model-out,xgb,catboost
banknote,xgb,zoo,window_4,diagnostic_window,zoo,zoo,one-model-out,xgb,catboost
diabetes,xgb,hsj,window_0,diagnostic_window,hsj,hsj,one-model-out,xgb,catboost
diabetes,xgb,hsj,window_1,diagnostic_window,hsj,hsj,one-model-out,xgb,catboost
diabetes,xgb,hsj,window_2,diagnostic_window,hsj,hsj,one-model-out,xgb,catboost
diabetes,xgb,hsj,window_3,diagnostic_window,hsj,zoo,one-model-out,xgb,catboost
diabetes,xgb,hsj,window_4,diagnostic_window,hsj,zoo,one-model-out,xgb,catboost
diabetes,xgb,org,window_0,diagnostic_window,org,org,one-model-out,xgb,catboost
diabetes,xgb,org,window_1,diagnostic_window,org,org,one-model-out,xgb,catboost
diabetes,xgb,org,window_2,diagnostic_window,org,org,one-model-out,xgb,catboost
diabetes,xgb,org,window_3,diagnostic_window,org,org,one-model-out,xgb,catboost
diabetes,xgb,org,window_4,diagnostic_window,org,org,one-model-out,xgb,catboost
diabetes,xgb,zoo,window_0,diagnostic_window,zoo,zoo,one-model-out,xgb,catboost
diabetes,xgb,zoo,window_1,diagnostic_window,zoo,zoo,one-model-out,xgb,catboost
diabetes,xgb,zoo,window_2,diagnostic_window,zoo,zoo,one-model-out,xgb,catboost
diabetes,xgb,zoo,window_3,diagnostic_window,zoo,zoo,one-model-out,xgb,catboost
diabetes,xgb,zoo,window_4,diagnostic_window,zoo,zoo,one-model-out,xgb,catboost
wilt,xgb,hsj,window_0,diagnostic_window,hsj,hsj,one-model-out,xgb,catboost
wilt,xgb,hsj,window_1,diagnostic_window,hsj,hsj,one-model-out,xgb,catboost
wilt,xgb,hsj,window_2,diagnostic_window,hsj,hsj,one-model-out,xgb,catboost
wilt,xgb,hsj,window_3,diagnostic_window,hsj,hsj,one-model-out,xgb,catboost
wilt,xgb,hsj,window_4,diagnostic_window,hsj,hsj,one-model-out,xgb,catboost
wilt,xgb,org,window_0,diagnostic_window,org,org,one-model-out,xgb,catboost
wilt,xgb,org,window_1,diagnostic_window,org,org,one-model-out,xgb,catboost
wilt,xgb,org,window_2,diagnostic_window,org,org,one-model-out,xgb,catboost
wilt,xgb,org,window_3,diagnostic_window,org,org,one-model-out,xgb,catboost
wilt,xgb,org,window_4,diagnostic_window,org,org,one-model-out,xgb,catboost
wilt,xgb,zoo,window_0,diagnostic_window,zoo,zoo,one-model-out,xgb,catboost
wilt,xgb,zoo,window_1,diagnostic_window,zoo,zoo,one-model-out,xgb,catboost
wilt,xgb,zoo,window_2,diagnostic_window,zoo,zoo,one-model-out,xgb,catboost
wilt,xgb,zoo,window_3,diagnostic_window,zoo,zoo,one-model-out,xgb,catboost
wilt,xgb,zoo,window_4,diagnostic_window,zoo,zoo,one-model-out,xgb,catboost
banknote,lin,org,full,full_group,org,org,10-fold cross-validation,0,catboost
banknote,lin,zoo,full,full_group,zoo,zoo,10-fold cross-validation,0,catboost
banknote,nn,bim,full,full_group,bim,bim,10-fold cross-validation,0,catboost
banknote,nn,org,full,full_group,org,org,10-fold cross-validation,0,catboost
banknote,svm,zoo,full,full_group,zoo,hsj,10-fold cross-validation,0,catboost
banknote,lin,hsj,window_1,diagnostic_window,hsj,hsj,10-fold cross-validation,0,catboost
banknote,lin,hsj,window_2,diagnostic_window,hsj,hsj,10-fold cross-validation,0,catboost
banknote,lin,org,window_2,diagnostic_window,org,org,10-fold cross-validation,0,catboost
banknote,lin,org,window_3,diagnostic_window,org,org,10-fold cross-validation,0,catboost
banknote,lin,zoo,window_0,diagnostic_window,zoo,zoo,10-fold cross-validation,0,catboost
banknote,svm,hsj,window_4,diagnostic_window,hsj,hsj,10-fold cross-validation,0,catboost
diabetes,nn,fgm,window_0,diagnostic_window,fgm,fgm,10-fold cross-validation,0,catboost
diabetes,nn,pgd,window_0,diagnostic_window,pgd,pgd,10-fold cross-validation,0,catboost
diabetes,svm,hsj,window_3,diagnostic_window,hsj,hsj,10-fold cross-validation,0,catboost
diabetes,svm,hsj,window_4,diagnostic_window,hsj,hsj,10-fold cross-validation,0,catboost
diabetes,svm,org,window_3,diagnostic_window,org,org,10-fold cross-validation,0,catboost
wilt,nn,bim,window_2,diagnostic_window,bim,bim,10-fold cross-validation,0,catboost
wilt,nn,fgm,window_0,diagnostic_window,fgm,fgm,10-fold cross-validation,0,catboost
wilt,nn,pgd,window_2,diagnostic_window,pgd,pgd,10-fold cross-validation,0,catboost
wilt,svm,org,window_3,diagnostic_window,org,org,10-fold cross-validation,0,catboost
wilt,svm,zoo,window_4,diagnostic_window,zoo,zoo,10-fold cross-validation,0,catboost
wilt,xgb,hsj,window_3,diagnostic_window,hsj,hsj,10-fold cross-validation,0,catboost
wilt,xgb,org,window_1,diagnostic_window,org,org,10-fold cross-validation,0,catboost
wilt,xgb,zoo,window_1,diagnostic_window,zoo,zoo,10-fold cross-validation,0,catboost
banknote,svm,org,full,full_group,org,org,10-fold cross-validation,1,catboost
wilt,nn,bim,full,full_group,bim,bim,10-fold cross-validation,1,catboost
wilt,svm,hsj,full,full_group,hsj,hsj,10-fold cross-validation,1,catboost
banknote,lin,hsj,window_3,diagnostic_window,hsj,hsj,10-fold cross-validation,1,catboost
banknote,lin,org,window_1,diagnostic_window,org,org,10-fold cross-validation,1,catboost
banknote,lin,org,window_4,diagnostic_window,org,org,10-fold cross-validation,1,catboost
banknote,lin,zoo,window_2,diagnostic_window,zoo,hsj,10-fold cross-validation,1,catboost
banknote,nn,fgm,window_1,diagnostic_window,fgm,pgd,10-fold cross-validation,1,catboost
banknote,nn,org,window_4,diagnostic_window,org,org,10-fold cross-validation,1,catboost
banknote,svm,hsj,window_0,diagnostic_window,hsj,hsj,10-fold cross-validation,1,catboost
banknote,svm,zoo,window_4,diagnostic_window,zoo,zoo,10-fold cross-validation,1,catboost
banknote,xgb,hsj,window_0,diagnostic_window,hsj,hsj,10-fold cross-validation,1,catboost
diabetes,lin,org,window_1,diagnostic_window,org,org,10-fold cross-validation,1,catboost
diabetes,nn,fgm,window_2,diagnostic_window,fgm,fgm,10-fold cross-validation,1,catboost
diabetes,nn,pgd,window_2,diagnostic_window,pgd,bim,10-fold cross-validation,1,catboost
diabetes,svm,hsj,window_0,diagnostic_window,hsj,hsj,10-fold cross-validation,1,catboost
diabetes,svm,org,window_1,diagnostic_window,org,org,10-fold cross-validation,1,catboost
diabetes,xgb,zoo,window_1,diagnostic_window,zoo,zoo,10-fold cross-validation,1,catboost
wilt,lin,hsj,window_3,diagnostic_window,hsj,org,10-fold cross-validation,1,catboost
wilt,lin,org,window_3,diagnostic_window,org,org,10-fold cross-validation,1,catboost
wilt,lin,zoo,window_4,diagnostic_window,zoo,zoo,10-fold cross-validation,1,catboost
wilt,nn,bim,window_0,diagnostic_window,bim,fgm,10-fold cross-validation,1,catboost
wilt,nn,pgd,window_3,diagnostic_window,pgd,pgd,10-fold cross-validation,1,catboost
wilt,xgb,zoo,window_4,diagnostic_window,zoo,zoo,10-fold cross-validation,1,catboost
diabetes,nn,bim,full,full_group,bim,bim,10-fold cross-validation,2,catboost
diabetes,svm,hsj,full,full_group,hsj,hsj,10-fold cross-validation,2,catboost
wilt,svm,org,full,full_group,org,org,10-fold cross-validation,2,catboost
wilt,xgb,zoo,full,full_group,zoo,zoo,10-fold cross-validation,2,catboost
banknote,nn,bim,window_0,diagnostic_window,bim,bim,10-fold cross-validation,2,catboost
banknote,nn,org,window_0,diagnostic_window,org,org,10-fold cross-validation,2,catboost
banknote,svm,hsj,window_1,diagnostic_window,hsj,hsj,10-fold cross-validation,2,catboost
banknote,xgb,org,window_2,diagnostic_window,org,org,10-fold cross-validation,2,catboost
diabetes,lin,hsj,window_2,diagnostic_window,hsj,hsj,10-fold cross-validation,2,catboost
diabetes,lin,zoo,window_3,diagnostic_window,zoo,zoo,10-fold cross-validation,2,catboost
diabetes,nn,pgd,window_1,diagnostic_window,pgd,bim,10-fold cross-validation,2,catboost
diabetes,xgb,hsj,window_0,diagnostic_window,hsj,hsj,10-fold cross-validation,2,catboost
diabetes,xgb,hsj,window_3,diagnostic_window,hsj,hsj,10-fold cross-validation,2,catboost
diabetes,xgb,zoo,window_0,diagnostic_window,zoo,zoo,10-fold cross-validation,2,catboost
wilt,lin,org,window_1,diagnostic_window,org,org,10-fold cross-validation,2,catboost
wilt,lin,org,window_2,diagnostic_window,org,org,10-fold cross-validation,2,catboost
wilt,lin,zoo,window_3,diagnostic_window,zoo,zoo,10-fold cross-validation,2,catboost
wilt,nn,fgm,window_1,diagnostic_window,fgm,fgm,10-fold cross-validation,2,catboost
wilt,nn,fgm,window_3,diagnostic_window,fgm,fgm,10-fold cross-validation,2,catboost
wilt,nn,org,window_1,diagnostic_window,org,org,10-fold cross-validation,2,catboost
wilt,nn,pgd,window_4,diagnostic_window,pgd,pgd,10-fold cross-validation,2,catboost
wilt,svm,hsj,window_4,diagnostic_window,hsj,hsj,10-fold cross-validation,2,catboost
wilt,xgb,org,window_0,diagnostic_window,org,org,10-fold cross-validation,2,catboost
wilt,xgb,zoo,window_0,diagnostic_window,zoo,zoo,10-fold cross-validation,2,catboost
banknote,nn,fgm,full,full_group,fgm,bim,10-fold cross-validation,3,catboost
diabetes,lin,hsj,full,full_group,hsj,hsj,10-fold cross-validation,3,catboost
diabetes,lin,zoo,full,full_group,zoo,zoo,10-fold cross-validation,3,catboost
diabetes,nn,fgm,full,full_group,fgm,fgm,10-fold cross-validation,3,catboost
wilt,svm,zoo,full,full_group,zoo,zoo,10-fold cross-validation,3,catboost
banknote,lin,hsj,window_4,diagnostic_window,hsj,zoo,10-fold cross-validation,3,catboost
banknote,lin,org,window_0,diagnostic_window,org,org,10-fold cross-validation,3,catboost
banknote,nn,bim,window_1,diagnostic_window,bim,bim,10-fold cross-validation,3,catboost
banknote,nn,pgd,window_1,diagnostic_window,pgd,fgm,10-fold cross-validation,3,catboost
banknote,svm,hsj,window_2,diagnostic_window,hsj,hsj,10-fold cross-validation,3,catboost
banknote,svm,zoo,window_0,diagnostic_window,zoo,hsj,10-fold cross-validation,3,catboost
banknote,svm,zoo,window_2,diagnostic_window,zoo,hsj,10-fold cross-validation,3,catboost
banknote,xgb,zoo,window_4,diagnostic_window,zoo,zoo,10-fold cross-validation,3,catboost
diabetes,lin,org,window_0,diagnostic_window,org,org,10-fold cross-validation,3,catboost
diabetes,nn,bim,window_0,diagnostic_window,bim,bim,10-fold cross-validation,3,catboost
diabetes,svm,hsj,window_1,diagnostic_window,hsj,hsj,10-fold cross-validation,3,catboost
diabetes,svm,org,window_0,diagnostic_window,org,org,10-fold cross-validation,3,catboost
diabetes,svm,org,window_4,diagnostic_window,org,org,10-fold cross-validation,3,catboost
diabetes,xgb,org,window_0,diagnostic_window,org,org,10-fold cross-validation,3,catboost
wilt,nn,org,window_3,diagnostic_window,org,org,10-fold cross-validation,3,catboost
wilt,nn,pgd,window_0,diagnostic_window,pgd,pgd,10-fold cross-validation,3,catboost
wilt,svm,hsj,window_1,diagnostic_window,hsj,hsj,10-fold cross-validation,3,catboost
wilt,svm,hsj,window_3,diagnostic_window,hsj,hsj,10-fold cross-validation,3,catboost
wilt,xgb,org,window_2,diagnostic_window,org,org,10-fold cross-validation,3,catboost
banknote,svm,hsj,full,full_group,hsj,hsj,10-fold cross-validation,4,catboost
diabetes,nn,org,full,full_group,org,org,10-fold cross-validation,4,catboost
diabetes,svm,org,full,full_group,org,org,10-fold cross-validation,4,catboost
diabetes,xgb,org,full,full_group,org,org,10-fold cross-validation,4,catboost
diabetes,xgb,zoo,full,full_group,zoo,zoo,10-fold cross-validation,4,catboost
wilt,nn,org,full,full_group,org,org,10-fold cross-validation,4,catboost
banknote,lin,zoo,window_3,diagnostic_window,zoo,hsj,10-fold cross-validation,4,catboost
banknote,nn,pgd,window_2,diagnostic_window,pgd,pgd,10-fold cross-validation,4,catboost
banknote,svm,org,window_0,diagnostic_window,org,org,10-fold cross-validation,4,catboost
banknote,xgb,hsj,window_1,diagnostic_window,hsj,hsj,10-fold cross-validation,4,catboost
banknote,xgb,org,window_0,diagnostic_window,org,org,10-fold cross-validation,4,catboost
diabetes,lin,hsj,window_1,diagnostic_window,hsj,hsj,10-fold cross-validation,4,catboost
diabetes,lin,zoo,window_4,diagnostic_window,zoo,zoo,10-fold cross-validation,4,catboost
diabetes,nn,bim,window_2,diagnostic_window,bim,bim,10-fold cross-validation,4,catboost
diabetes,nn,fgm,window_3,diagnostic_window,fgm,fgm,10-fold cross-validation,4,catboost
diabetes,nn,fgm,window_4,diagnostic_window,fgm,fgm,10-fold cross-validation,4,catboost
diabetes,nn,org,window_2,diagnostic_window,org,org,10-fold cross-validation,4,catboost
wilt,lin,hsj,window_0,diagnostic_window,hsj,org,10-fold cross-validation,4,catboost
wilt,lin,zoo,window_1,diagnostic_window,zoo,zoo,10-fold cross-validation,4,catboost
wilt,nn,bim,window_3,diagnostic_window,bim,fgm,10-fold cross-validation,4,catboost
wilt,svm,zoo,window_0,diagnostic_window,zoo,zoo,10-fold cross-validation,4,catboost
wilt,xgb,hsj,window_2,diagnostic_window,hsj,hsj,10-fold cross-validation,4,catboost
wilt,xgb,org,window_4,diagnostic_window,org,org,10-fold cross-validation,4,catboost
diabetes,lin,org,full,full_group,org,org,10-fold cross-validation,5,catboost
wilt,nn,fgm,full,full_group,fgm,fgm,10-fold cross-validation,5,catboost
banknote,nn,fgm,window_4,diagnostic_window,fgm,fgm,10-fold cross-validation,5,catboost
banknote,nn,org,window_3,diagnostic_window,org,org,10-fold cross-validation,5,catboost
banknote,nn,pgd,window_3,diagnostic_window,pgd,pgd,10-fold cross-validation,5,catboost
banknote,xgb,hsj,window_4,diagnostic_window,hsj,hsj,10-fold cross-validation,5,catboost
banknote,xgb,org,window_3,diagnostic_window,org,org,10-fold cross-validation,5,catboost
banknote,xgb,zoo,window_1,diagnostic_window,zoo,zoo,10-fold cross-validation,5,catboost
diabetes,lin,hsj,window_3,diagnostic_window,hsj,hsj,10-fold cross-validation,5,catboost
diabetes,lin,hsj,window_4,diagnostic_window,hsj,hsj,10-fold cross-validation,5,catboost
diabetes,lin,org,window_4,diagnostic_window,org,org,10-fold cross-validation,5,catboost
diabetes,lin,zoo,window_0,diagnostic_window,zoo,zoo,10-fold cross-validation,5,catboost
diabetes,lin,zoo,window_1,diagnostic_window,zoo,hsj,10-fold cross-validation,5,catboost
diabetes,nn,bim,window_3,diagnostic_window,bim,bim,10-fold cross-validation,5,catboost
diabetes,nn,bim,window_4,diagnostic_window,bim,fgm,10-fold cross-validation,5,catboost
diabetes,nn,org,window_3,diagnostic_window,org,org,10-fold cross-validation,5,catboost
diabetes,xgb,org,window_2,diagnostic_window,org,org,10-fold cross-validation,5,catboost
wilt,lin,hsj,window_4,diagnostic_window,hsj,org,10-fold cross-validation,5,catboost
wilt,lin,zoo,window_2,diagnostic_window,zoo,zoo,10-fold cross-validation,5,catboost
wilt,svm,hsj,window_0,diagnostic_window,hsj,hsj,10-fold cross-validation,5,catboost
wilt,svm,org,window_0,diagnostic_window,org,org,10-fold cross-validation,5,catboost
wilt,svm,org,window_2,diagnostic_window,org,org,10-fold cross-validation,5,catboost
wilt,xgb,zoo,window_3,diagnostic_window,zoo,zoo,10-fold cross-validation,5,catboost
banknote,lin,hsj,full,full_group,hsj,hsj,10-fold cross-validation,6,catboost
banknote,xgb,zoo,full,full_group,zoo,zoo,10-fold cross-validation,6,catboost
banknote,nn,bim,window_2,diagnostic_window,bim,pgd,10-fold cross-validation,6,catboost
banknote,nn,fgm,window_2,diagnostic_window,fgm,pgd,10-fold cross-validation,6,catboost
banknote,nn,pgd,window_0,diagnostic_window,pgd,pgd,10-fold cross-validation,6,catboost
banknote,svm,org,window_2,diagnostic_window,org,org,10-fold cross-validation,6,catboost
banknote,svm,org,window_3,diagnostic_window,org,org,10-fold cross-validation,6,catboost
banknote,svm,zoo,window_3,diagnostic_window,zoo,hsj,10-fold cross-validation,6,catboost
banknote,xgb,hsj,window_2,diagnostic_window,hsj,hsj,10-fold cross-validation,6,catboost
diabetes,nn,bim,window_1,diagnostic_window,bim,bim,10-fold cross-validation,6,catboost
diabetes,nn,pgd,window_4,diagnostic_window,pgd,fgm,10-fold cross-validation,6,catboost
diabetes,svm,org,window_2,diagnostic_window,org,org,10-fold cross-validation,6,catboost
diabetes,svm,zoo,window_0,diagnostic_window,zoo,hsj,10-fold cross-validation,6,catboost
diabetes,svm,zoo,window_1,diagnostic_window,zoo,hsj,10-fold cross-validation,6,catboost
diabetes,svm,zoo,window_2,diagnostic_window,zoo,zoo,10-fold cross-validation,6,catboost
diabetes,xgb,hsj,window_2,diagnostic_window,hsj,hsj,10-fold cross-validation,6,catboost
diabetes,xgb,org,window_1,diagnostic_window,org,org,10-fold cross-validation,6,catboost
diabetes,xgb,org,window_3,diagnostic_window,org,org,10-fold cross-validation,6,catboost
diabetes,xgb,zoo,window_4,diagnostic_window,zoo,zoo,10-fold cross-validation,6,catboost
wilt,lin,org,window_4,diagnostic_window,org,org,10-fold cross-validation,6,catboost
wilt,nn,org,window_2,diagnostic_window,org,org,10-fold cross-validation,6,catboost
wilt,xgb,hsj,window_0,diagnostic_window,hsj,hsj,10-fold cross-validation,6,catboost
wilt,xgb,hsj,window_1,diagnostic_window,hsj,hsj,10-fold cross-validation,6,catboost
banknote,xgb,hsj,full,full_group,hsj,hsj,10-fold cross-validation,7,catboost
diabetes,svm,zoo,full,full_group,zoo,zoo,10-fold cross-validation,7,catboost
wilt,lin,zoo,full,full_group,zoo,zoo,10-fold cross-validation,7,catboost
banknote,lin,zoo,window_1,diagnostic_window,zoo,hsj,10-fold cross-validation,7,catboost
banknote,nn,bim,window_4,diagnostic_window,bim,bim,10-fold cross-validation,7,catboost
banknote,nn,fgm,window_0,diagnostic_window,fgm,pgd,10-fold cross-validation,7,catboost
banknote,nn,pgd,window_4,diagnostic_window,pgd,pgd,10-fold cross-validation,7,catboost
banknote,svm,org,window_1,diagnostic_window,org,org,10-fold cross-validation,7,catboost
banknote,xgb,org,window_1,diagnostic_window,org,org,10-fold cross-validation,7,catboost
banknote,xgb,zoo,window_2,diagnostic_window,zoo,zoo,10-fold cross-validation,7,catboost
diabetes,nn,pgd,window_3,diagnostic_window,pgd,bim,10-fold cross-validation,7,catboost
diabetes,xgb,hsj,window_1,diagnostic_window,hsj,hsj,10-fold cross-validation,7,catboost
diabetes,xgb,org,window_4,diagnostic_window,org,org,10-fold cross-validation,7,catboost
wilt,lin,hsj,window_1,diagnostic_window,hsj,org,10-fold cross-validation,7,catboost
wilt,lin,hsj,window_2,diagnostic_window,hsj,org,10-fold cross-validation,7,catboost
wilt,lin,zoo,window_0,diagnostic_window,zoo,zoo,10-fold cross-validation,7,catboost
wilt,nn,bim,window_4,diagnostic_window,bim,bim,10-fold cross-validation,7,catboost
wilt,nn,org,window_0,diagnostic_window,org,org,10-fold cross-validation,7,catboost
wilt,nn,org,window_4,diagnostic_window,org,org,10-fold cross-validation,7,catboost
wilt,svm,hsj,window_2,diagnostic_window,hsj,hsj,10-fold cross-validation,7,catboost
wilt,svm,org,window_4,diagnostic_window,org,org,10-fold cross-validation,7,catboost
wilt,xgb,org,window_3,diagnostic_window,org,org,10-fold cross-validation,7,catboost
wilt,xgb,zoo,window_2,diagnostic_window,zoo,zoo,10-fold cross-validation,7,catboost
banknote,nn,pgd,full,full_group,pgd,fgm,10-fold cross-validation,8,catboost
diabetes,xgb,hsj,full,full_group,hsj,hsj,10-fold cross-validation,8,catboost
wilt,nn,pgd,full,full_group,pgd,pgd,10-fold cross-validation,8,catboost
wilt,xgb,org,full,full_group,org,org,10-fold cross-validation,8,catboost
banknote,lin,hsj,window_0,diagnostic_window,hsj,zoo,10-fold cross-validation,8,catboost
banknote,nn,bim,window_3,diagnostic_window,bim,pgd,10-fold cross-validation,8,catboost
banknote,nn,fgm,window_3,diagnostic_window,fgm,pgd,10-fold cross-validation,8,catboost
banknote,nn,org,window_2,diagnostic_window,org,org,10-fold cross-validation,8,catboost
banknote,svm,org,window_4,diagnostic_window,org,org,10-fold cross-validation,8,catboost
banknote,xgb,hsj,window_3,diagnostic_window,hsj,hsj,10-fold cross-validation,8,catboost
banknote,xgb,zoo,window_0,diagnostic_window,zoo,zoo,10-fold cross-validation,8,catboost
banknote,xgb,zoo,window_3,diagnostic_window,zoo,zoo,10-fold cross-validation,8,catboost
diabetes,nn,fgm,window_1,diagnostic_window,fgm,pgd,10-fold cross-validation,8,catboost
diabetes,nn,org,window_0,diagnostic_window,org,org,10-fold cross-validation,8,catboost
diabetes,nn,org,window_1,diagnostic_window,org,org,10-fold cross-validation,8,catboost
diabetes,nn,org,window_4,diagnostic_window,org,org,10-fold cross-validation,8,catboost
diabetes,svm,zoo,window_4,diagnostic_window,zoo,zoo,10-fold cross-validation,8,catboost
diabetes,xgb,hsj,window_4,diagnostic_window,hsj,zoo,10-fold cross-validation,8,catboost
diabetes,xgb,zoo,window_2,diagnostic_window,zoo,zoo,10-fold cross-validation,8,catboost
diabetes,xgb,zoo,window_3,diagnostic_window,zoo,zoo,10-fold cross-validation,8,catboost
wilt,svm,org,window_1,diagnostic_window,org,org,10-fold cross-validation,8,catboost
wilt,svm,zoo,window_3,diagnostic_window,zoo,zoo,10-fold cross-validation,8,catboost
wilt,xgb,hsj,window_4,diagnostic_window,hsj,hsj,10-fold cross-validation,8,catboost
banknote,xgb,org,full,full_group,org,org,10-fold cross-validation,9,catboost
diabetes,nn,pgd,full,full_group,pgd,bim,10-fold cross-validation,9,catboost
wilt,lin,hsj,full,full_group,hsj,org,10-fold cross-validation,9,catboost
wilt,lin,org,full,full_group,org,org,10-fold cross-validation,9,catboost
wilt,xgb,hsj,full,full_group,hsj,hsj,10-fold cross-validation,9,catboost
banknote,lin,zoo,window_4,diagnostic_window,zoo,zoo,10-fold cross-validation,9,catboost
banknote,nn,org,window_1,diagnostic_window,org,org,10-fold cross-validation,9,catboost
banknote,svm,hsj,window_3,diagnostic_window,hsj,hsj,10-fold cross-validation,9,catboost
banknote,svm,zoo,window_1,diagnostic_window,zoo,hsj,10-fold cross-validation,9,catboost
banknote,xgb,org,window_4,diagnostic_window,org,org,10-fold cross-validation,9,catboost
diabetes,lin,hsj,window_0,diagnostic_window,hsj,hsj,10-fold cross-validation,9,catboost
diabetes,lin,org,window_2,diagnostic_window,org,org,10-fold cross-validation,9,catboost
diabetes,lin,org,window_3,diagnostic_window,org,org,10-fold cross-validation,9,catboost
diabetes,lin,zoo,window_2,diagnostic_window,zoo,zoo,10-fold cross-validation,9,catboost
diabetes,svm,hsj,window_2,diagnostic_window,hsj,hsj,10-fold cross-validation,9,catboost
diabetes,svm,zoo,window_3,diagnostic_window,zoo,zoo,10-fold cross-validation,9,catboost
wilt,lin,org,window_0,diagnostic_window,org,org,10-fold cross-validation,9,catboost
wilt,nn,bim,window_1,diagnostic_window,bim,bim,10-fold cross-validation,9,catboost
wilt,nn,fgm,window_2,diagnostic_window,fgm,fgm,10-fold cross-validation,9,catboost
wilt,nn,fgm,window_4,diagnostic_window,fgm,fgm,10-fold cross-validation,9,catboost
wilt,nn,pgd,window_1,diagnostic_window,pgd,pgd,10-fold cross-validation,9,catboost
wilt,svm,zoo,window_1,diagnostic_window,zoo,zoo,10-fold cross-validation,9,catboost
wilt,svm,zoo,window_2,diagnostic_window,zoo,zoo,10-fold cross-validation,9,catboost
banknote,lin,hsj,full,full_group,hsj,hsj,one-data-set-out,banknote,extratrees
banknote,lin,org,full,full_group,org,org,one-data-set-out,banknote,extratrees
banknote,lin,zoo,full,full_group,zoo,hsj,one-data-set-out,banknote,extratrees
banknote,nn,bim,full,full_group,bim,bim,one-data-set-out,banknote,extratrees
banknote,nn,fgm,full,full_group,fgm,bim,one-data-set-out,banknote,extratrees
banknote,nn,org,full,full_group,org,org,one-data-set-out,banknote,extratrees
banknote,nn,pgd,full,full_group,pgd,bim,one-data-set-out,banknote,extratrees
banknote,svm,hsj,full,full_group,hsj,hsj,one-data-set-out,banknote,extratrees
banknote,svm,org,full,full_group,org,org,one-data-set-out,banknote,extratrees
banknote,svm,zoo,full,full_group,zoo,hsj,one-data-set-out,banknote,extratrees
banknote,xgb,hsj,full,full_group,hsj,hsj,one-data-set-out,banknote,extratrees
banknote,xgb,org,full,full_group,org,org,one-data-set-out,banknote,extratrees
banknote,xgb,zoo,full,full_group,zoo,zoo,one-data-set-out,banknote,extratrees
banknote,lin,hsj,window_0,diagnostic_window,hsj,zoo,one-data-set-out,banknote,extratrees
banknote,lin,hsj,window_1,diagnostic_window,hsj,hsj,one-data-set-out,banknote,extratrees
banknote,lin,hsj,window_2,diagnostic_window,hsj,hsj,one-data-set-out,banknote,extratrees
banknote,lin,hsj,window_3,diagnostic_window,hsj,hsj,one-data-set-out,banknote,extratrees
banknote,lin,hsj,window_4,diagnostic_window,hsj,zoo,one-data-set-out,banknote,extratrees
banknote,lin,org,window_0,diagnostic_window,org,org,one-data-set-out,banknote,extratrees
banknote,lin,org,window_1,diagnostic_window,org,org,one-data-set-out,banknote,extratrees
banknote,lin,org,window_2,diagnostic_window,org,org,one-data-set-out,banknote,extratrees
banknote,lin,org,window_3,diagnostic_window,org,org,one-data-set-out,banknote,extratrees
banknote,lin,org,window_4,diagnostic_window,org,org,one-data-set-out,banknote,extratrees
banknote,lin,zoo,window_0,diagnostic_window,zoo,zoo,one-data-set-out,banknote,extratrees
banknote,lin,zoo,window_1,diagnostic_window,zoo,hsj,one-data-set-out,banknote,extratrees
banknote,lin,zoo,window_2,diagnostic_window,zoo,hsj,one-data-set-out,banknote,extratrees
banknote,lin,zoo,window_3,diagnostic_window,zoo,hsj,one-data-set-out,banknote,extratrees
banknote,lin,zoo,window_4,diagnostic_window,zoo,zoo,one-data-set-out,banknote,extratrees
banknote,nn,bim,window_0,diagnostic_window,bim,bim,one-data-set-out,banknote,extratrees
banknote,nn,bim,window_1,diagnostic_window,bim,bim,one-data-set-out,banknote,extratrees
banknote,nn,bim,window_2,diagnostic_window,bim,bim,one-data-set-out,banknote,extratrees
banknote,nn,bim,window_3,diagnostic_window,bim,bim,one-data-set-out,banknote,extratrees
banknote,nn,bim,window_4,diagnostic_window,bim,bim,one-data-set-out,banknote,extratrees
banknote,nn,fgm,window_0,diagnostic_window,fgm,bim,one-data-set-out,banknote,extratrees
banknote,nn,fgm,window_1,diagnostic_window,fgm,bim,one-data-set-out,banknote,extratrees
banknote,nn,fgm,window_2,diagnostic_window,fgm,bim,one-data-set-out,banknote,extratrees
banknote,nn,fgm,window_3,diagnostic_window,fgm,bim,one-data-set-out,banknote,extratrees
banknote,nn,fgm,window_4,diagnostic_window,fgm,bim,one-data-set-out,banknote,extratrees
banknote,nn,org,window_0,diagnostic_window,org,org,one-data-set-out,banknote,extratrees
banknote,nn,org,window_1,diagnostic_window,org,org,one-data-set-out,banknote,extratrees
banknote,nn,org,window_2,diagnostic_window,org,org,one-data-set-out,banknote,extratrees
banknote,nn,org,window_3,diagnostic_window,org,org,one-data-set-out,banknote,extratrees
banknote,nn,org,window_4,diagnostic_window,org,org,one-data-set-out,banknote,extratrees
banknote,nn,pgd,window_0,diagnostic_window,pgd,bim,one-data-set-out,banknote,extratrees
banknote,nn,pgd,window_1,diagnostic_window,pgd,bim,one-data-set-out,banknote,extratrees
banknote,nn,pgd,window_2,diagnostic_window,pgd,bim,one-data-set-out,banknote,extratrees
banknote,nn,pgd,window_3,diagnostic_window,pgd,bim,one-data-set-out,banknote,extratrees
banknote,nn,pgd,window_4,diagnostic_window,pgd,bim,one-data-set-out,banknote,extratrees
banknote,svm,hsj,window_0,diagnostic_window,hsj,hsj,one-data-set-out,banknote,extratrees
banknote,svm,hsj,window_1,diagnostic_window,hsj,hsj,one-data-set-out,banknote,extratrees
banknote,svm,hsj,window_2,diagnostic_window,hsj,hsj,one-data-set-out,banknote,extratrees
banknote,svm,hsj,window_3,diagnostic_window,hsj,hsj,one-data-set-out,banknote,extratrees
banknote,svm,hsj,window_4,diagnostic_window,hsj,hsj,one-data-set-out,banknote,extratrees
banknote,svm,org,window_0,diagnostic_window,org,org,one-data-set-out,banknote,extratrees
banknote,svm,org,window_1,diagnostic_window,org,org,one-data-set-out,banknote,extratrees
banknote,svm,org,window_2,diagnostic_window,org,org,one-data-set-out,banknote,extratrees
banknote,svm,org,window_3,diagnostic_window,org,org,one-data-set-out,banknote,extratrees
banknote,svm,org,window_4,diagnostic_window,org,org,one-data-set-out,banknote,extratrees
banknote,svm,zoo,window_0,diagnostic_window,zoo,hsj,one-data-set-out,banknote,extratrees
banknote,svm,zoo,window_1,diagnostic_window,zoo,hsj,one-data-set-out,banknote,extratrees
banknote,svm,zoo,window_2,diagnostic_window,zoo,hsj,one-data-set-out,banknote,extratrees
banknote,svm,zoo,window_3,diagnostic_window,zoo,hsj,one-data-set-out,banknote,extratrees
banknote,svm,zoo,window_4,diagnostic_window,zoo,hsj,one-data-set-out,banknote,extratrees
banknote,xgb,hsj,window_0,diagnostic_window,hsj,hsj,one-data-set-out,banknote,extratrees
banknote,xgb,hsj,window_1,diagnostic_window,hsj,hsj,one-data-set-out,banknote,extratrees
banknote,xgb,hsj,window_2,diagnostic_window,hsj,hsj,one-data-set-out,banknote,extratrees
banknote,xgb,hsj,window_3,diagnostic_window,hsj,hsj,one-data-set-out,banknote,extratrees
banknote,xgb,hsj,window_4,diagnostic_window,hsj,hsj,one-data-set-out,banknote,extratrees
banknote,xgb,org,window_0,diagnostic_window,org,org,one-data-set-out,banknote,extratrees
banknote,xgb,org,window_1,diagnostic_window,org,org,one-data-set-out,banknote,extratrees
banknote,xgb,org,window_2,diagnostic_window,org,org,one-data-set-out,banknote,extratrees
banknote,xgb,org,window_3,diagnostic_window,org,org,one-data-set-out,banknote,extratrees
banknote,xgb,org,window_4,diagnostic_window,org,org,one-data-set-out,banknote,extratrees
banknote,xgb,zoo,window_0,diagnostic_window,zoo,zoo,one-data-set-out,banknote,extratrees
banknote,xgb,zoo,window_1,diagnostic_window,zoo,hsj,one-data-set-out,banknote,extratrees
banknote,xgb,zoo,window_2,diagnostic_window,zoo,zoo,one-data-set-out,banknote,extratrees
banknote,xgb,zoo,window_3,diagnostic_window,zoo,hsj,one-data-set-out,banknote,extratrees
banknote,xgb,zoo,window_4,diagnostic_window,zoo,zoo,one-data-set-out,banknote,extratrees
diabetes,lin,hsj,full,full_group,hsj,zoo,one-data-set-out,diabetes,extratrees
diabetes,lin,org,full,full_group,org,org,one-data-set-out,diabetes,extratrees
diabetes,lin,zoo,full,full_group,zoo,zoo,one-data-set-out,diabetes,extratrees
diabetes,nn,bim,full,full_group,bim,bim,one-data-set-out,diabetes,extratrees
diabetes,nn,fgm,full,full_group,fgm,bim,one-data-set-out,diabetes,extratrees
diabetes,nn,org,full,full_group,org,org,one-data-set-out,diabetes,extratrees
diabetes,nn,pgd,full,full_group,pgd,bim,one-data-set-out,diabetes,extratrees
diabetes,svm,hsj,full,full_group,hsj,zoo,one-data-set-out,diabetes,extratrees
diabetes,svm,org,full,full_group,org,org,one-data-set-out,diabetes,extratrees
diabetes,svm,zoo,full,full_group,zoo,zoo,one-data-set-out,diabetes,extratrees
diabetes,xgb,hsj,full,full_group,hsj,hsj,one-data-set-out,diabetes,extratrees
diabetes,xgb,org,full,full_group,org,org,one-data-set-out,diabetes,extratrees
diabetes,xgb,zoo,full,full_group,zoo,hsj,one-data-set-out,diabetes,extratrees
diabetes,lin,hsj,window_0,diagnostic_window,hsj,zoo,one-data-set-out,diabetes,extratrees
diabetes,lin,hsj,window_1,diagnostic_window,hsj,zoo,one-data-set-out,diabetes,extratrees
diabetes,lin,hsj,window_2,diagnostic_window,hsj,zoo,one-data-set-out,diabetes,extratrees
diabetes,lin,hsj,window_3,diagnostic_window,hsj,zoo,one-data-set-out,diabetes,extratrees
diabetes,lin,hsj,window_4,diagnostic_window,hsj,zoo,one-data-set-out,diabetes,extratrees
diabetes,lin,org,window_0,diagnostic_window,org,org,one-data-set-out,diabetes,extratrees
diabetes,lin,org,window_1,diagnostic_window,org,org,one-data-set-out,diabetes,extratrees
diabetes,lin,org,window_2,diagnostic_window,org,org,one-data-set-out,diabetes,extratrees
diabetes,lin,org,window_3,diagnostic_window,org,org,one-data-set-out,diabetes,extratrees
diabetes,lin,org,window_4,diagnostic_window,org,org,one-data-set-out,diabetes,extratrees
diabetes,lin,zoo,window_0,diagnostic_window,zoo,zoo,one-data-set-out,diabetes,extratrees
diabetes,lin,zoo,window_1,diagnostic_window,zoo,zoo,one-data-set-out,diabetes,extratrees
diabetes,lin,zoo,window_2,diagnostic_window,zoo,zoo,one-data-set-out,diabetes,extratrees
diabetes,lin,zoo,window_3,diagnostic_window,zoo,zoo,one-data-set-out,diabetes,extratrees
diabetes,lin,zoo,window_4,diagnostic_window,zoo,zoo,one-data-set-out,diabetes,extratrees
diabetes,nn,bim,window_0,diagnostic_window,bim,bim,one-data-set-out,diabetes,extratrees
diabetes,nn,bim,window_1,diagnostic_window,bim,bim,one-data-set-out,diabetes,extratrees
diabetes,nn,bim,window_2,diagnostic_window,bim,bim,one-data-set-out,diabetes,extratrees
diabetes,nn,bim,window_3,diagnostic_window,bim,pgd,one-data-set-out,diabetes,extratrees
diabetes,nn,bim,window_4,diagnostic_window,bim,bim,one-data-set-out,diabetes,extratrees
diabetes,nn,fgm,window_0,diagnostic_window,fgm,bim,one-data-set-out,diabetes,extratrees
diabetes,nn,fgm,window_1,diagnostic_window,fgm,bim,one-data-set-out,diabetes,extratrees
diabetes,nn,fgm,window_2,diagnostic_window,fgm,bim,one-data-set-out,diabetes,extratrees
diabetes,nn,fgm,window_3,diagnostic_window,fgm,bim,one-data-set-out,diabetes,extratrees
diabetes,nn,fgm,window_4,diagnostic_window,fgm,fgm,one-data-set-out,diabetes,extratrees
diabetes,nn,org,window_0,diagnostic_window,org,org,one-data-set-out,diabetes,extratrees
diabetes,nn,org,window_1,diagnostic_window,org,org,one-data-set-out,diabetes,extratrees
diabetes,nn,org,window_2,diagnostic_window,org,org,one-data-set-out,diabetes,extratrees
diabetes,nn,org,window_3,diagnostic_window,org,org,one-data-set-out,diabetes,extratrees
diabetes,nn,org,window_4,diagnostic_window,org,org,one-data-set-out,diabetes,extratrees
diabetes,nn,pgd,window_0,diagnostic_window,pgd,bim,one-data-set-out,diabetes,extratrees
diabetes,nn,pgd,window_1,diagnostic_window,pgd,bim,one-data-set-out,diabetes,extratrees
diabetes,nn,pgd,window_2,diagnostic_window,pgd,org,one-data-set-out,diabetes,extratrees
diabetes,nn,pgd,window_3,diagnostic_window,pgd,pgd,one-data-set-out,diabetes,extratrees
diabetes,nn,pgd,window_4,diagnostic_window,pgd,bim,one-data-set-out,diabetes,extratrees
diabetes,svm,hsj,window_0,diagnostic_window,hsj,zoo,one-data-set-out,diabetes,extratrees
diabetes,svm,hsj,window_1,diagnostic_window,hsj,zoo,one-data-set-out,diabetes,extratrees
diabetes,svm,hsj,window_2,diagnostic_window,hsj,zoo,one-data-set-out,diabetes,extratrees
diabetes,svm,hsj,window_3,diagnostic_window,hsj,zoo,one-data-set-out,diabetes,extratrees
diabetes,svm,hsj,window_4,diagnostic_window,hsj,zoo,one-data-set-out,diabetes,extratrees
diabetes,svm,org,window_0,diagnostic_window,org,org,one-data-set-out,diabetes,extratrees
diabetes,svm,org,window_1,diagnostic_window,org,org,one-data-set-out,diabetes,extratrees
diabetes,svm,org,window_2,diagnostic_window,org,org,one-data-set-out,diabetes,extratrees
diabetes,svm,org,window_3,diagnostic_window,org,org,one-data-set-out,diabetes,extratrees
diabetes,svm,org,window_4,diagnostic_window,org,org,one-data-set-out,diabetes,extratrees
diabetes,svm,zoo,window_0,diagnostic_window,zoo,zoo,one-data-set-out,diabetes,extratrees
diabetes,svm,zoo,window_1,diagnostic_window,zoo,hsj,one-data-set-out,diabetes,extratrees
diabetes,svm,zoo,window_2,diagnostic_window,zoo,zoo,one-data-set-out,diabetes,extratrees
diabetes,svm,zoo,window_3,diagnostic_window,zoo,zoo,one-data-set-out,diabetes,extratrees
diabetes,svm,zoo,window_4,diagnostic_window,zoo,zoo,one-data-set-out,diabetes,extratrees
diabetes,xgb,hsj,window_0,diagnostic_window,hsj,hsj,one-data-set-out,diabetes,extratrees
diabetes,xgb,hsj,window_1,diagnostic_window,hsj,hsj,one-data-set-out,diabetes,extratrees
diabetes,xgb,hsj,window_2,diagnostic_window,hsj,zoo,one-data-set-out,diabetes,extratrees
diabetes,xgb,hsj,window_3,diagnostic_window,hsj,hsj,one-data-set-out,diabetes,extratrees
diabetes,xgb,hsj,window_4,diagnostic_window,hsj,zoo,one-data-set-out,diabetes,extratrees
diabetes,xgb,org,window_0,diagnostic_window,org,org,one-data-set-out,diabetes,extratrees
diabetes,xgb,org,window_1,diagnostic_window,org,org,one-data-set-out,diabetes,extratrees
diabetes,xgb,org,window_2,diagnostic_window,org,org,one-data-set-out,diabetes,extratrees
diabetes,xgb,org,window_3,diagnostic_window,org,org,one-data-set-out,diabetes,extratrees
diabetes,xgb,org,window_4,diagnostic_window,org,org,one-data-set-out,diabetes,extratrees
diabetes,xgb,zoo,window_0,diagnostic_window,zoo,hsj,one-data-set-out,diabetes,extratrees
diabetes,xgb,zoo,window_1,diagnostic_window,zoo,hsj,one-data-set-out,diabetes,extratrees
diabetes,xgb,zoo,window_2,diagnostic_window,zoo,zoo,one-data-set-out,diabetes,extratrees
diabetes,xgb,zoo,window_3,diagnostic_window,zoo,zoo,one-data-set-out,diabetes,extratrees
diabetes,xgb,zoo,window_4,diagnostic_window,zoo,zoo,one-data-set-out,diabetes,extratrees
wilt,lin,hsj,full,full_group,hsj,org,one-data-set-out,wilt,extratrees
wilt,lin,org,full,full_group,org,org,one-data-set-out,wilt,extratrees
wilt,lin,zoo,full,full_group,zoo,org,one-data-set-out,wilt,extratrees
wilt,nn,bim,full,full_group,bim,fgm,one-data-set-out,wilt,extratrees
wilt,nn,fgm,full,full_group,fgm,fgm,one-data-set-out,wilt,extratrees
wilt,nn,org,full,full_group,org,org,one-data-set-out,wilt,extratrees
wilt,nn,pgd,full,full_group,pgd,fgm,one-data-set-out,wilt,extratrees
wilt,svm,hsj,full,full_group,hsj,zoo,one-data-set-out,wilt,extratrees
wilt,svm,org,full,full_group,org,org,one-data-set-out,wilt,extratrees
wilt,svm,zoo,full,full_group,zoo,zoo,one-data-set-out,wilt,extratrees
wilt,xgb,hsj,full,full_group,hsj,hsj,one-data-set-out,wilt,extratrees
wilt,xgb,org,full,full_group,org,org,one-data-set-out,wilt,extratrees
wilt,xgb,zoo,full,full_group,zoo,zoo,one-data-set-out,wilt,extratrees
wilt,lin,hsj,window_0,diagnostic_window,hsj,org,one-data-set-out,wilt,extratrees
wilt,lin,hsj,window_1,diagnostic_window,hsj,org,one-data-set-out,wilt,extratrees
wilt,lin,hsj,window_2,diagnostic_window,hsj,org,one-data-set-out,wilt,extratrees
wilt,lin,hsj,window_3,diagnostic_window,hsj,org,one-data-set-out,wilt,extratrees
wilt,lin,hsj,window_4,diagnostic_window,hsj,org,one-data-set-out,wilt,extratrees
wilt,lin,org,window_0,diagnostic_window,org,org,one-data-set-out,wilt,extratrees
wilt,lin,org,window_1,diagnostic_window,org,org,one-data-set-out,wilt,extratrees
wilt,lin,org,window_2,diagnostic_window,org,org,one-data-set-out,wilt,extratrees
wilt,lin,org,window_3,diagnostic_window,org,org,one-data-set-out,wilt,extratrees
wilt,lin,org,window_4,diagnostic_window,org,org,one-data-set-out,wilt,extratrees
wilt,lin,zoo,window_0,diagnostic_window,zoo,org,one-data-set-out,wilt,extratrees
wilt,lin,zoo,window_1,diagnostic_window,zoo,org,one-data-set-out,wilt,extratrees
wilt,lin,zoo,window_2,diagnostic_window,zoo,org,one-data-set-out,wilt,extratrees
wilt,lin,zoo,window_3,diagnostic_window,zoo,org,one-data-set-out,wilt,extratrees
wilt,lin,zoo,window_4,diagnostic_window,zoo,org,one-data-set-out,wilt,extratrees
wilt,nn,bim,window_0,diagnostic_window,bim,fgm,one-data-set-out,wilt,extratrees
wilt,nn,bim,window_1,diagnostic_window,bim,fgm,one-data-set-out,wilt,extratrees
wilt,nn,bim,window_2,diagnostic_window,bim,fgm,one-data-set-out,wilt,extratrees
wilt,nn,bim,window_3,diagnostic_window,bim,fgm,one-data-set-out,wilt,extratrees
wilt,nn,bim,window_4,diagnostic_window,bim,fgm,one-data-set-out,wilt,extratrees
wilt,nn,fgm,window_0,diagnostic_window,fgm,fgm,one-data-set-out,wilt,extratrees
wilt,nn,fgm,window_1,diagnostic_window,fgm,fgm,one-data-set-out,wilt,extratrees
wilt,nn,fgm,window_2,diagnostic_window,fgm,fgm,one-data-set-out,wilt,extratrees
wilt,nn,fgm,window_3,diagnostic_window,fgm,fgm,one-data-set-out,wilt,extratrees
wilt,nn,fgm,window_4,diagnostic_window,fgm,fgm,one-data-set-out,wilt,extratrees
wilt,nn,org,window_0,diagnostic_window,org,org,one-data-set-out,wilt,extratrees
wilt,nn,org,window_1,diagnostic_window,org,org,one-data-set-out,wilt,extratrees
wilt,nn,org,window_2,diagnostic_window,org,org,one-data-set-out,wilt,extratrees
wilt,nn,org,window_3,diagnostic_window,org,org,one-data-set-out,wilt,extratrees
wilt,nn,org,window_4,diagnostic_window,org,org,one-data-set-out,wilt,extratrees
wilt,nn,pgd,window_0,diagnostic_window,pgd,pgd,one-data-set-out,wilt,extratrees
wilt,nn,pgd,window_1,diagnostic_window,pgd,pgd,one-data-set-out,wilt,extratrees
wilt,nn,pgd,window_2,diagnostic_window,pgd,pgd,one-data-set-out,wilt,extratrees
wilt,nn,pgd,window_3,diagnostic_window,pgd,fgm,one-data-set-out,wilt,extratrees
wilt,nn,pgd,window_4,diagnostic_window,pgd,pgd,one-data-set-out,wilt,extratrees
wilt,svm,hsj,window_0,diagnostic_window,hsj,zoo,one-data-set-out,wilt,extratrees
wilt,svm,hsj,window_1,diagnostic_window,hsj,zoo,one-data-set-out,wilt,extratrees
wilt,svm,hsj,window_2,diagnostic_window,hsj,hsj,one-data-set-out,wilt,extratrees
wilt,svm,hsj,window_3,diagnostic_window,hsj,hsj,one-data-set-out,wilt,extratrees
wilt,svm,hsj,window_4,diagnostic_window,hsj,zoo,one-data-set-out,wilt,extratrees
wilt,svm,org,window_0,diagnostic_window,org,org,one-data-set-out,wilt,extratrees
wilt,svm,org,window_1,diagnostic_window,org,org,one-data-set-out,wilt,extratrees
wilt,svm,org,window_2,diagnostic_window,org,org,one-data-set-out,wilt,extratrees
wilt,svm,org,window_3,diagnostic_window,org,org,one-data-set-out,wilt,extratrees
wilt,svm,org,window_4,diagnostic_window,org,org,one-data-set-out,wilt,extratrees
wilt,svm,zoo,window_0,diagnostic_window,zoo,zoo,one-data-set-out,wilt,extratrees
wilt,svm,zoo,window_1,diagnostic_window,zoo,zoo,one-data-set-out,wilt,extratrees
wilt,svm,zoo,window_2,diagnostic_window,zoo,zoo,one-data-set-out,wilt,extratrees
wilt,svm,zoo,window_3,diagnostic_window,zoo,zoo,one-data-set-out,wilt,extratrees
wilt,svm,zoo,window_4,diagnostic_window,zoo,zoo,one-data-set-out,wilt,extratrees
wilt,xgb,hsj,window_0,diagnostic_window,hsj,zoo,one-data-set-out,wilt,extratrees
wilt,xgb,hsj,window_1,diagnostic_window,hsj,hsj,one-data-set-out,wilt,extratrees
wilt,xgb,hsj,window_2,diagnostic_window,hsj,hsj,one-data-set-out,wilt,extratrees
wilt,xgb,hsj,window_3,diagnostic_window,hsj,hsj,one-data-set-out,wilt,extratrees
wilt,xgb,hsj,window_4,diagnostic_window,hsj,zoo,one-data-set-out,wilt,extratrees
wilt,xgb,org,window_0,diagnostic_window,org,org,one-data-set-out,wilt,extratrees
wilt,xgb,org,window_1,diagnostic_window,org,org,one-data-set-out,wilt,extratrees
wilt,xgb,org,window_2,diagnostic_window,org,org,one-data-set-out,wilt,extratrees
wilt,xgb,org,window_3,diagnostic_window,org,org,one-data-set-out,wilt,extratrees
wilt,xgb,org,window_4,diagnostic_window,org,org,one-data-set-out,wilt,extratrees
wilt,xgb,zoo,window_0,diagnostic_window,zoo,zoo,one-data-set-out,wilt,extratrees
wilt,xgb,zoo,window_1,diagnostic_window,zoo,zoo,one-data-set-out,wilt,extratrees
wilt,xgb,zoo,window_2,diagnostic_window,zoo,zoo,one-data-set-out,wilt,extratrees
wilt,xgb,zoo,window_3,diagnostic_window,zoo,zoo,one-data-set-out,wilt,extratrees
wilt,xgb,zoo,window_4,diagnostic_window,zoo,zoo,one-data-set-out,wilt,extratrees
banknote,lin,hsj,full,full_group,hsj,zoo,one-model-out,lin,extratrees
banknote,lin,org,full,full_group,org,org,one-model-out,lin,extratrees
banknote,lin,zoo,full,full_group,zoo,zoo,one-model-out,lin,extratrees
diabetes,lin,hsj,full,full_group,hsj,hsj,one-model-out,lin,extratrees
diabetes,lin,org,full,full_group,org,org,one-model-out,lin,extratrees
diabetes,lin,zoo,full,full_group,zoo,zoo,one-model-out,lin,extratrees
wilt,lin,hsj,full,full_group,hsj,org,one-model-out,lin,extratrees
wilt,lin,org,full,full_group,org,org,one-model-out,lin,extratrees
wilt,lin,zoo,full,full_group,zoo,org,one-model-out,lin,extratrees
banknote,lin,hsj,window_0,diagnostic_window,hsj,zoo,one-model-out,lin,extratrees
banknote,lin,hsj,window_1,diagnostic_window,hsj,hsj,one-model-out,lin,extratrees
banknote,lin,hsj,window_2,diagnostic_window,hsj,zoo,one-model-out,lin,extratrees
banknote,lin,hsj,window_3,diagnostic_window,hsj,hsj,one-model-out,lin,extratrees
banknote,lin,hsj,window_4,diagnostic_window,hsj,zoo,one-model-out,lin,extratrees
banknote,lin,org,window_0,diagnostic_window,org,org,one-model-out,lin,extratrees
banknote,lin,org,window_1,diagnostic_window,org,org,one-model-out,lin,extratrees
banknote,lin,org,window_2,diagnostic_window,org,org,one-model-out,lin,extratrees
banknote,lin,org,window_3,diagnostic_window,org,org,one-model-out,lin,extratrees
banknote,lin,org,window_4,diagnostic_window,org,org,one-model-out,lin,extratrees
banknote,lin,zoo,window_0,diagnostic_window,zoo,zoo,one-model-out,lin,extratrees
banknote,lin,zoo,window_1,diagnostic_window,zoo,hsj,one-model-out,lin,extratrees
banknote,lin,zoo,window_2,diagnostic_window,zoo,hsj,one-model-out,lin,extratrees
banknote,lin,zoo,window_3,diagnostic_window,zoo,hsj,one-model-out,lin,extratrees
banknote,lin,zoo,window_4,diagnostic_window,zoo,zoo,one-model-out,lin,extratrees
diabetes,lin,hsj,window_0,diagnostic_window,hsj,hsj,one-model-out,lin,extratrees
diabetes,lin,hsj,window_1,diagnostic_window,hsj,hsj,one-model-out,lin,extratrees
diabetes,lin,hsj,window_2,diagnostic_window,hsj,hsj,one-model-out,lin,extratrees
diabetes,lin,hsj,window_3,diagnostic_window,hsj,hsj,one-model-out,lin,extratrees
diabetes,lin,hsj,window_4,diagnostic_window,hsj,zoo,one-model-out,lin,extratrees
diabetes,lin,org,window_0,diagnostic_window,org,org,one-model-out,lin,extratrees
diabetes,lin,org,window_1,diagnostic_window,org,org,one-model-out,lin,extratrees
diabetes,lin,org,window_2,diagnostic_window,org,org,one-model-out,lin,extratrees
diabetes,lin,org,window_3,diagnostic_window,org,org,one-model-out,lin,extratrees
diabetes,lin,org,window_4,diagnostic_window,org,org,one-model-out,lin,extratrees
diabetes,lin,zoo,window_0,diagnostic_window,zoo,zoo,one-model-out,lin,extratrees
diabetes,lin,zoo,window_1,diagnostic_window,zoo,zoo,one-model-out,lin,extratrees
diabetes,lin,zoo,window_2,diagnostic_window,zoo,zoo,one-model-out,lin,extratrees
diabetes,lin,zoo,window_3,diagnostic_window,zoo,zoo,one-model-out,lin,extratrees
diabetes,lin,zoo,window_4,diagnostic_window,zoo,zoo,one-model-out,lin,extratrees
wilt,lin,hsj,window_0,diagnostic_window,hsj,org,one-model-out,lin,extratrees
wilt,lin,hsj,window_1,diagnostic_window,hsj,org,one-model-out,lin,extratrees
wilt,lin,hsj,window_2,diagnostic_window,hsj,org,one-model-out,lin,extratrees
wilt,lin,hsj,window_3,diagnostic_window,hsj,org,one-model-out,lin,extratrees
wilt,lin,hsj,window_4,diagnostic_window,hsj,org,one-model-out,lin,extratrees
wilt,lin,org,window_0,diagnostic_window,org,org,one-model-out,lin,extratrees
wilt,lin,org,window_1,diagnostic_window,org,org,one-model-out,lin,extratrees
wilt,lin,org,window_2,diagnostic_window,org,org,one-model-out,lin,extratrees
wilt,lin,org,window_3,diagnostic_window,org,org,one-model-out,lin,extratrees
wilt,lin,org,window_4,diagnostic_window,org,org,one-model-out,lin,extratrees
wilt,lin,zoo,window_0,diagnostic_window,zoo,org,one-model-out,lin,extratrees
wilt,lin,zoo,window_1,diagnostic_window,zoo,org,one-model-out,lin,extratrees
wilt,lin,zoo,window_2,diagnostic_window,zoo,org,one-model-out,lin,extratrees
wilt,lin,zoo,window_3,diagnostic_window,zoo,org,one-model-out,lin,extratrees
wilt,lin,zoo,window_4,diagnostic_window,zoo,org,one-model-out,lin,extratrees
banknote,nn,bim,full,full_group,bim,org,one-model-out,nn,extratrees
banknote,nn,fgm,full,full_group,fgm,org,one-model-out,nn,extratrees
banknote,nn,org,full,full_group,org,org,one-model-out,nn,extratrees
banknote,nn,pgd,full,full_group,pgd,org,one-model-out,nn,extratrees
diabetes,nn,bim,full,full_group,bim,org,one-model-out,nn,extratrees
diabetes,nn,fgm,full,full_group,fgm,org,one-model-out,nn,extratrees
diabetes,nn,org,full,full_group,org,org,one-model-out,nn,extratrees
diabetes,nn,pgd,full,full_group,pgd,org,one-model-out,nn,extratrees
wilt,nn,bim,full,full_group,bim,org,one-model-out,nn,extratrees
wilt,nn,fgm,full,full_group,fgm,org,one-model-out,nn,extratrees
wilt,nn,org,full,full_group,org,org,one-model-out,nn,extratrees
wilt,nn,pgd,full,full_group,pgd,org,one-model-out,nn,extratrees
banknote,nn,bim,window_0,diagnostic_window,bim,org,one-model-out,nn,extratrees
banknote,nn,bim,window_1,diagnostic_window,bim,org,one-model-out,nn,extratrees
banknote,nn,bim,window_2,diagnostic_window,bim,org,one-model-out,nn,extratrees
banknote,nn,bim,window_3,diagnostic_window,bim,org,one-model-out,nn,extratrees
banknote,nn,bim,window_4,diagnostic_window,bim,org,one-model-out,nn,extratrees
banknote,nn,fgm,window_0,diagnostic_window,fgm,org,one-model-out,nn,extratrees
banknote,nn,fgm,window_1,diagnostic_window,fgm,org,one-model-out,nn,extratrees
banknote,nn,fgm,window_2,diagnostic_window,fgm,org,one-model-out,nn,extratrees
banknote,nn,fgm,window_3,diagnostic_window,fgm,org,one-model-out,nn,extratrees
banknote,nn,fgm,window_4,diagnostic_window,fgm,org,one-model-out,nn,extratrees
banknote,nn,org,window_0,diagnostic_window,org,org,one-model-out,nn,extratrees
banknote,nn,org,window_1,diagnostic_window,org,org,one-model-out,nn,extratrees
banknote,nn,org,window_2,diagnostic_window,org,org,one-model-out,nn,extratrees
banknote,nn,org,window_3,diagnostic_window,org,org,one-model-out,nn,extratrees
banknote,nn,org,window_4,diagnostic_window,org,org,one-model-out,nn,extratrees
banknote,nn,pgd,window_0,diagnostic_window,pgd,org,one-model-out,nn,extratrees
banknote,nn,pgd,window_1,diagnostic_window,pgd,org,one-model-out,nn,extratrees
banknote,nn,pgd,window_2,diagnostic_window,pgd,org,one-model-out,nn,extratrees
banknote,nn,pgd,window_3,diagnostic_window,pgd,org,one-model-out,nn,extratrees
banknote,nn,pgd,window_4,diagnostic_window,pgd,org,one-model-out,nn,extratrees
diabetes,nn,bim,window_0,diagnostic_window,bim,org,one-model-out,nn,extratrees
diabetes,nn,bim,window_1,diagnostic_window,bim,org,one-model-out,nn,extratrees
diabetes,nn,bim,window_2,diagnostic_window,bim,org,one-model-out,nn,extratrees
diabetes,nn,bim,window_3,diagnostic_window,bim,org,one-model-out,nn,extratrees
diabetes,nn,bim,window_4,diagnostic_window,bim,org,one-model-out,nn,extratrees
diabetes,nn,fgm,window_0,diagnostic_window,fgm,org,one-model-out,nn,extratrees
diabetes,nn,fgm,window_1,diagnostic_window,fgm,org,one-model-out,nn,extratrees
diabetes,nn,fgm,window_2,diagnostic_window,fgm,org,one-model-out,nn,extratrees
diabetes,nn,fgm,window_3,diagnostic_window,fgm,org,one-model-out,nn,extratrees
diabetes,nn,fgm,window_4,diagnostic_window,fgm,org,one-model-out,nn,extratrees
diabetes,nn,org,window_0,diagnostic_window,org,org,one-model-out,nn,extratrees
diabetes,nn,org,window_1,diagnostic_window,org,org,one-model-out,nn,extratrees
diabetes,nn,org,window_2,diagnostic_window,org,org,one-model-out,nn,extratrees
diabetes,nn,org,window_3,diagnostic_window,org,org,one-model-out,nn,extratrees
diabetes,nn,org,window_4,diagnostic_window,org,org,one-model-out,nn,extratrees
diabetes,nn,pgd,window_0,diagnostic_window,pgd,org,one-model-out,nn,extratrees
diabetes,nn,pgd,window_1,diagnostic_window,pgd,org,one-model-out,nn,extratrees
diabetes,nn,pgd,window_2,diagnostic_window,pgd,org,one-model-out,nn,extratrees
diabetes,nn,pgd,window_3,diagnostic_window,pgd,org,one-model-out,nn,extratrees
diabetes,nn,pgd,window_4,diagnostic_window,pgd,org,one-model-out,nn,extratrees
wilt,nn,bim,window_0,diagnostic_window,bim,org,one-model-out,nn,extratrees
wilt,nn,bim,window_1,diagnostic_window,bim,org,one-model-out,nn,extratrees
wilt,nn,bim,window_2,diagnostic_window,bim,org,one-model-out,nn,extratrees
wilt,nn,bim,window_3,diagnostic_window,bim,org,one-model-out,nn,extratrees
wilt,nn,bim,window_4,diagnostic_window,bim,org,one-model-out,nn,extratrees
wilt,nn,fgm,window_0,diagnostic_window,fgm,org,one-model-out,nn,extratrees
wilt,nn,fgm,window_1,diagnostic_window,fgm,org,one-model-out,nn,extratrees
wilt,nn,fgm,window_2,diagnostic_window,fgm,org,one-model-out,nn,extratrees
wilt,nn,fgm,window_3,diagnostic_window,fgm,org,one-model-out,nn,extratrees
wilt,nn,fgm,window_4,diagnostic_window,fgm,org,one-model-out,nn,extratrees
wilt,nn,org,window_0,diagnostic_window,org,org,one-model-out,nn,extratrees
wilt,nn,org,window_1,diagnostic_window,org,org,one-model-out,nn,extratrees
wilt,nn,org,window_2,diagnostic_window,org,org,one-model-out,nn,extratrees
wilt,nn,org,window_3,diagnostic_window,org,org,one-model-out,nn,extratrees
wilt,nn,org,window_4,diagnostic_window,org,org,one-model-out,nn,extratrees
wilt,nn,pgd,window_0,diagnostic_window,pgd,org,one-model-out,nn,extratrees
wilt,nn,pgd,window_1,diagnostic_window,pgd,org,one-model-out,nn,extratrees
wilt,nn,pgd,window_2,diagnostic_window,pgd,org,one-model-out,nn,extratrees
wilt,nn,pgd,window_3,diagnostic_window,pgd,org,one-model-out,nn,extratrees
wilt,nn,pgd,window_4,diagnostic_window,pgd,org,one-model-out,nn,extratrees
banknote,svm,hsj,full,full_group,hsj,hsj,one-model-out,svm,extratrees
banknote,svm,org,full,full_group,org,org,one-model-out,svm,extratrees
banknote,svm,zoo,full,full_group,zoo,hsj,one-model-out,svm,extratrees
diabetes,svm,hsj,full,full_group,hsj,hsj,one-model-out,svm,extratrees
diabetes,svm,org,full,full_group,org,org,one-model-out,svm,extratrees
diabetes,svm,zoo,full,full_group,zoo,zoo,one-model-out,svm,extratrees
wilt,svm,hsj,full,full_group,hsj,hsj,one-model-out,svm,extratrees
wilt,svm,org,full,full_group,org,org,one-model-out,svm,extratrees
wilt,svm,zoo,full,full_group,zoo,zoo,one-model-out,svm,extratrees
banknote,svm,hsj,window_0,diagnostic_window,hsj,hsj,one-model-out,svm,extratrees
banknote,svm,hsj,window_1,diagnostic_window,hsj,hsj,one-model-out,svm,extratrees
banknote,svm,hsj,window_2,diagnostic_window,hsj,hsj,one-model-out,svm,extratrees
banknote,svm,hsj,window_3,diagnostic_window,hsj,hsj,one-model-out,svm,extratrees
banknote,svm,hsj,window_4,diagnostic_window,hsj,hsj,one-model-out,svm,extratrees
banknote,svm,org,window_0,diagnostic_window,org,org,one-model-out,svm,extratrees
banknote,svm,org,window_1,diagnostic_window,org,org,one-model-out,svm,extratrees
banknote,svm,org,window_2,diagnostic_window,org,org,one-model-out,svm,extratrees
banknote,svm,org,window_3,diagnostic_window,org,org,one-model-out,svm,extratrees
banknote,svm,org,window_4,diagnostic_window,org,org,one-model-out,svm,extratrees
banknote,svm,zoo,window_0,diagnostic_window,zoo,zoo,one-model-out,svm,extratrees
banknote,svm,zoo,window_1,diagnostic_window,zoo,hsj,one-model-out,svm,extratrees
banknote,svm,zoo,window_2,diagnostic_window,zoo,hsj,one-model-out,svm,extratrees
banknote,svm,zoo,window_3,diagnostic_window,zoo,hsj,one-model-out,svm,extratrees
banknote,svm,zoo,window_4,diagnostic_window,zoo,zoo,one-model-out,svm,extratrees
diabetes,svm,hsj,window_0,diagnostic_window,hsj,hsj,one-model-out,svm,extratrees
diabetes,svm,hsj,window_1,diagnostic_window,hsj,hsj,one-model-out,svm,extratrees
diabetes,svm,hsj,window_2,diagnostic_window,hsj,hsj,one-model-out,svm,extratrees
diabetes,svm,hsj,window_3,diagnostic_window,hsj,hsj,one-model-out,svm,extratrees
diabetes,svm,hsj,window_4,diagnostic_window,hsj,zoo,one-model-out,svm,extratrees
diabetes,svm,org,window_0,diagnostic_window,org,org,one-model-out,svm,extratrees
diabetes,svm,org,window_1,diagnostic_window,org,org,one-model-out,svm,extratrees
diabetes,svm,org,window_2,diagnostic_window,org,org,one-model-out,svm,extratrees
diabetes,svm,org,window_3,diagnostic_window,org,org,one-model-out,svm,extratrees
diabetes,svm,org,window_4,diagnostic_window,org,org,one-model-out,svm,extratrees
diabetes,svm,zoo,window_0,diagnostic_window,zoo,zoo,one-model-out,svm,extratrees
diabetes,svm,zoo,window_1,diagnostic_window,zoo,zoo,one-model-out,svm,extratrees
diabetes,svm,zoo,window_2,diagnostic_window,zoo,zoo,one-model-out,svm,extratrees
diabetes,svm,zoo,window_3,diagnostic_window,zoo,zoo,one-model-out,svm,extratrees
diabetes,svm,zoo,window_4,diagnostic_window,zoo,zoo,one-model-out,svm,extratrees
wilt,svm,hsj,window_0,diagnostic_window,hsj,hsj,one-model-out,svm,extratrees
wilt,svm,hsj,window_1,diagnostic_window,hsj,hsj,one-model-out,svm,extratrees
wilt,svm,hsj,window_2,diagnostic_window,hsj,hsj,one-model-out,svm,extratrees
wilt,svm,hsj,window_3,diagnostic_window,hsj,hsj,one-model-out,svm,extratrees
wilt,svm,hsj,window_4,diagnostic_window,hsj,hsj,one-model-out,svm,extratrees
wilt,svm,org,window_0,diagnostic_window,org,org,one-model-out,svm,extratrees
wilt,svm,org,window_1,diagnostic_window,org,org,one-model-out,svm,extratrees
wilt,svm,org,window_2,diagnostic_window,org,org,one-model-out,svm,extratrees
wilt,svm,org,window_3,diagnostic_window,org,org,one-model-out,svm,extratrees
wilt,svm,org,window_4,diagnostic_window,org,org,one-model-out,svm,extratrees
wilt,svm,zoo,window_0,diagnostic_window,zoo,zoo,one-model-out,svm,extratrees
wilt,svm,zoo,window_1,diagnostic_window,zoo,zoo,one-model-out,svm,extratrees
wilt,svm,zoo,window_2,diagnostic_window,zoo,zoo,one-model-out,svm,extratrees
wilt,svm,zoo,window_3,diagnostic_window,zoo,zoo,one-model-out,svm,extratrees
wilt,svm,zoo,window_4,diagnostic_window,zoo,zoo,one-model-out,svm,extratrees
banknote,xgb,hsj,full,full_group,hsj,hsj,one-model-out,xgb,extratrees
banknote,xgb,org,full,full_group,org,org,one-model-out,xgb,extratrees
banknote,xgb,zoo,full,full_group,zoo,zoo,one-model-out,xgb,extratrees
diabetes,xgb,hsj,full,full_group,hsj,hsj,one-model-out,xgb,extratrees
diabetes,xgb,org,full,full_group,org,org,one-model-out,xgb,extratrees
diabetes,xgb,zoo,full,full_group,zoo,zoo,one-model-out,xgb,extratrees
wilt,xgb,hsj,full,full_group,hsj,hsj,one-model-out,xgb,extratrees
wilt,xgb,org,full,full_group,org,org,one-model-out,xgb,extratrees
wilt,xgb,zoo,full,full_group,zoo,zoo,one-model-out,xgb,extratrees
banknote,xgb,hsj,window_0,diagnostic_window,hsj,hsj,one-model-out,xgb,extratrees
banknote,xgb,hsj,window_1,diagnostic_window,hsj,hsj,one-model-out,xgb,extratrees
banknote,xgb,hsj,window_2,diagnostic_window,hsj,hsj,one-model-out,xgb,extratrees
banknote,xgb,hsj,window_3,diagnostic_window,hsj,hsj,one-model-out,xgb,extratrees
banknote,xgb,hsj,window_4,diagnostic_window,hsj,hsj,one-model-out,xgb,extratrees
banknote,xgb,org,window_0,diagnostic_window,org,org,one-model-out,xgb,extratrees
banknote,xgb,org,window_1,diagnostic_window,org,org,one-model-out,xgb,extratrees
banknote,xgb,org,window_2,diagnostic_window,org,org,one-model-out,xgb,extratrees
banknote,xgb,org,window_3,diagnostic_window,org,org,one-model-out,xgb,extratrees
banknote,xgb,org,window_4,diagnostic_window,org,org,one-model-out,xgb,extratrees
banknote,xgb,zoo,window_0,diagnostic_window,zoo,zoo,one-model-out,xgb,extratrees
banknote,xgb,zoo,window_1,diagnostic_window,zoo,hsj,one-model-out,xgb,extratrees
banknote,xgb,zoo,window_2,diagnostic_window,zoo,zoo,one-model-out,xgb,extratrees
banknote,xgb,zoo,window_3,diagnostic_window,zoo,hsj,one-model-out,xgb,extratrees
banknote,xgb,zoo,window_4,diagnostic_window,zoo,zoo,one-model-out,xgb,extratrees
diabetes,xgb,hsj,window_0,diagnostic_window,hsj,hsj,one-model-out,xgb,extratrees
diabetes,xgb,hsj,window_1,diagnostic_window,hsj,hsj,one-model-out,xgb,extratrees
diabetes,xgb,hsj,window_2,diagnostic_window,hsj,hsj,one-model-out,xgb,extratrees
diabetes,xgb,hsj,window_3,diagnostic_window,hsj,hsj,one-model-out,xgb,extratrees
diabetes,xgb,hsj,window_4,diagnostic_window,hsj,zoo,one-model-out,xgb,extratrees
diabetes,xgb,org,window_0,diagnostic_window,org,org,one-model-out,xgb,extratrees
diabetes,xgb,org,window_1,diagnostic_window,org,org,one-model-out,xgb,extratrees
diabetes,xgb,org,window_2,diagnostic_window,org,org,one-model-out,xgb,extratrees
diabetes,xgb,org,window_3,diagnostic_window,org,org,one-model-out,xgb,extratrees
diabetes,xgb,org,window_4,diagnostic_window,org,org,one-model-out,xgb,extratrees
diabetes,xgb,zoo,window_0,diagnostic_window,zoo,zoo,one-model-out,xgb,extratrees
diabetes,xgb,zoo,window_1,diagnostic_window,zoo,zoo,one-model-out,xgb,extratrees
diabetes,xgb,zoo,window_2,diagnostic_window,zoo,zoo,one-model-out,xgb,extratrees
diabetes,xgb,zoo,window_3,diagnostic_window,zoo,zoo,one-model-out,xgb,extratrees
diabetes,xgb,zoo,window_4,diagnostic_window,zoo,zoo,one-model-out,xgb,extratrees
wilt,xgb,hsj,window_0,diagnostic_window,hsj,hsj,one-model-out,xgb,extratrees
wilt,xgb,hsj,window_1,diagnostic_window,hsj,hsj,one-model-out,xgb,extratrees
wilt,xgb,hsj,window_2,diagnostic_window,hsj,hsj,one-model-out,xgb,extratrees
wilt,xgb,hsj,window_3,diagnostic_window,hsj,hsj,one-model-out,xgb,extratrees
wilt,xgb,hsj,window_4,diagnostic_window,hsj,hsj,one-model-out,xgb,extratrees
wilt,xgb,org,window_0,diagnostic_window,org,org,one-model-out,xgb,extratrees
wilt,xgb,org,window_1,diagnostic_window,org,org,one-model-out,xgb,extratrees
wilt,xgb,org,window_2,diagnostic_window,org,org,one-model-out,xgb,extratrees
wilt,xgb,org,window_3,diagnostic_window,org,org,one-model-out,xgb,extratrees
wilt,xgb,org,window_4,diagnostic_window,org,org,one-model-out,xgb,extratrees
wilt,xgb,zoo,window_0,diagnostic_window,zoo,zoo,one-model-out,xgb,extratrees
wilt,xgb,zoo,window_1,diagnostic_window,zoo,zoo,one-model-out,xgb,extratrees
wilt,xgb,zoo,window_2,diagnostic_window,zoo,zoo,one-model-out,xgb,extratrees
wilt,xgb,zoo,window_3,diagnostic_window,zoo,zoo,one-model-out,xgb,extratrees
wilt,xgb,zoo,window_4,diagnostic_window,zoo,zoo,one-model-out,xgb,extratrees
banknote,lin,org,full,full_group,org,org,10-fold cross-validation,0,extratrees
banknote,lin,zoo,full,full_group,zoo,zoo,10-fold cross-validation,0,extratrees
banknote,nn,bim,full,full_group,bim,bim,10-fold cross-validation,0,extratrees
banknote,nn,org,full,full_group,org,org,10-fold cross-validation,0,extratrees
banknote,svm,zoo,full,full_group,zoo,hsj,10-fold cross-validation,0,extratrees
banknote,lin,hsj,window_1,diagnostic_window,hsj,zoo,10-fold cross-validation,0,extratrees
banknote,lin,hsj,window_2,diagnostic_window,hsj,zoo,10-fold cross-validation,0,extratrees
banknote,lin,org,window_2,diagnostic_window,org,org,10-fold cross-validation,0,extratrees
banknote,lin,org,window_3,diagnostic_window,org,org,10-fold cross-validation,0,extratrees
banknote,lin,zoo,window_0,diagnostic_window,zoo,zoo,10-fold cross-validation,0,extratrees
banknote,svm,hsj,window_4,diagnostic_window,hsj,hsj,10-fold cross-validation,0,extratrees
diabetes,nn,fgm,window_0,diagnostic_window,fgm,fgm,10-fold cross-validation,0,extratrees
diabetes,nn,pgd,window_0,diagnostic_window,pgd,pgd,10-fold cross-validation,0,extratrees
diabetes,svm,hsj,window_3,diagnostic_window,hsj,hsj,10-fold cross-validation,0,extratrees
diabetes,svm,hsj,window_4,diagnostic_window,hsj,hsj,10-fold cross-validation,0,extratrees
diabetes,svm,org,window_3,diagnostic_window,org,org,10-fold cross-validation,0,extratrees
wilt,nn,bim,window_2,diagnostic_window,bim,bim,10-fold cross-validation,0,extratrees
wilt,nn,fgm,window_0,diagnostic_window,fgm,fgm,10-fold cross-validation,0,extratrees
wilt,nn,pgd,window_2,diagnostic_window,pgd,pgd,10-fold cross-validation,0,extratrees
wilt,svm,org,window_3,diagnostic_window,org,org,10-fold cross-validation,0,extratrees
wilt,svm,zoo,window_4,diagnostic_window,zoo,zoo,10-fold cross-validation,0,extratrees
wilt,xgb,hsj,window_3,diagnostic_window,hsj,hsj,10-fold cross-validation,0,extratrees
wilt,xgb,org,window_1,diagnostic_window,org,org,10-fold cross-validation,0,extratrees
wilt,xgb,zoo,window_1,diagnostic_window,zoo,zoo,10-fold cross-validation,0,extratrees
banknote,svm,org,full,full_group,org,org,10-fold cross-validation,1,extratrees
wilt,nn,bim,full,full_group,bim,bim,10-fold cross-validation,1,extratrees
wilt,svm,hsj,full,full_group,hsj,hsj,10-fold cross-validation,1,extratrees
banknote,lin,hsj,window_3,diagnostic_window,hsj,hsj,10-fold cross-validation,1,extratrees
banknote,lin,org,window_1,diagnostic_window,org,org,10-fold cross-validation,1,extratrees
banknote,lin,org,window_4,diagnostic_window,org,org,10-fold cross-validation,1,extratrees
banknote,lin,zoo,window_2,diagnostic_window,zoo,hsj,10-fold cross-validation,1,extratrees
banknote,nn,fgm,window_1,diagnostic_window,fgm,pgd,10-fold cross-validation,1,extratrees
banknote,nn,org,window_4,diagnostic_window,org,org,10-fold cross-validation,1,extratrees
banknote,svm,hsj,window_0,diagnostic_window,hsj,hsj,10-fold cross-validation,1,extratrees
banknote,svm,zoo,window_4,diagnostic_window,zoo,zoo,10-fold cross-validation,1,extratrees
banknote,xgb,hsj,window_0,diagnostic_window,hsj,hsj,10-fold cross-validation,1,extratrees
diabetes,lin,org,window_1,diagnostic_window,org,org,10-fold cross-validation,1,extratrees
diabetes,nn,fgm,window_2,diagnostic_window,fgm,fgm,10-fold cross-validation,1,extratrees
diabetes,nn,pgd,window_2,diagnostic_window,pgd,pgd,10-fold cross-validation,1,extratrees
diabetes,svm,hsj,window_0,diagnostic_window,hsj,hsj,10-fold cross-validation,1,extratrees
diabetes,svm,org,window_1,diagnostic_window,org,org,10-fold cross-validation,1,extratrees
diabetes,xgb,zoo,window_1,diagnostic_window,zoo,zoo,10-fold cross-validation,1,extratrees
wilt,lin,hsj,window_3,diagnostic_window,hsj,org,10-fold cross-validation,1,extratrees
wilt,lin,org,window_3,diagnostic_window,org,org,10-fold cross-validation,1,extratrees
wilt,lin,zoo,window_4,diagnostic_window,zoo,zoo,10-fold cross-validation,1,extratrees
wilt,nn,bim,window_0,diagnostic_window,bim,fgm,10-fold cross-validation,1,extratrees
wilt,nn,pgd,window_3,diagnostic_window,pgd,pgd,10-fold cross-validation,1,extratrees
wilt,xgb,zoo,window_4,diagnostic_window,zoo,zoo,10-fold cross-validation,1,extratrees
diabetes,nn,bim,full,full_group,bim,bim,10-fold cross-validation,2,extratrees
diabetes,svm,hsj,full,full_group,hsj,hsj,10-fold cross-validation,2,extratrees
wilt,svm,org,full,full_group,org,org,10-fold cross-validation,2,extratrees
wilt,xgb,zoo,full,full_group,zoo,zoo,10-fold cross-validation,2,extratrees
banknote,nn,bim,window_0,diagnostic_window,bim,bim,10-fold cross-validation,2,extratrees
banknote,nn,org,window_0,diagnostic_window,org,org,10-fold cross-validation,2,extratrees
banknote,svm,hsj,window_1,diagnostic_window,hsj,hsj,10-fold cross-validation,2,extratrees
banknote,xgb,org,window_2,diagnostic_window,org,org,10-fold cross-validation,2,extratrees
diabetes,lin,hsj,window_2,diagnostic_window,hsj,hsj,10-fold cross-validation,2,extratrees
diabetes,lin,zoo,window_3,diagnostic_window,zoo,zoo,10-fold cross-validation,2,extratrees
diabetes,nn,pgd,window_1,diagnostic_window,pgd,pgd,10-fold cross-validation,2,extratrees
diabetes,xgb,hsj,window_0,diagnostic_window,hsj,hsj,10-fold cross-validation,2,extratrees
diabetes,xgb,hsj,window_3,diagnostic_window,hsj,hsj,10-fold cross-validation,2,extratrees
diabetes,xgb,zoo,window_0,diagnostic_window,zoo,zoo,10-fold cross-validation,2,extratrees
wilt,lin,org,window_1,diagnostic_window,org,org,10-fold cross-validation,2,extratrees
wilt,lin,org,window_2,diagnostic_window,org,org,10-fold cross-validation,2,extratrees
wilt,lin,zoo,window_3,diagnostic_window,zoo,zoo,10-fold cross-validation,2,extratrees
wilt,nn,fgm,window_1,diagnostic_window,fgm,fgm,10-fold cross-validation,2,extratrees
wilt,nn,fgm,window_3,diagnostic_window,fgm,fgm,10-fold cross-validation,2,extratrees
wilt,nn,org,window_1,diagnostic_window,org,org,10-fold cross-validation,2,extratrees
wilt,nn,pgd,window_4,diagnostic_window,pgd,pgd,10-fold cross-validation,2,extratrees
wilt,svm,hsj,window_4,diagnostic_window,hsj,hsj,10-fold cross-validation,2,extratrees
wilt,xgb,org,window_0,diagnostic_window,org,org,10-fold cross-validation,2,extratrees
wilt,xgb,zoo,window_0,diagnostic_window,zoo,zoo,10-fold cross-validation,2,extratrees
banknote,nn,fgm,full,full_group,fgm,pgd,10-fold cross-validation,3,extratrees
diabetes,lin,hsj,full,full_group,hsj,hsj,10-fold cross-validation,3,extratrees
diabetes,lin,zoo,full,full_group,zoo,zoo,10-fold cross-validation,3,extratrees
diabetes,nn,fgm,full,full_group,fgm,fgm,10-fold cross-validation,3,extratrees
wilt,svm,zoo,full,full_group,zoo,zoo,10-fold cross-validation,3,extratrees
banknote,lin,hsj,window_4,diagnostic_window,hsj,zoo,10-fold cross-validation,3,extratrees
banknote,lin,org,window_0,diagnostic_window,org,org,10-fold cross-validation,3,extratrees
banknote,nn,bim,window_1,diagnostic_window,bim,fgm,10-fold cross-validation,3,extratrees
banknote,nn,pgd,window_1,diagnostic_window,pgd,fgm,10-fold cross-validation,3,extratrees
banknote,svm,hsj,window_2,diagnostic_window,hsj,hsj,10-fold cross-validation,3,extratrees
banknote,svm,zoo,window_0,diagnostic_window,zoo,hsj,10-fold cross-validation,3,extratrees
banknote,svm,zoo,window_2,diagnostic_window,zoo,hsj,10-fold cross-validation,3,extratrees
banknote,xgb,zoo,window_4,diagnostic_window,zoo,zoo,10-fold cross-validation,3,extratrees
diabetes,lin,org,window_0,diagnostic_window,org,org,10-fold cross-validation,3,extratrees
diabetes,nn,bim,window_0,diagnostic_window,bim,pgd,10-fold cross-validation,3,extratrees
diabetes,svm,hsj,window_1,diagnostic_window,hsj,hsj,10-fold cross-validation,3,extratrees
diabetes,svm,org,window_0,diagnostic_window,org,org,10-fold cross-validation,3,extratrees
diabetes,svm,org,window_4,diagnostic_window,org,org,10-fold cross-validation,3,extratrees
diabetes,xgb,org,window_0,diagnostic_window,org,org,10-fold cross-validation,3,extratrees
wilt,nn,org,window_3,diagnostic_window,org,org,10-fold cross-validation,3,extratrees
wilt,nn,pgd,window_0,diagnostic_window,pgd,pgd,10-fold cross-validation,3,extratrees
wilt,svm,hsj,window_1,diagnostic_window,hsj,hsj,10-fold cross-validation,3,extratrees
wilt,svm,hsj,window_3,diagnostic_window,hsj,hsj,10-fold cross-validation,3,extratrees
wilt,xgb,org,window_2,diagnostic_window,org,org,10-fold cross-validation,3,extratrees
banknote,svm,hsj,full,full_group,hsj,hsj,10-fold cross-validation,4,extratrees
diabetes,nn,org,full,full_group,org,org,10-fold cross-validation,4,extratrees
diabetes,svm,org,full,full_group,org,org,10-fold cross-validation,4,extratrees
diabetes,xgb,org,full,full_group,org,org,10-fold cross-validation,4,extratrees
diabetes,xgb,zoo,full,full_group,zoo,zoo,10-fold cross-validation,4,extratrees
wilt,nn,org,full,full_group,org,org,10-fold cross-validation,4,extratrees
banknote,lin,zoo,window_3,diagnostic_window,zoo,hsj,10-fold cross-validation,4,extratrees
banknote,nn,pgd,window_2,diagnostic_window,pgd,bim,10-fold cross-validation,4,extratrees
banknote,svm,org,window_0,diagnostic_window,org,org,10-fold cross-validation,4,extratrees
banknote,xgb,hsj,window_1,diagnostic_window,hsj,hsj,10-fold cross-validation,4,extratrees
banknote,xgb,org,window_0,diagnostic_window,org,org,10-fold cross-validation,4,extratrees
diabetes,lin,hsj,window_1,diagnostic_window,hsj,hsj,10-fold cross-validation,4,extratrees
diabetes,lin,zoo,window_4,diagnostic_window,zoo,zoo,10-fold cross-validation,4,extratrees
diabetes,nn,bim,window_2,diagnostic_window,bim,fgm,10-fold cross-validation,4,extratrees
diabetes,nn,fgm,window_3,diagnostic_window,fgm,fgm,10-fold cross-validation,4,extratrees
diabetes,nn,fgm,window_4,diagnostic_window,fgm,fgm,10-fold cross-validation,4,extratrees
diabetes,nn,org,window_2,diagnostic_window,org,org,10-fold cross-validation,4,extratrees
wilt,lin,hsj,window_0,diagnostic_window,hsj,org,10-fold cross-validation,4,extratrees
wilt,lin,zoo,window_1,diagnostic_window,zoo,zoo,10-fold cross-validation,4,extratrees
wilt,nn,bim,window_3,diagnostic_window,bim,fgm,10-fold cross-validation,4,extratrees
wilt,svm,zoo,window_0,diagnostic_window,zoo,zoo,10-fold cross-validation,4,extratrees
wilt,xgb,hsj,window_2,diagnostic_window,hsj,hsj,10-fold cross-validation,4,extratrees
wilt,xgb,org,window_4,diagnostic_window,org,org,10-fold cross-validation,4,extratrees
diabetes,lin,org,full,full_group,org,org,10-fold cross-validation,5,extratrees
wilt,nn,fgm,full,full_group,fgm,fgm,10-fold cross-validation,5,extratrees
banknote,nn,fgm,window_4,diagnostic_window,fgm,pgd,10-fold cross-validation,5,extratrees
banknote,nn,org,window_3,diagnostic_window,org,org,10-fold cross-validation,5,extratrees
banknote,nn,pgd,window_3,diagnostic_window,pgd,pgd,10-fold cross-validation,5,extratrees
banknote,xgb,hsj,window_4,diagnostic_window,hsj,hsj,10-fold cross-validation,5,extratrees
banknote,xgb,org,window_3,diagnostic_window,org,org,10-fold cross-validation,5,extratrees
banknote,xgb,zoo,window_1,diagnostic_window,zoo,hsj,10-fold cross-validation,5,extratrees
diabetes,lin,hsj,window_3,diagnostic_window,hsj,hsj,10-fold cross-validation,5,extratrees
diabetes,lin,hsj,window_4,diagnostic_window,hsj,zoo,10-fold cross-validation,5,extratrees
diabetes,lin,org,window_4,diagnostic_window,org,org,10-fold cross-validation,5,extratrees
diabetes,lin,zoo,window_0,diagnostic_window,zoo,zoo,10-fold cross-validation,5,extratrees
diabetes,lin,zoo,window_1,diagnostic_window,zoo,hsj,10-fold cross-validation,5,extratrees
diabetes,nn,bim,window_3,diagnostic_window,bim,bim,10-fold cross-validation,5,extratrees
diabetes,nn,bim,window_4,diagnostic_window,bim,fgm,10-fold cross-validation,5,extratrees
diabetes,nn,org,window_3,diagnostic_window,org,org,10-fold cross-validation,5,extratrees
diabetes,xgb,org,window_2,diagnostic_window,org,org,10-fold cross-validation,5,extratrees
wilt,lin,hsj,window_4,diagnostic_window,hsj,org,10-fold cross-validation,5,extratrees
wilt,lin,zoo,window_2,diagnostic_window,zoo,zoo,10-fold cross-validation,5,extratrees
wilt,svm,hsj,window_0,diagnostic_window,hsj,hsj,10-fold cross-validation,5,extratrees
wilt,svm,org,window_0,diagnostic_window,org,org,10-fold cross-validation,5,extratrees
wilt,svm,org,window_2,diagnostic_window,org,org,10-fold cross-validation,5,extratrees
wilt,xgb,zoo,window_3,diagnostic_window,zoo,zoo,10-fold cross-validation,5,extratrees
banknote,lin,hsj,full,full_group,hsj,zoo,10-fold cross-validation,6,extratrees
banknote,xgb,zoo,full,full_group,zoo,zoo,10-fold cross-validation,6,extratrees
banknote,nn,bim,window_2,diagnostic_window,bim,bim,10-fold cross-validation,6,extratrees
banknote,nn,fgm,window_2,diagnostic_window,fgm,pgd,10-fold cross-validation,6,extratrees
banknote,nn,pgd,window_0,diagnostic_window,pgd,fgm,10-fold cross-validation,6,extratrees
banknote,svm,org,window_2,diagnostic_window,org,org,10-fold cross-validation,6,extratrees
banknote,svm,org,window_3,diagnostic_window,org,org,10-fold cross-validation,6,extratrees
banknote,svm,zoo,window_3,diagnostic_window,zoo,hsj,10-fold cross-validation,6,extratrees
banknote,xgb,hsj,window_2,diagnostic_window,hsj,hsj,10-fold cross-validation,6,extratrees
diabetes,nn,bim,window_1,diagnostic_window,bim,bim,10-fold cross-validation,6,extratrees
diabetes,nn,pgd,window_4,diagnostic_window,pgd,pgd,10-fold cross-validation,6,extratrees
diabetes,svm,org,window_2,diagnostic_window,org,org,10-fold cross-validation,6,extratrees
diabetes,svm,zoo,window_0,diagnostic_window,zoo,zoo,10-fold cross-validation,6,extratrees
diabetes,svm,zoo,window_1,diagnostic_window,zoo,hsj,10-fold cross-validation,6,extratrees
diabetes,svm,zoo,window_2,diagnostic_window,zoo,zoo,10-fold cross-validation,6,extratrees
diabetes,xgb,hsj,window_2,diagnostic_window,hsj,hsj,10-fold cross-validation,6,extratrees
diabetes,xgb,org,window_1,diagnostic_window,org,org,10-fold cross-validation,6,extratrees
diabetes,xgb,org,window_3,diagnostic_window,org,org,10-fold cross-validation,6,extratrees
diabetes,xgb,zoo,window_4,diagnostic_window,zoo,zoo,10-fold cross-validation,6,extratrees
wilt,lin,org,window_4,diagnostic_window,org,org,10-fold cross-validation,6,extratrees
wilt,nn,org,window_2,diagnostic_window,org,org,10-fold cross-validation,6,extratrees
wilt,xgb,hsj,window_0,diagnostic_window,hsj,hsj,10-fold cross-validation,6,extratrees
wilt,xgb,hsj,window_1,diagnostic_window,hsj,hsj,10-fold cross-validation,6,extratrees
banknote,xgb,hsj,full,full_group,hsj,hsj,10-fold cross-validation,7,extratrees
diabetes,svm,zoo,full,full_group,zoo,zoo,10-fold cross-validation,7,extratrees
wilt,lin,zoo,full,full_group,zoo,zoo,10-fold cross-validation,7,extratrees
banknote,lin,zoo,window_1,diagnostic_window,zoo,hsj,10-fold cross-validation,7,extratrees
banknote,nn,bim,window_4,diagnostic_window,bim,bim,10-fold cross-validation,7,extratrees
banknote,nn,fgm,window_0,diagnostic_window,fgm,pgd,10-fold cross-validation,7,extratrees
banknote,nn,pgd,window_4,diagnostic_window,pgd,fgm,10-fold cross-validation,7,extratrees
banknote,svm,org,window_1,diagnostic_window,org,org,10-fold cross-validation,7,extratrees
banknote,xgb,org,window_1,diagnostic_window,org,org,10-fold cross-validation,7,extratrees
banknote,xgb,zoo,window_2,diagnostic_window,zoo,zoo,10-fold cross-validation,7,extratrees
diabetes,nn,pgd,window_3,diagnostic_window,pgd,bim,10-fold cross-validation,7,extratrees
diabetes,xgb,hsj,window_1,diagnostic_window,hsj,hsj,10-fold cross-validation,7,extratrees
diabetes,xgb,org,window_4,diagnostic_window,org,org,10-fold cross-validation,7,extratrees
wilt,lin,hsj,window_1,diagnostic_window,hsj,org,10-fold cross-validation,7,extratrees
wilt,lin,hsj,window_2,diagnostic_window,hsj,org,10-fold cross-validation,7,extratrees
wilt,lin,zoo,window_0,diagnostic_window,zoo,zoo,10-fold cross-validation,7,extratrees
wilt,nn,bim,window_4,diagnostic_window,bim,bim,10-fold cross-validation,7,extratrees
wilt,nn,org,window_0,diagnostic_window,org,org,10-fold cross-validation,7,extratrees
wilt,nn,org,window_4,diagnostic_window,org,org,10-fold cross-validation,7,extratrees
wilt,svm,hsj,window_2,diagnostic_window,hsj,hsj,10-fold cross-validation,7,extratrees
wilt,svm,org,window_4,diagnostic_window,org,org,10-fold cross-validation,7,extratrees
wilt,xgb,org,window_3,diagnostic_window,org,org,10-fold cross-validation,7,extratrees
wilt,xgb,zoo,window_2,diagnostic_window,zoo,zoo,10-fold cross-validation,7,extratrees
banknote,nn,pgd,full,full_group,pgd,fgm,10-fold cross-validation,8,extratrees
diabetes,xgb,hsj,full,full_group,hsj,hsj,10-fold cross-validation,8,extratrees
wilt,nn,pgd,full,full_group,pgd,pgd,10-fold cross-validation,8,extratrees
wilt,xgb,org,full,full_group,org,org,10-fold cross-validation,8,extratrees
banknote,lin,hsj,window_0,diagnostic_window,hsj,zoo,10-fold cross-validation,8,extratrees
banknote,nn,bim,window_3,diagnostic_window,bim,bim,10-fold cross-validation,8,extratrees
banknote,nn,fgm,window_3,diagnostic_window,fgm,pgd,10-fold cross-validation,8,extratrees
banknote,nn,org,window_2,diagnostic_window,org,org,10-fold cross-validation,8,extratrees
banknote,svm,org,window_4,diagnostic_window,org,org,10-fold cross-validation,8,extratrees
banknote,xgb,hsj,window_3,diagnostic_window,hsj,hsj,10-fold cross-validation,8,extratrees
banknote,xgb,zoo,window_0,diagnostic_window,zoo,zoo,10-fold cross-validation,8,extratrees
banknote,xgb,zoo,window_3,diagnostic_window,zoo,zoo,10-fold cross-validation,8,extratrees
diabetes,nn,fgm,window_1,diagnostic_window,fgm,pgd,10-fold cross-validation,8,extratrees
diabetes,nn,org,window_0,diagnostic_window,org,org,10-fold cross-validation,8,extratrees
diabetes,nn,org,window_1,diagnostic_window,org,org,10-fold cross-validation,8,extratrees
diabetes,nn,org,window_4,diagnostic_window,org,org,10-fold cross-validation,8,extratrees
diabetes,svm,zoo,window_4,diagnostic_window,zoo,zoo,10-fold cross-validation,8,extratrees
diabetes,xgb,hsj,window_4,diagnostic_window,hsj,zoo,10-fold cross-validation,8,extratrees
diabetes,xgb,zoo,window_2,diagnostic_window,zoo,zoo,10-fold cross-validation,8,extratrees
diabetes,xgb,zoo,window_3,diagnostic_window,zoo,zoo,10-fold cross-validation,8,extratrees
wilt,svm,org,window_1,diagnostic_window,org,org,10-fold cross-validation,8,extratrees
wilt,svm,zoo,window_3,diagnostic_window,zoo,zoo,10-fold cross-validation,8,extratrees
wilt,xgb,hsj,window_4,diagnostic_window,hsj,hsj,10-fold cross-validation,8,extratrees
banknote,xgb,org,full,full_group,org,org,10-fold cross-validation,9,extratrees
diabetes,nn,pgd,full,full_group,pgd,pgd,10-fold cross-validation,9,extratrees
wilt,lin,hsj,full,full_group,hsj,org,10-fold cross-validation,9,extratrees
wilt,lin,org,full,full_group,org,org,10-fold cross-validation,9,extratrees
wilt,xgb,hsj,full,full_group,hsj,hsj,10-fold cross-validation,9,extratrees
banknote,lin,zoo,window_4,diagnostic_window,zoo,zoo,10-fold cross-validation,9,extratrees
banknote,nn,org,window_1,diagnostic_window,org,org,10-fold cross-validation,9,extratrees
banknote,svm,hsj,window_3,diagnostic_window,hsj,hsj,10-fold cross-validation,9,extratrees
banknote,svm,zoo,window_1,diagnostic_window,zoo,hsj,10-fold cross-validation,9,extratrees
banknote,xgb,org,window_4,diagnostic_window,org,org,10-fold cross-validation,9,extratrees
diabetes,lin,hsj,window_0,diagnostic_window,hsj,hsj,10-fold cross-validation,9,extratrees
diabetes,lin,org,window_2,diagnostic_window,org,org,10-fold cross-validation,9,extratrees
diabetes,lin,org,window_3,diagnostic_window,org,org,10-fold cross-validation,9,extratrees
diabetes,lin,zoo,window_2,diagnostic_window,zoo,zoo,10-fold cross-validation,9,extratrees
diabetes,svm,hsj,window_2,diagnostic_window,hsj,hsj,10-fold cross-validation,9,extratrees
diabetes,svm,zoo,window_3,diagnostic_window,zoo,zoo,10-fold cross-validation,9,extratrees
wilt,lin,org,window_0,diagnostic_window,org,org,10-fold cross-validation,9,extratrees
wilt,nn,bim,window_1,diagnostic_window,bim,bim,10-fold cross-validation,9,extratrees
wilt,nn,fgm,window_2,diagnostic_window,fgm,fgm,10-fold cross-validation,9,extratrees
wilt,nn,fgm,window_4,diagnostic_window,fgm,fgm,10-fold cross-validation,9,extratrees
wilt,nn,pgd,window_1,diagnostic_window,pgd,pgd,10-fold cross-validation,9,extratrees
wilt,svm,zoo,window_1,diagnostic_window,zoo,zoo,10-fold cross-validation,9,extratrees
wilt,svm,zoo,window_2,diagnostic_window,zoo,zoo,10-fold cross-validation,9,extratrees
banknote,lin,hsj,full,full_group,hsj,hsj,one-data-set-out,banknote,rf
banknote,lin,org,full,full_group,org,org,one-data-set-out,banknote,rf
banknote,lin,zoo,full,full_group,zoo,hsj,one-data-set-out,banknote,rf
banknote,nn,bim,full,full_group,bim,pgd,one-data-set-out,banknote,rf
banknote,nn,fgm,full,full_group,fgm,pgd,one-data-set-out,banknote,rf
banknote,nn,org,full,full_group,org,org,one-data-set-out,banknote,rf
banknote,nn,pgd,full,full_group,pgd,pgd,one-data-set-out,banknote,rf
banknote,svm,hsj,full,full_group,hsj,hsj,one-data-set-out,banknote,rf
banknote,svm,org,full,full_group,org,org,one-data-set-out,banknote,rf
banknote,svm,zoo,full,full_group,zoo,hsj,one-data-set-out,banknote,rf
banknote,xgb,hsj,full,full_group,hsj,hsj,one-data-set-out,banknote,rf
banknote,xgb,org,full,full_group,org,org,one-data-set-out,banknote,rf
banknote,xgb,zoo,full,full_group,zoo,zoo,one-data-set-out,banknote,rf
banknote,lin,hsj,window_0,diagnostic_window,hsj,hsj,one-data-set-out,banknote,rf
banknote,lin,hsj,window_1,diagnostic_window,hsj,hsj,one-data-set-out,banknote,rf
banknote,lin,hsj,window_2,diagnostic_window,hsj,hsj,one-data-set-out,banknote,rf
banknote,lin,hsj,window_3,diagnostic_window,hsj,hsj,one-data-set-out,banknote,rf
banknote,lin,hsj,window_4,diagnostic_window,hsj,zoo,one-data-set-out,banknote,rf
banknote,lin,org,window_0,diagnostic_window,org,org,one-data-set-out,banknote,rf
banknote,lin,org,window_1,diagnostic_window,org,org,one-data-set-out,banknote,rf
banknote,lin,org,window_2,diagnostic_window,org,org,one-data-set-out,banknote,rf
banknote,lin,org,window_3,diagnostic_window,org,org,one-data-set-out,banknote,rf
banknote,lin,org,window_4,diagnostic_window,org,org,one-data-set-out,banknote,rf
banknote,lin,zoo,window_0,diagnostic_window,zoo,hsj,one-data-set-out,banknote,rf
banknote,lin,zoo,window_1,diagnostic_window,zoo,hsj,one-data-set-out,banknote,rf
banknote,lin,zoo,window_2,diagnostic_window,zoo,hsj,one-data-set-out,banknote,rf
banknote,lin,zoo,window_3,diagnostic_window,zoo,hsj,one-data-set-out,banknote,rf
banknote,lin,zoo,window_4,diagnostic_window,zoo,zoo,one-data-set-out,banknote,rf
banknote,nn,bim,window_0,diagnostic_window,bim,pgd,one-data-set-out,banknote,rf
banknote,nn,bim,window_1,diagnostic_window,bim,pgd,one-data-set-out,banknote,rf
banknote,nn,bim,window_2,diagnostic_window,bim,pgd,one-data-set-out,banknote,rf
banknote,nn,bim,window_3,diagnostic_window,bim,pgd,one-data-set-out,banknote,rf
banknote,nn,bim,window_4,diagnostic_window,bim,pgd,one-data-set-out,banknote,rf
banknote,nn,fgm,window_0,diagnostic_window,fgm,pgd,one-data-set-out,banknote,rf
banknote,nn,fgm,window_1,diagnostic_window,fgm,pgd,one-data-set-out,banknote,rf
banknote,nn,fgm,window_2,diagnostic_window,fgm,pgd,one-data-set-out,banknote,rf
banknote,nn,fgm,window_3,diagnostic_window,fgm,pgd,one-data-set-out,banknote,rf
banknote,nn,fgm,window_4,diagnostic_window,fgm,pgd,one-data-set-out,banknote,rf
banknote,nn,org,window_0,diagnostic_window,org,org,one-data-set-out,banknote,rf
banknote,nn,org,window_1,diagnostic_window,org,org,one-data-set-out,banknote,rf
banknote,nn,org,window_2,diagnostic_window,org,org,one-data-set-out,banknote,rf
banknote,nn,org,window_3,diagnostic_window,org,org,one-data-set-out,banknote,rf
banknote,nn,org,window_4,diagnostic_window,org,org,one-data-set-out,banknote,rf
banknote,nn,pgd,window_0,diagnostic_window,pgd,pgd,one-data-set-out,banknote,rf
banknote,nn,pgd,window_1,diagnostic_window,pgd,pgd,one-data-set-out,banknote,rf
banknote,nn,pgd,window_2,diagnostic_window,pgd,pgd,one-data-set-out,banknote,rf
banknote,nn,pgd,window_3,diagnostic_window,pgd,pgd,one-data-set-out,banknote,rf
banknote,nn,pgd,window_4,diagnostic_window,pgd,pgd,one-data-set-out,banknote,rf
banknote,svm,hsj,window_0,diagnostic_window,hsj,hsj,one-data-set-out,banknote,rf
banknote,svm,hsj,window_1,diagnostic_window,hsj,hsj,one-data-set-out,banknote,rf
banknote,svm,hsj,window_2,diagnostic_window,hsj,hsj,one-data-set-out,banknote,rf
banknote,svm,hsj,window_3,diagnostic_window,hsj,hsj,one-data-set-out,banknote,rf
banknote,svm,hsj,window_4,diagnostic_window,hsj,hsj,one-data-set-out,banknote,rf
banknote,svm,org,window_0,diagnostic_window,org,org,one-data-set-out,banknote,rf
banknote,svm,org,window_1,diagnostic_window,org,org,one-data-set-out,banknote,rf
banknote,svm,org,window_2,diagnostic_window,org,org,one-data-set-out,banknote,rf
banknote,svm,org,window_3,diagnostic_window,org,org,one-data-set-out,banknote,rf
banknote,svm,org,window_4,diagnostic_window,org,org,one-data-set-out,banknote,rf
banknote,svm,zoo,window_0,diagnostic_window,zoo,hsj,one-data-set-out,banknote,rf
banknote,svm,zoo,window_1,diagnostic_window,zoo,hsj,one-data-set-out,banknote,rf
banknote,svm,zoo,window_2,diagnostic_window,zoo,hsj,one-data-set-out,banknote,rf
banknote,svm,zoo,window_3,diagnostic_window,zoo,hsj,one-data-set-out,banknote,rf
banknote,svm,zoo,window_4,diagnostic_window,zoo,hsj,one-data-set-out,banknote,rf
banknote,xgb,hsj,window_0,diagnostic_window,hsj,hsj,one-data-set-out,banknote,rf
banknote,xgb,hsj,window_1,diagnostic_window,hsj,hsj,one-data-set-out,banknote,rf
banknote,xgb,hsj,window_2,diagnostic_window,hsj,hsj,one-data-set-out,banknote,rf
banknote,xgb,hsj,window_3,diagnostic_window,hsj,hsj,one-data-set-out,banknote,rf
banknote,xgb,hsj,window_4,diagnostic_window,hsj,hsj,one-data-set-out,banknote,rf
banknote,xgb,org,window_0,diagnostic_window,org,org,one-data-set-out,banknote,rf
banknote,xgb,org,window_1,diagnostic_window,org,org,one-data-set-out,banknote,rf
banknote,xgb,org,window_2,diagnostic_window,org,org,one-data-set-out,banknote,rf
banknote,xgb,org,window_3,diagnostic_window,org,org,one-data-set-out,banknote,rf
banknote,xgb,org,window_4,diagnostic_window,org,org,one-data-set-out,banknote,rf
banknote,xgb,zoo,window_0,diagnostic_window,zoo,zoo,one-data-set-out,banknote,rf
banknote,xgb,zoo,window_1,diagnostic_window,zoo,hsj,one-data-set-out,banknote,rf
banknote,xgb,zoo,window_2,diagnostic_window,zoo,zoo,one-data-set-out,banknote,rf
banknote,xgb,zoo,window_3,diagnostic_window,zoo,hsj,one-data-set-out,banknote,rf
banknote,xgb,zoo,window_4,diagnostic_window,zoo,zoo,one-data-set-out,banknote,rf
diabetes,lin,hsj,full,full_group,hsj,zoo,one-data-set-out,diabetes,rf
diabetes,lin,org,full,full_group,org,zoo,one-data-set-out,diabetes,rf
diabetes,lin,zoo,full,full_group,zoo,zoo,one-data-set-out,diabetes,rf
diabetes,nn,bim,full,full_group,bim,pgd,one-data-set-out,diabetes,rf
diabetes,nn,fgm,full,full_group,fgm,org,one-data-set-out,diabetes,rf
diabetes,nn,org,full,full_group,org,org,one-data-set-out,diabetes,rf
diabetes,nn,pgd,full,full_group,pgd,pgd,one-data-set-out,diabetes,rf
diabetes,svm,hsj,full,full_group,hsj,hsj,one-data-set-out,diabetes,rf
diabetes,svm,org,full,full_group,org,org,one-data-set-out,diabetes,rf
diabetes,svm,zoo,full,full_group,zoo,zoo,one-data-set-out,diabetes,rf
diabetes,xgb,hsj,full,full_group,hsj,hsj,one-data-set-out,diabetes,rf
diabetes,xgb,org,full,full_group,org,org,one-data-set-out,diabetes,rf
diabetes,xgb,zoo,full,full_group,zoo,zoo,one-data-set-out,diabetes,rf
diabetes,lin,hsj,window_0,diagnostic_window,hsj,hsj,one-data-set-out,diabetes,rf
diabetes,lin,hsj,window_1,diagnostic_window,hsj,zoo,one-data-set-out,diabetes,rf
diabetes,lin,hsj,window_2,diagnostic_window,hsj,hsj,one-data-set-out,diabetes,rf
diabetes,lin,hsj,window_3,diagnostic_window,hsj,zoo,one-data-set-out,diabetes,rf
diabetes,lin,hsj,window_4,diagnostic_window,hsj,zoo,one-data-set-out,diabetes,rf
diabetes,lin,org,window_0,diagnostic_window,org,zoo,one-data-set-out,diabetes,rf
diabetes,lin,org,window_1,diagnostic_window,org,zoo,one-data-set-out,diabetes,rf
diabetes,lin,org,window_2,diagnostic_window,org,zoo,one-data-set-out,diabetes,rf
diabetes,lin,org,window_3,diagnostic_window,org,zoo,one-data-set-out,diabetes,rf
diabetes,lin,org,window_4,diagnostic_window,org,zoo,one-data-set-out,diabetes,rf
diabetes,lin,zoo,window_0,diagnostic_window,zoo,zoo,one-data-set-out,diabetes,rf
diabetes,lin,zoo,window_1,diagnostic_window,zoo,zoo,one-data-set-out,diabetes,rf
diabetes,lin,zoo,window_2,diagnostic_window,zoo,zoo,one-data-set-out,diabetes,rf
diabetes,lin,zoo,window_3,diagnostic_window,zoo,zoo,one-data-set-out,diabetes,rf
diabetes,lin,zoo,window_4,diagnostic_window,zoo,zoo,one-data-set-out,diabetes,rf
diabetes,nn,bim,window_0,diagnostic_window,bim,bim,one-data-set-out,diabetes,rf
diabetes,nn,bim,window_1,diagnostic_window,bim,bim,one-data-set-out,diabetes,rf
diabetes,nn,bim,window_2,diagnostic_window,bim,org,one-data-set-out,diabetes,rf
diabetes,nn,bim,window_3,diagnostic_window,bim,bim,one-data-set-out,diabetes,rf
diabetes,nn,bim,window_4,diagnostic_window,bim,pgd,one-data-set-out,diabetes,rf
diabetes,nn,fgm,window_0,diagnostic_window,fgm,org,one-data-set-out,diabetes,rf
diabetes,nn,fgm,window_1,diagnostic_window,fgm,org,one-data-set-out,diabetes,rf
diabetes,nn,fgm,window_2,diagnostic_window,fgm,org,one-data-set-out,diabetes,rf
diabetes,nn,fgm,window_3,diagnostic_window,fgm,org,one-data-set-out,diabetes,rf
diabetes,nn,fgm,window_4,diagnostic_window,fgm,org,one-data-set-out,diabetes,rf
diabetes,nn,org,window_0,diagnostic_window,org,org,one-data-set-out,diabetes,rf
diabetes,nn,org,window_1,diagnostic_window,org,org,one-data-set-out,diabetes,rf
diabetes,nn,org,window_2,diagnostic_window,org,org,one-data-set-out,diabetes,rf
diabetes,nn,org,window_3,diagnostic_window,org,org,one-data-set-out,diabetes,rf
diabetes,nn,org,window_4,diagnostic_window,org,org,one-data-set-out,diabetes,rf
diabetes,nn,pgd,window_0,diagnostic_window,pgd,pgd,one-data-set-out,diabetes,rf
diabetes,nn,pgd,window_1,diagnostic_window,pgd,pgd,one-data-set-out,diabetes,rf
diabetes,nn,pgd,window_2,diagnostic_window,pgd,org,one-data-set-out,diabetes,rf
diabetes,nn,pgd,window_3,diagnostic_window,pgd,bim,one-data-set-out,diabetes,rf
diabetes,nn,pgd,window_4,diagnostic_window,pgd,pgd,one-data-set-out,diabetes,rf
diabetes,svm,hsj,window_0,diagnostic_window,hsj,hsj,one-data-set-out,diabetes,rf
diabetes,svm,hsj,window_1,diagnostic_window,hsj,hsj,one-data-set-out,diabetes,rf
diabetes,svm,hsj,window_2,diagnostic_window,hsj,hsj,one-data-set-out,diabetes,rf
diabetes,svm,hsj,window_3,diagnostic_window,hsj,zoo,one-data-set-out,diabetes,rf
diabetes,svm,hsj,window_4,diagnostic_window,hsj,hsj,one-data-set-out,diabetes,rf
diabetes,svm,org,window_0,diagnostic_window,org,org,one-data-set-out,diabetes,rf
diabetes,svm,org,window_1,diagnostic_window,org,org,one-data-set-out,diabetes,rf
diabetes,svm,org,window_2,diagnostic_window,org,org,one-data-set-out,diabetes,rf
diabetes,svm,org,window_3,diagnostic_window,org,org,one-data-set-out,diabetes,rf
diabetes,svm,org,window_4,diagnostic_window,org,org,one-data-set-out,diabetes,rf
diabetes,svm,zoo,window_0,diagnostic_window,zoo,zoo,one-data-set-out,diabetes,rf
diabetes,svm,zoo,window_1,diagnostic_window,zoo,zoo,one-data-set-out,diabetes,rf
diabetes,svm,zoo,window_2,diagnostic_window,zoo,zoo,one-data-set-out,diabetes,rf
diabetes,svm,zoo,window_3,diagnostic_window,zoo,zoo,one-data-set-out,diabetes,rf
diabetes,svm,zoo,window_4,diagnostic_window,zoo,zoo,one-data-set-out,diabetes,rf
diabetes,xgb,hsj,window_0,diagnostic_window,hsj,hsj,one-data-set-out,diabetes,rf
diabetes,xgb,hsj,window_1,diagnostic_window,hsj,hsj,one-data-set-out,diabetes,rf
diabetes,xgb,hsj,window_2,diagnostic_window,hsj,hsj,one-data-set-out,diabetes,rf
diabetes,xgb,hsj,window_3,diagnostic_window,hsj,hsj,one-data-set-out,diabetes,rf
diabetes,xgb,hsj,window_4,diagnostic_window,hsj,zoo,one-data-set-out,diabetes,rf
diabetes,xgb,org,window_0,diagnostic_window,org,org,one-data-set-out,diabetes,rf
diabetes,xgb,org,window_1,diagnostic_window,org,org,one-data-set-out,diabetes,rf
diabetes,xgb,org,window_2,diagnostic_window,org,org,one-data-set-out,diabetes,rf
diabetes,xgb,org,window_3,diagnostic_window,org,org,one-data-set-out,diabetes,rf
diabetes,xgb,org,window_4,diagnostic_window,org,org,one-data-set-out,diabetes,rf
diabetes,xgb,zoo,window_0,diagnostic_window,zoo,zoo,one-data-set-out,diabetes,rf
diabetes,xgb,zoo,window_1,diagnostic_window,zoo,zoo,one-data-set-out,diabetes,rf
diabetes,xgb,zoo,window_2,diagnostic_window,zoo,zoo,one-data-set-out,diabetes,rf
diabetes,xgb,zoo,window_3,diagnostic_window,zoo,zoo,one-data-set-out,diabetes,rf
diabetes,xgb,zoo,window_4,diagnostic_window,zoo,zoo,one-data-set-out,diabetes,rf
wilt,lin,hsj,full,full_group,hsj,org,one-data-set-out,wilt,rf
wilt,lin,org,full,full_group,org,org,one-data-set-out,wilt,rf
wilt,lin,zoo,full,full_group,zoo,org,one-data-set-out,wilt,rf
wilt,nn,bim,full,full_group,bim,pgd,one-data-set-out,wilt,rf
wilt,nn,fgm,full,full_group,fgm,fgm,one-data-set-out,wilt,rf
wilt,nn,org,full,full_group,org,org,one-data-set-out,wilt,rf
wilt,nn,pgd,full,full_group,pgd,fgm,one-data-set-out,wilt,rf
wilt,svm,hsj,full,full_group,hsj,hsj,one-data-set-out,wilt,rf
wilt,svm,org,full,full_group,org,org,one-data-set-out,wilt,rf
wilt,svm,zoo,full,full_group,zoo,zoo,one-data-set-out,wilt,rf
wilt,xgb,hsj,full,full_group,hsj,hsj,one-data-set-out,wilt,rf
wilt,xgb,org,full,full_group,org,org,one-data-set-out,wilt,rf
wilt,xgb,zoo,full,full_group,zoo,zoo,one-data-set-out,wilt,rf
wilt,lin,hsj,window_0,diagnostic_window,hsj,org,one-data-set-out,wilt,rf
wilt,lin,hsj,window_1,diagnostic_window,hsj,org,one-data-set-out,wilt,rf
wilt,lin,hsj,window_2,diagnostic_window,hsj,org,one-data-set-out,wilt,rf
wilt,lin,hsj,window_3,diagnostic_window,hsj,org,one-data-set-out,wilt,rf
wilt,lin,hsj,window_4,diagnostic_window,hsj,org,one-data-set-out,wilt,rf
wilt,lin,org,window_0,diagnostic_window,org,org,one-data-set-out,wilt,rf
wilt,lin,org,window_1,diagnostic_window,org,org,one-data-set-out,wilt,rf
wilt,lin,org,window_2,diagnostic_window,org,org,one-data-set-out,wilt,rf
wilt,lin,org,window_3,diagnostic_window,org,org,one-data-set-out,wilt,rf
wilt,lin,org,window_4,diagnostic_window,org,org,one-data-set-out,wilt,rf
wilt,lin,zoo,window_0,diagnostic_window,zoo,org,one-data-set-out,wilt,rf
wilt,lin,zoo,window_1,diagnostic_window,zoo,org,one-data-set-out,wilt,rf
wilt,lin,zoo,window_2,diagnostic_window,zoo,org,one-data-set-out,wilt,rf
wilt,lin,zoo,window_3,diagnostic_window,zoo,org,one-data-set-out,wilt,rf
wilt,lin,zoo,window_4,diagnostic_window,zoo,org,one-data-set-out,wilt,rf
wilt,nn,bim,window_0,diagnostic_window,bim,fgm,one-data-set-out,wilt,rf
wilt,nn,bim,window_1,diagnostic_window,bim,fgm,one-data-set-out,wilt,rf
wilt,nn,bim,window_2,diagnostic_window,bim,fgm,one-data-set-out,wilt,rf
wilt,nn,bim,window_3,diagnostic_window,bim,fgm,one-data-set-out,wilt,rf
wilt,nn,bim,window_4,diagnostic_window,bim,pgd,one-data-set-out,wilt,rf
wilt,nn,fgm,window_0,diagnostic_window,fgm,fgm,one-data-set-out,wilt,rf
wilt,nn,fgm,window_1,diagnostic_window,fgm,fgm,one-data-set-out,wilt,rf
wilt,nn,fgm,window_2,diagnostic_window,fgm,fgm,one-data-set-out,wilt,rf
wilt,nn,fgm,window_3,diagnostic_window,fgm,fgm,one-data-set-out,wilt,rf
wilt,nn,fgm,window_4,diagnostic_window,fgm,fgm,one-data-set-out,wilt,rf
wilt,nn,org,window_0,diagnostic_window,org,org,one-data-set-out,wilt,rf
wilt,nn,org,window_1,diagnostic_window,org,org,one-data-set-out,wilt,rf
wilt,nn,org,window_2,diagnostic_window,org,org,one-data-set-out,wilt,rf
wilt,nn,org,window_3,diagnostic_window,org,org,one-data-set-out,wilt,rf
wilt,nn,org,window_4,diagnostic_window,org,org,one-data-set-out,wilt,rf
wilt,nn,pgd,window_0,diagnostic_window,pgd,pgd,one-data-set-out,wilt,rf
wilt,nn,pgd,window_1,diagnostic_window,pgd,pgd,one-data-set-out,wilt,rf
wilt,nn,pgd,window_2,diagnostic_window,pgd,pgd,one-data-set-out,wilt,rf
wilt,nn,pgd,window_3,diagnostic_window,pgd,fgm,one-data-set-out,wilt,rf
wilt,nn,pgd,window_4,diagnostic_window,pgd,pgd,one-data-set-out,wilt,rf
wilt,svm,hsj,window_0,diagnostic_window,hsj,zoo,one-data-set-out,wilt,rf
wilt,svm,hsj,window_1,diagnostic_window,hsj,hsj,one-data-set-out,wilt,rf
wilt,svm,hsj,window_2,diagnostic_window,hsj,hsj,one-data-set-out,wilt,rf
wilt,svm,hsj,window_3,diagnostic_window,hsj,hsj,one-data-set-out,wilt,rf
wilt,svm,hsj,window_4,diagnostic_window,hsj,zoo,one-data-set-out,wilt,rf
wilt,svm,org,window_0,diagnostic_window,org,org,one-data-set-out,wilt,rf
wilt,svm,org,window_1,diagnostic_window,org,org,one-data-set-out,wilt,rf
wilt,svm,org,window_2,diagnostic_window,org,org,one-data-set-out,wilt,rf
wilt,svm,org,window_3,diagnostic_window,org,org,one-data-set-out,wilt,rf
wilt,svm,org,window_4,diagnostic_window,org,org,one-data-set-out,wilt,rf
wilt,svm,zoo,window_0,diagnostic_window,zoo,zoo,one-data-set-out,wilt,rf
wilt,svm,zoo,window_1,diagnostic_window,zoo,zoo,one-data-set-out,wilt,rf
wilt,svm,zoo,window_2,diagnostic_window,zoo,zoo,one-data-set-out,wilt,rf
wilt,svm,zoo,window_3,diagnostic_window,zoo,zoo,one-data-set-out,wilt,rf
wilt,svm,zoo,window_4,diagnostic_window,zoo,zoo,one-data-set-out,wilt,rf
wilt,xgb,hsj,window_0,diagnostic_window,hsj,hsj,one-data-set-out,wilt,rf
wilt,xgb,hsj,window_1,diagnostic_window,hsj,hsj,one-data-set-out,wilt,rf
wilt,xgb,hsj,window_2,diagnostic_window,hsj,hsj,one-data-set-out,wilt,rf
wilt,xgb,hsj,window_3,diagnostic_window,hsj,hsj,one-data-set-out,wilt,rf
wilt,xgb,hsj,window_4,diagnostic_window,hsj,zoo,one-data-set-out,wilt,rf
wilt,xgb,org,window_0,diagnostic_window,org,org,one-data-set-out,wilt,rf
wilt,xgb,org,window_1,diagnostic_window,org,org,one-data-set-out,wilt,rf
wilt,xgb,org,window_2,diagnostic_window,org,org,one-data-set-out,wilt,rf
wilt,xgb,org,window_3,diagnostic_window,org,org,one-data-set-out,wilt,rf
wilt,xgb,org,window_4,diagnostic_window,org,org,one-data-set-out,wilt,rf
wilt,xgb,zoo,window_0,diagnostic_window,zoo,zoo,one-data-set-out,wilt,rf
wilt,xgb,zoo,window_1,diagnostic_window,zoo,zoo,one-data-set-out,wilt,rf
wilt,xgb,zoo,window_2,diagnostic_window,zoo,zoo,one-data-set-out,wilt,rf
wilt,xgb,zoo,window_3,diagnostic_window,zoo,zoo,one-data-set-out,wilt,rf
wilt,xgb,zoo,window_4,diagnostic_window,zoo,zoo,one-data-set-out,wilt,rf
banknote,lin,hsj,full,full_group,hsj,zoo,one-model-out,lin,rf
banknote,lin,org,full,full_group,org,org,one-model-out,lin,rf
banknote,lin,zoo,full,full_group,zoo,hsj,one-model-out,lin,rf
diabetes,lin,hsj,full,full_group,hsj,zoo,one-model-out,lin,rf
diabetes,lin,org,full,full_group,org,org,one-model-out,lin,rf
diabetes,lin,zoo,full,full_group,zoo,zoo,one-model-out,lin,rf
wilt,lin,hsj,full,full_group,hsj,zoo,one-model-out,lin,rf
wilt,lin,org,full,full_group,org,zoo,one-model-out,lin,rf
wilt,lin,zoo,full,full_group,zoo,zoo,one-model-out,lin,rf
banknote,lin,hsj,window_0,diagnostic_window,hsj,zoo,one-model-out,lin,rf
banknote,lin,hsj,window_1,diagnostic_window,hsj,zoo,one-model-out,lin,rf
banknote,lin,hsj,window_2,diagnostic_window,hsj,zoo,one-model-out,lin,rf
banknote,lin,hsj,window_3,diagnostic_window,hsj,zoo,one-model-out,lin,rf
banknote,lin,hsj,window_4,diagnostic_window,hsj,zoo,one-model-out,lin,rf
banknote,lin,org,window_0,diagnostic_window,org,org,one-model-out,lin,rf
banknote,lin,org,window_1,diagnostic_window,org,org,one-model-out,lin,rf
banknote,lin,org,window_2,diagnostic_window,org,org,one-model-out,lin,rf
banknote,lin,org,window_3,diagnostic_window,org,org,one-model-out,lin,rf
banknote,lin,org,window_4,diagnostic_window,org,org,one-model-out,lin,rf
banknote,lin,zoo,window_0,diagnostic_window,zoo,hsj,one-model-out,lin,rf
banknote,lin,zoo,window_1,diagnostic_window,zoo,hsj,one-model-out,lin,rf
banknote,lin,zoo,window_2,diagnostic_window,zoo,zoo,one-model-out,lin,rf
banknote,lin,zoo,window_3,diagnostic_window,zoo,hsj,one-model-out,lin,rf
banknote,lin,zoo,window_4,diagnostic_window,zoo,hsj,one-model-out,lin,rf
diabetes,lin,hsj,window_0,diagnostic_window,hsj,hsj,one-model-out,lin,rf
diabetes,lin,hsj,window_1,diagnostic_window,hsj,hsj,one-model-out,lin,rf
diabetes,lin,hsj,window_2,diagnostic_window,hsj,hsj,one-model-out,lin,rf
diabetes,lin,hsj,window_3,diagnostic_window,hsj,zoo,one-model-out,lin,rf
diabetes,lin,hsj,window_4,diagnostic_window,hsj,zoo,one-model-out,lin,rf
diabetes,lin,org,window_0,diagnostic_window,org,org,one-model-out,lin,rf
diabetes,lin,org,window_1,diagnostic_window,org,org,one-model-out,lin,rf
diabetes,lin,org,window_2,diagnostic_window,org,org,one-model-out,lin,rf
diabetes,lin,org,window_3,diagnostic_window,org,org,one-model-out,lin,rf
diabetes,lin,org,window_4,diagnostic_window,org,org,one-model-out,lin,rf
diabetes,lin,zoo,window_0,diagnostic_window,zoo,zoo,one-model-out,lin,rf
diabetes,lin,zoo,window_1,diagnostic_window,zoo,zoo,one-model-out,lin,rf
diabetes,lin,zoo,window_2,diagnostic_window,zoo,zoo,one-model-out,lin,rf
diabetes,lin,zoo,window_3,diagnostic_window,zoo,zoo,one-model-out,lin,rf
diabetes,lin,zoo,window_4,diagnostic_window,zoo,zoo,one-model-out,lin,rf
wilt,lin,hsj,window_0,diagnostic_window,hsj,zoo,one-model-out,lin,rf
wilt,lin,hsj,window_1,diagnostic_window,hsj,zoo,one-model-out,lin,rf
wilt,lin,hsj,window_2,diagnostic_window,hsj,zoo,one-model-out,lin,rf
wilt,lin,hsj,window_3,diagnostic_window,hsj,zoo,one-model-out,lin,rf
wilt,lin,hsj,window_4,diagnostic_window,hsj,zoo,one-model-out,lin,rf
wilt,lin,org,window_0,diagnostic_window,org,zoo,one-model-out,lin,rf
wilt,lin,org,window_1,diagnostic_window,org,zoo,one-model-out,lin,rf
wilt,lin,org,window_2,diagnostic_window,org,zoo,one-model-out,lin,rf
wilt,lin,org,window_3,diagnostic_window,org,zoo,one-model-out,lin,rf
wilt,lin,org,window_4,diagnostic_window,org,zoo,one-model-out,lin,rf
wilt,lin,zoo,window_0,diagnostic_window,zoo,zoo,one-model-out,lin,rf
wilt,lin,zoo,window_1,diagnostic_window,zoo,zoo,one-model-out,lin,rf
wilt,lin,zoo,window_2,diagnostic_window,zoo,zoo,one-model-out,lin,rf
wilt,lin,zoo,window_3,diagnostic_window,zoo,zoo,one-model-out,lin,rf
wilt,lin,zoo,window_4,diagnostic_window,zoo,zoo,one-model-out,lin,rf
banknote,nn,bim,full,full_group,bim,org,one-model-out,nn,rf
banknote,nn,fgm,full,full_group,fgm,org,one-model-out,nn,rf
banknote,nn,org,full,full_group,org,org,one-model-out,nn,rf
banknote,nn,pgd,full,full_group,pgd,org,one-model-out,nn,rf
diabetes,nn,bim,full,full_group,bim,org,one-model-out,nn,rf
diabetes,nn,fgm,full,full_group,fgm,org,one-model-out,nn,rf
diabetes,nn,org,full,full_group,org,org,one-model-out,nn,rf
diabetes,nn,pgd,full,full_group,pgd,org,one-model-out,nn,rf
wilt,nn,bim,full,full_group,bim,org,one-model-out,nn,rf
wilt,nn,fgm,full,full_group,fgm,org,one-model-out,nn,rf
wilt,nn,org,full,full_group,org,org,one-model-out,nn,rf
wilt,nn,pgd,full,full_group,pgd,org,one-model-out,nn,rf
banknote,nn,bim,window_0,diagnostic_window,bim,org,one-model-out,nn,rf
banknote,nn,bim,window_1,diagnostic_window,bim,org,one-model-out,nn,rf
banknote,nn,bim,window_2,diagnostic_window,bim,org,one-model-out,nn,rf
banknote,nn,bim,window_3,diagnostic_window,bim,org,one-model-out,nn,rf
banknote,nn,bim,window_4,diagnostic_window,bim,org,one-model-out,nn,rf
banknote,nn,fgm,window_0,diagnostic_window,fgm,org,one-model-out,nn,rf
banknote,nn,fgm,window_1,diagnostic_window,fgm,org,one-model-out,nn,rf
banknote,nn,fgm,window_2,diagnostic_window,fgm,org,one-model-out,nn,rf
banknote,nn,fgm,window_3,diagnostic_window,fgm,org,one-model-out,nn,rf
banknote,nn,fgm,window_4,diagnostic_window,fgm,org,one-model-out,nn,rf
banknote,nn,org,window_0,diagnostic_window,org,org,one-model-out,nn,rf
banknote,nn,org,window_1,diagnostic_window,org,org,one-model-out,nn,rf
banknote,nn,org,window_2,diagnostic_window,org,org,one-model-out,nn,rf
banknote,nn,org,window_3,diagnostic_window,org,org,one-model-out,nn,rf
banknote,nn,org,window_4,diagnostic_window,org,org,one-model-out,nn,rf
banknote,nn,pgd,window_0,diagnostic_window,pgd,org,one-model-out,nn,rf
banknote,nn,pgd,window_1,diagnostic_window,pgd,org,one-model-out,nn,rf
banknote,nn,pgd,window_2,diagnostic_window,pgd,org,one-model-out,nn,rf
banknote,nn,pgd,window_3,diagnostic_window,pgd,org,one-model-out,nn,rf
banknote,nn,pgd,window_4,diagnostic_window,pgd,org,one-model-out,nn,rf
diabetes,nn,bim,window_0,diagnostic_window,bim,org,one-model-out,nn,rf
diabetes,nn,bim,window_1,diagnostic_window,bim,org,one-model-out,nn,rf
diabetes,nn,bim,window_2,diagnostic_window,bim,org,one-model-out,nn,rf
diabetes,nn,bim,window_3,diagnostic_window,bim,org,one-model-out,nn,rf
diabetes,nn,bim,window_4,diagnostic_window,bim,org,one-model-out,nn,rf
diabetes,nn,fgm,window_0,diagnostic_window,fgm,org,one-model-out,nn,rf
diabetes,nn,fgm,window_1,diagnostic_window,fgm,org,one-model-out,nn,rf
diabetes,nn,fgm,window_2,diagnostic_window,fgm,org,one-model-out,nn,rf
diabetes,nn,fgm,window_3,diagnostic_window,fgm,org,one-model-out,nn,rf
diabetes,nn,fgm,window_4,diagnostic_window,fgm,org,one-model-out,nn,rf
diabetes,nn,org,window_0,diagnostic_window,org,org,one-model-out,nn,rf
diabetes,nn,org,window_1,diagnostic_window,org,org,one-model-out,nn,rf
diabetes,nn,org,window_2,diagnostic_window,org,org,one-model-out,nn,rf
diabetes,nn,org,window_3,diagnostic_window,org,org,one-model-out,nn,rf
diabetes,nn,org,window_4,diagnostic_window,org,org,one-model-out,nn,rf
diabetes,nn,pgd,window_0,diagnostic_window,pgd,org,one-model-out,nn,rf
diabetes,nn,pgd,window_1,diagnostic_window,pgd,org,one-model-out,nn,rf
diabetes,nn,pgd,window_2,diagnostic_window,pgd,org,one-model-out,nn,rf
diabetes,nn,pgd,window_3,diagnostic_window,pgd,org,one-model-out,nn,rf
diabetes,nn,pgd,window_4,diagnostic_window,pgd,org,one-model-out,nn,rf
wilt,nn,bim,window_0,diagnostic_window,bim,org,one-model-out,nn,rf
wilt,nn,bim,window_1,diagnostic_window,bim,org,one-model-out,nn,rf
wilt,nn,bim,window_2,diagnostic_window,bim,org,one-model-out,nn,rf
wilt,nn,bim,window_3,diagnostic_window,bim,org,one-model-out,nn,rf
wilt,nn,bim,window_4,diagnostic_window,bim,org,one-model-out,nn,rf
wilt,nn,fgm,window_0,diagnostic_window,fgm,org,one-model-out,nn,rf
wilt,nn,fgm,window_1,diagnostic_window,fgm,org,one-model-out,nn,rf
wilt,nn,fgm,window_2,diagnostic_window,fgm,org,one-model-out,nn,rf
wilt,nn,fgm,window_3,diagnostic_window,fgm,org,one-model-out,nn,rf
wilt,nn,fgm,window_4,diagnostic_window,fgm,org,one-model-out,nn,rf
wilt,nn,org,window_0,diagnostic_window,org,org,one-model-out,nn,rf
wilt,nn,org,window_1,diagnostic_window,org,org,one-model-out,nn,rf
wilt,nn,org,window_2,diagnostic_window,org,org,one-model-out,nn,rf
wilt,nn,org,window_3,diagnostic_window,org,org,one-model-out,nn,rf
wilt,nn,org,window_4,diagnostic_window,org,org,one-model-out,nn,rf
wilt,nn,pgd,window_0,diagnostic_window,pgd,org,one-model-out,nn,rf
wilt,nn,pgd,window_1,diagnostic_window,pgd,org,one-model-out,nn,rf
wilt,nn,pgd,window_2,diagnostic_window,pgd,org,one-model-out,nn,rf
wilt,nn,pgd,window_3,diagnostic_window,pgd,org,one-model-out,nn,rf
wilt,nn,pgd,window_4,diagnostic_window,pgd,org,one-model-out,nn,rf
banknote,svm,hsj,full,full_group,hsj,hsj,one-model-out,svm,rf
banknote,svm,org,full,full_group,org,org,one-model-out,svm,rf
banknote,svm,zoo,full,full_group,zoo,hsj,one-model-out,svm,rf
diabetes,svm,hsj,full,full_group,hsj,hsj,one-model-out,svm,rf
diabetes,svm,org,full,full_group,org,org,one-model-out,svm,rf
diabetes,svm,zoo,full,full_group,zoo,zoo,one-model-out,svm,rf
wilt,svm,hsj,full,full_group,hsj,hsj,one-model-out,svm,rf
wilt,svm,org,full,full_group,org,org,one-model-out,svm,rf
wilt,svm,zoo,full,full_group,zoo,zoo,one-model-out,svm,rf
banknote,svm,hsj,window_0,diagnostic_window,hsj,hsj,one-model-out,svm,rf
banknote,svm,hsj,window_1,diagnostic_window,hsj,hsj,one-model-out,svm,rf
banknote,svm,hsj,window_2,diagnostic_window,hsj,hsj,one-model-out,svm,rf
banknote,svm,hsj,window_3,diagnostic_window,hsj,hsj,one-model-out,svm,rf
banknote,svm,hsj,window_4,diagnostic_window,hsj,hsj,one-model-out,svm,rf
banknote,svm,org,window_0,diagnostic_window,org,org,one-model-out,svm,rf
banknote,svm,org,window_1,diagnostic_window,org,org,one-model-out,svm,rf
banknote,svm,org,window_2,diagnostic_window,org,org,one-model-out,svm,rf
banknote,svm,org,window_3,diagnostic_window,org,org,one-model-out,svm,rf
banknote,svm,org,window_4,diagnostic_window,org,org,one-model-out,svm,rf
banknote,svm,zoo,window_0,diagnostic_window,zoo,hsj,one-model-out,svm,rf
banknote,svm,zoo,window_1,diagnostic_window,zoo,hsj,one-model-out,svm,rf
banknote,svm,zoo,window_2,diagnostic_window,zoo,hsj,one-model-out,svm,rf
banknote,svm,zoo,window_3,diagnostic_window,zoo,hsj,one-model-out,svm,rf
banknote,svm,zoo,window_4,diagnostic_window,zoo,hsj,one-model-out,svm,rf
diabetes,svm,hsj,window_0,diagnostic_window,hsj,hsj,one-model-out,svm,rf
diabetes,svm,hsj,window_1,diagnostic_window,hsj,hsj,one-model-out,svm,rf
diabetes,svm,hsj,window_2,diagnostic_window,hsj,hsj,one-model-out,svm,rf
diabetes,svm,hsj,window_3,diagnostic_window,hsj,hsj,one-model-out,svm,rf
diabetes,svm,hsj,window_4,diagnostic_window,hsj,zoo,one-model-out,svm,rf
diabetes,svm,org,window_0,diagnostic_window,org,org,one-model-out,svm,rf
diabetes,svm,org,window_1,diagnostic_window,org,org,one-model-out,svm,rf
diabetes,svm,org,window_2,diagnostic_window,org,org,one-model-out,svm,rf
diabetes,svm,org,window_3,diagnostic_window,org,org,one-model-out,svm,rf
diabetes,svm,org,window_4,diagnostic_window,org,org,one-model-out,svm,rf
diabetes,svm,zoo,window_0,diagnostic_window,zoo,hsj,one-model-out,svm,rf
diabetes,svm,zoo,window_1,diagnostic_window,zoo,hsj,one-model-out,svm,rf
diabetes,svm,zoo,window_2,diagnostic_window,zoo,zoo,one-model-out,svm,rf
diabetes,svm,zoo,window_3,diagnostic_window,zoo,zoo,one-model-out,svm,rf
diabetes,svm,zoo,window_4,diagnostic_window,zoo,zoo,one-model-out,svm,rf
wilt,svm,hsj,window_0,diagnostic_window,hsj,zoo,one-model-out,svm,rf
wilt,svm,hsj,window_1,diagnostic_window,hsj,hsj,one-model-out,svm,rf
wilt,svm,hsj,window_2,diagnostic_window,hsj,hsj,one-model-out,svm,rf
wilt,svm,hsj,window_3,diagnostic_window,hsj,hsj,one-model-out,svm,rf
wilt,svm,hsj,window_4,diagnostic_window,hsj,zoo,one-model-out,svm,rf
wilt,svm,org,window_0,diagnostic_window,org,org,one-model-out,svm,rf
wilt,svm,org,window_1,diagnostic_window,org,org,one-model-out,svm,rf
wilt,svm,org,window_2,diagnostic_window,org,org,one-model-out,svm,rf
wilt,svm,org,window_3,diagnostic_window,org,org,one-model-out,svm,rf
wilt,svm,org,window_4,diagnostic_window,org,org,one-model-out,svm,rf
wilt,svm,zoo,window_0,diagnostic_window,zoo,zoo,one-model-out,svm,rf
wilt,svm,zoo,window_1,diagnostic_window,zoo,zoo,one-model-out,svm,rf
wilt,svm,zoo,window_2,diagnostic_window,zoo,zoo,one-model-out,svm,rf
wilt,svm,zoo,window_3,diagnostic_window,zoo,zoo,one-model-out,svm,rf
wilt,svm,zoo,window_4,diagnostic_window,zoo,zoo,one-model-out,svm,rf
banknote,xgb,hsj,full,full_group,hsj,zoo,one-model-out,xgb,rf
banknote,xgb,org,full,full_group,org,org,one-model-out,xgb,rf
banknote,xgb,zoo,full,full_group,zoo,zoo,one-model-out,xgb,rf
diabetes,xgb,hsj,full,full_group,hsj,zoo,one-model-out,xgb,rf
diabetes,xgb,org,full,full_group,org,org,one-model-out,xgb,rf
diabetes,xgb,zoo,full,full_group,zoo,zoo,one-model-out,xgb,rf
wilt,xgb,hsj,full,full_group,hsj,hsj,one-model-out,xgb,rf
wilt,xgb,org,full,full_group,org,org,one-model-out,xgb,rf
wilt,xgb,zoo,full,full_group,zoo,zoo,one-model-out,xgb,rf
banknote,xgb,hsj,window_0,diagnostic_window,hsj,zoo,one-model-out,xgb,rf
banknote,xgb,hsj,window_1,diagnostic_window,hsj,hsj,one-model-out,xgb,rf
banknote,xgb,hsj,window_2,diagnostic_window,hsj,zoo,one-model-out,xgb,rf
banknote,xgb,hsj,window_3,diagnostic_window,hsj,hsj,one-model-out,xgb,rf
banknote,xgb,hsj,window_4,diagnostic_window,hsj,zoo,one-model-out,xgb,rf
banknote,xgb,org,window_0,diagnostic_window,org,org,one-model-out,xgb,rf
banknote,xgb,org,window_1,diagnostic_window,org,org,one-model-out,xgb,rf
banknote,xgb,org,window_2,diagnostic_window,org,org,one-model-out,xgb,rf
banknote,xgb,org,window_3,diagnostic_window,org,org,one-model-out,xgb,rf
banknote,xgb,org,window_4,diagnostic_window,org,org,one-model-out,xgb,rf
banknote,xgb,zoo,window_0,diagnostic_window,zoo,zoo,one-model-out,xgb,rf
banknote,xgb,zoo,window_1,diagnostic_window,zoo,zoo,one-model-out,xgb,rf
banknote,xgb,zoo,window_2,diagnostic_window,zoo,zoo,one-model-out,xgb,rf
banknote,xgb,zoo,window_3,diagnostic_window,zoo,zoo,one-model-out,xgb,rf
banknote,xgb,zoo,window_4,diagnostic_window,zoo,zoo,one-model-out,xgb,rf
diabetes,xgb,hsj,window_0,diagnostic_window,hsj,hsj,one-model-out,xgb,rf
diabetes,xgb,hsj,window_1,diagnostic_window,hsj,zoo,one-model-out,xgb,rf
diabetes,xgb,hsj,window_2,diagnostic_window,hsj,hsj,one-model-out,xgb,rf
diabetes,xgb,hsj,window_3,diagnostic_window,hsj,zoo,one-model-out,xgb,rf
diabetes,xgb,hsj,window_4,diagnostic_window,hsj,zoo,one-model-out,xgb,rf
diabetes,xgb,org,window_0,diagnostic_window,org,org,one-model-out,xgb,rf
diabetes,xgb,org,window_1,diagnostic_window,org,org,one-model-out,xgb,rf
diabetes,xgb,org,window_2,diagnostic_window,org,org,one-model-out,xgb,rf
diabetes,xgb,org,window_3,diagnostic_window,org,org,one-model-out,xgb,rf
diabetes,xgb,org,window_4,diagnostic_window,org,org,one-model-out,xgb,rf
diabetes,xgb,zoo,window_0,diagnostic_window,zoo,zoo,one-model-out,xgb,rf
diabetes,xgb,zoo,window_1,diagnostic_window,zoo,zoo,one-model-out,xgb,rf
diabetes,xgb,zoo,window_2,diagnostic_window,zoo,zoo,one-model-out,xgb,rf
diabetes,xgb,zoo,window_3,diagnostic_window,zoo,zoo,one-model-out,xgb,rf
diabetes,xgb,zoo,window_4,diagnostic_window,zoo,zoo,one-model-out,xgb,rf
wilt,xgb,hsj,window_0,diagnostic_window,hsj,hsj,one-model-out,xgb,rf
wilt,xgb,hsj,window_1,diagnostic_window,hsj,hsj,one-model-out,xgb,rf
wilt,xgb,hsj,window_2,diagnostic_window,hsj,hsj,one-model-out,xgb,rf
wilt,xgb,hsj,window_3,diagnostic_window,hsj,hsj,one-model-out,xgb,rf
wilt,xgb,hsj,window_4,diagnostic_window,hsj,hsj,one-model-out,xgb,rf
wilt,xgb,org,window_0,diagnostic_window,org,org,one-model-out,xgb,rf
wilt,xgb,org,window_1,diagnostic_window,org,org,one-model-out,xgb,rf
wilt,xgb,org,window_2,diagnostic_window,org,org,one-model-out,xgb,rf
wilt,xgb,org,window_3,diagnostic_window,org,org,one-model-out,xgb,rf
wilt,xgb,org,window_4,diagnostic_window,org,org,one-model-out,xgb,rf
wilt,xgb,zoo,window_0,diagnostic_window,zoo,zoo,one-model-out,xgb,rf
wilt,xgb,zoo,window_1,diagnostic_window,zoo,zoo,one-model-out,xgb,rf
wilt,xgb,zoo,window_2,diagnostic_window,zoo,zoo,one-model-out,xgb,rf
wilt,xgb,zoo,window_3,diagnostic_window,zoo,zoo,one-model-out,xgb,rf
wilt,xgb,zoo,window_4,diagnostic_window,zoo,zoo,one-model-out,xgb,rf
banknote,lin,org,full,full_group,org,org,10-fold cross-validation,0,rf
banknote,lin,zoo,full,full_group,zoo,hsj,10-fold cross-validation,0,rf
banknote,nn,bim,full,full_group,bim,bim,10-fold cross-validation,0,rf
banknote,nn,org,full,full_group,org,org,10-fold cross-validation,0,rf
banknote,svm,zoo,full,full_group,zoo,hsj,10-fold cross-validation,0,rf
banknote,lin,hsj,window_1,diagnostic_window,hsj,hsj,10-fold cross-validation,0,rf
banknote,lin,hsj,window_2,diagnostic_window,hsj,hsj,10-fold cross-validation,0,rf
banknote,lin,org,window_2,diagnostic_window,org,org,10-fold cross-validation,0,rf
banknote,lin,org,window_3,diagnostic_window,org,org,10-fold cross-validation,0,rf
banknote,lin,zoo,window_0,diagnostic_window,zoo,hsj,10-fold cross-validation,0,rf
banknote,svm,hsj,window_4,diagnostic_window,hsj,hsj,10-fold cross-validation,0,rf
diabetes,nn,fgm,window_0,diagnostic_window,fgm,pgd,10-fold cross-validation,0,rf
diabetes,nn,pgd,window_0,diagnostic_window,pgd,pgd,10-fold cross-validation,0,rf
diabetes,svm,hsj,window_3,diagnostic_window,hsj,hsj,10-fold cross-validation,0,rf
diabetes,svm,hsj,window_4,diagnostic_window,hsj,zoo,10-fold cross-validation,0,rf
diabetes,svm,org,window_3,diagnostic_window,org,org,10-fold cross-validation,0,rf
wilt,nn,bim,window_2,diagnostic_window,bim,bim,10-fold cross-validation,0,rf
wilt,nn,fgm,window_0,diagnostic_window,fgm,bim,10-fold cross-validation,0,rf
wilt,nn,pgd,window_2,diagnostic_window,pgd,pgd,10-fold cross-validation,0,rf
wilt,svm,org,window_3,diagnostic_window,org,org,10-fold cross-validation,0,rf
wilt,svm,zoo,window_4,diagnostic_window,zoo,zoo,10-fold cross-validation,0,rf
wilt,xgb,hsj,window_3,diagnostic_window,hsj,hsj,10-fold cross-validation,0,rf
wilt,xgb,org,window_1,diagnostic_window,org,org,10-fold cross-validation,0,rf
wilt,xgb,zoo,window_1,diagnostic_window,zoo,zoo,10-fold cross-validation,0,rf
banknote,svm,org,full,full_group,org,org,10-fold cross-validation,1,rf
wilt,nn,bim,full,full_group,bim,bim,10-fold cross-validation,1,rf
wilt,svm,hsj,full,full_group,hsj,hsj,10-fold cross-validation,1,rf
banknote,lin,hsj,window_3,diagnostic_window,hsj,hsj,10-fold cross-validation,1,rf
banknote,lin,org,window_1,diagnostic_window,org,org,10-fold cross-validation,1,rf
banknote,lin,org,window_4,diagnostic_window,org,org,10-fold cross-validation,1,rf
banknote,lin,zoo,window_2,diagnostic_window,zoo,hsj,10-fold cross-validation,1,rf
banknote,nn,fgm,window_1,diagnostic_window,fgm,fgm,10-fold cross-validation,1,rf
banknote,nn,org,window_4,diagnostic_window,org,org,10-fold cross-validation,1,rf
banknote,svm,hsj,window_0,diagnostic_window,hsj,hsj,10-fold cross-validation,1,rf
banknote,svm,zoo,window_4,diagnostic_window,zoo,hsj,10-fold cross-validation,1,rf
banknote,xgb,hsj,window_0,diagnostic_window,hsj,hsj,10-fold cross-validation,1,rf
diabetes,lin,org,window_1,diagnostic_window,org,org,10-fold cross-validation,1,rf
diabetes,nn,fgm,window_2,diagnostic_window,fgm,fgm,10-fold cross-validation,1,rf
diabetes,nn,pgd,window_2,diagnostic_window,pgd,pgd,10-fold cross-validation,1,rf
diabetes,svm,hsj,window_0,diagnostic_window,hsj,hsj,10-fold cross-validation,1,rf
diabetes,svm,org,window_1,diagnostic_window,org,org,10-fold cross-validation,1,rf
diabetes,xgb,zoo,window_1,diagnostic_window,zoo,zoo,10-fold cross-validation,1,rf
wilt,lin,hsj,window_3,diagnostic_window,hsj,zoo,10-fold cross-validation,1,rf
wilt,lin,org,window_3,diagnostic_window,org,zoo,10-fold cross-validation,1,rf
wilt,lin,zoo,window_4,diagnostic_window,zoo,zoo,10-fold cross-validation,1,rf
wilt,nn,bim,window_0,diagnostic_window,bim,bim,10-fold cross-validation,1,rf
wilt,nn,pgd,window_3,diagnostic_window,pgd,fgm,10-fold cross-validation,1,rf
wilt,xgb,zoo,window_4,diagnostic_window,zoo,zoo,10-fold cross-validation,1,rf
diabetes,nn,bim,full,full_group,bim,bim,10-fold cross-validation,2,rf
diabetes,svm,hsj,full,full_group,hsj,hsj,10-fold cross-validation,2,rf
wilt,svm,org,full,full_group,org,org,10-fold cross-validation,2,rf
wilt,xgb,zoo,full,full_group,zoo,zoo,10-fold cross-validation,2,rf
banknote,nn,bim,window_0,diagnostic_window,bim,bim,10-fold cross-validation,2,rf
banknote,nn,org,window_0,diagnostic_window,org,org,10-fold cross-validation,2,rf
banknote,svm,hsj,window_1,diagnostic_window,hsj,hsj,10-fold cross-validation,2,rf
banknote,xgb,org,window_2,diagnostic_window,org,org,10-fold cross-validation,2,rf
diabetes,lin,hsj,window_2,diagnostic_window,hsj,hsj,10-fold cross-validation,2,rf
diabetes,lin,zoo,window_3,diagnostic_window,zoo,zoo,10-fold cross-validation,2,rf
diabetes,nn,pgd,window_1,diagnostic_window,pgd,pgd,10-fold cross-validation,2,rf
diabetes,xgb,hsj,window_0,diagnostic_window,hsj,hsj,10-fold cross-validation,2,rf
diabetes,xgb,hsj,window_3,diagnostic_window,hsj,hsj,10-fold cross-validation,2,rf
diabetes,xgb,zoo,window_0,diagnostic_window,zoo,zoo,10-fold cross-validation,2,rf
wilt,lin,org,window_1,diagnostic_window,org,zoo,10-fold cross-validation,2,rf
wilt,lin,org,window_2,diagnostic_window,org,zoo,10-fold cross-validation,2,rf
wilt,lin,zoo,window_3,diagnostic_window,zoo,zoo,10-fold cross-validation,2,rf
wilt,nn,fgm,window_1,diagnostic_window,fgm,fgm,10-fold cross-validation,2,rf
wilt,nn,fgm,window_3,diagnostic_window,fgm,fgm,10-fold cross-validation,2,rf
wilt,nn,org,window_1,diagnostic_window,org,org,10-fold cross-validation,2,rf
wilt,nn,pgd,window_4,diagnostic_window,pgd,pgd,10-fold cross-validation,2,rf
wilt,svm,hsj,window_4,diagnostic_window,hsj,hsj,10-fold cross-validation,2,rf
wilt,xgb,org,window_0,diagnostic_window,org,org,10-fold cross-validation,2,rf
wilt,xgb,zoo,window_0,diagnostic_window,zoo,zoo,10-fold cross-validation,2,rf
banknote,nn,fgm,full,full_group,fgm,bim,10-fold cross-validation,3,rf
diabetes,lin,hsj,full,full_group,hsj,hsj,10-fold cross-validation,3,rf
diabetes,lin,zoo,full,full_group,zoo,zoo,10-fold cross-validation,3,rf
diabetes,nn,fgm,full,full_group,fgm,fgm,10-fold cross-validation,3,rf
wilt,svm,zoo,full,full_group,zoo,zoo,10-fold cross-validation,3,rf
banknote,lin,hsj,window_4,diagnostic_window,hsj,zoo,10-fold cross-validation,3,rf
banknote,lin,org,window_0,diagnostic_window,org,org,10-fold cross-validation,3,rf
banknote,nn,bim,window_1,diagnostic_window,bim,bim,10-fold cross-validation,3,rf
banknote,nn,pgd,window_1,diagnostic_window,pgd,fgm,10-fold cross-validation,3,rf
banknote,svm,hsj,window_2,diagnostic_window,hsj,hsj,10-fold cross-validation,3,rf
banknote,svm,zoo,window_0,diagnostic_window,zoo,zoo,10-fold cross-validation,3,rf
banknote,svm,zoo,window_2,diagnostic_window,zoo,hsj,10-fold cross-validation,3,rf
banknote,xgb,zoo,window_4,diagnostic_window,zoo,zoo,10-fold cross-validation,3,rf
diabetes,lin,org,window_0,diagnostic_window,org,org,10-fold cross-validation,3,rf
diabetes,nn,bim,window_0,diagnostic_window,bim,bim,10-fold cross-validation,3,rf
diabetes,svm,hsj,window_1,diagnostic_window,hsj,hsj,10-fold cross-validation,3,rf
diabetes,svm,org,window_0,diagnostic_window,org,org,10-fold cross-validation,3,rf
diabetes,svm,org,window_4,diagnostic_window,org,org,10-fold cross-validation,3,rf
diabetes,xgb,org,window_0,diagnostic_window,org,org,10-fold cross-validation,3,rf
wilt,nn,org,window_3,diagnostic_window,org,org,10-fold cross-validation,3,rf
wilt,nn,pgd,window_0,diagnostic_window,pgd,pgd,10-fold cross-validation,3,rf
wilt,svm,hsj,window_1,diagnostic_window,hsj,hsj,10-fold cross-validation,3,rf
wilt,svm,hsj,window_3,diagnostic_window,hsj,hsj,10-fold cross-validation,3,rf
wilt,xgb,org,window_2,diagnostic_window,org,org,10-fold cross-validation,3,rf
banknote,svm,hsj,full,full_group,hsj,hsj,10-fold cross-validation,4,rf
diabetes,nn,org,full,full_group,org,org,10-fold cross-validation,4,rf
diabetes,svm,org,full,full_group,org,org,10-fold cross-validation,4,rf
diabetes,xgb,org,full,full_group,org,org,10-fold cross-validation,4,rf
diabetes,xgb,zoo,full,full_group,zoo,zoo,10-fold cross-validation,4,rf
wilt,nn,org,full,full_group,org,org,10-fold cross-validation,4,rf
banknote,lin,zoo,window_3,diagnostic_window,zoo,hsj,10-fold cross-validation,4,rf
banknote,nn,pgd,window_2,diagnostic_window,pgd,fgm,10-fold cross-validation,4,rf
banknote,svm,org,window_0,diagnostic_window,org,org,10-fold cross-validation,4,rf
banknote,xgb,hsj,window_1,diagnostic_window,hsj,hsj,10-fold cross-validation,4,rf
banknote,xgb,org,window_0,diagnostic_window,org,org,10-fold cross-validation,4,rf
diabetes,lin,hsj,window_1,diagnostic_window,hsj,hsj,10-fold cross-validation,4,rf
diabetes,lin,zoo,window_4,diagnostic_window,zoo,zoo,10-fold cross-validation,4,rf
diabetes,nn,bim,window_2,diagnostic_window,bim,bim,10-fold cross-validation,4,rf
diabetes,nn,fgm,window_3,diagnostic_window,fgm,fgm,10-fold cross-validation,4,rf
diabetes,nn,fgm,window_4,diagnostic_window,fgm,fgm,10-fold cross-validation,4,rf
diabetes,nn,org,window_2,diagnostic_window,org,org,10-fold cross-validation,4,rf
wilt,lin,hsj,window_0,diagnostic_window,hsj,zoo,10-fold cross-validation,4,rf
wilt,lin,zoo,window_1,diagnostic_window,zoo,zoo,10-fold cross-validation,4,rf
wilt,nn,bim,window_3,diagnostic_window,bim,bim,10-fold cross-validation,4,rf
wilt,svm,zoo,window_0,diagnostic_window,zoo,zoo,10-fold cross-validation,4,rf
wilt,xgb,hsj,window_2,diagnostic_window,hsj,hsj,10-fold cross-validation,4,rf
wilt,xgb,org,window_4,diagnostic_window,org,org,10-fold cross-validation,4,rf
diabetes,lin,org,full,full_group,org,org,10-fold cross-validation,5,rf
wilt,nn,fgm,full,full_group,fgm,fgm,10-fold cross-validation,5,rf
banknote,nn,fgm,window_4,diagnostic_window,fgm,bim,10-fold cross-validation,5,rf
banknote,nn,org,window_3,diagnostic_window,org,org,10-fold cross-validation,5,rf
banknote,nn,pgd,window_3,diagnostic_window,pgd,pgd,10-fold cross-validation,5,rf
banknote,xgb,hsj,window_4,diagnostic_window,hsj,hsj,10-fold cross-validation,5,rf
banknote,xgb,org,window_3,diagnostic_window,org,org,10-fold cross-validation,5,rf
banknote,xgb,zoo,window_1,diagnostic_window,zoo,hsj,10-fold cross-validation,5,rf
diabetes,lin,hsj,window_3,diagnostic_window,hsj,hsj,10-fold cross-validation,5,rf
diabetes,lin,hsj,window_4,diagnostic_window,hsj,zoo,10-fold cross-validation,5,rf
diabetes,lin,org,window_4,diagnostic_window,org,org,10-fold cross-validation,5,rf
diabetes,lin,zoo,window_0,diagnostic_window,zoo,hsj,10-fold cross-validation,5,rf
diabetes,lin,zoo,window_1,diagnostic_window,zoo,hsj,10-fold cross-validation,5,rf
diabetes,nn,bim,window_3,diagnostic_window,bim,fgm,10-fold cross-validation,5,rf
diabetes,nn,bim,window_4,diagnostic_window,bim,fgm,10-fold cross-validation,5,rf
diabetes,nn,org,window_3,diagnostic_window,org,org,10-fold cross-validation,5,rf
diabetes,xgb,org,window_2,diagnostic_window,org,org,10-fold cross-validation,5,rf
wilt,lin,hsj,window_4,diagnostic_window,hsj,org,10-fold cross-validation,5,rf
wilt,lin,zoo,window_2,diagnostic_window,zoo,zoo,10-fold cross-validation,5,rf
wilt,svm,hsj,window_0,diagnostic_window,hsj,hsj,10-fold cross-validation,5,rf
wilt,svm,org,window_0,diagnostic_window,org,org,10-fold cross-validation,5,rf
wilt,svm,org,window_2,diagnostic_window,org,org,10-fold cross-validation,5,rf
wilt,xgb,zoo,window_3,diagnostic_window,zoo,zoo,10-fold cross-validation,5,rf
banknote,lin,hsj,full,full_group,hsj,hsj,10-fold cross-validation,6,rf
banknote,xgb,zoo,full,full_group,zoo,zoo,10-fold cross-validation,6,rf
banknote,nn,bim,window_2,diagnostic_window,bim,pgd,10-fold cross-validation,6,rf
banknote,nn,fgm,window_2,diagnostic_window,fgm,pgd,10-fold cross-validation,6,rf
banknote,nn,pgd,window_0,diagnostic_window,pgd,pgd,10-fold cross-validation,6,rf
banknote,svm,org,window_2,diagnostic_window,org,org,10-fold cross-validation,6,rf
banknote,svm,org,window_3,diagnostic_window,org,org,10-fold cross-validation,6,rf
banknote,svm,zoo,window_3,diagnostic_window,zoo,hsj,10-fold cross-validation,6,rf
banknote,xgb,hsj,window_2,diagnostic_window,hsj,hsj,10-fold cross-validation,6,rf
diabetes,nn,bim,window_1,diagnostic_window,bim,bim,10-fold cross-validation,6,rf
diabetes,nn,pgd,window_4,diagnostic_window,pgd,fgm,10-fold cross-validation,6,rf
diabetes,svm,org,window_2,diagnostic_window,org,org,10-fold cross-validation,6,rf
diabetes,svm,zoo,window_0,diagnostic_window,zoo,hsj,10-fold cross-validation,6,rf
diabetes,svm,zoo,window_1,diagnostic_window,zoo,zoo,10-fold cross-validation,6,rf
diabetes,svm,zoo,window_2,diagnostic_window,zoo,zoo,10-fold cross-validation,6,rf
diabetes,xgb,hsj,window_2,diagnostic_window,hsj,hsj,10-fold cross-validation,6,rf
diabetes,xgb,org,window_1,diagnostic_window,org,org,10-fold cross-validation,6,rf
diabetes,xgb,org,window_3,diagnostic_window,org,org,10-fold cross-validation,6,rf
diabetes,xgb,zoo,window_4,diagnostic_window,zoo,zoo,10-fold cross-validation,6,rf
wilt,lin,org,window_4,diagnostic_window,org,zoo,10-fold cross-validation,6,rf
wilt,nn,org,window_2,diagnostic_window,org,org,10-fold cross-validation,6,rf
wilt,xgb,hsj,window_0,diagnostic_window,hsj,hsj,10-fold cross-validation,6,rf
wilt,xgb,hsj,window_1,diagnostic_window,hsj,hsj,10-fold cross-validation,6,rf
banknote,xgb,hsj,full,full_group,hsj,hsj,10-fold cross-validation,7,rf
diabetes,svm,zoo,full,full_group,zoo,zoo,10-fold cross-validation,7,rf
wilt,lin,zoo,full,full_group,zoo,zoo,10-fold cross-validation,7,rf
banknote,lin,zoo,window_1,diagnostic_window,zoo,hsj,10-fold cross-validation,7,rf
banknote,nn,bim,window_4,diagnostic_window,bim,bim,10-fold cross-validation,7,rf
banknote,nn,fgm,window_0,diagnostic_window,fgm,pgd,10-fold cross-validation,7,rf
banknote,nn,pgd,window_4,diagnostic_window,pgd,pgd,10-fold cross-validation,7,rf
banknote,svm,org,window_1,diagnostic_window,org,org,10-fold cross-validation,7,rf
banknote,xgb,org,window_1,diagnostic_window,org,org,10-fold cross-validation,7,rf
banknote,xgb,zoo,window_2,diagnostic_window,zoo,zoo,10-fold cross-validation,7,rf
diabetes,nn,pgd,window_3,diagnostic_window,pgd,bim,10-fold cross-validation,7,rf
diabetes,xgb,hsj,window_1,diagnostic_window,hsj,hsj,10-fold cross-validation,7,rf
diabetes,xgb,org,window_4,diagnostic_window,org,org,10-fold cross-validation,7,rf
wilt,lin,hsj,window_1,diagnostic_window,hsj,zoo,10-fold cross-validation,7,rf
wilt,lin,hsj,window_2,diagnostic_window,hsj,zoo,10-fold cross-validation,7,rf
wilt,lin,zoo,window_0,diagnostic_window,zoo,zoo,10-fold cross-validation,7,rf
wilt,nn,bim,window_4,diagnostic_window,bim,bim,10-fold cross-validation,7,rf
wilt,nn,org,window_0,diagnostic_window,org,org,10-fold cross-validation,7,rf
wilt,nn,org,window_4,diagnostic_window,org,org,10-fold cross-validation,7,rf
wilt,svm,hsj,window_2,diagnostic_window,hsj,hsj,10-fold cross-validation,7,rf
wilt,svm,org,window_4,diagnostic_window,org,org,10-fold cross-validation,7,rf
wilt,xgb,org,window_3,diagnostic_window,org,org,10-fold cross-validation,7,rf
wilt,xgb,zoo,window_2,diagnostic_window,zoo,zoo,10-fold cross-validation,7,rf
banknote,nn,pgd,full,full_group,pgd,fgm,10-fold cross-validation,8,rf
diabetes,xgb,hsj,full,full_group,hsj,hsj,10-fold cross-validation,8,rf
wilt,nn,pgd,full,full_group,pgd,pgd,10-fold cross-validation,8,rf
wilt,xgb,org,full,full_group,org,org,10-fold cross-validation,8,rf
banknote,lin,hsj,window_0,diagnostic_window,hsj,hsj,10-fold cross-validation,8,rf
banknote,nn,bim,window_3,diagnostic_window,bim,pgd,10-fold cross-validation,8,rf
banknote,nn,fgm,window_3,diagnostic_window,fgm,pgd,10-fold cross-validation,8,rf
banknote,nn,org,window_2,diagnostic_window,org,org,10-fold cross-validation,8,rf
banknote,svm,org,window_4,diagnostic_window,org,org,10-fold cross-validation,8,rf
banknote,xgb,hsj,window_3,diagnostic_window,hsj,hsj,10-fold cross-validation,8,rf
banknote,xgb,zoo,window_0,diagnostic_window,zoo,zoo,10-fold cross-validation,8,rf
banknote,xgb,zoo,window_3,diagnostic_window,zoo,zoo,10-fold cross-validation,8,rf
diabetes,nn,fgm,window_1,diagnostic_window,fgm,pgd,10-fold cross-validation,8,rf
diabetes,nn,org,window_0,diagnostic_window,org,org,10-fold cross-validation,8,rf
diabetes,nn,org,window_1,diagnostic_window,org,org,10-fold cross-validation,8,rf
diabetes,nn,org,window_4,diagnostic_window,org,org,10-fold cross-validation,8,rf
diabetes,svm,zoo,window_4,diagnostic_window,zoo,zoo,10-fold cross-validation,8,rf
diabetes,xgb,hsj,window_4,diagnostic_window,hsj,zoo,10-fold cross-validation,8,rf
diabetes,xgb,zoo,window_2,diagnostic_window,zoo,zoo,10-fold cross-validation,8,rf
diabetes,xgb,zoo,window_3,diagnostic_window,zoo,zoo,10-fold cross-validation,8,rf
wilt,svm,org,window_1,diagnostic_window,org,org,10-fold cross-validation,8,rf
wilt,svm,zoo,window_3,diagnostic_window,zoo,zoo,10-fold cross-validation,8,rf
wilt,xgb,hsj,window_4,diagnostic_window,hsj,hsj,10-fold cross-validation,8,rf
banknote,xgb,org,full,full_group,org,org,10-fold cross-validation,9,rf
diabetes,nn,pgd,full,full_group,pgd,pgd,10-fold cross-validation,9,rf
wilt,lin,hsj,full,full_group,hsj,zoo,10-fold cross-validation,9,rf
wilt,lin,org,full,full_group,org,zoo,10-fold cross-validation,9,rf
wilt,xgb,hsj,full,full_group,hsj,hsj,10-fold cross-validation,9,rf
banknote,lin,zoo,window_4,diagnostic_window,zoo,zoo,10-fold cross-validation,9,rf
banknote,nn,org,window_1,diagnostic_window,org,org,10-fold cross-validation,9,rf
banknote,svm,hsj,window_3,diagnostic_window,hsj,hsj,10-fold cross-validation,9,rf
banknote,svm,zoo,window_1,diagnostic_window,zoo,hsj,10-fold cross-validation,9,rf
banknote,xgb,org,window_4,diagnostic_window,org,org,10-fold cross-validation,9,rf
diabetes,lin,hsj,window_0,diagnostic_window,hsj,hsj,10-fold cross-validation,9,rf
diabetes,lin,org,window_2,diagnostic_window,org,org,10-fold cross-validation,9,rf
diabetes,lin,org,window_3,diagnostic_window,org,org,10-fold cross-validation,9,rf
diabetes,lin,zoo,window_2,diagnostic_window,zoo,zoo,10-fold cross-validation,9,rf
diabetes,svm,hsj,window_2,diagnostic_window,hsj,hsj,10-fold cross-validation,9,rf
diabetes,svm,zoo,window_3,diagnostic_window,zoo,hsj,10-fold cross-validation,9,rf
wilt,lin,org,window_0,diagnostic_window,org,zoo,10-fold cross-validation,9,rf
wilt,nn,bim,window_1,diagnostic_window,bim,bim,10-fold cross-validation,9,rf
wilt,nn,fgm,window_2,diagnostic_window,fgm,fgm,10-fold cross-validation,9,rf
wilt,nn,fgm,window_4,diagnostic_window,fgm,fgm,10-fold cross-validation,9,rf
wilt,nn,pgd,window_1,diagnostic_window,pgd,pgd,10-fold cross-validation,9,rf
wilt,svm,zoo,window_1,diagnostic_window,zoo,zoo,10-fold cross-validation,9,rf
wilt,svm,zoo,window_2,diagnostic_window,zoo,zoo,10-fold cross-validation,9,rf
banknote,lin,hsj,full,full_group,hsj,zoo,one-data-set-out,banknote,mlp
banknote,lin,org,full,full_group,org,org,one-data-set-out,banknote,mlp
banknote,lin,zoo,full,full_group,zoo,zoo,one-data-set-out,banknote,mlp
banknote,nn,bim,full,full_group,bim,bim,one-data-set-out,banknote,mlp
banknote,nn,fgm,full,full_group,fgm,bim,one-data-set-out,banknote,mlp
banknote,nn,org,full,full_group,org,org,one-data-set-out,banknote,mlp
banknote,nn,pgd,full,full_group,pgd,bim,one-data-set-out,banknote,mlp
banknote,svm,hsj,full,full_group,hsj,hsj,one-data-set-out,banknote,mlp
banknote,svm,org,full,full_group,org,org,one-data-set-out,banknote,mlp
banknote,svm,zoo,full,full_group,zoo,hsj,one-data-set-out,banknote,mlp
banknote,xgb,hsj,full,full_group,hsj,hsj,one-data-set-out,banknote,mlp
banknote,xgb,org,full,full_group,org,org,one-data-set-out,banknote,mlp
banknote,xgb,zoo,full,full_group,zoo,zoo,one-data-set-out,banknote,mlp
banknote,lin,hsj,window_0,diagnostic_window,hsj,zoo,one-data-set-out,banknote,mlp
banknote,lin,hsj,window_1,diagnostic_window,hsj,zoo,one-data-set-out,banknote,mlp
banknote,lin,hsj,window_2,diagnostic_window,hsj,zoo,one-data-set-out,banknote,mlp
banknote,lin,hsj,window_3,diagnostic_window,hsj,zoo,one-data-set-out,banknote,mlp
banknote,lin,hsj,window_4,diagnostic_window,hsj,zoo,one-data-set-out,banknote,mlp
banknote,lin,org,window_0,diagnostic_window,org,org,one-data-set-out,banknote,mlp
banknote,lin,org,window_1,diagnostic_window,org,org,one-data-set-out,banknote,mlp
banknote,lin,org,window_2,diagnostic_window,org,org,one-data-set-out,banknote,mlp
banknote,lin,org,window_3,diagnostic_window,org,org,one-data-set-out,banknote,mlp
banknote,lin,org,window_4,diagnostic_window,org,org,one-data-set-out,banknote,mlp
banknote,lin,zoo,window_0,diagnostic_window,zoo,hsj,one-data-set-out,banknote,mlp
banknote,lin,zoo,window_1,diagnostic_window,zoo,hsj,one-data-set-out,banknote,mlp
banknote,lin,zoo,window_2,diagnostic_window,zoo,hsj,one-data-set-out,banknote,mlp
banknote,lin,zoo,window_3,diagnostic_window,zoo,hsj,one-data-set-out,banknote,mlp
banknote,lin,zoo,window_4,diagnostic_window,zoo,zoo,one-data-set-out,banknote,mlp
banknote,nn,bim,window_0,diagnostic_window,bim,bim,one-data-set-out,banknote,mlp
banknote,nn,bim,window_1,diagnostic_window,bim,bim,one-data-set-out,banknote,mlp
banknote,nn,bim,window_2,diagnostic_window,bim,bim,one-data-set-out,banknote,mlp
banknote,nn,bim,window_3,diagnostic_window,bim,bim,one-data-set-out,banknote,mlp
banknote,nn,bim,window_4,diagnostic_window,bim,bim,one-data-set-out,banknote,mlp
banknote,nn,fgm,window_0,diagnostic_window,fgm,bim,one-data-set-out,banknote,mlp
banknote,nn,fgm,window_1,diagnostic_window,fgm,bim,one-data-set-out,banknote,mlp
banknote,nn,fgm,window_2,diagnostic_window,fgm,bim,one-data-set-out,banknote,mlp
banknote,nn,fgm,window_3,diagnostic_window,fgm,bim,one-data-set-out,banknote,mlp
banknote,nn,fgm,window_4,diagnostic_window,fgm,bim,one-data-set-out,banknote,mlp
banknote,nn,org,window_0,diagnostic_window,org,org,one-data-set-out,banknote,mlp
banknote,nn,org,window_1,diagnostic_window,org,org,one-data-set-out,banknote,mlp
banknote,nn,org,window_2,diagnostic_window,org,org,one-data-set-out,banknote,mlp
banknote,nn,org,window_3,diagnostic_window,org,org,one-data-set-out,banknote,mlp
banknote,nn,org,window_4,diagnostic_window,org,org,one-data-set-out,banknote,mlp
banknote,nn,pgd,window_0,diagnostic_window,pgd,bim,one-data-set-out,banknote,mlp
banknote,nn,pgd,window_1,diagnostic_window,pgd,bim,one-data-set-out,banknote,mlp
banknote,nn,pgd,window_2,diagnostic_window,pgd,bim,one-data-set-out,banknote,mlp
banknote,nn,pgd,window_3,diagnostic_window,pgd,bim,one-data-set-out,banknote,mlp
banknote,nn,pgd,window_4,diagnostic_window,pgd,bim,one-data-set-out,banknote,mlp
banknote,svm,hsj,window_0,diagnostic_window,hsj,hsj,one-data-set-out,banknote,mlp
banknote,svm,hsj,window_1,diagnostic_window,hsj,hsj,one-data-set-out,banknote,mlp
banknote,svm,hsj,window_2,diagnostic_window,hsj,hsj,one-data-set-out,banknote,mlp
banknote,svm,hsj,window_3,diagnostic_window,hsj,hsj,one-data-set-out,banknote,mlp
banknote,svm,hsj,window_4,diagnostic_window,hsj,hsj,one-data-set-out,banknote,mlp
banknote,svm,org,window_0,diagnostic_window,org,org,one-data-set-out,banknote,mlp
banknote,svm,org,window_1,diagnostic_window,org,org,one-data-set-out,banknote,mlp
banknote,svm,org,window_2,diagnostic_window,org,org,one-data-set-out,banknote,mlp
banknote,svm,org,window_3,diagnostic_window,org,org,one-data-set-out,banknote,mlp
banknote,svm,org,window_4,diagnostic_window,org,org,one-data-set-out,banknote,mlp
banknote,svm,zoo,window_0,diagnostic_window,zoo,hsj,one-data-set-out,banknote,mlp
banknote,svm,zoo,window_1,diagnostic_window,zoo,hsj,one-data-set-out,banknote,mlp
banknote,svm,zoo,window_2,diagnostic_window,zoo,hsj,one-data-set-out,banknote,mlp
banknote,svm,zoo,window_3,diagnostic_window,zoo,hsj,one-data-set-out,banknote,mlp
banknote,svm,zoo,window_4,diagnostic_window,zoo,hsj,one-data-set-out,banknote,mlp
banknote,xgb,hsj,window_0,diagnostic_window,hsj,hsj,one-data-set-out,banknote,mlp
banknote,xgb,hsj,window_1,diagnostic_window,hsj,hsj,one-data-set-out,banknote,mlp
banknote,xgb,hsj,window_2,diagnostic_window,hsj,hsj,one-data-set-out,banknote,mlp
banknote,xgb,hsj,window_3,diagnostic_window,hsj,hsj,one-data-set-out,banknote,mlp
banknote,xgb,hsj,window_4,diagnostic_window,hsj,zoo,one-data-set-out,banknote,mlp
banknote,xgb,org,window_0,diagnostic_window,org,org,one-data-set-out,banknote,mlp
banknote,xgb,org,window_1,diagnostic_window,org,org,one-data-set-out,banknote,mlp
banknote,xgb,org,window_2,diagnostic_window,org,org,one-data-set-out,banknote,mlp
banknote,xgb,org,window_3,diagnostic_window,org,org,one-data-set-out,banknote,mlp
banknote,xgb,org,window_4,diagnostic_window,org,org,one-data-set-out,banknote,mlp
banknote,xgb,zoo,window_0,diagnostic_window,zoo,zoo,one-data-set-out,banknote,mlp
banknote,xgb,zoo,window_1,diagnostic_window,zoo,zoo,one-data-set-out,banknote,mlp
banknote,xgb,zoo,window_2,diagnostic_window,zoo,zoo,one-data-set-out,banknote,mlp
banknote,xgb,zoo,window_3,diagnostic_window,zoo,org,one-data-set-out,banknote,mlp
banknote,xgb,zoo,window_4,diagnostic_window,zoo,org,one-data-set-out,banknote,mlp
diabetes,lin,hsj,full,full_group,hsj,hsj,one-data-set-out,diabetes,mlp
diabetes,lin,org,full,full_group,org,hsj,one-data-set-out,diabetes,mlp
diabetes,lin,zoo,full,full_group,zoo,hsj,one-data-set-out,diabetes,mlp
diabetes,nn,bim,full,full_group,bim,org,one-data-set-out,diabetes,mlp
diabetes,nn,fgm,full,full_group,fgm,bim,one-data-set-out,diabetes,mlp
diabetes,nn,org,full,full_group,org,org,one-data-set-out,diabetes,mlp
diabetes,nn,pgd,full,full_group,pgd,org,one-data-set-out,diabetes,mlp
diabetes,svm,hsj,full,full_group,hsj,hsj,one-data-set-out,diabetes,mlp
diabetes,svm,org,full,full_group,org,hsj,one-data-set-out,diabetes,mlp
diabetes,svm,zoo,full,full_group,zoo,hsj,one-data-set-out,diabetes,mlp
diabetes,xgb,hsj,full,full_group,hsj,hsj,one-data-set-out,diabetes,mlp
diabetes,xgb,org,full,full_group,org,org,one-data-set-out,diabetes,mlp
diabetes,xgb,zoo,full,full_group,zoo,hsj,one-data-set-out,diabetes,mlp
diabetes,lin,hsj,window_0,diagnostic_window,hsj,hsj,one-data-set-out,diabetes,mlp
diabetes,lin,hsj,window_1,diagnostic_window,hsj,hsj,one-data-set-out,diabetes,mlp
diabetes,lin,hsj,window_2,diagnostic_window,hsj,hsj,one-data-set-out,diabetes,mlp
diabetes,lin,hsj,window_3,diagnostic_window,hsj,hsj,one-data-set-out,diabetes,mlp
diabetes,lin,hsj,window_4,diagnostic_window,hsj,hsj,one-data-set-out,diabetes,mlp
diabetes,lin,org,window_0,diagnostic_window,org,org,one-data-set-out,diabetes,mlp
diabetes,lin,org,window_1,diagnostic_window,org,org,one-data-set-out,diabetes,mlp
diabetes,lin,org,window_2,diagnostic_window,org,hsj,one-data-set-out,diabetes,mlp
diabetes,lin,org,window_3,diagnostic_window,org,hsj,one-data-set-out,diabetes,mlp
diabetes,lin,org,window_4,diagnostic_window,org,hsj,one-data-set-out,diabetes,mlp
diabetes,lin,zoo,window_0,diagnostic_window,zoo,hsj,one-data-set-out,diabetes,mlp
diabetes,lin,zoo,window_1,diagnostic_window,zoo,hsj,one-data-set-out,diabetes,mlp
diabetes,lin,zoo,window_2,diagnostic_window,zoo,hsj,one-data-set-out,diabetes,mlp
diabetes,lin,zoo,window_3,diagnostic_window,zoo,hsj,one-data-set-out,diabetes,mlp
diabetes,lin,zoo,window_4,diagnostic_window,zoo,hsj,one-data-set-out,diabetes,mlp
diabetes,nn,bim,window_0,diagnostic_window,bim,org,one-data-set-out,diabetes,mlp
diabetes,nn,bim,window_1,diagnostic_window,bim,bim,one-data-set-out,diabetes,mlp
diabetes,nn,bim,window_2,diagnostic_window,bim,bim,one-data-set-out,diabetes,mlp
diabetes,nn,bim,window_3,diagnostic_window,bim,org,one-data-set-out,diabetes,mlp
diabetes,nn,bim,window_4,diagnostic_window,bim,bim,one-data-set-out,diabetes,mlp
diabetes,nn,fgm,window_0,diagnostic_window,fgm,org,one-data-set-out,diabetes,mlp
diabetes,nn,fgm,window_1,diagnostic_window,fgm,bim,one-data-set-out,diabetes,mlp
diabetes,nn,fgm,window_2,diagnostic_window,fgm,bim,one-data-set-out,diabetes,mlp
diabetes,nn,fgm,window_3,diagnostic_window,fgm,bim,one-data-set-out,diabetes,mlp
diabetes,nn,fgm,window_4,diagnostic_window,fgm,bim,one-data-set-out,diabetes,mlp
diabetes,nn,org,window_0,diagnostic_window,org,org,one-data-set-out,diabetes,mlp
diabetes,nn,org,window_1,diagnostic_window,org,org,one-data-set-out,diabetes,mlp
diabetes,nn,org,window_2,diagnostic_window,org,org,one-data-set-out,diabetes,mlp
diabetes,nn,org,window_3,diagnostic_window,org,org,one-data-set-out,diabetes,mlp
diabetes,nn,org,window_4,diagnostic_window,org,org,one-data-set-out,diabetes,mlp
diabetes,nn,pgd,window_0,diagnostic_window,pgd,org,one-data-set-out,diabetes,mlp
diabetes,nn,pgd,window_1,diagnostic_window,pgd,org,one-data-set-out,diabetes,mlp
diabetes,nn,pgd,window_2,diagnostic_window,pgd,org,one-data-set-out,diabetes,mlp
diabetes,nn,pgd,window_3,diagnostic_window,pgd,bim,one-data-set-out,diabetes,mlp
diabetes,nn,pgd,window_4,diagnostic_window,pgd,org,one-data-set-out,diabetes,mlp
diabetes,svm,hsj,window_0,diagnostic_window,hsj,hsj,one-data-set-out,diabetes,mlp
diabetes,svm,hsj,window_1,diagnostic_window,hsj,hsj,one-data-set-out,diabetes,mlp
diabetes,svm,hsj,window_2,diagnostic_window,hsj,hsj,one-data-set-out,diabetes,mlp
diabetes,svm,hsj,window_3,diagnostic_window,hsj,hsj,one-data-set-out,diabetes,mlp
diabetes,svm,hsj,window_4,diagnostic_window,hsj,hsj,one-data-set-out,diabetes,mlp
diabetes,svm,org,window_0,diagnostic_window,org,org,one-data-set-out,diabetes,mlp
diabetes,svm,org,window_1,diagnostic_window,org,org,one-data-set-out,diabetes,mlp
diabetes,svm,org,window_2,diagnostic_window,org,org,one-data-set-out,diabetes,mlp
diabetes,svm,org,window_3,diagnostic_window,org,hsj,one-data-set-out,diabetes,mlp
diabetes,svm,org,window_4,diagnostic_window,org,hsj,one-data-set-out,diabetes,mlp
diabetes,svm,zoo,window_0,diagnostic_window,zoo,hsj,one-data-set-out,diabetes,mlp
diabetes,svm,zoo,window_1,diagnostic_window,zoo,hsj,one-data-set-out,diabetes,mlp
diabetes,svm,zoo,window_2,diagnostic_window,zoo,hsj,one-data-set-out,diabetes,mlp
diabetes,svm,zoo,window_3,diagnostic_window,zoo,hsj,one-data-set-out,diabetes,mlp
diabetes,svm,zoo,window_4,diagnostic_window,zoo,hsj,one-data-set-out,diabetes,mlp
diabetes,xgb,hsj,window_0,diagnostic_window,hsj,hsj,one-data-set-out,diabetes,mlp
diabetes,xgb,hsj,window_1,diagnostic_window,hsj,hsj,one-data-set-out,diabetes,mlp
diabetes,xgb,hsj,window_2,diagnostic_window,hsj,hsj,one-data-set-out,diabetes,mlp
diabetes,xgb,hsj,window_3,diagnostic_window,hsj,hsj,one-data-set-out,diabetes,mlp
diabetes,xgb,hsj,window_4,diagnostic_window,hsj,hsj,one-data-set-out,diabetes,mlp
diabetes,xgb,org,window_0,diagnostic_window,org,org,one-data-set-out,diabetes,mlp
diabetes,xgb,org,window_1,diagnostic_window,org,org,one-data-set-out,diabetes,mlp
diabetes,xgb,org,window_2,diagnostic_window,org,org,one-data-set-out,diabetes,mlp
diabetes,xgb,org,window_3,diagnostic_window,org,org,one-data-set-out,diabetes,mlp
diabetes,xgb,org,window_4,diagnostic_window,org,org,one-data-set-out,diabetes,mlp
diabetes,xgb,zoo,window_0,diagnostic_window,zoo,hsj,one-data-set-out,diabetes,mlp
diabetes,xgb,zoo,window_1,diagnostic_window,zoo,hsj,one-data-set-out,diabetes,mlp
diabetes,xgb,zoo,window_2,diagnostic_window,zoo,hsj,one-data-set-out,diabetes,mlp
diabetes,xgb,zoo,window_3,diagnostic_window,zoo,hsj,one-data-set-out,diabetes,mlp
diabetes,xgb,zoo,window_4,diagnostic_window,zoo,hsj,one-data-set-out,diabetes,mlp
wilt,lin,hsj,full,full_group,hsj,org,one-data-set-out,wilt,mlp
wilt,lin,org,full,full_group,org,org,one-data-set-out,wilt,mlp
wilt,lin,zoo,full,full_group,zoo,org,one-data-set-out,wilt,mlp
wilt,nn,bim,full,full_group,bim,bim,one-data-set-out,wilt,mlp
wilt,nn,fgm,full,full_group,fgm,bim,one-data-set-out,wilt,mlp
wilt,nn,org,full,full_group,org,org,one-data-set-out,wilt,mlp
wilt,nn,pgd,full,full_group,pgd,bim,one-data-set-out,wilt,mlp
wilt,svm,hsj,full,full_group,hsj,zoo,one-data-set-out,wilt,mlp
wilt,svm,org,full,full_group,org,org,one-data-set-out,wilt,mlp
wilt,svm,zoo,full,full_group,zoo,zoo,one-data-set-out,wilt,mlp
wilt,xgb,hsj,full,full_group,hsj,zoo,one-data-set-out,wilt,mlp
wilt,xgb,org,full,full_group,org,org,one-data-set-out,wilt,mlp
wilt,xgb,zoo,full,full_group,zoo,zoo,one-data-set-out,wilt,mlp
wilt,lin,hsj,window_0,diagnostic_window,hsj,org,one-data-set-out,wilt,mlp
wilt,lin,hsj,window_1,diagnostic_window,hsj,org,one-data-set-out,wilt,mlp
wilt,lin,hsj,window_2,diagnostic_window,hsj,org,one-data-set-out,wilt,mlp
wilt,lin,hsj,window_3,diagnostic_window,hsj,org,one-data-set-out,wilt,mlp
wilt,lin,hsj,window_4,diagnostic_window,hsj,org,one-data-set-out,wilt,mlp
wilt,lin,org,window_0,diagnostic_window,org,org,one-data-set-out,wilt,mlp
wilt,lin,org,window_1,diagnostic_window,org,org,one-data-set-out,wilt,mlp
wilt,lin,org,window_2,diagnostic_window,org,org,one-data-set-out,wilt,mlp
wilt,lin,org,window_3,diagnostic_window,org,org,one-data-set-out,wilt,mlp
wilt,lin,org,window_4,diagnostic_window,org,org,one-data-set-out,wilt,mlp
wilt,lin,zoo,window_0,diagnostic_window,zoo,org,one-data-set-out,wilt,mlp
wilt,lin,zoo,window_1,diagnostic_window,zoo,org,one-data-set-out,wilt,mlp
wilt,lin,zoo,window_2,diagnostic_window,zoo,org,one-data-set-out,wilt,mlp
wilt,lin,zoo,window_3,diagnostic_window,zoo,org,one-data-set-out,wilt,mlp
wilt,lin,zoo,window_4,diagnostic_window,zoo,org,one-data-set-out,wilt,mlp
wilt,nn,bim,window_0,diagnostic_window,bim,bim,one-data-set-out,wilt,mlp
wilt,nn,bim,window_1,diagnostic_window,bim,bim,one-data-set-out,wilt,mlp
wilt,nn,bim,window_2,diagnostic_window,bim,bim,one-data-set-out,wilt,mlp
wilt,nn,bim,window_3,diagnostic_window,bim,bim,one-data-set-out,wilt,mlp
wilt,nn,bim,window_4,diagnostic_window,bim,bim,one-data-set-out,wilt,mlp
wilt,nn,fgm,window_0,diagnostic_window,fgm,bim,one-data-set-out,wilt,mlp
wilt,nn,fgm,window_1,diagnostic_window,fgm,bim,one-data-set-out,wilt,mlp
wilt,nn,fgm,window_2,diagnostic_window,fgm,bim,one-data-set-out,wilt,mlp
wilt,nn,fgm,window_3,diagnostic_window,fgm,bim,one-data-set-out,wilt,mlp
wilt,nn,fgm,window_4,diagnostic_window,fgm,bim,one-data-set-out,wilt,mlp
wilt,nn,org,window_0,diagnostic_window,org,org,one-data-set-out,wilt,mlp
wilt,nn,org,window_1,diagnostic_window,org,org,one-data-set-out,wilt,mlp
wilt,nn,org,window_2,diagnostic_window,org,org,one-data-set-out,wilt,mlp
wilt,nn,org,window_3,diagnostic_window,org,org,one-data-set-out,wilt,mlp
wilt,nn,org,window_4,diagnostic_window,org,org,one-data-set-out,wilt,mlp
wilt,nn,pgd,window_0,diagnostic_window,pgd,bim,one-data-set-out,wilt,mlp
wilt,nn,pgd,window_1,diagnostic_window,pgd,bim,one-data-set-out,wilt,mlp
wilt,nn,pgd,window_2,diagnostic_window,pgd,bim,one-data-set-out,wilt,mlp
wilt,nn,pgd,window_3,diagnostic_window,pgd,bim,one-data-set-out,wilt,mlp
wilt,nn,pgd,window_4,diagnostic_window,pgd,bim,one-data-set-out,wilt,mlp
wilt,svm,hsj,window_0,diagnostic_window,hsj,zoo,one-data-set-out,wilt,mlp
wilt,svm,hsj,window_1,diagnostic_window,hsj,zoo,one-data-set-out,wilt,mlp
wilt,svm,hsj,window_2,diagnostic_window,hsj,zoo,one-data-set-out,wilt,mlp
wilt,svm,hsj,window_3,diagnostic_window,hsj,zoo,one-data-set-out,wilt,mlp
wilt,svm,hsj,window_4,diagnostic_window,hsj,zoo,one-data-set-out,wilt,mlp
wilt,svm,org,window_0,diagnostic_window,org,org,one-data-set-out,wilt,mlp
wilt,svm,org,window_1,diagnostic_window,org,org,one-data-set-out,wilt,mlp
wilt,svm,org,window_2,diagnostic_window,org,org,one-data-set-out,wilt,mlp
wilt,svm,org,window_3,diagnostic_window,org,org,one-data-set-out,wilt,mlp
wilt,svm,org,window_4,diagnostic_window,org,org,one-data-set-out,wilt,mlp
wilt,svm,zoo,window_0,diagnostic_window,zoo,zoo,one-data-set-out,wilt,mlp
wilt,svm,zoo,window_1,diagnostic_window,zoo,zoo,one-data-set-out,wilt,mlp
wilt,svm,zoo,window_2,diagnostic_window,zoo,zoo,one-data-set-out,wilt,mlp
wilt,svm,zoo,window_3,diagnostic_window,zoo,zoo,one-data-set-out,wilt,mlp
wilt,svm,zoo,window_4,diagnostic_window,zoo,zoo,one-data-set-out,wilt,mlp
wilt,xgb,hsj,window_0,diagnostic_window,hsj,zoo,one-data-set-out,wilt,mlp
wilt,xgb,hsj,window_1,diagnostic_window,hsj,zoo,one-data-set-out,wilt,mlp
wilt,xgb,hsj,window_2,diagnostic_window,hsj,zoo,one-data-set-out,wilt,mlp
wilt,xgb,hsj,window_3,diagnostic_window,hsj,zoo,one-data-set-out,wilt,mlp
wilt,xgb,hsj,window_4,diagnostic_window,hsj,zoo,one-data-set-out,wilt,mlp
wilt,xgb,org,window_0,diagnostic_window,org,org,one-data-set-out,wilt,mlp
wilt,xgb,org,window_1,diagnostic_window,org,org,one-data-set-out,wilt,mlp
wilt,xgb,org,window_2,diagnostic_window,org,org,one-data-set-out,wilt,mlp
wilt,xgb,org,window_3,diagnostic_window,org,org,one-data-set-out,wilt,mlp
wilt,xgb,org,window_4,diagnostic_window,org,org,one-data-set-out,wilt,mlp
wilt,xgb,zoo,window_0,diagnostic_window,zoo,zoo,one-data-set-out,wilt,mlp
wilt,xgb,zoo,window_1,diagnostic_window,zoo,zoo,one-data-set-out,wilt,mlp
wilt,xgb,zoo,window_2,diagnostic_window,zoo,zoo,one-data-set-out,wilt,mlp
wilt,xgb,zoo,window_3,diagnostic_window,zoo,zoo,one-data-set-out,wilt,mlp
wilt,xgb,zoo,window_4,diagnostic_window,zoo,zoo,one-data-set-out,wilt,mlp
banknote,lin,hsj,full,full_group,hsj,zoo,one-model-out,lin,mlp
banknote,lin,org,full,full_group,org,org,one-model-out,lin,mlp
banknote,lin,zoo,full,full_group,zoo,zoo,one-model-out,lin,mlp
diabetes,lin,hsj,full,full_group,hsj,hsj,one-model-out,lin,mlp
diabetes,lin,org,full,full_group,org,hsj,one-model-out,lin,mlp
diabetes,lin,zoo,full,full_group,zoo,zoo,one-model-out,lin,mlp
wilt,lin,hsj,full,full_group,hsj,org,one-model-out,lin,mlp
wilt,lin,org,full,full_group,org,org,one-model-out,lin,mlp
wilt,lin,zoo,full,full_group,zoo,hsj,one-model-out,lin,mlp
banknote,lin,hsj,window_0,diagnostic_window,hsj,zoo,one-model-out,lin,mlp
banknote,lin,hsj,window_1,diagnostic_window,hsj,hsj,one-model-out,lin,mlp
banknote,lin,hsj,window_2,diagnostic_window,hsj,zoo,one-model-out,lin,mlp
banknote,lin,hsj,window_3,diagnostic_window,hsj,hsj,one-model-out,lin,mlp
banknote,lin,hsj,window_4,diagnostic_window,hsj,zoo,one-model-out,lin,mlp
banknote,lin,org,window_0,diagnostic_window,org,org,one-model-out,lin,mlp
banknote,lin,org,window_1,diagnostic_window,org,org,one-model-out,lin,mlp
banknote,lin,org,window_2,diagnostic_window,org,org,one-model-out,lin,mlp
banknote,lin,org,window_3,diagnostic_window,org,org,one-model-out,lin,mlp
banknote,lin,org,window_4,diagnostic_window,org,org,one-model-out,lin,mlp
banknote,lin,zoo,window_0,diagnostic_window,zoo,zoo,one-model-out,lin,mlp
banknote,lin,zoo,window_1,diagnostic_window,zoo,hsj,one-model-out,lin,mlp
banknote,lin,zoo,window_2,diagnostic_window,zoo,hsj,one-model-out,lin,mlp
banknote,lin,zoo,window_3,diagnostic_window,zoo,zoo,one-model-out,lin,mlp
banknote,lin,zoo,window_4,diagnostic_window,zoo,zoo,one-model-out,lin,mlp
diabetes,lin,hsj,window_0,diagnostic_window,hsj,hsj,one-model-out,lin,mlp
diabetes,lin,hsj,window_1,diagnostic_window,hsj,hsj,one-model-out,lin,mlp
diabetes,lin,hsj,window_2,diagnostic_window,hsj,hsj,one-model-out,lin,mlp
diabetes,lin,hsj,window_3,diagnostic_window,hsj,hsj,one-model-out,lin,mlp
diabetes,lin,hsj,window_4,diagnostic_window,hsj,hsj,one-model-out,lin,mlp
diabetes,lin,org,window_0,diagnostic_window,org,hsj,one-model-out,lin,mlp
diabetes,lin,org,window_1,diagnostic_window,org,org,one-model-out,lin,mlp
diabetes,lin,org,window_2,diagnostic_window,org,hsj,one-model-out,lin,mlp
diabetes,lin,org,window_3,diagnostic_window,org,hsj,one-model-out,lin,mlp
diabetes,lin,org,window_4,diagnostic_window,org,hsj,one-model-out,lin,mlp
diabetes,lin,zoo,window_0,diagnostic_window,zoo,zoo,one-model-out,lin,mlp
diabetes,lin,zoo,window_1,diagnostic_window,zoo,zoo,one-model-out,lin,mlp
diabetes,lin,zoo,window_2,diagnostic_window,zoo,zoo,one-model-out,lin,mlp
diabetes,lin,zoo,window_3,diagnostic_window,zoo,zoo,one-model-out,lin,mlp
diabetes,lin,zoo,window_4,diagnostic_window,zoo,zoo,one-model-out,lin,mlp
wilt,lin,hsj,window_0,diagnostic_window,hsj,org,one-model-out,lin,mlp
wilt,lin,hsj,window_1,diagnostic_window,hsj,org,one-model-out,lin,mlp
wilt,lin,hsj,window_2,diagnostic_window,hsj,org,one-model-out,lin,mlp
wilt,lin,hsj,window_3,diagnostic_window,hsj,org,one-model-out,lin,mlp
wilt,lin,hsj,window_4,diagnostic_window,hsj,org,one-model-out,lin,mlp
wilt,lin,org,window_0,diagnostic_window,org,org,one-model-out,lin,mlp
wilt,lin,org,window_1,diagnostic_window,org,org,one-model-out,lin,mlp
wilt,lin,org,window_2,diagnostic_window,org,org,one-model-out,lin,mlp
wilt,lin,org,window_3,diagnostic_window,org,org,one-model-out,lin,mlp
wilt,lin,org,window_4,diagnostic_window,org,org,one-model-out,lin,mlp
wilt,lin,zoo,window_0,diagnostic_window,zoo,hsj,one-model-out,lin,mlp
wilt,lin,zoo,window_1,diagnostic_window,zoo,hsj,one-model-out,lin,mlp
wilt,lin,zoo,window_2,diagnostic_window,zoo,hsj,one-model-out,lin,mlp
wilt,lin,zoo,window_3,diagnostic_window,zoo,hsj,one-model-out,lin,mlp
wilt,lin,zoo,window_4,diagnostic_window,zoo,hsj,one-model-out,lin,mlp
banknote,nn,bim,full,full_group,bim,org,one-model-out,nn,mlp
banknote,nn,fgm,full,full_group,fgm,org,one-model-out,nn,mlp
banknote,nn,org,full,full_group,org,org,one-model-out,nn,mlp
banknote,nn,pgd,full,full_group,pgd,org,one-model-out,nn,mlp
diabetes,nn,bim,full,full_group,bim,org,one-model-out,nn,mlp
diabetes,nn,fgm,full,full_group,fgm,org,one-model-out,nn,mlp
diabetes,nn,org,full,full_group,org,org,one-model-out,nn,mlp
diabetes,nn,pgd,full,full_group,pgd,org,one-model-out,nn,mlp
wilt,nn,bim,full,full_group,bim,org,one-model-out,nn,mlp
wilt,nn,fgm,full,full_group,fgm,org,one-model-out,nn,mlp
wilt,nn,org,full,full_group,org,org,one-model-out,nn,mlp
wilt,nn,pgd,full,full_group,pgd,org,one-model-out,nn,mlp
banknote,nn,bim,window_0,diagnostic_window,bim,org,one-model-out,nn,mlp
banknote,nn,bim,window_1,diagnostic_window,bim,org,one-model-out,nn,mlp
banknote,nn,bim,window_2,diagnostic_window,bim,org,one-model-out,nn,mlp
banknote,nn,bim,window_3,diagnostic_window,bim,org,one-model-out,nn,mlp
banknote,nn,bim,window_4,diagnostic_window,bim,org,one-model-out,nn,mlp
banknote,nn,fgm,window_0,diagnostic_window,fgm,org,one-model-out,nn,mlp
banknote,nn,fgm,window_1,diagnostic_window,fgm,org,one-model-out,nn,mlp
banknote,nn,fgm,window_2,diagnostic_window,fgm,org,one-model-out,nn,mlp
banknote,nn,fgm,window_3,diagnostic_window,fgm,org,one-model-out,nn,mlp
banknote,nn,fgm,window_4,diagnostic_window,fgm,org,one-model-out,nn,mlp
banknote,nn,org,window_0,diagnostic_window,org,org,one-model-out,nn,mlp
banknote,nn,org,window_1,diagnostic_window,org,org,one-model-out,nn,mlp
banknote,nn,org,window_2,diagnostic_window,org,org,one-model-out,nn,mlp
banknote,nn,org,window_3,diagnostic_window,org,org,one-model-out,nn,mlp
banknote,nn,org,window_4,diagnostic_window,org,org,one-model-out,nn,mlp
banknote,nn,pgd,window_0,diagnostic_window,pgd,org,one-model-out,nn,mlp
banknote,nn,pgd,window_1,diagnostic_window,pgd,org,one-model-out,nn,mlp
banknote,nn,pgd,window_2,diagnostic_window,pgd,org,one-model-out,nn,mlp
banknote,nn,pgd,window_3,diagnostic_window,pgd,org,one-model-out,nn,mlp
banknote,nn,pgd,window_4,diagnostic_window,pgd,org,one-model-out,nn,mlp
diabetes,nn,bim,window_0,diagnostic_window,bim,org,one-model-out,nn,mlp
diabetes,nn,bim,window_1,diagnostic_window,bim,org,one-model-out,nn,mlp
diabetes,nn,bim,window_2,diagnostic_window,bim,org,one-model-out,nn,mlp
diabetes,nn,bim,window_3,diagnostic_window,bim,org,one-model-out,nn,mlp
diabetes,nn,bim,window_4,diagnostic_window,bim,org,one-model-out,nn,mlp
diabetes,nn,fgm,window_0,diagnostic_window,fgm,org,one-model-out,nn,mlp
diabetes,nn,fgm,window_1,diagnostic_window,fgm,org,one-model-out,nn,mlp
diabetes,nn,fgm,window_2,diagnostic_window,fgm,org,one-model-out,nn,mlp
diabetes,nn,fgm,window_3,diagnostic_window,fgm,org,one-model-out,nn,mlp
diabetes,nn,fgm,window_4,diagnostic_window,fgm,org,one-model-out,nn,mlp
diabetes,nn,org,window_0,diagnostic_window,org,org,one-model-out,nn,mlp
diabetes,nn,org,window_1,diagnostic_window,org,org,one-model-out,nn,mlp
diabetes,nn,org,window_2,diagnostic_window,org,org,one-model-out,nn,mlp
diabetes,nn,org,window_3,diagnostic_window,org,org,one-model-out,nn,mlp
diabetes,nn,org,window_4,diagnostic_window,org,org,one-model-out,nn,mlp
diabetes,nn,pgd,window_0,diagnostic_window,pgd,org,one-model-out,nn,mlp
diabetes,nn,pgd,window_1,diagnostic_window,pgd,org,one-model-out,nn,mlp
diabetes,nn,pgd,window_2,diagnostic_window,pgd,org,one-model-out,nn,mlp
diabetes,nn,pgd,window_3,diagnostic_window,pgd,org,one-model-out,nn,mlp
diabetes,nn,pgd,window_4,diagnostic_window,pgd,org,one-model-out,nn,mlp
wilt,nn,bim,window_0,diagnostic_window,bim,org,one-model-out,nn,mlp
wilt,nn,bim,window_1,diagnostic_window,bim,org,one-model-out,nn,mlp
wilt,nn,bim,window_2,diagnostic_window,bim,org,one-model-out,nn,mlp
wilt,nn,bim,window_3,diagnostic_window,bim,org,one-model-out,nn,mlp
wilt,nn,bim,window_4,diagnostic_window,bim,org,one-model-out,nn,mlp
wilt,nn,fgm,window_0,diagnostic_window,fgm,org,one-model-out,nn,mlp
wilt,nn,fgm,window_1,diagnostic_window,fgm,org,one-model-out,nn,mlp
wilt,nn,fgm,window_2,diagnostic_window,fgm,org,one-model-out,nn,mlp
wilt,nn,fgm,window_3,diagnostic_window,fgm,org,one-model-out,nn,mlp
wilt,nn,fgm,window_4,diagnostic_window,fgm,org,one-model-out,nn,mlp
wilt,nn,org,window_0,diagnostic_window,org,org,one-model-out,nn,mlp
wilt,nn,org,window_1,diagnostic_window,org,org,one-model-out,nn,mlp
wilt,nn,org,window_2,diagnostic_window,org,org,one-model-out,nn,mlp
wilt,nn,org,window_3,diagnostic_window,org,org,one-model-out,nn,mlp
wilt,nn,org,window_4,diagnostic_window,org,org,one-model-out,nn,mlp
wilt,nn,pgd,window_0,diagnostic_window,pgd,org,one-model-out,nn,mlp
wilt,nn,pgd,window_1,diagnostic_window,pgd,org,one-model-out,nn,mlp
wilt,nn,pgd,window_2,diagnostic_window,pgd,org,one-model-out,nn,mlp
wilt,nn,pgd,window_3,diagnostic_window,pgd,org,one-model-out,nn,mlp
wilt,nn,pgd,window_4,diagnostic_window,pgd,org,one-model-out,nn,mlp
banknote,svm,hsj,full,full_group,hsj,hsj,one-model-out,svm,mlp
banknote,svm,org,full,full_group,org,org,one-model-out,svm,mlp
banknote,svm,zoo,full,full_group,zoo,hsj,one-model-out,svm,mlp
diabetes,svm,hsj,full,full_group,hsj,hsj,one-model-out,svm,mlp
diabetes,svm,org,full,full_group,org,org,one-model-out,svm,mlp
diabetes,svm,zoo,full,full_group,zoo,zoo,one-model-out,svm,mlp
wilt,svm,hsj,full,full_group,hsj,hsj,one-model-out,svm,mlp
wilt,svm,org,full,full_group,org,org,one-model-out,svm,mlp
wilt,svm,zoo,full,full_group,zoo,zoo,one-model-out,svm,mlp
banknote,svm,hsj,window_0,diagnostic_window,hsj,hsj,one-model-out,svm,mlp
banknote,svm,hsj,window_1,diagnostic_window,hsj,hsj,one-model-out,svm,mlp
banknote,svm,hsj,window_2,diagnostic_window,hsj,hsj,one-model-out,svm,mlp
banknote,svm,hsj,window_3,diagnostic_window,hsj,hsj,one-model-out,svm,mlp
banknote,svm,hsj,window_4,diagnostic_window,hsj,hsj,one-model-out,svm,mlp
banknote,svm,org,window_0,diagnostic_window,org,org,one-model-out,svm,mlp
banknote,svm,org,window_1,diagnostic_window,org,org,one-model-out,svm,mlp
banknote,svm,org,window_2,diagnostic_window,org,org,one-model-out,svm,mlp
banknote,svm,org,window_3,diagnostic_window,org,org,one-model-out,svm,mlp
banknote,svm,org,window_4,diagnostic_window,org,org,one-model-out,svm,mlp
banknote,svm,zoo,window_0,diagnostic_window,zoo,hsj,one-model-out,svm,mlp
banknote,svm,zoo,window_1,diagnostic_window,zoo,hsj,one-model-out,svm,mlp
banknote,svm,zoo,window_2,diagnostic_window,zoo,hsj,one-model-out,svm,mlp
banknote,svm,zoo,window_3,diagnostic_window,zoo,hsj,one-model-out,svm,mlp
banknote,svm,zoo,window_4,diagnostic_window,zoo,hsj,one-model-out,svm,mlp
diabetes,svm,hsj,window_0,diagnostic_window,hsj,hsj,one-model-out,svm,mlp
diabetes,svm,hsj,window_1,diagnostic_window,hsj,hsj,one-model-out,svm,mlp
diabetes,svm,hsj,window_2,diagnostic_window,hsj,hsj,one-model-out,svm,mlp
diabetes,svm,hsj,window_3,diagnostic_window,hsj,hsj,one-model-out,svm,mlp
diabetes,svm,hsj,window_4,diagnostic_window,hsj,hsj,one-model-out,svm,mlp
diabetes,svm,org,window_0,diagnostic_window,org,org,one-model-out,svm,mlp
diabetes,svm,org,window_1,diagnostic_window,org,org,one-model-out,svm,mlp
diabetes,svm,org,window_2,diagnostic_window,org,org,one-model-out,svm,mlp
diabetes,svm,org,window_3,diagnostic_window,org,org,one-model-out,svm,mlp
diabetes,svm,org,window_4,diagnostic_window,org,org,one-model-out,svm,mlp
diabetes,svm,zoo,window_0,diagnostic_window,zoo,hsj,one-model-out,svm,mlp
diabetes,svm,zoo,window_1,diagnostic_window,zoo,hsj,one-model-out,svm,mlp
diabetes,svm,zoo,window_2,diagnostic_window,zoo,hsj,one-model-out,svm,mlp
diabetes,svm,zoo,window_3,diagnostic_window,zoo,hsj,one-model-out,svm,mlp
diabetes,svm,zoo,window_4,diagnostic_window,zoo,hsj,one-model-out,svm,mlp
wilt,svm,hsj,window_0,diagnostic_window,hsj,hsj,one-model-out,svm,mlp
wilt,svm,hsj,window_1,diagnostic_window,hsj,hsj,one-model-out,svm,mlp
wilt,svm,hsj,window_2,diagnostic_window,hsj,hsj,one-model-out,svm,mlp
wilt,svm,hsj,window_3,diagnostic_window,hsj,hsj,one-model-out,svm,mlp
wilt,svm,hsj,window_4,diagnostic_window,hsj,hsj,one-model-out,svm,mlp
wilt,svm,org,window_0,diagnostic_window,org,org,one-model-out,svm,mlp
wilt,svm,org,window_1,diagnostic_window,org,org,one-model-out,svm,mlp
wilt,svm,org,window_2,diagnostic_window,org,org,one-model-out,svm,mlp
wilt,svm,org,window_3,diagnostic_window,org,org,one-model-out,svm,mlp
wilt,svm,org,window_4,diagnostic_window,org,org,one-model-out,svm,mlp
wilt,svm,zoo,window_0,diagnostic_window,zoo,zoo,one-model-out,svm,mlp
wilt,svm,zoo,window_1,diagnostic_window,zoo,zoo,one-model-out,svm,mlp
wilt,svm,zoo,window_2,diagnostic_window,zoo,zoo,one-model-out,svm,mlp
wilt,svm,zoo,window_3,diagnostic_window,zoo,zoo,one-model-out,svm,mlp
wilt,svm,zoo,window_4,diagnostic_window,zoo,zoo,one-model-out,svm,mlp
banknote,xgb,hsj,full,full_group,hsj,hsj,one-model-out,xgb,mlp
banknote,xgb,org,full,full_group,org,org,one-model-out,xgb,mlp
banknote,xgb,zoo,full,full_group,zoo,zoo,one-model-out,xgb,mlp
diabetes,xgb,hsj,full,full_group,hsj,hsj,one-model-out,xgb,mlp
diabetes,xgb,org,full,full_group,org,org,one-model-out,xgb,mlp
diabetes,xgb,zoo,full,full_group,zoo,zoo,one-model-out,xgb,mlp
wilt,xgb,hsj,full,full_group,hsj,hsj,one-model-out,xgb,mlp
wilt,xgb,org,full,full_group,org,org,one-model-out,xgb,mlp
wilt,xgb,zoo,full,full_group,zoo,zoo,one-model-out,xgb,mlp
banknote,xgb,hsj,window_0,diagnostic_window,hsj,hsj,one-model-out,xgb,mlp
banknote,xgb,hsj,window_1,diagnostic_window,hsj,hsj,one-model-out,xgb,mlp
banknote,xgb,hsj,window_2,diagnostic_window,hsj,hsj,one-model-out,xgb,mlp
banknote,xgb,hsj,window_3,diagnostic_window,hsj,hsj,one-model-out,xgb,mlp
banknote,xgb,hsj,window_4,diagnostic_window,hsj,hsj,one-model-out,xgb,mlp
banknote,xgb,org,window_0,diagnostic_window,org,org,one-model-out,xgb,mlp
banknote,xgb,org,window_1,diagnostic_window,org,org,one-model-out,xgb,mlp
banknote,xgb,org,window_2,diagnostic_window,org,org,one-model-out,xgb,mlp
banknote,xgb,org,window_3,diagnostic_window,org,org,one-model-out,xgb,mlp
banknote,xgb,org,window_4,diagnostic_window,org,org,one-model-out,xgb,mlp
banknote,xgb,zoo,window_0,diagnostic_window,zoo,zoo,one-model-out,xgb,mlp
banknote,xgb,zoo,window_1,diagnostic_window,zoo,zoo,one-model-out,xgb,mlp
banknote,xgb,zoo,window_2,diagnostic_window,zoo,zoo,one-model-out,xgb,mlp
banknote,xgb,zoo,window_3,diagnostic_window,zoo,hsj,one-model-out,xgb,mlp
banknote,xgb,zoo,window_4,diagnostic_window,zoo,hsj,one-model-out,xgb,mlp
diabetes,xgb,hsj,window_0,diagnostic_window,hsj,hsj,one-model-out,xgb,mlp
diabetes,xgb,hsj,window_1,diagnostic_window,hsj,hsj,one-model-out,xgb,mlp
diabetes,xgb,hsj,window_2,diagnostic_window,hsj,hsj,one-model-out,xgb,mlp
diabetes,xgb,hsj,window_3,diagnostic_window,hsj,zoo,one-model-out,xgb,mlp
diabetes,xgb,hsj,window_4,diagnostic_window,hsj,zoo,one-model-out,xgb,mlp
diabetes,xgb,org,window_0,diagnostic_window,org,org,one-model-out,xgb,mlp
diabetes,xgb,org,window_1,diagnostic_window,org,org,one-model-out,xgb,mlp
diabetes,xgb,org,window_2,diagnostic_window,org,org,one-model-out,xgb,mlp
diabetes,xgb,org,window_3,diagnostic_window,org,org,one-model-out,xgb,mlp
diabetes,xgb,org,window_4,diagnostic_window,org,org,one-model-out,xgb,mlp
diabetes,xgb,zoo,window_0,diagnostic_window,zoo,zoo,one-model-out,xgb,mlp
diabetes,xgb,zoo,window_1,diagnostic_window,zoo,zoo,one-model-out,xgb,mlp
diabetes,xgb,zoo,window_2,diagnostic_window,zoo,zoo,one-model-out,xgb,mlp
diabetes,xgb,zoo,window_3,diagnostic_window,zoo,zoo,one-model-out,xgb,mlp
diabetes,xgb,zoo,window_4,diagnostic_window,zoo,zoo,one-model-out,xgb,mlp
wilt,xgb,hsj,window_0,diagnostic_window,hsj,hsj,one-model-out,xgb,mlp
wilt,xgb,hsj,window_1,diagnostic_window,hsj,hsj,one-model-out,xgb,mlp
wilt,xgb,hsj,window_2,diagnostic_window,hsj,hsj,one-model-out,xgb,mlp
wilt,xgb,hsj,window_3,diagnostic_window,hsj,hsj,one-model-out,xgb,mlp
wilt,xgb,hsj,window_4,diagnostic_window,hsj,hsj,one-model-out,xgb,mlp
wilt,xgb,org,window_0,diagnostic_window,org,org,one-model-out,xgb,mlp
wilt,xgb,org,window_1,diagnostic_window,org,org,one-model-out,xgb,mlp
wilt,xgb,org,window_2,diagnostic_window,org,org,one-model-out,xgb,mlp
wilt,xgb,org,window_3,diagnostic_window,org,org,one-model-out,xgb,mlp
wilt,xgb,org,window_4,diagnostic_window,org,org,one-model-out,xgb,mlp
wilt,xgb,zoo,window_0,diagnostic_window,zoo,zoo,one-model-out,xgb,mlp
wilt,xgb,zoo,window_1,diagnostic_window,zoo,zoo,one-model-out,xgb,mlp
wilt,xgb,zoo,window_2,diagnostic_window,zoo,zoo,one-model-out,xgb,mlp
wilt,xgb,zoo,window_3,diagnostic_window,zoo,zoo,one-model-out,xgb,mlp
wilt,xgb,zoo,window_4,diagnostic_window,zoo,zoo,one-model-out,xgb,mlp
banknote,lin,org,full,full_group,org,org,10-fold cross-validation,0,mlp
banknote,lin,zoo,full,full_group,zoo,zoo,10-fold cross-validation,0,mlp
banknote,nn,bim,full,full_group,bim,bim,10-fold cross-validation,0,mlp
banknote,nn,org,full,full_group,org,org,10-fold cross-validation,0,mlp
banknote,svm,zoo,full,full_group,zoo,zoo,10-fold cross-validation,0,mlp
banknote,lin,hsj,window_1,diagnostic_window,hsj,zoo,10-fold cross-validation,0,mlp
banknote,lin,hsj,window_2,diagnostic_window,hsj,zoo,10-fold cross-validation,0,mlp
banknote,lin,org,window_2,diagnostic_window,org,org,10-fold cross-validation,0,mlp
banknote,lin,org,window_3,diagnostic_window,org,org,10-fold cross-validation,0,mlp
banknote,lin,zoo,window_0,diagnostic_window,zoo,zoo,10-fold cross-validation,0,mlp
banknote,svm,hsj,window_4,diagnostic_window,hsj,zoo,10-fold cross-validation,0,mlp
diabetes,nn,fgm,window_0,diagnostic_window,fgm,pgd,10-fold cross-validation,0,mlp
diabetes,nn,pgd,window_0,diagnostic_window,pgd,pgd,10-fold cross-validation,0,mlp
diabetes,svm,hsj,window_3,diagnostic_window,hsj,hsj,10-fold cross-validation,0,mlp
diabetes,svm,hsj,window_4,diagnostic_window,hsj,zoo,10-fold cross-validation,0,mlp
diabetes,svm,org,window_3,diagnostic_window,org,org,10-fold cross-validation,0,mlp
wilt,nn,bim,window_2,diagnostic_window,bim,bim,10-fold cross-validation,0,mlp
wilt,nn,fgm,window_0,diagnostic_window,fgm,fgm,10-fold cross-validation,0,mlp
wilt,nn,pgd,window_2,diagnostic_window,pgd,pgd,10-fold cross-validation,0,mlp
wilt,svm,org,window_3,diagnostic_window,org,org,10-fold cross-validation,0,mlp
wilt,svm,zoo,window_4,diagnostic_window,zoo,zoo,10-fold cross-validation,0,mlp
wilt,xgb,hsj,window_3,diagnostic_window,hsj,hsj,10-fold cross-validation,0,mlp
wilt,xgb,org,window_1,diagnostic_window,org,org,10-fold cross-validation,0,mlp
wilt,xgb,zoo,window_1,diagnostic_window,zoo,zoo,10-fold cross-validation,0,mlp
banknote,svm,org,full,full_group,org,org,10-fold cross-validation,1,mlp
wilt,nn,bim,full,full_group,bim,bim,10-fold cross-validation,1,mlp
wilt,svm,hsj,full,full_group,hsj,hsj,10-fold cross-validation,1,mlp
banknote,lin,hsj,window_3,diagnostic_window,hsj,hsj,10-fold cross-validation,1,mlp
banknote,lin,org,window_1,diagnostic_window,org,org,10-fold cross-validation,1,mlp
banknote,lin,org,window_4,diagnostic_window,org,org,10-fold cross-validation,1,mlp
banknote,lin,zoo,window_2,diagnostic_window,zoo,hsj,10-fold cross-validation,1,mlp
banknote,nn,fgm,window_1,diagnostic_window,fgm,bim,10-fold cross-validation,1,mlp
banknote,nn,org,window_4,diagnostic_window,org,org,10-fold cross-validation,1,mlp
banknote,svm,hsj,window_0,diagnostic_window,hsj,hsj,10-fold cross-validation,1,mlp
banknote,svm,zoo,window_4,diagnostic_window,zoo,hsj,10-fold cross-validation,1,mlp
banknote,xgb,hsj,window_0,diagnostic_window,hsj,zoo,10-fold cross-validation,1,mlp
diabetes,lin,org,window_1,diagnostic_window,org,org,10-fold cross-validation,1,mlp
diabetes,nn,fgm,window_2,diagnostic_window,fgm,bim,10-fold cross-validation,1,mlp
diabetes,nn,pgd,window_2,diagnostic_window,pgd,pgd,10-fold cross-validation,1,mlp
diabetes,svm,hsj,window_0,diagnostic_window,hsj,hsj,10-fold cross-validation,1,mlp
diabetes,svm,org,window_1,diagnostic_window,org,org,10-fold cross-validation,1,mlp
diabetes,xgb,zoo,window_1,diagnostic_window,zoo,zoo,10-fold cross-validation,1,mlp
wilt,lin,hsj,window_3,diagnostic_window,hsj,org,10-fold cross-validation,1,mlp
wilt,lin,org,window_3,diagnostic_window,org,org,10-fold cross-validation,1,mlp
wilt,lin,zoo,window_4,diagnostic_window,zoo,zoo,10-fold cross-validation,1,mlp
wilt,nn,bim,window_0,diagnostic_window,bim,fgm,10-fold cross-validation,1,mlp
wilt,nn,pgd,window_3,diagnostic_window,pgd,pgd,10-fold cross-validation,1,mlp
wilt,xgb,zoo,window_4,diagnostic_window,zoo,zoo,10-fold cross-validation,1,mlp
diabetes,nn,bim,full,full_group,bim,bim,10-fold cross-validation,2,mlp
diabetes,svm,hsj,full,full_group,hsj,hsj,10-fold cross-validation,2,mlp
wilt,svm,org,full,full_group,org,org,10-fold cross-validation,2,mlp
wilt,xgb,zoo,full,full_group,zoo,zoo,10-fold cross-validation,2,mlp
banknote,nn,bim,window_0,diagnostic_window,bim,bim,10-fold cross-validation,2,mlp
banknote,nn,org,window_0,diagnostic_window,org,org,10-fold cross-validation,2,mlp
banknote,svm,hsj,window_1,diagnostic_window,hsj,hsj,10-fold cross-validation,2,mlp
banknote,xgb,org,window_2,diagnostic_window,org,org,10-fold cross-validation,2,mlp
diabetes,lin,hsj,window_2,diagnostic_window,hsj,zoo,10-fold cross-validation,2,mlp
diabetes,lin,zoo,window_3,diagnostic_window,zoo,zoo,10-fold cross-validation,2,mlp
diabetes,nn,pgd,window_1,diagnostic_window,pgd,pgd,10-fold cross-validation,2,mlp
diabetes,xgb,hsj,window_0,diagnostic_window,hsj,hsj,10-fold cross-validation,2,mlp
diabetes,xgb,hsj,window_3,diagnostic_window,hsj,zoo,10-fold cross-validation,2,mlp
diabetes,xgb,zoo,window_0,diagnostic_window,zoo,zoo,10-fold cross-validation,2,mlp
wilt,lin,org,window_1,diagnostic_window,org,org,10-fold cross-validation,2,mlp
wilt,lin,org,window_2,diagnostic_window,org,org,10-fold cross-validation,2,mlp
wilt,lin,zoo,window_3,diagnostic_window,zoo,zoo,10-fold cross-validation,2,mlp
wilt,nn,fgm,window_1,diagnostic_window,fgm,fgm,10-fold cross-validation,2,mlp
wilt,nn,fgm,window_3,diagnostic_window,fgm,fgm,10-fold cross-validation,2,mlp
wilt,nn,org,window_1,diagnostic_window,org,org,10-fold cross-validation,2,mlp
wilt,nn,pgd,window_4,diagnostic_window,pgd,pgd,10-fold cross-validation,2,mlp
wilt,svm,hsj,window_4,diagnostic_window,hsj,hsj,10-fold cross-validation,2,mlp
wilt,xgb,org,window_0,diagnostic_window,org,org,10-fold cross-validation,2,mlp
wilt,xgb,zoo,window_0,diagnostic_window,zoo,zoo,10-fold cross-validation,2,mlp
banknote,nn,fgm,full,full_group,fgm,bim,10-fold cross-validation,3,mlp
diabetes,lin,hsj,full,full_group,hsj,zoo,10-fold cross-validation,3,mlp
diabetes,lin,zoo,full,full_group,zoo,zoo,10-fold cross-validation,3,mlp
diabetes,nn,fgm,full,full_group,fgm,bim,10-fold cross-validation,3,mlp
wilt,svm,zoo,full,full_group,zoo,zoo,10-fold cross-validation,3,mlp
banknote,lin,hsj,window_4,diagnostic_window,hsj,zoo,10-fold cross-validation,3,mlp
banknote,lin,org,window_0,diagnostic_window,org,org,10-fold cross-validation,3,mlp
banknote,nn,bim,window_1,diagnostic_window,bim,bim,10-fold cross-validation,3,mlp
banknote,nn,pgd,window_1,diagnostic_window,pgd,bim,10-fold cross-validation,3,mlp
banknote,svm,hsj,window_2,diagnostic_window,hsj,hsj,10-fold cross-validation,3,mlp
banknote,svm,zoo,window_0,diagnostic_window,zoo,hsj,10-fold cross-validation,3,mlp
banknote,svm,zoo,window_2,diagnostic_window,zoo,hsj,10-fold cross-validation,3,mlp
banknote,xgb,zoo,window_4,diagnostic_window,zoo,org,10-fold cross-validation,3,mlp
diabetes,lin,org,window_0,diagnostic_window,org,org,10-fold cross-validation,3,mlp
diabetes,nn,bim,window_0,diagnostic_window,bim,pgd,10-fold cross-validation,3,mlp
diabetes,svm,hsj,window_1,diagnostic_window,hsj,hsj,10-fold cross-validation,3,mlp
diabetes,svm,org,window_0,diagnostic_window,org,org,10-fold cross-validation,3,mlp
diabetes,svm,org,window_4,diagnostic_window,org,org,10-fold cross-validation,3,mlp
diabetes,xgb,org,window_0,diagnostic_window,org,org,10-fold cross-validation,3,mlp
wilt,nn,org,window_3,diagnostic_window,org,org,10-fold cross-validation,3,mlp
wilt,nn,pgd,window_0,diagnostic_window,pgd,pgd,10-fold cross-validation,3,mlp
wilt,svm,hsj,window_1,diagnostic_window,hsj,hsj,10-fold cross-validation,3,mlp
wilt,svm,hsj,window_3,diagnostic_window,hsj,hsj,10-fold cross-validation,3,mlp
wilt,xgb,org,window_2,diagnostic_window,org,org,10-fold cross-validation,3,mlp
banknote,svm,hsj,full,full_group,hsj,hsj,10-fold cross-validation,4,mlp
diabetes,nn,org,full,full_group,org,org,10-fold cross-validation,4,mlp
diabetes,svm,org,full,full_group,org,org,10-fold cross-validation,4,mlp
diabetes,xgb,org,full,full_group,org,org,10-fold cross-validation,4,mlp
diabetes,xgb,zoo,full,full_group,zoo,zoo,10-fold cross-validation,4,mlp
wilt,nn,org,full,full_group,org,org,10-fold cross-validation,4,mlp
banknote,lin,zoo,window_3,diagnostic_window,zoo,zoo,10-fold cross-validation,4,mlp
banknote,nn,pgd,window_2,diagnostic_window,pgd,bim,10-fold cross-validation,4,mlp
banknote,svm,org,window_0,diagnostic_window,org,org,10-fold cross-validation,4,mlp
banknote,xgb,hsj,window_1,diagnostic_window,hsj,hsj,10-fold cross-validation,4,mlp
banknote,xgb,org,window_0,diagnostic_window,org,org,10-fold cross-validation,4,mlp
diabetes,lin,hsj,window_1,diagnostic_window,hsj,hsj,10-fold cross-validation,4,mlp
diabetes,lin,zoo,window_4,diagnostic_window,zoo,zoo,10-fold cross-validation,4,mlp
diabetes,nn,bim,window_2,diagnostic_window,bim,bim,10-fold cross-validation,4,mlp
diabetes,nn,fgm,window_3,diagnostic_window,fgm,fgm,10-fold cross-validation,4,mlp
diabetes,nn,fgm,window_4,diagnostic_window,fgm,fgm,10-fold cross-validation,4,mlp
diabetes,nn,org,window_2,diagnostic_window,org,org,10-fold cross-validation,4,mlp
wilt,lin,hsj,window_0,diagnostic_window,hsj,org,10-fold cross-validation,4,mlp
wilt,lin,zoo,window_1,diagnostic_window,zoo,zoo,10-fold cross-validation,4,mlp
wilt,nn,bim,window_3,diagnostic_window,bim,fgm,10-fold cross-validation,4,mlp
wilt,svm,zoo,window_0,diagnostic_window,zoo,zoo,10-fold cross-validation,4,mlp
wilt,xgb,hsj,window_2,diagnostic_window,hsj,hsj,10-fold cross-validation,4,mlp
wilt,xgb,org,window_4,diagnostic_window,org,org,10-fold cross-validation,4,mlp
diabetes,lin,org,full,full_group,org,org,10-fold cross-validation,5,mlp
wilt,nn,fgm,full,full_group,fgm,fgm,10-fold cross-validation,5,mlp
banknote,nn,fgm,window_4,diagnostic_window,fgm,bim,10-fold cross-validation,5,mlp
banknote,nn,org,window_3,diagnostic_window,org,org,10-fold cross-validation,5,mlp
banknote,nn,pgd,window_3,diagnostic_window,pgd,bim,10-fold cross-validation,5,mlp
banknote,xgb,hsj,window_4,diagnostic_window,hsj,zoo,10-fold cross-validation,5,mlp
banknote,xgb,org,window_3,diagnostic_window,org,org,10-fold cross-validation,5,mlp
banknote,xgb,zoo,window_1,diagnostic_window,zoo,zoo,10-fold cross-validation,5,mlp
diabetes,lin,hsj,window_3,diagnostic_window,hsj,hsj,10-fold cross-validation,5,mlp
diabetes,lin,hsj,window_4,diagnostic_window,hsj,zoo,10-fold cross-validation,5,mlp
diabetes,lin,org,window_4,diagnostic_window,org,hsj,10-fold cross-validation,5,mlp
diabetes,lin,zoo,window_0,diagnostic_window,zoo,zoo,10-fold cross-validation,5,mlp
diabetes,lin,zoo,window_1,diagnostic_window,zoo,zoo,10-fold cross-validation,5,mlp
diabetes,nn,bim,window_3,diagnostic_window,bim,pgd,10-fold cross-validation,5,mlp
diabetes,nn,bim,window_4,diagnostic_window,bim,fgm,10-fold cross-validation,5,mlp
diabetes,nn,org,window_3,diagnostic_window,org,org,10-fold cross-validation,5,mlp
diabetes,xgb,org,window_2,diagnostic_window,org,org,10-fold cross-validation,5,mlp
wilt,lin,hsj,window_4,diagnostic_window,hsj,org,10-fold cross-validation,5,mlp
wilt,lin,zoo,window_2,diagnostic_window,zoo,zoo,10-fold cross-validation,5,mlp
wilt,svm,hsj,window_0,diagnostic_window,hsj,hsj,10-fold cross-validation,5,mlp
wilt,svm,org,window_0,diagnostic_window,org,org,10-fold cross-validation,5,mlp
wilt,svm,org,window_2,diagnostic_window,org,org,10-fold cross-validation,5,mlp
wilt,xgb,zoo,window_3,diagnostic_window,zoo,zoo,10-fold cross-validation,5,mlp
banknote,lin,hsj,full,full_group,hsj,zoo,10-fold cross-validation,6,mlp
banknote,xgb,zoo,full,full_group,zoo,zoo,10-fold cross-validation,6,mlp
banknote,nn,bim,window_2,diagnostic_window,bim,bim,10-fold cross-validation,6,mlp
banknote,nn,fgm,window_2,diagnostic_window,fgm,bim,10-fold cross-validation,6,mlp
banknote,nn,pgd,window_0,diagnostic_window,pgd,bim,10-fold cross-validation,6,mlp
banknote,svm,org,window_2,diagnostic_window,org,org,10-fold cross-validation,6,mlp
banknote,svm,org,window_3,diagnostic_window,org,org,10-fold cross-validation,6,mlp
banknote,svm,zoo,window_3,diagnostic_window,zoo,hsj,10-fold cross-validation,6,mlp
banknote,xgb,hsj,window_2,diagnostic_window,hsj,hsj,10-fold cross-validation,6,mlp
diabetes,nn,bim,window_1,diagnostic_window,bim,fgm,10-fold cross-validation,6,mlp
diabetes,nn,pgd,window_4,diagnostic_window,pgd,fgm,10-fold cross-validation,6,mlp
diabetes,svm,org,window_2,diagnostic_window,org,org,10-fold cross-validation,6,mlp
diabetes,svm,zoo,window_0,diagnostic_window,zoo,zoo,10-fold cross-validation,6,mlp
diabetes,svm,zoo,window_1,diagnostic_window,zoo,zoo,10-fold cross-validation,6,mlp
diabetes,svm,zoo,window_2,diagnostic_window,zoo,zoo,10-fold cross-validation,6,mlp
diabetes,xgb,hsj,window_2,diagnostic_window,hsj,hsj,10-fold cross-validation,6,mlp
diabetes,xgb,org,window_1,diagnostic_window,org,org,10-fold cross-validation,6,mlp
diabetes,xgb,org,window_3,diagnostic_window,org,org,10-fold cross-validation,6,mlp
diabetes,xgb,zoo,window_4,diagnostic_window,zoo,zoo,10-fold cross-validation,6,mlp
wilt,lin,org,window_4,diagnostic_window,org,org,10-fold cross-validation,6,mlp
wilt,nn,org,window_2,diagnostic_window,org,org,10-fold cross-validation,6,mlp
wilt,xgb,hsj,window_0,diagnostic_window,hsj,hsj,10-fold cross-validation,6,mlp
wilt,xgb,hsj,window_1,diagnostic_window,hsj,hsj,10-fold cross-validation,6,mlp
banknote,xgb,hsj,full,full_group,hsj,zoo,10-fold cross-validation,7,mlp
diabetes,svm,zoo,full,full_group,zoo,zoo,10-fold cross-validation,7,mlp
wilt,lin,zoo,full,full_group,zoo,zoo,10-fold cross-validation,7,mlp
banknote,lin,zoo,window_1,diagnostic_window,zoo,hsj,10-fold cross-validation,7,mlp
banknote,nn,bim,window_4,diagnostic_window,bim,bim,10-fold cross-validation,7,mlp
banknote,nn,fgm,window_0,diagnostic_window,fgm,bim,10-fold cross-validation,7,mlp
banknote,nn,pgd,window_4,diagnostic_window,pgd,bim,10-fold cross-validation,7,mlp
banknote,svm,org,window_1,diagnostic_window,org,org,10-fold cross-validation,7,mlp
banknote,xgb,org,window_1,diagnostic_window,org,org,10-fold cross-validation,7,mlp
banknote,xgb,zoo,window_2,diagnostic_window,zoo,zoo,10-fold cross-validation,7,mlp
diabetes,nn,pgd,window_3,diagnostic_window,pgd,bim,10-fold cross-validation,7,mlp
diabetes,xgb,hsj,window_1,diagnostic_window,hsj,hsj,10-fold cross-validation,7,mlp
diabetes,xgb,org,window_4,diagnostic_window,org,org,10-fold cross-validation,7,mlp
wilt,lin,hsj,window_1,diagnostic_window,hsj,org,10-fold cross-validation,7,mlp
wilt,lin,hsj,window_2,diagnostic_window,hsj,org,10-fold cross-validation,7,mlp
wilt,lin,zoo,window_0,diagnostic_window,zoo,zoo,10-fold cross-validation,7,mlp
wilt,nn,bim,window_4,diagnostic_window,bim,pgd,10-fold cross-validation,7,mlp
wilt,nn,org,window_0,diagnostic_window,org,org,10-fold cross-validation,7,mlp
wilt,nn,org,window_4,diagnostic_window,org,org,10-fold cross-validation,7,mlp
wilt,svm,hsj,window_2,diagnostic_window,hsj,hsj,10-fold cross-validation,7,mlp
wilt,svm,org,window_4,diagnostic_window,org,org,10-fold cross-validation,7,mlp
wilt,xgb,org,window_3,diagnostic_window,org,org,10-fold cross-validation,7,mlp
wilt,xgb,zoo,window_2,diagnostic_window,zoo,zoo,10-fold cross-validation,7,mlp
banknote,nn,pgd,full,full_group,pgd,bim,10-fold cross-validation,8,mlp
diabetes,xgb,hsj,full,full_group,hsj,zoo,10-fold cross-validation,8,mlp
wilt,nn,pgd,full,full_group,pgd,pgd,10-fold cross-validation,8,mlp
wilt,xgb,org,full,full_group,org,org,10-fold cross-validation,8,mlp
banknote,lin,hsj,window_0,diagnostic_window,hsj,zoo,10-fold cross-validation,8,mlp
banknote,nn,bim,window_3,diagnostic_window,bim,bim,10-fold cross-validation,8,mlp
banknote,nn,fgm,window_3,diagnostic_window,fgm,bim,10-fold cross-validation,8,mlp
banknote,nn,org,window_2,diagnostic_window,org,org,10-fold cross-validation,8,mlp
banknote,svm,org,window_4,diagnostic_window,org,org,10-fold cross-validation,8,mlp
banknote,xgb,hsj,window_3,diagnostic_window,hsj,hsj,10-fold cross-validation,8,mlp
banknote,xgb,zoo,window_0,diagnostic_window,zoo,zoo,10-fold cross-validation,8,mlp
banknote,xgb,zoo,window_3,diagnostic_window,zoo,zoo,10-fold cross-validation,8,mlp
diabetes,nn,fgm,window_1,diagnostic_window,fgm,bim,10-fold cross-validation,8,mlp
diabetes,nn,org,window_0,diagnostic_window,org,org,10-fold cross-validation,8,mlp
diabetes,nn,org,window_1,diagnostic_window,org,org,10-fold cross-validation,8,mlp
diabetes,nn,org,window_4,diagnostic_window,org,org,10-fold cross-validation,8,mlp
diabetes,svm,zoo,window_4,diagnostic_window,zoo,zoo,10-fold cross-validation,8,mlp
diabetes,xgb,hsj,window_4,diagnostic_window,hsj,zoo,10-fold cross-validation,8,mlp
diabetes,xgb,zoo,window_2,diagnostic_window,zoo,zoo,10-fold cross-validation,8,mlp
diabetes,xgb,zoo,window_3,diagnostic_window,zoo,zoo,10-fold cross-validation,8,mlp
wilt,svm,org,window_1,diagnostic_window,org,org,10-fold cross-validation,8,mlp
wilt,svm,zoo,window_3,diagnostic_window,zoo,zoo,10-fold cross-validation,8,mlp
wilt,xgb,hsj,window_4,diagnostic_window,hsj,hsj,10-fold cross-validation,8,mlp
banknote,xgb,org,full,full_group,org,org,10-fold cross-validation,9,mlp
diabetes,nn,pgd,full,full_group,pgd,pgd,10-fold cross-validation,9,mlp
wilt,lin,hsj,full,full_group,hsj,org,10-fold cross-validation,9,mlp
wilt,lin,org,full,full_group,org,org,10-fold cross-validation,9,mlp
wilt,xgb,hsj,full,full_group,hsj,hsj,10-fold cross-validation,9,mlp
banknote,lin,zoo,window_4,diagnostic_window,zoo,zoo,10-fold cross-validation,9,mlp
banknote,nn,org,window_1,diagnostic_window,org,org,10-fold cross-validation,9,mlp
banknote,svm,hsj,window_3,diagnostic_window,hsj,hsj,10-fold cross-validation,9,mlp
banknote,svm,zoo,window_1,diagnostic_window,zoo,hsj,10-fold cross-validation,9,mlp
banknote,xgb,org,window_4,diagnostic_window,org,org,10-fold cross-validation,9,mlp
diabetes,lin,hsj,window_0,diagnostic_window,hsj,hsj,10-fold cross-validation,9,mlp
diabetes,lin,org,window_2,diagnostic_window,org,org,10-fold cross-validation,9,mlp
diabetes,lin,org,window_3,diagnostic_window,org,org,10-fold cross-validation,9,mlp
diabetes,lin,zoo,window_2,diagnostic_window,zoo,zoo,10-fold cross-validation,9,mlp
diabetes,svm,hsj,window_2,diagnostic_window,hsj,hsj,10-fold cross-validation,9,mlp
diabetes,svm,zoo,window_3,diagnostic_window,zoo,zoo,10-fold cross-validation,9,mlp
wilt,lin,org,window_0,diagnostic_window,org,org,10-fold cross-validation,9,mlp
wilt,nn,bim,window_1,diagnostic_window,bim,bim,10-fold cross-validation,9,mlp
wilt,nn,fgm,window_2,diagnostic_window,fgm,fgm,10-fold cross-validation,9,mlp
wilt,nn,fgm,window_4,diagnostic_window,fgm,fgm,10-fold cross-validation,9,mlp
wilt,nn,pgd,window_1,diagnostic_window,pgd,pgd,10-fold cross-validation,9,mlp
wilt,svm,zoo,window_1,diagnostic_window,zoo,zoo,10-fold cross-validation,9,mlp
wilt,svm,zoo,window_2,diagnostic_window,zoo,zoo,10-fold cross-validation,9,mlp
banknote,lin,hsj,full,full_group,hsj,zoo,one-data-set-out,banknote,voting
banknote,lin,org,full,full_group,org,org,one-data-set-out,banknote,voting
banknote,lin,zoo,full,full_group,zoo,hsj,one-data-set-out,banknote,voting
banknote,nn,bim,full,full_group,bim,bim,one-data-set-out,banknote,voting
banknote,nn,fgm,full,full_group,fgm,bim,one-data-set-out,banknote,voting
banknote,nn,org,full,full_group,org,org,one-data-set-out,banknote,voting
banknote,nn,pgd,full,full_group,pgd,bim,one-data-set-out,banknote,voting
banknote,svm,hsj,full,full_group,hsj,zoo,one-data-set-out,banknote,voting
banknote,svm,org,full,full_group,org,org,one-data-set-out,banknote,voting
banknote,svm,zoo,full,full_group,zoo,zoo,one-data-set-out,banknote,voting
banknote,xgb,hsj,full,full_group,hsj,zoo,one-data-set-out,banknote,voting
banknote,xgb,org,full,full_group,org,org,one-data-set-out,banknote,voting
banknote,xgb,zoo,full,full_group,zoo,zoo,one-data-set-out,banknote,voting
banknote,lin,hsj,window_0,diagnostic_window,hsj,zoo,one-data-set-out,banknote,voting
banknote,lin,hsj,window_1,diagnostic_window,hsj,zoo,one-data-set-out,banknote,voting
banknote,lin,hsj,window_2,diagnostic_window,hsj,zoo,one-data-set-out,banknote,voting
banknote,lin,hsj,window_3,diagnostic_window,hsj,zoo,one-data-set-out,banknote,voting
banknote,lin,hsj,window_4,diagnostic_window,hsj,zoo,one-data-set-out,banknote,voting
banknote,lin,org,window_0,diagnostic_window,org,org,one-data-set-out,banknote,voting
banknote,lin,org,window_1,diagnostic_window,org,org,one-data-set-out,banknote,voting
banknote,lin,org,window_2,diagnostic_window,org,org,one-data-set-out,banknote,voting
banknote,lin,org,window_3,diagnostic_window,org,org,one-data-set-out,banknote,voting
banknote,lin,org,window_4,diagnostic_window,org,org,one-data-set-out,banknote,voting
banknote,lin,zoo,window_0,diagnostic_window,zoo,zoo,one-data-set-out,banknote,voting
banknote,lin,zoo,window_1,diagnostic_window,zoo,hsj,one-data-set-out,banknote,voting
banknote,lin,zoo,window_2,diagnostic_window,zoo,zoo,one-data-set-out,banknote,voting
banknote,lin,zoo,window_3,diagnostic_window,zoo,zoo,one-data-set-out,banknote,voting
banknote,lin,zoo,window_4,diagnostic_window,zoo,zoo,one-data-set-out,banknote,voting
banknote,nn,bim,window_0,diagnostic_window,bim,bim,one-data-set-out,banknote,voting
banknote,nn,bim,window_1,diagnostic_window,bim,bim,one-data-set-out,banknote,voting
banknote,nn,bim,window_2,diagnostic_window,bim,bim,one-data-set-out,banknote,voting
banknote,nn,bim,window_3,diagnostic_window,bim,bim,one-data-set-out,banknote,voting
banknote,nn,bim,window_4,diagnostic_window,bim,bim,one-data-set-out,banknote,voting
banknote,nn,fgm,window_0,diagnostic_window,fgm,bim,one-data-set-out,banknote,voting
banknote,nn,fgm,window_1,diagnostic_window,fgm,bim,one-data-set-out,banknote,voting
banknote,nn,fgm,window_2,diagnostic_window,fgm,bim,one-data-set-out,banknote,voting
banknote,nn,fgm,window_3,diagnostic_window,fgm,bim,one-data-set-out,banknote,voting
banknote,nn,fgm,window_4,diagnostic_window,fgm,bim,one-data-set-out,banknote,voting
banknote,nn,org,window_0,diagnostic_window,org,org,one-data-set-out,banknote,voting
banknote,nn,org,window_1,diagnostic_window,org,org,one-data-set-out,banknote,voting
banknote,nn,org,window_2,diagnostic_window,org,org,one-data-set-out,banknote,voting
banknote,nn,org,window_3,diagnostic_window,org,org,one-data-set-out,banknote,voting
banknote,nn,org,window_4,diagnostic_window,org,org,one-data-set-out,banknote,voting
banknote,nn,pgd,window_0,diagnostic_window,pgd,bim,one-data-set-out,banknote,voting
banknote,nn,pgd,window_1,diagnostic_window,pgd,bim,one-data-set-out,banknote,voting
banknote,nn,pgd,window_2,diagnostic_window,pgd,bim,one-data-set-out,banknote,voting
banknote,nn,pgd,window_3,diagnostic_window,pgd,bim,one-data-set-out,banknote,voting
banknote,nn,pgd,window_4,diagnostic_window,pgd,bim,one-data-set-out,banknote,voting
banknote,svm,hsj,window_0,diagnostic_window,hsj,hsj,one-data-set-out,banknote,voting
banknote,svm,hsj,window_1,diagnostic_window,hsj,hsj,one-data-set-out,banknote,voting
banknote,svm,hsj,window_2,diagnostic_window,hsj,zoo,one-data-set-out,banknote,voting
banknote,svm,hsj,window_3,diagnostic_window,hsj,hsj,one-data-set-out,banknote,voting
banknote,svm,hsj,window_4,diagnostic_window,hsj,zoo,one-data-set-out,banknote,voting
banknote,svm,org,window_0,diagnostic_window,org,org,one-data-set-out,banknote,voting
banknote,svm,org,window_1,diagnostic_window,org,org,one-data-set-out,banknote,voting
banknote,svm,org,window_2,diagnostic_window,org,org,one-data-set-out,banknote,voting
banknote,svm,org,window_3,diagnostic_window,org,org,one-data-set-out,banknote,voting
banknote,svm,org,window_4,diagnostic_window,org,org,one-data-set-out,banknote,voting
banknote,svm,zoo,window_0,diagnostic_window,zoo,hsj,one-data-set-out,banknote,voting
banknote,svm,zoo,window_1,diagnostic_window,zoo,hsj,one-data-set-out,banknote,voting
banknote,svm,zoo,window_2,diagnostic_window,zoo,zoo,one-data-set-out,banknote,voting
banknote,svm,zoo,window_3,diagnostic_window,zoo,hsj,one-data-set-out,banknote,voting
banknote,svm,zoo,window_4,diagnostic_window,zoo,zoo,one-data-set-out,banknote,voting
banknote,xgb,hsj,window_0,diagnostic_window,hsj,zoo,one-data-set-out,banknote,voting
banknote,xgb,hsj,window_1,diagnostic_window,hsj,hsj,one-data-set-out,banknote,voting
banknote,xgb,hsj,window_2,diagnostic_window,hsj,zoo,one-data-set-out,banknote,voting
banknote,xgb,hsj,window_3,diagnostic_window,hsj,hsj,one-data-set-out,banknote,voting
banknote,xgb,hsj,window_4,diagnostic_window,hsj,zoo,one-data-set-out,banknote,voting
banknote,xgb,org,window_0,diagnostic_window,org,org,one-data-set-out,banknote,voting
banknote,xgb,org,window_1,diagnostic_window,org,org,one-data-set-out,banknote,voting
banknote,xgb,org,window_2,diagnostic_window,org,org,one-data-set-out,banknote,voting
banknote,xgb,org,window_3,diagnostic_window,org,org,one-data-set-out,banknote,voting
banknote,xgb,org,window_4,diagnostic_window,org,org,one-data-set-out,banknote,voting
banknote,xgb,zoo,window_0,diagnostic_window,zoo,zoo,one-data-set-out,banknote,voting
banknote,xgb,zoo,window_1,diagnostic_window,zoo,zoo,one-data-set-out,banknote,voting
banknote,xgb,zoo,window_2,diagnostic_window,zoo,zoo,one-data-set-out,banknote,voting
banknote,xgb,zoo,window_3,diagnostic_window,zoo,zoo,one-data-set-out,banknote,voting
banknote,xgb,zoo,window_4,diagnostic_window,zoo,zoo,one-data-set-out,banknote,voting
diabetes,lin,hsj,full,full_group,hsj,zoo,one-data-set-out,diabetes,voting
diabetes,lin,org,full,full_group,org,zoo,one-data-set-out,diabetes,voting
diabetes,lin,zoo,full,full_group,zoo,zoo,one-data-set-out,diabetes,voting
diabetes,nn,bim,full,full_group,bim,org,one-data-set-out,diabetes,voting
diabetes,nn,fgm,full,full_group,fgm,org,one-data-set-out,diabetes,voting
diabetes,nn,org,full,full_group,org,org,one-data-set-out,diabetes,voting
diabetes,nn,pgd,full,full_group,pgd,org,one-data-set-out,diabetes,voting
diabetes,svm,hsj,full,full_group,hsj,zoo,one-data-set-out,diabetes,voting
diabetes,svm,org,full,full_group,org,zoo,one-data-set-out,diabetes,voting
diabetes,svm,zoo,full,full_group,zoo,zoo,one-data-set-out,diabetes,voting
diabetes,xgb,hsj,full,full_group,hsj,zoo,one-data-set-out,diabetes,voting
diabetes,xgb,org,full,full_group,org,zoo,one-data-set-out,diabetes,voting
diabetes,xgb,zoo,full,full_group,zoo,zoo,one-data-set-out,diabetes,voting
diabetes,lin,hsj,window_0,diagnostic_window,hsj,zoo,one-data-set-out,diabetes,voting
diabetes,lin,hsj,window_1,diagnostic_window,hsj,zoo,one-data-set-out,diabetes,voting
diabetes,lin,hsj,window_2,diagnostic_window,hsj,zoo,one-data-set-out,diabetes,voting
diabetes,lin,hsj,window_3,diagnostic_window,hsj,zoo,one-data-set-out,diabetes,voting
diabetes,lin,hsj,window_4,diagnostic_window,hsj,zoo,one-data-set-out,diabetes,voting
diabetes,lin,org,window_0,diagnostic_window,org,zoo,one-data-set-out,diabetes,voting
diabetes,lin,org,window_1,diagnostic_window,org,zoo,one-data-set-out,diabetes,voting
diabetes,lin,org,window_2,diagnostic_window,org,zoo,one-data-set-out,diabetes,voting
diabetes,lin,org,window_3,diagnostic_window,org,zoo,one-data-set-out,diabetes,voting
diabetes,lin,org,window_4,diagnostic_window,org,zoo,one-data-set-out,diabetes,voting
diabetes,lin,zoo,window_0,diagnostic_window,zoo,zoo,one-data-set-out,diabetes,voting
diabetes,lin,zoo,window_1,diagnostic_window,zoo,hsj,one-data-set-out,diabetes,voting
diabetes,lin,zoo,window_2,diagnostic_window,zoo,zoo,one-data-set-out,diabetes,voting
diabetes,lin,zoo,window_3,diagnostic_window,zoo,zoo,one-data-set-out,diabetes,voting
diabetes,lin,zoo,window_4,diagnostic_window,zoo,zoo,one-data-set-out,diabetes,voting
diabetes,nn,bim,window_0,diagnostic_window,bim,org,one-data-set-out,diabetes,voting
diabetes,nn,bim,window_1,diagnostic_window,bim,bim,one-data-set-out,diabetes,voting
diabetes,nn,bim,window_2,diagnostic_window,bim,org,one-data-set-out,diabetes,voting
diabetes,nn,bim,window_3,diagnostic_window,bim,org,one-data-set-out,diabetes,voting
diabetes,nn,bim,window_4,diagnostic_window,bim,org,one-data-set-out,diabetes,voting
diabetes,nn,fgm,window_0,diagnostic_window,fgm,org,one-data-set-out,diabetes,voting
diabetes,nn,fgm,window_1,diagnostic_window,fgm,org,one-data-set-out,diabetes,voting
diabetes,nn,fgm,window_2,diagnostic_window,fgm,org,one-data-set-out,diabetes,voting
diabetes,nn,fgm,window_3,diagnostic_window,fgm,fgm,one-data-set-out,diabetes,voting
diabetes,nn,fgm,window_4,diagnostic_window,fgm,fgm,one-data-set-out,diabetes,voting
diabetes,nn,org,window_0,diagnostic_window,org,org,one-data-set-out,diabetes,voting
diabetes,nn,org,window_1,diagnostic_window,org,org,one-data-set-out,diabetes,voting
diabetes,nn,org,window_2,diagnostic_window,org,org,one-data-set-out,diabetes,voting
diabetes,nn,org,window_3,diagnostic_window,org,org,one-data-set-out,diabetes,voting
diabetes,nn,org,window_4,diagnostic_window,org,org,one-data-set-out,diabetes,voting
diabetes,nn,pgd,window_0,diagnostic_window,pgd,org,one-data-set-out,diabetes,voting
diabetes,nn,pgd,window_1,diagnostic_window,pgd,org,one-data-set-out,diabetes,voting
diabetes,nn,pgd,window_2,diagnostic_window,pgd,org,one-data-set-out,diabetes,voting
diabetes,nn,pgd,window_3,diagnostic_window,pgd,org,one-data-set-out,diabetes,voting
diabetes,nn,pgd,window_4,diagnostic_window,pgd,org,one-data-set-out,diabetes,voting
diabetes,svm,hsj,window_0,diagnostic_window,hsj,zoo,one-data-set-out,diabetes,voting
diabetes,svm,hsj,window_1,diagnostic_window,hsj,zoo,one-data-set-out,diabetes,voting
diabetes,svm,hsj,window_2,diagnostic_window,hsj,zoo,one-data-set-out,diabetes,voting
diabetes,svm,hsj,window_3,diagnostic_window,hsj,zoo,one-data-set-out,diabetes,voting
diabetes,svm,hsj,window_4,diagnostic_window,hsj,zoo,one-data-set-out,diabetes,voting
diabetes,svm,org,window_0,diagnostic_window,org,org,one-data-set-out,diabetes,voting
diabetes,svm,org,window_1,diagnostic_window,org,org,one-data-set-out,diabetes,voting
diabetes,svm,org,window_2,diagnostic_window,org,zoo,one-data-set-out,diabetes,voting
diabetes,svm,org,window_3,diagnostic_window,org,org,one-data-set-out,diabetes,voting
diabetes,svm,org,window_4,diagnostic_window,org,zoo,one-data-set-out,diabetes,voting
diabetes,svm,zoo,window_0,diagnostic_window,zoo,zoo,one-data-set-out,diabetes,voting
diabetes,svm,zoo,window_1,diagnostic_window,zoo,zoo,one-data-set-out,diabetes,voting
diabetes,svm,zoo,window_2,diagnostic_window,zoo,zoo,one-data-set-out,diabetes,voting
diabetes,svm,zoo,window_3,diagnostic_window,zoo,zoo,one-data-set-out,diabetes,voting
diabetes,svm,zoo,window_4,diagnostic_window,zoo,zoo,one-data-set-out,diabetes,voting
diabetes,xgb,hsj,window_0,diagnostic_window,hsj,zoo,one-data-set-out,diabetes,voting
diabetes,xgb,hsj,window_1,diagnostic_window,hsj,zoo,one-data-set-out,diabetes,voting
diabetes,xgb,hsj,window_2,diagnostic_window,hsj,zoo,one-data-set-out,diabetes,voting
diabetes,xgb,hsj,window_3,diagnostic_window,hsj,zoo,one-data-set-out,diabetes,voting
diabetes,xgb,hsj,window_4,diagnostic_window,hsj,zoo,one-data-set-out,diabetes,voting
diabetes,xgb,org,window_0,diagnostic_window,org,org,one-data-set-out,diabetes,voting
diabetes,xgb,org,window_1,diagnostic_window,org,org,one-data-set-out,diabetes,voting
diabetes,xgb,org,window_2,diagnostic_window,org,org,one-data-set-out,diabetes,voting
diabetes,xgb,org,window_3,diagnostic_window,org,org,one-data-set-out,diabetes,voting
diabetes,xgb,org,window_4,diagnostic_window,org,zoo,one-data-set-out,diabetes,voting
diabetes,xgb,zoo,window_0,diagnostic_window,zoo,zoo,one-data-set-out,diabetes,voting
diabetes,xgb,zoo,window_1,diagnostic_window,zoo,zoo,one-data-set-out,diabetes,voting
diabetes,xgb,zoo,window_2,diagnostic_window,zoo,zoo,one-data-set-out,diabetes,voting
diabetes,xgb,zoo,window_3,diagnostic_window,zoo,zoo,one-data-set-out,diabetes,voting
diabetes,xgb,zoo,window_4,diagnostic_window,zoo,zoo,one-data-set-out,diabetes,voting
wilt,lin,hsj,full,full_group,hsj,org,one-data-set-out,wilt,voting
wilt,lin,org,full,full_group,org,org,one-data-set-out,wilt,voting
wilt,lin,zoo,full,full_group,zoo,org,one-data-set-out,wilt,voting
wilt,nn,bim,full,full_group,bim,pgd,one-data-set-out,wilt,voting
wilt,nn,fgm,full,full_group,fgm,fgm,one-data-set-out,wilt,voting
wilt,nn,org,full,full_group,org,org,one-data-set-out,wilt,voting
wilt,nn,pgd,full,full_group,pgd,pgd,one-data-set-out,wilt,voting
wilt,svm,hsj,full,full_group,hsj,zoo,one-data-set-out,wilt,voting
wilt,svm,org,full,full_group,org,org,one-data-set-out,wilt,voting
wilt,svm,zoo,full,full_group,zoo,hsj,one-data-set-out,wilt,voting
wilt,xgb,hsj,full,full_group,hsj,zoo,one-data-set-out,wilt,voting
wilt,xgb,org,full,full_group,org,org,one-data-set-out,wilt,voting
wilt,xgb,zoo,full,full_group,zoo,zoo,one-data-set-out,wilt,voting
wilt,lin,hsj,window_0,diagnostic_window,hsj,org,one-data-set-out,wilt,voting
wilt,lin,hsj,window_1,diagnostic_window,hsj,org,one-data-set-out,wilt,voting
wilt,lin,hsj,window_2,diagnostic_window,hsj,org,one-data-set-out,wilt,voting
wilt,lin,hsj,window_3,diagnostic_window,hsj,org,one-data-set-out,wilt,voting
wilt,lin,hsj,window_4,diagnostic_window,hsj,org,one-data-set-out,wilt,voting
wilt,lin,org,window_0,diagnostic_window,org,org,one-data-set-out,wilt,voting
wilt,lin,org,window_1,diagnostic_window,org,org,one-data-set-out,wilt,voting
wilt,lin,org,window_2,diagnostic_window,org,org,one-data-set-out,wilt,voting
wilt,lin,org,window_3,diagnostic_window,org,org,one-data-set-out,wilt,voting
wilt,lin,org,window_4,diagnostic_window,org,org,one-data-set-out,wilt,voting
wilt,lin,zoo,window_0,diagnostic_window,zoo,org,one-data-set-out,wilt,voting
wilt,lin,zoo,window_1,diagnostic_window,zoo,org,one-data-set-out,wilt,voting
wilt,lin,zoo,window_2,diagnostic_window,zoo,org,one-data-set-out,wilt,voting
wilt,lin,zoo,window_3,diagnostic_window,zoo,org,one-data-set-out,wilt,voting
wilt,lin,zoo,window_4,diagnostic_window,zoo,org,one-data-set-out,wilt,voting
wilt,nn,bim,window_0,diagnostic_window,bim,fgm,one-data-set-out,wilt,voting
wilt,nn,bim,window_1,diagnostic_window,bim,fgm,one-data-set-out,wilt,voting
wilt,nn,bim,window_2,diagnostic_window,bim,fgm,one-data-set-out,wilt,voting
wilt,nn,bim,window_3,diagnostic_window,bim,fgm,one-data-set-out,wilt,voting
wilt,nn,bim,window_4,diagnostic_window,bim,pgd,one-data-set-out,wilt,voting
wilt,nn,fgm,window_0,diagnostic_window,fgm,pgd,one-data-set-out,wilt,voting
wilt,nn,fgm,window_1,diagnostic_window,fgm,fgm,one-data-set-out,wilt,voting
wilt,nn,fgm,window_2,diagnostic_window,fgm,fgm,one-data-set-out,wilt,voting
wilt,nn,fgm,window_3,diagnostic_window,fgm,fgm,one-data-set-out,wilt,voting
wilt,nn,fgm,window_4,diagnostic_window,fgm,fgm,one-data-set-out,wilt,voting
wilt,nn,org,window_0,diagnostic_window,org,org,one-data-set-out,wilt,voting
wilt,nn,org,window_1,diagnostic_window,org,org,one-data-set-out,wilt,voting
wilt,nn,org,window_2,diagnostic_window,org,org,one-data-set-out,wilt,voting
wilt,nn,org,window_3,diagnostic_window,org,org,one-data-set-out,wilt,voting
wilt,nn,org,window_4,diagnostic_window,org,org,one-data-set-out,wilt,voting
wilt,nn,pgd,window_0,diagnostic_window,pgd,pgd,one-data-set-out,wilt,voting
wilt,nn,pgd,window_1,diagnostic_window,pgd,pgd,one-data-set-out,wilt,voting
wilt,nn,pgd,window_2,diagnostic_window,pgd,pgd,one-data-set-out,wilt,voting
wilt,nn,pgd,window_3,diagnostic_window,pgd,fgm,one-data-set-out,wilt,voting
wilt,nn,pgd,window_4,diagnostic_window,pgd,pgd,one-data-set-out,wilt,voting
wilt,svm,hsj,window_0,diagnostic_window,hsj,zoo,one-data-set-out,wilt,voting
wilt,svm,hsj,window_1,diagnostic_window,hsj,zoo,one-data-set-out,wilt,voting
wilt,svm,hsj,window_2,diagnostic_window,hsj,zoo,one-data-set-out,wilt,voting
wilt,svm,hsj,window_3,diagnostic_window,hsj,zoo,one-data-set-out,wilt,voting
wilt,svm,hsj,window_4,diagnostic_window,hsj,zoo,one-data-set-out,wilt,voting
wilt,svm,org,window_0,diagnostic_window,org,org,one-data-set-out,wilt,voting
wilt,svm,org,window_1,diagnostic_window,org,org,one-data-set-out,wilt,voting
wilt,svm,org,window_2,diagnostic_window,org,org,one-data-set-out,wilt,voting
wilt,svm,org,window_3,diagnostic_window,org,org,one-data-set-out,wilt,voting
wilt,svm,org,window_4,diagnostic_window,org,org,one-data-set-out,wilt,voting
wilt,svm,zoo,window_0,diagnostic_window,zoo,hsj,one-data-set-out,wilt,voting
wilt,svm,zoo,window_1,diagnostic_window,zoo,hsj,one-data-set-out,wilt,voting
wilt,svm,zoo,window_2,diagnostic_window,zoo,zoo,one-data-set-out,wilt,voting
wilt,svm,zoo,window_3,diagnostic_window,zoo,zoo,one-data-set-out,wilt,voting
wilt,svm,zoo,window_4,diagnostic_window,zoo,zoo,one-data-set-out,wilt,voting
wilt,xgb,hsj,window_0,diagnostic_window,hsj,zoo,one-data-set-out,wilt,voting
wilt,xgb,hsj,window_1,diagnostic_window,hsj,zoo,one-data-set-out,wilt,voting
wilt,xgb,hsj,window_2,diagnostic_window,hsj,zoo,one-data-set-out,wilt,voting
wilt,xgb,hsj,window_3,diagnostic_window,hsj,zoo,one-data-set-out,wilt,voting
wilt,xgb,hsj,window_4,diagnostic_window,hsj,zoo,one-data-set-out,wilt,voting
wilt,xgb,org,window_0,diagnostic_window,org,org,one-data-set-out,wilt,voting
wilt,xgb,org,window_1,diagnostic_window,org,org,one-data-set-out,wilt,voting
wilt,xgb,org,window_2,diagnostic_window,org,org,one-data-set-out,wilt,voting
wilt,xgb,org,window_3,diagnostic_window,org,org,one-data-set-out,wilt,voting
wilt,xgb,org,window_4,diagnostic_window,org,org,one-data-set-out,wilt,voting
wilt,xgb,zoo,window_0,diagnostic_window,zoo,hsj,one-data-set-out,wilt,voting
wilt,xgb,zoo,window_1,diagnostic_window,zoo,zoo,one-data-set-out,wilt,voting
wilt,xgb,zoo,window_2,diagnostic_window,zoo,hsj,one-data-set-out,wilt,voting
wilt,xgb,zoo,window_3,diagnostic_window,zoo,hsj,one-data-set-out,wilt,voting
wilt,xgb,zoo,window_4,diagnostic_window,zoo,zoo,one-data-set-out,wilt,voting
banknote,lin,hsj,full,full_group,hsj,zoo,one-model-out,lin,voting
banknote,lin,org,full,full_group,org,org,one-model-out,lin,voting
banknote,lin,zoo,full,full_group,zoo,zoo,one-model-out,lin,voting
diabetes,lin,hsj,full,full_group,hsj,hsj,one-model-out,lin,voting
diabetes,lin,org,full,full_group,org,org,one-model-out,lin,voting
diabetes,lin,zoo,full,full_group,zoo,zoo,one-model-out,lin,voting
wilt,lin,hsj,full,full_group,hsj,org,one-model-out,lin,voting
wilt,lin,org,full,full_group,org,org,one-model-out,lin,voting
wilt,lin,zoo,full,full_group,zoo,org,one-model-out,lin,voting
banknote,lin,hsj,window_0,diagnostic_window,hsj,zoo,one-model-out,lin,voting
banknote,lin,hsj,window_1,diagnostic_window,hsj,zoo,one-model-out,lin,voting
banknote,lin,hsj,window_2,diagnostic_window,hsj,zoo,one-model-out,lin,voting
banknote,lin,hsj,window_3,diagnostic_window,hsj,zoo,one-model-out,lin,voting
banknote,lin,hsj,window_4,diagnostic_window,hsj,zoo,one-model-out,lin,voting
banknote,lin,org,window_0,diagnostic_window,org,org,one-model-out,lin,voting
banknote,lin,org,window_1,diagnostic_window,org,org,one-model-out,lin,voting
banknote,lin,org,window_2,diagnostic_window,org,org,one-model-out,lin,voting
banknote,lin,org,window_3,diagnostic_window,org,org,one-model-out,lin,voting
banknote,lin,org,window_4,diagnostic_window,org,org,one-model-out,lin,voting
banknote,lin,zoo,window_0,diagnostic_window,zoo,zoo,one-model-out,lin,voting
banknote,lin,zoo,window_1,diagnostic_window,zoo,hsj,one-model-out,lin,voting
banknote,lin,zoo,window_2,diagnostic_window,zoo,zoo,one-model-out,lin,voting
banknote,lin,zoo,window_3,diagnostic_window,zoo,zoo,one-model-out,lin,voting
banknote,lin,zoo,window_4,diagnostic_window,zoo,zoo,one-model-out,lin,voting
diabetes,lin,hsj,window_0,diagnostic_window,hsj,hsj,one-model-out,lin,voting
diabetes,lin,hsj,window_1,diagnostic_window,hsj,hsj,one-model-out,lin,voting
diabetes,lin,hsj,window_2,diagnostic_window,hsj,hsj,one-model-out,lin,voting
diabetes,lin,hsj,window_3,diagnostic_window,hsj,hsj,one-model-out,lin,voting
diabetes,lin,hsj,window_4,diagnostic_window,hsj,zoo,one-model-out,lin,voting
diabetes,lin,org,window_0,diagnostic_window,org,org,one-model-out,lin,voting
diabetes,lin,org,window_1,diagnostic_window,org,org,one-model-out,lin,voting
diabetes,lin,org,window_2,diagnostic_window,org,org,one-model-out,lin,voting
diabetes,lin,org,window_3,diagnostic_window,org,org,one-model-out,lin,voting
diabetes,lin,org,window_4,diagnostic_window,org,org,one-model-out,lin,voting
diabetes,lin,zoo,window_0,diagnostic_window,zoo,zoo,one-model-out,lin,voting
diabetes,lin,zoo,window_1,diagnostic_window,zoo,zoo,one-model-out,lin,voting
diabetes,lin,zoo,window_2,diagnostic_window,zoo,zoo,one-model-out,lin,voting
diabetes,lin,zoo,window_3,diagnostic_window,zoo,zoo,one-model-out,lin,voting
diabetes,lin,zoo,window_4,diagnostic_window,zoo,zoo,one-model-out,lin,voting
wilt,lin,hsj,window_0,diagnostic_window,hsj,org,one-model-out,lin,voting
wilt,lin,hsj,window_1,diagnostic_window,hsj,org,one-model-out,lin,voting
wilt,lin,hsj,window_2,diagnostic_window,hsj,org,one-model-out,lin,voting
wilt,lin,hsj,window_3,diagnostic_window,hsj,org,one-model-out,lin,voting
wilt,lin,hsj,window_4,diagnostic_window,hsj,org,one-model-out,lin,voting
wilt,lin,org,window_0,diagnostic_window,org,org,one-model-out,lin,voting
wilt,lin,org,window_1,diagnostic_window,org,org,one-model-out,lin,voting
wilt,lin,org,window_2,diagnostic_window,org,org,one-model-out,lin,voting
wilt,lin,org,window_3,diagnostic_window,org,org,one-model-out,lin,voting
wilt,lin,org,window_4,diagnostic_window,org,org,one-model-out,lin,voting
wilt,lin,zoo,window_0,diagnostic_window,zoo,org,one-model-out,lin,voting
wilt,lin,zoo,window_1,diagnostic_window,zoo,org,one-model-out,lin,voting
wilt,lin,zoo,window_2,diagnostic_window,zoo,org,one-model-out,lin,voting
wilt,lin,zoo,window_3,diagnostic_window,zoo,org,one-model-out,lin,voting
wilt,lin,zoo,window_4,diagnostic_window,zoo,org,one-model-out,lin,voting
banknote,nn,bim,full,full_group,bim,org,one-model-out,nn,voting
banknote,nn,fgm,full,full_group,fgm,org,one-model-out,nn,voting
banknote,nn,org,full,full_group,org,org,one-model-out,nn,voting
banknote,nn,pgd,full,full_group,pgd,org,one-model-out,nn,voting
diabetes,nn,bim,full,full_group,bim,org,one-model-out,nn,voting
diabetes,nn,fgm,full,full_group,fgm,org,one-model-out,nn,voting
diabetes,nn,org,full,full_group,org,org,one-model-out,nn,voting
diabetes,nn,pgd,full,full_group,pgd,org,one-model-out,nn,voting
wilt,nn,bim,full,full_group,bim,org,one-model-out,nn,voting
wilt,nn,fgm,full,full_group,fgm,org,one-model-out,nn,voting
wilt,nn,org,full,full_group,org,org,one-model-out,nn,voting
wilt,nn,pgd,full,full_group,pgd,org,one-model-out,nn,voting
banknote,nn,bim,window_0,diagnostic_window,bim,org,one-model-out,nn,voting
banknote,nn,bim,window_1,diagnostic_window,bim,org,one-model-out,nn,voting
banknote,nn,bim,window_2,diagnostic_window,bim,org,one-model-out,nn,voting
banknote,nn,bim,window_3,diagnostic_window,bim,org,one-model-out,nn,voting
banknote,nn,bim,window_4,diagnostic_window,bim,org,one-model-out,nn,voting
banknote,nn,fgm,window_0,diagnostic_window,fgm,org,one-model-out,nn,voting
banknote,nn,fgm,window_1,diagnostic_window,fgm,org,one-model-out,nn,voting
banknote,nn,fgm,window_2,diagnostic_window,fgm,org,one-model-out,nn,voting
banknote,nn,fgm,window_3,diagnostic_window,fgm,org,one-model-out,nn,voting
banknote,nn,fgm,window_4,diagnostic_window,fgm,org,one-model-out,nn,voting
banknote,nn,org,window_0,diagnostic_window,org,org,one-model-out,nn,voting
banknote,nn,org,window_1,diagnostic_window,org,org,one-model-out,nn,voting
banknote,nn,org,window_2,diagnostic_window,org,org,one-model-out,nn,voting
banknote,nn,org,window_3,diagnostic_window,org,org,one-model-out,nn,voting
banknote,nn,org,window_4,diagnostic_window,org,org,one-model-out,nn,voting
banknote,nn,pgd,window_0,diagnostic_window,pgd,org,one-model-out,nn,voting
banknote,nn,pgd,window_1,diagnostic_window,pgd,org,one-model-out,nn,voting
banknote,nn,pgd,window_2,diagnostic_window,pgd,org,one-model-out,nn,voting
banknote,nn,pgd,window_3,diagnostic_window,pgd,org,one-model-out,nn,voting
banknote,nn,pgd,window_4,diagnostic_window,pgd,org,one-model-out,nn,voting
diabetes,nn,bim,window_0,diagnostic_window,bim,org,one-model-out,nn,voting
diabetes,nn,bim,window_1,diagnostic_window,bim,org,one-model-out,nn,voting
diabetes,nn,bim,window_2,diagnostic_window,bim,org,one-model-out,nn,voting
diabetes,nn,bim,window_3,diagnostic_window,bim,org,one-model-out,nn,voting
diabetes,nn,bim,window_4,diagnostic_window,bim,org,one-model-out,nn,voting
diabetes,nn,fgm,window_0,diagnostic_window,fgm,org,one-model-out,nn,voting
diabetes,nn,fgm,window_1,diagnostic_window,fgm,org,one-model-out,nn,voting
diabetes,nn,fgm,window_2,diagnostic_window,fgm,org,one-model-out,nn,voting
diabetes,nn,fgm,window_3,diagnostic_window,fgm,org,one-model-out,nn,voting
diabetes,nn,fgm,window_4,diagnostic_window,fgm,org,one-model-out,nn,voting
diabetes,nn,org,window_0,diagnostic_window,org,org,one-model-out,nn,voting
diabetes,nn,org,window_1,diagnostic_window,org,org,one-model-out,nn,voting
diabetes,nn,org,window_2,diagnostic_window,org,org,one-model-out,nn,voting
diabetes,nn,org,window_3,diagnostic_window,org,org,one-model-out,nn,voting
diabetes,nn,org,window_4,diagnostic_window,org,org,one-model-out,nn,voting
diabetes,nn,pgd,window_0,diagnostic_window,pgd,org,one-model-out,nn,voting
diabetes,nn,pgd,window_1,diagnostic_window,pgd,org,one-model-out,nn,voting
diabetes,nn,pgd,window_2,diagnostic_window,pgd,org,one-model-out,nn,voting
diabetes,nn,pgd,window_3,diagnostic_window,pgd,org,one-model-out,nn,voting
diabetes,nn,pgd,window_4,diagnostic_window,pgd,org,one-model-out,nn,voting
wilt,nn,bim,window_0,diagnostic_window,bim,org,one-model-out,nn,voting
wilt,nn,bim,window_1,diagnostic_window,bim,org,one-model-out,nn,voting
wilt,nn,bim,window_2,diagnostic_window,bim,org,one-model-out,nn,voting
wilt,nn,bim,window_3,diagnostic_window,bim,org,one-model-out,nn,voting
wilt,nn,bim,window_4,diagnostic_window,bim,org,one-model-out,nn,voting
wilt,nn,fgm,window_0,diagnostic_window,fgm,org,one-model-out,nn,voting
wilt,nn,fgm,window_1,diagnostic_window,fgm,org,one-model-out,nn,voting
wilt,nn,fgm,window_2,diagnostic_window,fgm,org,one-model-out,nn,voting
wilt,nn,fgm,window_3,diagnostic_window,fgm,org,one-model-out,nn,voting
wilt,nn,fgm,window_4,diagnostic_window,fgm,org,one-model-out,nn,voting
wilt,nn,org,window_0,diagnostic_window,org,org,one-model-out,nn,voting
wilt,nn,org,window_1,diagnostic_window,org,org,one-model-out,nn,voting
wilt,nn,org,window_2,diagnostic_window,org,org,one-model-out,nn,voting
wilt,nn,org,window_3,diagnostic_window,org,org,one-model-out,nn,voting
wilt,nn,org,window_4,diagnostic_window,org,org,one-model-out,nn,voting
wilt,nn,pgd,window_0,diagnostic_window,pgd,org,one-model-out,nn,voting
wilt,nn,pgd,window_1,diagnostic_window,pgd,org,one-model-out,nn,voting
wilt,nn,pgd,window_2,diagnostic_window,pgd,org,one-model-out,nn,voting
wilt,nn,pgd,window_3,diagnostic_window,pgd,org,one-model-out,nn,voting
wilt,nn,pgd,window_4,diagnostic_window,pgd,org,one-model-out,nn,voting
banknote,svm,hsj,full,full_group,hsj,hsj,one-model-out,svm,voting
banknote,svm,org,full,full_group,org,org,one-model-out,svm,voting
banknote,svm,zoo,full,full_group,zoo,zoo,one-model-out,svm,voting
diabetes,svm,hsj,full,full_group,hsj,hsj,one-model-out,svm,voting
diabetes,svm,org,full,full_group,org,org,one-model-out,svm,voting
diabetes,svm,zoo,full,full_group,zoo,zoo,one-model-out,svm,voting
wilt,svm,hsj,full,full_group,hsj,hsj,one-model-out,svm,voting
wilt,svm,org,full,full_group,org,org,one-model-out,svm,voting
wilt,svm,zoo,full,full_group,zoo,zoo,one-model-out,svm,voting
banknote,svm,hsj,window_0,diagnostic_window,hsj,hsj,one-model-out,svm,voting
banknote,svm,hsj,window_1,diagnostic_window,hsj,hsj,one-model-out,svm,voting
banknote,svm,hsj,window_2,diagnostic_window,hsj,hsj,one-model-out,svm,voting
banknote,svm,hsj,window_3,diagnostic_window,hsj,hsj,one-model-out,svm,voting
banknote,svm,hsj,window_4,diagnostic_window,hsj,hsj,one-model-out,svm,voting
banknote,svm,org,window_0,diagnostic_window,org,org,one-model-out,svm,voting
banknote,svm,org,window_1,diagnostic_window,org,org,one-model-out,svm,voting
banknote,svm,org,window_2,diagnostic_window,org,org,one-model-out,svm,voting
banknote,svm,org,window_3,diagnostic_window,org,org,one-model-out,svm,voting
banknote,svm,org,window_4,diagnostic_window,org,org,one-model-out,svm,voting
banknote,svm,zoo,window_0,diagnostic_window,zoo,zoo,one-model-out,svm,voting
banknote,svm,zoo,window_1,diagnostic_window,zoo,hsj,one-model-out,svm,voting
banknote,svm,zoo,window_2,diagnostic_window,zoo,zoo,one-model-out,svm,voting
banknote,svm,zoo,window_3,diagnostic_window,zoo,zoo,one-model-out,svm,voting
banknote,svm,zoo,window_4,diagnostic_window,zoo,zoo,one-model-out,svm,voting
diabetes,svm,hsj,window_0,diagnostic_window,hsj,hsj,one-model-out,svm,voting
diabetes,svm,hsj,window_1,diagnostic_window,hsj,hsj,one-model-out,svm,voting
diabetes,svm,hsj,window_2,diagnostic_window,hsj,hsj,one-model-out,svm,voting
diabetes,svm,hsj,window_3,diagnostic_window,hsj,hsj,one-model-out,svm,voting
diabetes,svm,hsj,window_4,diagnostic_window,hsj,hsj,one-model-out,svm,voting
diabetes,svm,org,window_0,diagnostic_window,org,org,one-model-out,svm,voting
diabetes,svm,org,window_1,diagnostic_window,org,org,one-model-out,svm,voting
diabetes,svm,org,window_2,diagnostic_window,org,org,one-model-out,svm,voting
diabetes,svm,org,window_3,diagnostic_window,org,org,one-model-out,svm,voting
diabetes,svm,org,window_4,diagnostic_window,org,org,one-model-out,svm,voting
diabetes,svm,zoo,window_0,diagnostic_window,zoo,zoo,one-model-out,svm,voting
diabetes,svm,zoo,window_1,diagnostic_window,zoo,zoo,one-model-out,svm,voting
diabetes,svm,zoo,window_2,diagnostic_window,zoo,zoo,one-model-out,svm,voting
diabetes,svm,zoo,window_3,diagnostic_window,zoo,zoo,one-model-out,svm,voting
diabetes,svm,zoo,window_4,diagnostic_window,zoo,zoo,one-model-out,svm,voting
wilt,svm,hsj,window_0,diagnostic_window,hsj,hsj,one-model-out,svm,voting
wilt,svm,hsj,window_1,diagnostic_window,hsj,hsj,one-model-out,svm,voting
wilt,svm,hsj,window_2,diagnostic_window,hsj,hsj,one-model-out,svm,voting
wilt,svm,hsj,window_3,diagnostic_window,hsj,hsj,one-model-out,svm,voting
wilt,svm,hsj,window_4,diagnostic_window,hsj,hsj,one-model-out,svm,voting
wilt,svm,org,window_0,diagnostic_window,org,org,one-model-out,svm,voting
wilt,svm,org,window_1,diagnostic_window,org,org,one-model-out,svm,voting
wilt,svm,org,window_2,diagnostic_window,org,org,one-model-out,svm,voting
wilt,svm,org,window_3,diagnostic_window,org,org,one-model-out,svm,voting
wilt,svm,org,window_4,diagnostic_window,org,org,one-model-out,svm,voting
wilt,svm,zoo,window_0,diagnostic_window,zoo,zoo,one-model-out,svm,voting
wilt,svm,zoo,window_1,diagnostic_window,zoo,zoo,one-model-out,svm,voting
wilt,svm,zoo,window_2,diagnostic_window,zoo,zoo,one-model-out,svm,voting
wilt,svm,zoo,window_3,diagnostic_window,zoo,zoo,one-model-out,svm,voting
wilt,svm,zoo,window_4,diagnostic_window,zoo,zoo,one-model-out,svm,voting
banknote,xgb,hsj,full,full_group,hsj,hsj,one-model-out,xgb,voting
banknote,xgb,org,full,full_group,org,org,one-model-out,xgb,voting
banknote,xgb,zoo,full,full_group,zoo,zoo,one-model-out,xgb,voting
diabetes,xgb,hsj,full,full_group,hsj,zoo,one-model-out,xgb,voting
diabetes,xgb,org,full,full_group,org,org,one-model-out,xgb,voting
diabetes,xgb,zoo,full,full_group,zoo,zoo,one-model-out,xgb,voting
wilt,xgb,hsj,full,full_group,hsj,hsj,one-model-out,xgb,voting
wilt,xgb,org,full,full_group,org,org,one-model-out,xgb,voting
wilt,xgb,zoo,full,full_group,zoo,zoo,one-model-out,xgb,voting
banknote,xgb,hsj,window_0,diagnostic_window,hsj,hsj,one-model-out,xgb,voting
banknote,xgb,hsj,window_1,diagnostic_window,hsj,hsj,one-model-out,xgb,voting
banknote,xgb,hsj,window_2,diagnostic_window,hsj,hsj,one-model-out,xgb,voting
banknote,xgb,hsj,window_3,diagnostic_window,hsj,hsj,one-model-out,xgb,voting
banknote,xgb,hsj,window_4,diagnostic_window,hsj,hsj,one-model-out,xgb,voting
banknote,xgb,org,window_0,diagnostic_window,org,org,one-model-out,xgb,voting
banknote,xgb,org,window_1,diagnostic_window,org,org,one-model-out,xgb,voting
banknote,xgb,org,window_2,diagnostic_window,org,org,one-model-out,xgb,voting
banknote,xgb,org,window_3,diagnostic_window,org,org,one-model-out,xgb,voting
banknote,xgb,org,window_4,diagnostic_window,org,org,one-model-out,xgb,voting
banknote,xgb,zoo,window_0,diagnostic_window,zoo,zoo,one-model-out,xgb,voting
banknote,xgb,zoo,window_1,diagnostic_window,zoo,hsj,one-model-out,xgb,voting
banknote,xgb,zoo,window_2,diagnostic_window,zoo,zoo,one-model-out,xgb,voting
banknote,xgb,zoo,window_3,diagnostic_window,zoo,hsj,one-model-out,xgb,voting
banknote,xgb,zoo,window_4,diagnostic_window,zoo,zoo,one-model-out,xgb,voting
diabetes,xgb,hsj,window_0,diagnostic_window,hsj,zoo,one-model-out,xgb,voting
diabetes,xgb,hsj,window_1,diagnostic_window,hsj,zoo,one-model-out,xgb,voting
diabetes,xgb,hsj,window_2,diagnostic_window,hsj,zoo,one-model-out,xgb,voting
diabetes,xgb,hsj,window_3,diagnostic_window,hsj,zoo,one-model-out,xgb,voting
diabetes,xgb,hsj,window_4,diagnostic_window,hsj,zoo,one-model-out,xgb,voting
diabetes,xgb,org,window_0,diagnostic_window,org,org,one-model-out,xgb,voting
diabetes,xgb,org,window_1,diagnostic_window,org,org,one-model-out,xgb,voting
diabetes,xgb,org,window_2,diagnostic_window,org,org,one-model-out,xgb,voting
diabetes,xgb,org,window_3,diagnostic_window,org,org,one-model-out,xgb,voting
diabetes,xgb,org,window_4,diagnostic_window,org,org,one-model-out,xgb,voting
diabetes,xgb,zoo,window_0,diagnostic_window,zoo,zoo,one-model-out,xgb,voting
diabetes,xgb,zoo,window_1,diagnostic_window,zoo,zoo,one-model-out,xgb,voting
diabetes,xgb,zoo,window_2,diagnostic_window,zoo,zoo,one-model-out,xgb,voting
diabetes,xgb,zoo,window_3,diagnostic_window,zoo,zoo,one-model-out,xgb,voting
diabetes,xgb,zoo,window_4,diagnostic_window,zoo,zoo,one-model-out,xgb,voting
wilt,xgb,hsj,window_0,diagnostic_window,hsj,hsj,one-model-out,xgb,voting
wilt,xgb,hsj,window_1,diagnostic_window,hsj,hsj,one-model-out,xgb,voting
wilt,xgb,hsj,window_2,diagnostic_window,hsj,hsj,one-model-out,xgb,voting
wilt,xgb,hsj,window_3,diagnostic_window,hsj,hsj,one-model-out,xgb,voting
wilt,xgb,hsj,window_4,diagnostic_window,hsj,hsj,one-model-out,xgb,voting
wilt,xgb,org,window_0,diagnostic_window,org,org,one-model-out,xgb,voting
wilt,xgb,org,window_1,diagnostic_window,org,org,one-model-out,xgb,voting
wilt,xgb,org,window_2,diagnostic_window,org,org,one-model-out,xgb,voting
wilt,xgb,org,window_3,diagnostic_window,org,org,one-model-out,xgb,voting
wilt,xgb,org,window_4,diagnostic_window,org,org,one-model-out,xgb,voting
wilt,xgb,zoo,window_0,diagnostic_window,zoo,zoo,one-model-out,xgb,voting
wilt,xgb,zoo,window_1,diagnostic_window,zoo,zoo,one-model-out,xgb,voting
wilt,xgb,zoo,window_2,diagnostic_window,zoo,zoo,one-model-out,xgb,voting
wilt,xgb,zoo,window_3,diagnostic_window,zoo,zoo,one-model-out,xgb,voting
wilt,xgb,zoo,window_4,diagnostic_window,zoo,zoo,one-model-out,xgb,voting
