dataset,model,attack,bacc_test,n_test,n_classes,neighborhood_size_mean,neighborhood_size_q0,neighborhood_size_q25,neighborhood_size_q50,neighborhood_size_q75,neighborhood_size_q1,neighborhood_size_minmax,uncertainty_mean,uncertainty_q0,uncertainty_q25,uncertainty_q50,uncertainty_q75,uncertainty_q1,uncertainty_minmax,target_approx_consistency_in_neighborhood_mean,target_approx_consistency_in_neighborhood_q0,target_approx_consistency_in_neighborhood_q25,target_approx_consistency_in_neighborhood_q50,target_approx_consistency_in_neighborhood_q75,target_approx_consistency_in_neighborhood_q1,target_approx_consistency_in_neighborhood_minmax,pred_targets_consistency_in_neighborhood_mean,pred_targets_consistency_in_neighborhood_q0,pred_targets_consistency_in_neighborhood_q25,pred_targets_consistency_in_neighborhood_q50,pred_targets_consistency_in_neighborhood_q75,pred_targets_consistency_in_neighborhood_q1,pred_targets_consistency_in_neighborhood_minmax,target_targets_consistency_in_neighborhood_mean,target_targets_consistency_in_neighborhood_q0,target_targets_consistency_in_neighborhood_q25,target_targets_consistency_in_neighborhood_q50,target_targets_consistency_in_neighborhood_q75,target_targets_consistency_in_neighborhood_q1,target_targets_consistency_in_neighborhood_minmax,targets_and_approxs_consistency_in_neighborhood_mean,targets_and_approxs_consistency_in_neighborhood_q0,targets_and_approxs_consistency_in_neighborhood_q25,targets_and_approxs_consistency_in_neighborhood_q50,targets_and_approxs_consistency_in_neighborhood_q75,targets_and_approxs_consistency_in_neighborhood_q1,targets_and_approxs_consistency_in_neighborhood_minmax,target_diversity_in_neighborhood_mean,target_diversity_in_neighborhood_q0,target_diversity_in_neighborhood_q25,target_diversity_in_neighborhood_q50,target_diversity_in_neighborhood_q75,target_diversity_in_neighborhood_q1,target_diversity_in_neighborhood_minmax,approx_diversity_in_neighborhood_mean,approx_diversity_in_neighborhood_q0,approx_diversity_in_neighborhood_q25,approx_diversity_in_neighborhood_q50,approx_diversity_in_neighborhood_q75,approx_diversity_in_neighborhood_q1,approx_diversity_in_neighborhood_minmax,window_id,window_source,window_rows
banknote,lin,hsj,0.0376084860173577,275,2,23.145454545454545,1.0,15.0,26.0,32.0,32.0,31.0,0.9812670324735042,0.9292543271403598,0.9732456454189304,0.982738892961421,0.9913716392238872,0.9999997949833538,0.07074546784299396,0.5355606133352292,0.0,0.38278388278388276,0.5,0.6511156186612577,1.0,1.0,0.47535045066055803,0.0,0.35098522167487683,0.5,0.6153846153846154,1.0,1.0,0.5366322587868573,0.0,0.40625,0.5,0.6770833333333333,1.0,1.0,0.9192105018004161,0.5,0.875,0.90625,0.96875,1.0,0.5,0.7987378983198499,4.1305960435927445e-11,0.783238211746677,0.954434002924965,0.9940302114769566,1.0,0.999999999958694,0.8442272198501884,4.1305960435927445e-11,0.8112781244591328,0.954434002924965,0.9886994082884974,1.0,0.999999999958694,full,full_group,
banknote,lin,org,0.9582931533269046,275,2,25.483636363636364,1.0,19.0,32.0,32.0,32.0,31.0,0.513416699002667,0.0649797760032788,0.32831251050355403,0.474777964502311,0.6709432374532384,0.9999881311860552,0.9350083551827765,0.9317696390139196,0.25,0.956439393939394,1.0,1.0,1.0,0.75,0.9359988490346859,0.0,0.9354166666666666,1.0,1.0,1.0,1.0,0.943067080367623,0.375,0.9375,1.0,1.0,1.0,0.625,0.9609792832523871,0.5,0.9212962962962963,1.0,1.0,1.0,0.5,0.18236662053860858,4.1305960435927445e-11,4.1305960435927445e-11,4.1305960435927445e-11,0.3372900666170139,1.0,0.999999999958694,0.18941358203710162,4.1305960435927445e-11,4.1305960435927445e-11,4.1305960435927445e-11,0.2583236403181057,1.0,0.999999999958694,full,full_group,
banknote,lin,zoo,0.0964320154291224,275,2,23.10909090909091,1.0,15.5,26.0,32.0,32.0,31.0,0.9705028604057485,0.7482382864057876,0.9705230168801555,0.9972887806497734,0.9997563488766243,0.9999999998784624,0.25176171347267484,0.586307824003293,0.125,0.40625,0.5769230769230769,0.75,1.0,0.875,0.42853134392475617,0.0,0.28125,0.4375,0.59375,1.0,1.0,0.5874359002203536,0.0454545454545454,0.40625,0.5625,0.75,1.0,0.9545454545454546,0.9283143522665243,0.5,0.9032258064516128,0.9375,1.0,1.0,0.5,0.7903205752691979,4.1305960435927445e-11,0.7610414845235078,0.9283620723948678,0.9852281360342516,1.0,0.999999999958694,0.7993762529074074,4.1305960435927445e-11,0.74959525725948,0.9283620723948678,0.9809047717576251,1.0,0.999999999958694,full,full_group,
banknote,nn,bim,0.0,275,2,8.796363636363637,1.0,1.0,5.0,14.0,32.0,31.0,0.0017398331978655014,4.130580026464068e-11,4.130580026464068e-11,4.130580026464068e-11,4.193515381317106e-10,0.3808226311413171,0.3808226311000113,0.0487875864317176,0.0,0.0,0.0,0.0,1.0,1.0,0.9512124135682825,0.0,1.0,1.0,1.0,1.0,1.0,0.0487875864317176,0.0,0.0,0.0,0.0,1.0,1.0,1.0,1.0,1.0,1.0,1.0,1.0,0.0,0.06309302842871264,4.1305960435927445e-11,4.1305960435927445e-11,4.1305960435927445e-11,4.1305960435927445e-11,0.998363672593813,0.998363672552507,0.06309302842871264,4.1305960435927445e-11,4.1305960435927445e-11,4.1305960435927445e-11,4.1305960435927445e-11,0.998363672593813,0.998363672552507,full,full_group,
banknote,nn,fgm,0.0,275,2,7.530909090909091,1.0,1.0,5.0,12.0,30.0,29.0,0.0012883129886998097,4.130580026464068e-11,4.130580026464068e-11,4.130580026464068e-11,4.618033275506453e-10,0.2478158208898603,0.2478158208485545,0.0487875864317176,0.0,0.0,0.0,0.0,1.0,1.0,0.9512124135682825,0.0,1.0,1.0,1.0,1.0,1.0,0.0487875864317176,0.0,0.0,0.0,0.0,1.0,1.0,1.0,1.0,1.0,1.0,1.0,1.0,0.0,0.06309302842871264,4.1305960435927445e-11,4.1305960435927445e-11,4.1305960435927445e-11,4.1305960435927445e-11,0.998363672593813,0.998363672552507,0.06309302842871264,4.1305960435927445e-11,4.1305960435927445e-11,4.1305960435927445e-11,4.1305960435927445e-11,0.998363672593813,0.998363672552507,full,full_group,
banknote,nn,org,1.0,275,2,25.487272727272728,1.0,19.0,32.0,32.0,32.0,31.0,0.007892391076206373,4.130580026464068e-11,2.3363102733243644e-08,4.0749066131706033e-07,4.289350812229059e-05,0.5204205762991496,0.5204205762578438,0.9433144065708317,0.375,0.9375,1.0,1.0,1.0,0.625,0.9433144065708317,0.375,0.9375,1.0,1.0,1.0,0.625,0.9433144065708317,0.375,0.9375,1.0,1.0,1.0,0.625,1.0,1.0,1.0,1.0,1.0,1.0,0.0,0.18229329612589049,4.1305960435927445e-11,4.1305960435927445e-11,4.1305960435927445e-11,0.3372900666170139,1.0,0.999999999958694,0.18229329612589049,4.1305960435927445e-11,4.1305960435927445e-11,4.1305960435927445e-11,0.3372900666170139,1.0,0.999999999958694,full,full_group,
banknote,nn,pgd,0.0,275,2,7.530909090909091,1.0,1.0,5.0,12.0,30.0,29.0,0.0005132639503243525,4.130580026464068e-11,4.130580026464068e-11,4.130580026464068e-11,5.28810240559137e-11,0.0905798670160406,0.09057986697473479,0.0487875864317176,0.0,0.0,0.0,0.0,1.0,1.0,0.9512124135682825,0.0,1.0,1.0,1.0,1.0,1.0,0.0487875864317176,0.0,0.0,0.0,0.0,1.0,1.0,1.0,1.0,1.0,1.0,1.0,1.0,0.0,0.06309302842871264,4.1305960435927445e-11,4.1305960435927445e-11,4.1305960435927445e-11,4.1305960435927445e-11,0.998363672593813,0.998363672552507,0.06309302842871264,4.1305960435927445e-11,4.1305960435927445e-11,4.1305960435927445e-11,4.1305960435927445e-11,0.998363672593813,0.998363672552507,full,full_group,
banknote,svm,hsj,0.0,275,2,26.014545454545456,1.0,21.0,32.0,32.0,32.0,31.0,0.7476172662772538,0.3752575977017747,0.6528538923553728,0.7678617705040935,0.8514003267145138,0.9951512433455264,0.6198936456437517,0.6519720986473211,0.0,0.5236895161290323,0.7142857142857143,0.84375,1.0,1.0,0.34802790135267875,0.0,0.15625,0.2857142857142857,0.47631048387096775,1.0,1.0,0.6519720986473211,0.0,0.5236895161290323,0.7142857142857143,0.84375,1.0,1.0,1.0,1.0,1.0,1.0,1.0,1.0,0.0,0.710026766091245,4.1305960435927445e-11,0.5831542382100035,0.8112781244591328,0.9283620723948678,1.0,0.999999999958694,0.710026766091245,4.1305960435927445e-11,0.5831542382100035,0.8112781244591328,0.9283620723948678,1.0,0.999999999958694,full,full_group,
banknote,svm,org,1.0,275,2,25.483636363636364,1.0,19.0,32.0,32.0,32.0,31.0,0.020403021111732703,5.286466088355394e-09,4.8881878446325726e-05,0.0004543851380651,0.00735146485379885,0.8339581199707733,0.8339581146843073,0.943067080367623,0.375,0.9375,1.0,1.0,1.0,0.625,0.943067080367623,0.375,0.9375,1.0,1.0,1.0,0.625,0.943067080367623,0.375,0.9375,1.0,1.0,1.0,0.625,1.0,1.0,1.0,1.0,1.0,1.0,0.0,0.18236662053860858,4.1305960435927445e-11,4.1305960435927445e-11,4.1305960435927445e-11,0.3372900666170139,1.0,0.999999999958694,0.18236662053860858,4.1305960435927445e-11,4.1305960435927445e-11,4.1305960435927445e-11,0.3372900666170139,1.0,0.999999999958694,full,full_group,
banknote,svm,zoo,0.1241830065359477,275,2,24.62181818181818,1.0,17.0,31.0,32.0,32.0,31.0,0.8605557248720958,3.135755371913913e-06,0.889998215051562,0.9983588520789152,0.9998726586510246,1.0,0.9999968642446281,0.6962288270242925,0.0,0.5625,0.75,0.8911764705882352,1.0,1.0,0.4230947153823946,0.0,0.16954022988505746,0.34375,0.6846590909090908,1.0,1.0,0.6962288270242925,0.0,0.5625,0.75,0.8911764705882352,1.0,1.0,1.0,1.0,1.0,1.0,1.0,1.0,0.0,0.6325261041279492,4.1305960435927445e-11,0.4488644887230295,0.787126586201269,0.9233289532246787,1.0,0.999999999958694,0.6325261041279492,4.1305960435927445e-11,0.4488644887230295,0.787126586201269,0.9233289532246787,1.0,0.999999999958694,full,full_group,
banknote,xgb,hsj,0.0032679738562091,275,2,25.247272727272726,1.0,20.0,32.0,32.0,32.0,31.0,0.379028430457647,5.629246792812578e-07,0.04676292735305425,0.2654835989450378,0.7097527449730122,0.9999998202533036,0.9999992573286243,0.6194899307094537,0.0,0.46770833333333334,0.6666666666666666,0.8086080586080586,1.0,1.0,0.3834587916208476,0.0,0.19139194139194135,0.3333333333333333,0.5416666666666667,1.0,1.0,0.620177572015516,0.0,0.4666666666666667,0.6666666666666666,0.8110119047619048,1.0,1.0,0.997713957095536,0.8,1.0,1.0,1.0,1.0,0.19999999999999996,0.7509297979600105,4.1305960435927445e-11,0.631324952222807,0.8571484374283717,0.954434002924965,1.0,0.999999999958694,0.7519570102199177,4.1305960435927445e-11,0.6437049604352726,0.8453509366224364,0.954434002924965,1.0,0.999999999958694,full,full_group,
banknote,xgb,org,0.9967320261437908,275,2,25.483636363636364,1.0,19.0,32.0,32.0,32.0,31.0,4.638541849135129e-05,4.130580026464068e-11,8.211367922496199e-09,4.404525150671157e-08,3.1930593955840076e-07,0.0063883699596207,0.0063883699183149,0.9409183200370446,0.375,0.9354166666666666,1.0,1.0,1.0,0.625,0.9394307167312593,0.0,0.9375,1.0,1.0,1.0,1.0,0.943067080367623,0.375,0.9375,1.0,1.0,1.0,0.625,0.9978512396694214,0.5,1.0,1.0,1.0,1.0,0.5,0.18236662053860858,4.1305960435927445e-11,4.1305960435927445e-11,4.1305960435927445e-11,0.3372900666170139,1.0,0.999999999958694,0.1876011550362046,4.1305960435927445e-11,4.1305960435927445e-11,4.1305960435927445e-11,0.3453247008192176,1.0,0.999999999958694,full,full_group,
banknote,xgb,zoo,0.1512643308689596,275,2,20.509090909090908,1.0,9.0,24.0,32.0,32.0,31.0,0.3131793852016377,2.9313554157550503e-10,0.0002505598713085,0.0856749503535453,0.6548547007067211,0.9999993355554504,0.9999993352623149,0.642029821906865,0.0,0.4,0.6785714285714286,1.0,1.0,1.0,0.516274094870012,0.0,0.25,0.5,0.787176724137931,1.0,1.0,0.6437259051299881,0.0,0.4,0.6785714285714286,1.0,1.0,1.0,0.9969518668660033,0.5,1.0,1.0,1.0,1.0,0.5,0.5657871996269056,4.1305960435927445e-11,4.1305960435927445e-11,0.7793498372920851,0.9283620723948678,1.0,0.999999999958694,0.5676521579036612,4.1305960435927445e-11,4.1305960435927445e-11,0.7706290693639406,0.9283620723948678,1.0,0.999999999958694,full,full_group,
diabetes,lin,hsj,0.3242592592592592,154,2,23.792207792207794,1.0,15.0,31.5,32.0,32.0,31.0,0.993106522162529,0.9308419516256856,0.9902877593023192,0.996060692921207,0.9990140279689337,0.9999999376838824,0.06915798605819679,0.5853737446560207,0.0,0.38448275862068965,0.6583333333333333,0.78125,1.0,1.0,0.45273184373199865,0.0,0.34375,0.4375,0.5607638888888888,1.0,1.0,0.5545189846725371,0.2,0.4411111111111111,0.5625,0.65625,1.0,0.8,0.6863886308100627,0.0,0.625,0.6875,0.75,1.0,1.0,0.919044287811141,4.1305960435927445e-11,0.8960382325345574,0.954434002924965,0.9886994082884974,1.0,0.999999999958694,0.7932811561611925,4.1305960435927445e-11,0.6962122601251458,0.8571484374283717,0.954434002924965,1.0,0.999999999958694,full,full_group,
diabetes,lin,org,0.6757407407407408,154,2,23.51948051948052,1.0,14.0,31.5,32.0,32.0,31.0,0.7758196899564574,0.0883268472276422,0.6377381402862357,0.8272850508283709,0.948239822336481,0.9999892000820731,0.911662352854431,0.6865661853328908,0.0,0.4545454545454545,0.8181818181818182,1.0,1.0,1.0,0.6961026080890252,0.0,0.5625,0.71875,0.875,1.0,1.0,0.6651322256576039,0.09375,0.5046296296296297,0.7165178571428572,0.875,1.0,0.90625,0.75095621500497,0.0,0.6439075630252101,0.75,0.875,1.0,1.0,0.7411894884266901,4.1305960435927445e-11,0.5435644431995964,0.8283145305407846,0.9692326370430588,1.0,0.999999999958694,0.4348051070834868,4.1305960435927445e-11,4.1305960435927445e-11,0.3372900666170139,0.8786842917318607,1.0,0.999999999958694,full,full_group,
diabetes,lin,zoo,0.0648148148148148,154,2,21.116883116883116,1.0,11.0,22.5,32.0,32.0,31.0,0.9651628770779926,0.521949667675576,0.9698546989518784,0.9929758436389504,0.9991594094634405,0.999998591208214,0.47804892353263795,0.538969652954068,0.0,0.3460477941176471,0.6,0.75,1.0,1.0,0.49062944773668715,0.0,0.3684210526315789,0.4772256728778468,0.59375,1.0,1.0,0.519862363084071,0.0,0.4090909090909091,0.5370879120879121,0.631578947368421,1.0,1.0,0.6730840755732226,0.0,0.6092995169082126,0.6875,0.75,1.0,1.0,0.8832773960197081,4.1305960435927445e-11,0.8658356884568128,0.954434002924965,0.9886994082884974,1.0,0.999999999958694,0.7143655859960432,4.1305960435927445e-11,0.6252624052234231,0.8409958392818019,0.9449160257643531,1.0,0.999999999958694,full,full_group,
diabetes,nn,bim,0.2781481481481481,154,2,9.96103896103896,1.0,3.0,7.0,16.0,32.0,31.0,0.34399976325703097,0.0024006044363136,0.0758199077793304,0.33050248086961564,0.5447010547468051,0.9999946593297876,0.997594054893474,0.5252299620212348,0.0,0.20555555555555555,0.5590277777777778,0.8250000000000001,1.0,1.0,0.6383980554504788,0.0,0.5,0.6363636363636364,0.8671875,1.0,1.0,0.5255475479884647,0.0,0.3333333333333333,0.5,0.7424999999999999,1.0,1.0,0.7084017316573011,0.0,0.5714285714285714,0.7142857142857143,1.0,1.0,1.0,0.6304140218878486,4.1305960435927445e-11,4.1305960435927445e-11,0.8601345029975014,0.9852281360342516,1.0,0.999999999958694,0.525684222840092,4.1305960435927445e-11,4.1305960435927445e-11,0.7219280948873623,0.954434002924965,1.0,0.999999999958694,full,full_group,
diabetes,nn,fgm,0.3201851851851852,154,2,8.11038961038961,1.0,1.0,5.0,12.0,32.0,31.0,0.3870757708351193,0.0005187217130206,0.13361367965102042,0.3287497957512705,0.5932731744648474,0.998991776402436,0.9984730546894154,0.5226266668747253,0.0,0.0,0.5486111111111112,1.0,1.0,1.0,0.6843626417675264,0.0,0.5,0.7142857142857143,1.0,1.0,1.0,0.4720049975885375,0.0,0.2,0.45227272727272727,0.7395833333333334,1.0,1.0,0.6849079390044104,0.0,0.5,0.7,1.0,1.0,1.0,0.5353527892293815,4.1305960435927445e-11,4.1305960435927445e-11,0.7399032787128789,0.9595359542733982,1.0,0.999999999958694,0.40104184510633417,4.1305960435927445e-11,4.1305960435927445e-11,4.1305960435927445e-11,0.879463436454859,1.0,0.999999999958694,full,full_group,
diabetes,nn,org,0.6757407407407408,154,2,23.51948051948052,1.0,14.0,31.5,32.0,32.0,31.0,0.5201870235827267,0.0002297424487973,0.1296046706755347,0.5653219079175429,0.896362104565724,0.9996733128874544,0.9994435704386572,0.6935591319997505,0.0,0.4511363636363636,0.80625,1.0,1.0,1.0,0.7023939908555861,0.0,0.5647321428571428,0.71875,0.875,1.0,1.0,0.6651322256576039,0.09375,0.5046296296296297,0.7165178571428572,0.875,1.0,0.90625,0.7564016364933656,0.0,0.65625,0.7619047619047619,0.875,1.0,1.0,0.7411894884266901,4.1305960435927445e-11,0.5435644431995964,0.8283145305407846,0.9692326370430588,1.0,0.999999999958694,0.4731877063593994,4.1305960435927445e-11,4.1305960435927445e-11,0.5330619088682687,0.8571484374283717,1.0,0.999999999958694,full,full_group,
diabetes,nn,pgd,0.3372222222222222,154,2,11.62987012987013,1.0,4.0,8.0,17.0,32.0,31.0,0.30995819673687375,0.0086791873242586,0.08193150706367885,0.22862000026215934,0.4589580384847927,0.9987928029770122,0.9901136156527536,0.5477883434919145,0.0,0.25,0.6,0.857489224137931,1.0,1.0,0.6083616925859628,0.0,0.40156250000000004,0.6125,0.8,1.0,1.0,0.5665563037501006,0.0,0.3664772727272727,0.5741758241758241,0.75,1.0,1.0,0.6842491775357851,0.0,0.5339285714285714,0.7,0.9068181818181819,1.0,1.0,0.6868904770746745,4.1305960435927445e-11,0.5032583347756457,0.8839158960263913,0.9709505944546688,1.0,0.999999999958694,0.5245946341921782,4.1305960435927445e-11,4.1305960435927445e-11,0.709070177506254,0.9182958340544894,1.0,0.999999999958694,full,full_group,
diabetes,svm,hsj,0.2987037037037037,154,2,24.27922077922078,1.0,16.0,32.0,32.0,32.0,31.0,0.9840601040170884,0.904181732549425,0.978691304386451,0.9920200069494455,0.9979471854878119,1.0,0.09581826745057498,0.5818839123793165,0.0,0.40625,0.6220238095238095,0.78125,1.0,1.0,0.4175208785070256,0.0,0.28125,0.40625,0.53125,0.8,0.8,0.5818185134882711,0.21875,0.46875,0.5909926470588236,0.71875,1.0,0.78125,0.6855580674265034,0.0,0.59375,0.6875,0.75,1.0,1.0,0.881958940273721,4.1305960435927445e-11,0.8571484374283717,0.9233289532246787,0.9886994082884974,1.0,0.999999999958694,0.7906724622318434,4.1305960435927445e-11,0.6962122601251458,0.8571484374283717,0.9633682247868907,1.0,0.999999999958694,full,full_group,
diabetes,svm,org,0.7012962962962963,154,2,23.51948051948052,1.0,14.0,31.5,32.0,32.0,31.0,0.6979254810809069,0.2078876074330256,0.493194047405071,0.74207712478249,0.9005873366639713,1.0,0.7921123925669744,0.6914812427757459,0.0,0.45629370629370625,0.78125,1.0,1.0,1.0,0.6953800756059146,0.2142857142857142,0.5555555555555556,0.71875,0.875,1.0,0.7857142857142858,0.6651322256576039,0.09375,0.5046296296296297,0.7165178571428572,0.875,1.0,0.90625,0.7558781805311906,0.25,0.6428571428571429,0.75,0.875,1.0,0.75,0.7411894884266901,4.1305960435927445e-11,0.5435644431995964,0.8283145305407846,0.9692326370430588,1.0,0.999999999958694,0.4868528814056763,4.1305960435927445e-11,4.1305960435927445e-11,0.5435644431995964,0.8739810481273579,1.0,0.999999999958694,full,full_group,
diabetes,svm,zoo,0.1562962962962963,154,2,21.68831168831169,1.0,11.0,26.5,32.0,32.0,31.0,0.9281896205001731,0.306209141259559,0.9115964886173703,0.9802783805006939,0.997004969902834,1.0,0.693790858740441,0.5811516164936942,0.0,0.34375,0.6282894736842105,0.84375,1.0,1.0,0.5071486193567686,0.0,0.3333333333333333,0.5,0.65625,1.0,1.0,0.5786091180816411,0.0,0.4375,0.5916666666666667,0.7458333333333333,1.0,1.0,0.7067111303626187,0.25,0.6092032967032966,0.6875,0.7953125000000001,1.0,0.75,0.8300929504689313,4.1305960435927445e-11,0.8112781244591328,0.9283620723948678,0.983888291188477,1.0,0.999999999958694,0.6724206925165486,4.1305960435927445e-11,0.5435644431995964,0.7578784625383954,0.937555375506403,1.0,0.999999999958694,full,full_group,
diabetes,xgb,hsj,0.2894444444444444,154,2,22.538961038961038,1.0,11.25,30.5,32.0,32.0,31.0,0.8483512345464124,0.1248662948648725,0.7888778647154038,0.9449394853079408,0.9930294846825993,0.999998952874934,0.8751326580100616,0.648056754523434,0.0,0.48611111111111105,0.6858552631578947,0.8854166666666666,1.0,1.0,0.3532916118937559,0.0,0.1875,0.3125,0.5,1.0,1.0,0.6366294140613328,0.0,0.5,0.6666666666666666,0.8125,1.0,1.0,0.7419332301713364,0.0,0.6428571428571429,0.75,0.84375,1.0,1.0,0.7723754961833695,4.1305960435927445e-11,0.6962122601251458,0.8571484374283717,0.9744894033980523,1.0,0.999999999958694,0.6679257869106298,4.1305960435927445e-11,0.4488644887230295,0.764253765951168,0.9659836656131343,1.0,0.999999999958694,full,full_group,
diabetes,xgb,org,0.7105555555555556,154,2,23.51948051948052,1.0,14.0,31.5,32.0,32.0,31.0,0.3235317273474033,0.0012200234445541,0.03664324139648425,0.1907841319306538,0.5392620462928188,0.999723994507054,0.9985039710624999,0.6776543098222528,0.0,0.5,0.7165178571428572,0.9661458333333334,1.0,1.0,0.6717582535645643,0.0,0.5,0.7165178571428572,0.875,1.0,1.0,0.6651322256576039,0.09375,0.5046296296296297,0.7165178571428572,0.875,1.0,0.90625,0.7493388221548832,0.0,0.6428571428571429,0.7795138888888888,0.875,1.0,1.0,0.7411894884266901,4.1305960435927445e-11,0.5435644431995964,0.8283145305407846,0.9692326370430588,1.0,0.999999999958694,0.5945551392150168,4.1305960435927445e-11,0.2006223243127146,0.709070177506254,0.954434002924965,1.0,0.999999999958694,full,full_group,
diabetes,xgb,zoo,0.1035185185185185,154,2,19.766233766233768,1.0,9.0,22.0,32.0,32.0,31.0,0.6393430451848972,0.0011893616542379,0.32005017628077814,0.763668404506876,0.9615607740326648,0.9997919264457852,0.9986025647915473,0.6180773918982867,0.0,0.5,0.6055555555555556,0.8609375,1.0,1.0,0.4366249274071854,0.0,0.25,0.42118226600985215,0.6171875,1.0,1.0,0.6324991754019824,0.0,0.5,0.6363636363636364,0.78125,1.0,1.0,0.7312556865347342,0.0,0.625,0.71875,0.84375,1.0,1.0,0.7421285891486323,4.1305960435927445e-11,0.6962122601251458,0.8904916402194913,0.9749616495551625,1.0,0.999999999958694,0.6741990258239533,4.1305960435927445e-11,0.4488644887230295,0.8112781244591328,0.9852281360342516,1.0,0.999999999958694,full,full_group,
wilt,lin,hsj,0.5,968,2,22.77995867768595,1.0,12.0,31.5,32.0,32.0,31.0,0.29506091796680517,0.0666637950331926,0.23443539976903324,0.28353367220754666,0.35144800508962964,0.589947550534201,0.5232837555010084,0.9431818181818182,0.0,1.0,1.0,1.0,1.0,1.0,0.939090798853578,0.5,0.90625,0.96875,1.0,1.0,0.5,0.9023280339869254,0.03125,0.90625,0.96875,1.0,1.0,0.96875,0.939090798853578,0.5,0.90625,0.96875,1.0,1.0,0.5,0.25340396364585066,4.1305960435927445e-11,4.1305960435927445e-11,0.2006223243127146,0.4488644887230295,1.0,0.999999999958694,4.130596043592743e-11,4.1305960435927445e-11,4.1305960435927445e-11,4.1305960435927445e-11,4.1305960435927445e-11,4.1305960435927445e-11,0.0,full,full_group,
wilt,lin,org,0.5,968,2,22.77995867768595,1.0,12.0,31.5,32.0,32.0,31.0,0.29464725257729835,0.0645033087912344,0.23381699217209323,0.28306988384942383,0.3508541172445278,0.5900787608904458,0.5255754520992113,0.9431818181818182,0.0,1.0,1.0,1.0,1.0,1.0,0.939090798853578,0.5,0.90625,0.96875,1.0,1.0,0.5,0.9023280339869254,0.03125,0.90625,0.96875,1.0,1.0,0.96875,0.939090798853578,0.5,0.90625,0.96875,1.0,1.0,0.5,0.25340396364585066,4.1305960435927445e-11,4.1305960435927445e-11,0.2006223243127146,0.4488644887230295,1.0,0.999999999958694,4.130596043592743e-11,4.1305960435927445e-11,4.1305960435927445e-11,4.1305960435927445e-11,4.1305960435927445e-11,4.1305960435927445e-11,0.0,full,full_group,
wilt,lin,zoo,0.5,968,2,2.574380165289256,1.0,1.0,1.0,1.0,32.0,31.0,0.7969932054051388,0.227339489043282,0.7803725852034176,0.8373089911813716,0.8478445982954007,0.9045166747617102,0.6771771857184281,0.9431818181818182,0.0,1.0,1.0,1.0,1.0,1.0,0.9237274568134916,0.0,1.0,1.0,1.0,1.0,1.0,0.8872229564096489,0.0,1.0,1.0,1.0,1.0,1.0,0.9237274568134916,0.0,1.0,1.0,1.0,1.0,1.0,0.03611073471119263,4.1305960435927445e-11,4.1305960435927445e-11,4.1305960435927445e-11,4.1305960435927445e-11,1.0,0.999999999958694,4.130596043592743e-11,4.1305960435927445e-11,4.1305960435927445e-11,4.1305960435927445e-11,4.1305960435927445e-11,4.1305960435927445e-11,0.0,full,full_group,
wilt,nn,bim,0.0856516976998904,968,2,1.0,1.0,1.0,1.0,1.0,1.0,0.0,0.01862639537126819,4.130580026464068e-11,0.0196563909190266,0.0196563909190266,0.0196563909190266,0.0644094172080871,0.0644094171667813,0.7407024793388429,0.0,0.0,1.0,1.0,1.0,1.0,0.2665289256198347,0.0,0.0,0.0,1.0,1.0,1.0,0.7355371900826446,0.0,0.0,1.0,1.0,1.0,1.0,0.9927685950413223,0.0,1.0,1.0,1.0,1.0,1.0,4.130596043592743e-11,4.1305960435927445e-11,4.1305960435927445e-11,4.1305960435927445e-11,4.1305960435927445e-11,4.1305960435927445e-11,0.0,4.130596043592743e-11,4.1305960435927445e-11,4.1305960435927445e-11,4.1305960435927445e-11,4.1305960435927445e-11,4.1305960435927445e-11,0.0,full,full_group,
wilt,nn,fgm,0.0649507119386637,968,2,1.0320247933884297,1.0,1.0,1.0,1.0,32.0,31.0,0.018209245921350464,4.130580026464068e-11,0.0127502205274089,0.0127502205274089,0.0127502205274089,0.8756378014237286,0.8756378013824228,0.9422456095041323,0.0,1.0,1.0,1.0,1.0,1.0,0.09410511363636363,0.0,0.0,0.0,0.0,1.0,1.0,0.9215844524793388,0.0,1.0,1.0,1.0,1.0,1.0,0.9772727272727273,0.0,1.0,1.0,1.0,1.0,1.0,0.00046370302548129463,4.1305960435927445e-11,4.1305960435927445e-11,4.1305960435927445e-11,4.1305960435927445e-11,0.4488644887230295,0.4488644886817235,0.00046370302548129463,4.1305960435927445e-11,4.1305960435927445e-11,4.1305960435927445e-11,4.1305960435927445e-11,0.4488644887230295,0.4488644886817235,full,full_group,
wilt,nn,org,0.9069003285870756,968,2,22.77995867768595,1.0,12.0,31.5,32.0,32.0,31.0,0.03780248231427659,4.130580026464068e-11,4.936368842319937e-05,0.0007374262965716,0.005775428456277775,0.9999433952400676,0.9999433951987617,0.9062157145326567,0.03125,0.90625,0.96875,1.0,1.0,0.96875,0.906657847415124,0.03125,0.90625,0.96875,1.0,1.0,0.96875,0.9023280339869254,0.03125,0.90625,0.96875,1.0,1.0,0.96875,0.983256102054529,0.6666666666666666,0.96875,1.0,1.0,1.0,0.33333333333333337,0.25340396364585066,4.1305960435927445e-11,4.1305960435927445e-11,0.2006223243127146,0.4488644887230295,1.0,0.999999999958694,0.23614489580501827,4.1305960435927445e-11,4.1305960435927445e-11,0.2006223243127146,0.44183886237189235,0.9709505944546688,0.9709505944133628,full,full_group,
wilt,nn,pgd,0.1795180722891566,968,2,1.0485537190082646,1.0,1.0,1.0,1.0,15.0,14.0,0.0003860825152114804,4.130580026464068e-11,4.130580026464068e-11,1.3843912538933706e-05,2.3112524000092606e-05,0.1718806393706292,0.1718806393293234,0.9431818181818182,0.0,1.0,1.0,1.0,1.0,1.0,0.33867079889807167,0.0,0.0,0.0,1.0,1.0,1.0,0.9409435261707988,0.0,1.0,1.0,1.0,1.0,1.0,0.9977617079889807,0.0,1.0,1.0,1.0,1.0,1.0,0.000671510807428944,4.1305960435927445e-11,4.1305960435927445e-11,4.1305960435927445e-11,4.1305960435927445e-11,0.6500224216483541,0.6500224216070482,4.130596043592743e-11,4.1305960435927445e-11,4.1305960435927445e-11,4.1305960435927445e-11,4.1305960435927445e-11,4.1305960435927445e-11,0.0,full,full_group,
wilt,svm,hsj,0.1351588170865279,968,2,22.5599173553719,1.0,12.0,31.0,32.0,32.0,31.0,0.6184209319411156,4.1305800264640665e-11,0.444631357312012,0.7500934781110472,0.8697512423276824,1.0,0.9999999999586942,0.8878914241754148,0.0,0.875,0.9545454545454546,1.0,1.0,1.0,0.28055442983847195,0.0,0.0,0.0625,0.6953125,1.0,1.0,0.8980434769357319,0.03125,0.90625,0.96875,1.0,1.0,0.96875,0.9795884227544119,0.0,0.96875,1.0,1.0,1.0,1.0,0.2658997013099707,4.1305960435927445e-11,4.1305960435927445e-11,0.2006223243127146,0.4488644887230295,1.0,0.999999999958694,0.29769010795953493,4.1305960435927445e-11,4.1305960435927445e-11,0.25395048074900045,0.5032583347756457,1.0,0.999999999958694,full,full_group,
wilt,svm,org,0.9559693318729464,968,2,22.77995867768595,1.0,12.0,31.5,32.0,32.0,31.0,0.06850094605821823,1.1757152230634696e-08,0.000273743555158275,0.00441624210507,0.0327941618486694,0.999617399795716,0.9996173880385637,0.8931661234762446,0.0,0.8888888888888888,0.9672043010752689,1.0,1.0,1.0,0.8933344395395771,0.0,0.90625,0.96875,1.0,1.0,1.0,0.9023280339869254,0.03125,0.90625,0.96875,1.0,1.0,0.96875,0.98075070911268,0.0,0.96875,1.0,1.0,1.0,1.0,0.25340396364585066,4.1305960435927445e-11,4.1305960435927445e-11,0.2006223243127146,0.4488644887230295,1.0,0.999999999958694,0.2833595701108541,4.1305960435927445e-11,4.1305960435927445e-11,0.205592508185083,0.4586858162005403,1.0,0.999999999958694,full,full_group,
wilt,svm,zoo,0.0164293537787513,968,2,8.570247933884298,1.0,2.0,7.0,13.0,32.0,31.0,0.06590173437974413,4.1305800264640665e-11,4.130580026464068e-11,4.130580026464068e-11,4.130580026464068e-11,0.9998981519176506,0.9998981518763448,0.7935725552700267,0.0,0.7142857142857143,0.8918128654970761,1.0,1.0,1.0,0.21165409399649496,0.0,0.0,0.1,0.2955882352941176,1.0,1.0,0.8193376415406951,0.0,0.75,0.9272486772486773,1.0,1.0,1.0,0.9627654922329002,0.0,1.0,1.0,1.0,1.0,1.0,0.3510866121090632,4.1305960435927445e-11,4.1305960435927445e-11,4.1305960435927445e-11,0.7219280948873623,1.0,0.999999999958694,0.375325583762616,4.1305960435927445e-11,4.1305960435927445e-11,0.36229583083114847,0.7642045065086203,1.0,0.999999999958694,full,full_group,
wilt,xgb,hsj,0.1112814895947426,968,2,22.84297520661157,1.0,12.0,32.0,32.0,32.0,31.0,0.6082987318536951,1.6457806887016628e-10,0.3368488341961707,0.6579846484441529,0.9213247269965419,0.9999999321942132,0.9999999320296352,0.9010924542638813,0.0,0.90625,0.96875,1.0,1.0,1.0,0.099045501242104,0.0,0.0,0.03125,0.10390199637023587,0.96875,0.96875,0.8947281651167897,0.03125,0.8872549019607843,0.96875,1.0,1.0,0.96875,0.9812584348019314,0.7272727272727273,0.96875,1.0,1.0,1.0,0.2727272727272727,0.278462613701191,4.1305960435927445e-11,4.1305960435927445e-11,0.2006223243127146,0.4537163391869449,1.0,0.999999999958694,0.2512693897029316,4.1305960435927445e-11,4.1305960435927445e-11,0.2006223243127146,0.4488644887230295,1.0,0.999999999958694,full,full_group,
wilt,xgb,org,0.8887185104052574,968,2,22.77995867768595,1.0,12.0,31.5,32.0,32.0,31.0,0.021400483521895892,1.3902913044344716e-06,0.0005207739128131751,0.0011419314092331,0.0027503582307722247,0.991124251196512,0.9911228609052076,0.9083173182838026,0.0,0.9083806818181819,0.96875,1.0,1.0,1.0,0.9086133067285379,0.03125,0.90625,0.96875,1.0,1.0,0.96875,0.9023280339869254,0.03125,0.90625,0.96875,1.0,1.0,0.96875,0.9822712422626779,0.6666666666666666,0.96875,1.0,1.0,1.0,0.33333333333333337,0.25340396364585066,4.1305960435927445e-11,4.1305960435927445e-11,0.2006223243127146,0.4488644887230295,1.0,0.999999999958694,0.22755961921102943,4.1305960435927445e-11,4.1305960435927445e-11,0.2006223243127146,0.3736608914070043,1.0,0.999999999958694,full,full_group,
wilt,xgb,zoo,0.0394304490690032,968,2,9.890495867768594,1.0,2.0,7.0,15.0,32.0,31.0,0.046614588521755415,4.1305800264640665e-11,1.4329868981261485e-08,4.090148558573776e-06,0.001376028277201725,0.99962294044412,0.9996229404028142,0.8454964019531874,0.0,0.8,1.0,1.0,1.0,1.0,0.23836076151717986,0.0,0.0,0.0714285714285714,0.3333333333333333,1.0,1.0,0.8336102426852292,0.0,0.7777777777777778,1.0,1.0,1.0,1.0,0.9724676601145855,0.0,1.0,1.0,1.0,1.0,1.0,0.2992071792328484,4.1305960435927445e-11,4.1305960435927445e-11,4.1305960435927445e-11,0.6500224216483541,1.0,0.999999999958694,0.2677711973960032,4.1305960435927445e-11,4.1305960435927445e-11,4.1305960435927445e-11,0.5435644431995964,1.0,0.999999999958694,full,full_group,
banknote,lin,hsj,0.0376084860173577,275,2,21.78181818181818,4.0,14.0,22.0,32.0,32.0,28.0,0.9786036356766687,0.9292543271403598,0.9723573205634666,0.9791512790203528,0.9879891903505265,0.9999678498151702,0.07071352267481035,0.5361518396505154,0.1428571428571428,0.39877717391304346,0.5217391304347826,0.6339285714285714,1.0,0.8571428571428572,0.46660247509496905,0.0,0.3286637931034483,0.4827586206896552,0.6035714285714285,1.0,1.0,0.53798843399594,0.0,0.403125,0.5172413793103449,0.70375,1.0,1.0,0.9284900957653477,0.72,0.9055059523809523,0.9375,0.984375,1.0,0.28,0.7699976505115677,4.1305960435927445e-11,0.6755886593716984,0.940285958670631,0.9916713492788594,1.0,0.999999999958694,0.8328231687255989,4.1305960435927445e-11,0.7953139808756089,0.9587118829771316,0.9886994082884974,1.0,0.999999999958694,window_0,diagnostic_window,55.0
banknote,lin,hsj,0.0376084860173577,275,2,25.0,4.0,19.0,32.0,32.0,32.0,28.0,0.9809130955492524,0.932516140693975,0.9705284822459346,0.9816277774916568,0.9898045743833794,0.9999997949833538,0.06748365428937875,0.5697687443173337,0.125,0.4354166666666667,0.5625,0.6614583333333333,1.0,0.875,0.4519776719275152,0.0,0.32291666666666663,0.5,0.59375,1.0,1.0,0.5560223280724849,0.0,0.4375,0.5,0.6875,1.0,1.0,0.9175748483491429,0.72,0.875,0.90625,0.96875,1.0,0.28,0.8325220914273203,4.1305960435927445e-11,0.8745109561071607,0.954434002924965,0.997180398894264,1.0,0.999999999958694,0.8558329140483044,4.1305960435927445e-11,0.8102088447129342,0.9709505944546688,0.9886994082884974,1.0,0.999999999958694,window_1,diagnostic_window,55.0
banknote,lin,hsj,0.0376084860173577,275,2,23.10909090909091,2.0,14.0,28.0,32.0,32.0,30.0,0.9820387470964137,0.952613419871493,0.9742526857882396,0.9830725193004134,0.9917511520759568,0.999471947510154,0.04685852763866105,0.5183327317059949,0.1875,0.3954326923076923,0.5,0.6168478260869565,1.0,0.8125,0.49071325381745967,0.0,0.43303571428571425,0.5238095238095238,0.59375,0.9375,0.9375,0.5172867461825402,0.0625,0.40625,0.5,0.5825892857142857,1.0,0.9375,0.9113104913330222,0.72,0.8876050420168067,0.90625,0.9665178571428572,1.0,0.28,0.8295072634573366,4.1305960435927445e-11,0.8526009739067141,0.9744894033980523,0.997180398894264,1.0,0.999999999958694,0.87089076761357,4.1305960435927445e-11,0.8640064533318681,0.961236604722876,0.991180987604932,1.0,0.999999999958694,window_2,diagnostic_window,55.0
banknote,lin,hsj,0.0376084860173577,275,2,24.745454545454546,1.0,18.0,31.0,32.0,32.0,31.0,0.9846453926517371,0.9357497960582876,0.9787125171021421,0.9876968816026364,0.9925457607403956,0.9999678605738312,0.06421806451554368,0.5265095758577207,0.1666666666666666,0.36141304347826086,0.5,0.625,1.0,0.8333333333333334,0.4696221385610013,0.0,0.403125,0.4782608695652174,0.6045673076923077,1.0,1.0,0.5334081644693017,0.0,0.40625,0.5,0.6125,1.0,1.0,0.9257799043929988,0.6875,0.875,0.9130434782608696,1.0,1.0,0.3125,0.849931206076292,4.1305960435927445e-11,0.9071670332945234,0.9709505944546688,0.9886994082884974,1.0,0.999999999958694,0.854590569129217,4.1305960435927445e-11,0.8453509366224364,0.954434002924965,0.9876925088958032,1.0,0.999999999958694,window_3,diagnostic_window,55.0
banknote,lin,hsj,0.0376084860173577,275,2,21.09090909090909,2.0,13.0,20.0,32.0,32.0,30.0,0.9801342913934502,0.948142620263181,0.9696640978597536,0.9840942550141816,0.9920424384045432,0.9999876455116558,0.051845025248474785,0.5270401751445811,0.0,0.3637566137566137,0.5,0.7083333333333333,1.0,1.0,0.4978367139018451,0.0,0.33854166666666663,0.53125,0.625,1.0,1.0,0.5384556212140195,0.0,0.3923076923076923,0.5,0.7104166666666667,1.0,1.0,0.9128971691615678,0.5,0.875,0.90625,1.0,1.0,0.5,0.7117312801267323,4.1305960435927445e-11,0.4025302069664447,0.9283620723948678,0.9881959585921503,1.0,0.999999999958694,0.8069986797342521,4.1305960435927445e-11,0.7578784625383954,0.9283620723948678,0.9744894033980523,1.0,0.999999999958694,window_4,diagnostic_window,55.0
banknote,lin,org,0.9582931533269046,275,2,25.09090909090909,4.0,18.5,29.0,32.0,32.0,28.0,0.4657779071725777,0.0674708164733957,0.3189086391650914,0.4114813983376119,0.5937953239664129,0.9984776666326628,0.9310068501592671,0.9464326366584431,0.28125,1.0,1.0,1.0,1.0,0.71875,0.9692725643532095,0.5,1.0,1.0,1.0,1.0,0.5,0.9658634734441186,0.40625,1.0,1.0,1.0,1.0,0.59375,0.9757375133826747,0.8095238095238095,1.0,1.0,1.0,1.0,0.19047619047619047,0.09307949134021358,4.1305960435927445e-11,4.1305960435927445e-11,4.1305960435927445e-11,4.1305960435927445e-11,1.0,0.999999999958694,0.1360565190806477,4.1305960435927445e-11,4.1305960435927445e-11,4.1305960435927445e-11,4.1305960435927445e-11,0.907165767573082,0.907165767531776,window_0,diagnostic_window,55.0
banknote,lin,org,0.9582931533269046,275,2,27.036363636363635,6.0,24.5,32.0,32.0,32.0,26.0,0.515593656095103,0.0649797760032788,0.3164705595245002,0.4504985107277232,0.6385711678000257,0.9999881311860552,0.9350083551827765,0.9470438629997454,0.3125,0.96875,1.0,1.0,1.0,0.6875,0.9235984848484848,0.0,0.9197916666666666,1.0,1.0,1.0,1.0,0.9406439393939394,0.46875,0.9354166666666666,1.0,1.0,1.0,0.53125,0.9598090145148969,0.8,0.90625,1.0,1.0,1.0,0.19999999999999996,0.19661580554534003,4.1305960435927445e-11,4.1305960435927445e-11,4.1305960435927445e-11,0.3453247008192176,1.0,0.999999999958694,0.14848040533121573,4.1305960435927445e-11,4.1305960435927445e-11,4.1305960435927445e-11,0.2006223243127146,0.9744894033980523,0.9744894033567464,window_1,diagnostic_window,55.0
banknote,lin,org,0.9582931533269046,275,2,25.563636363636363,2.0,23.0,32.0,32.0,32.0,30.0,0.510645293639403,0.1315159821698762,0.3293467210060944,0.4814199811351239,0.6709432374532384,0.9748859949413607,0.8433700127714845,0.9361178869439739,0.3125,0.964375,1.0,1.0,1.0,0.6875,0.9485061327561328,0.5,0.9591666666666667,1.0,1.0,1.0,0.5,0.9485061327561328,0.5,0.9591666666666667,1.0,1.0,1.0,0.5,0.9607178147939018,0.7083333333333334,0.9322916666666667,1.0,1.0,1.0,0.29166666666666663,0.1739003940450168,4.1305960435927445e-11,4.1305960435927445e-11,4.1305960435927445e-11,0.2460872409578001,1.0,0.999999999958694,0.19268860274462238,4.1305960435927445e-11,4.1305960435927445e-11,4.1305960435927445e-11,0.2214572566975647,0.954434002924965,0.9544340028836591,window_2,diagnostic_window,55.0
banknote,lin,org,0.9582931533269046,275,2,25.945454545454545,1.0,24.0,30.0,32.0,32.0,31.0,0.5711998025784559,0.093846649679614,0.4096560581759437,0.5799753010158222,0.7027734511372778,0.9984776666326628,0.9046310169530488,0.9064120987808062,0.25,0.90625,1.0,1.0,1.0,0.75,0.9233713557320996,0.5416666666666666,0.8839285714285714,1.0,1.0,1.0,0.45833333333333337,0.9139016587624026,0.375,0.8839285714285714,1.0,1.0,1.0,0.625,0.9539114411307503,0.6363636363636364,0.90625,1.0,1.0,1.0,0.36363636363636365,0.2563128042469192,4.1305960435927445e-11,4.1305960435927445e-11,4.1305960435927445e-11,0.5174008925119647,0.99498482818597,0.994984828144664,0.2384559431343809,4.1305960435927445e-11,4.1305960435927445e-11,4.1305960435927445e-11,0.4488644887230295,0.9798687566511528,0.9798687566098468,window_3,diagnostic_window,55.0
banknote,lin,org,0.9582931533269046,275,2,23.78181818181818,2.0,16.0,26.0,32.0,32.0,30.0,0.5038668355277944,0.0977241758508031,0.29443583767748616,0.5006505575265225,0.6684432955762301,0.9994233373950948,0.9016991615442917,0.9228417096866295,0.3333333333333333,0.8944444444444444,1.0,1.0,1.0,0.6666666666666667,0.915245707483503,0.0,0.90625,1.0,1.0,1.0,1.0,0.9464201974815224,0.5925925925925926,0.9174107142857143,1.0,1.0,1.0,0.40740740740740744,0.9547206324397113,0.5,0.921875,1.0,1.0,1.0,0.5,0.19192460751555315,4.1305960435927445e-11,4.1305960435927445e-11,4.1305960435927445e-11,0.4100484076819526,0.975119064940866,0.97511906489956,0.23138643989464128,4.1305960435927445e-11,4.1305960435927445e-11,4.1305960435927445e-11,0.48612696418246343,1.0,0.999999999958694,window_4,diagnostic_window,55.0
banknote,lin,zoo,0.0964320154291224,275,2,21.90909090909091,3.0,14.0,22.0,32.0,32.0,29.0,0.9756406134641304,0.7657824672605893,0.9853337376879804,0.998247210051192,0.999728452442193,0.9999997276168144,0.23421726035622514,0.5992371781664158,0.15625,0.403125,0.59375,0.7633053221288515,1.0,0.84375,0.41008154621834936,0.0,0.290625,0.4193548387096774,0.5885416666666667,0.9333333333333332,0.9333333333333332,0.6036365874997842,0.2,0.40625,0.5714285714285714,0.7951388888888888,1.0,0.8,0.9337494605125224,0.7647058823529411,0.9047379032258064,0.9375,0.984375,1.0,0.23529411764705888,0.7669282130023821,4.1305960435927445e-11,0.709070177506254,0.9283620723948678,0.9771790800246025,1.0,0.999999999958694,0.7732476622498742,4.1305960435927445e-11,0.7357616760734211,0.9182958340544894,0.9744894033980523,1.0,0.999999999958694,window_0,diagnostic_window,55.0
banknote,lin,zoo,0.0964320154291224,275,2,24.472727272727273,1.0,17.0,30.0,32.0,32.0,31.0,0.9823240572554089,0.8184338391391316,0.986783897346921,0.999163562366422,0.999961313074599,0.9999999848896826,0.18156614575055097,0.617900686651321,0.2857142857142857,0.5,0.59375,0.75,1.0,0.7142857142857143,0.3942375221684321,0.0,0.23764705882352938,0.4285714285714285,0.5334821428571428,1.0,1.0,0.6109572830263731,0.1428571428571428,0.46651785714285715,0.5714285714285714,0.7623529411764706,1.0,0.8571428571428572,0.9310173619247127,0.5,0.9047379032258064,0.9375,1.0,1.0,0.5,0.8076982270553722,4.1305960435927445e-11,0.7613175838775544,0.9383153522334068,0.9886994082884974,1.0,0.999999999958694,0.830496966257502,4.1305960435927445e-11,0.8112781244591328,0.954434002924965,0.9886994082884974,1.0,0.999999999958694,window_1,diagnostic_window,55.0
banknote,lin,zoo,0.0964320154291224,275,2,23.454545454545453,2.0,17.0,31.0,32.0,32.0,30.0,0.9676947485603962,0.7752577208500323,0.9720711402635036,0.9964745502932292,0.9990271959914869,0.9999986080189972,0.2247408871689649,0.5594523386487242,0.125,0.362781954887218,0.5625,0.65625,1.0,0.875,0.47898554175256275,0.0,0.375,0.4736842105263157,0.625,1.0,1.0,0.5448134875010119,0.1428571428571428,0.421875,0.53125,0.6481250000000001,1.0,0.8571428571428572,0.9153228780415711,0.7142857142857143,0.8844444444444444,0.9166666666666666,0.96875,1.0,0.2857142857142857,0.8452673000920975,4.1305960435927445e-11,0.8340575649754483,0.954434002924965,0.9939338459099295,1.0,0.999999999958694,0.8197722867015937,4.1305960435927445e-11,0.7992023553302009,0.9283620723948678,0.9852281360342516,1.0,0.999999999958694,window_2,diagnostic_window,55.0
banknote,lin,zoo,0.0964320154291224,275,2,24.236363636363638,1.0,16.0,30.0,32.0,32.0,31.0,0.9619495809696659,0.7521739342322126,0.9557476635403765,0.9899977660361492,0.9989890265456616,0.9999981692838232,0.24782423505161066,0.5523006578401835,0.125,0.3675,0.5,0.7583333333333333,1.0,0.875,0.44485408958630307,0.0,0.265625,0.5,0.6012228260869565,0.84375,0.84375,0.5598129824720733,0.125,0.40625,0.5238095238095238,0.734375,1.0,0.875,0.9417655713851366,0.6428571428571429,0.90625,0.9583333333333334,1.0,1.0,0.3571428571428571,0.8090773275644978,4.1305960435927445e-11,0.7578784625383954,0.9426831892554924,0.9752550258173337,1.0,0.999999999958694,0.7975559420588124,4.1305960435927445e-11,0.6874288312414516,0.9182958340544894,0.9874151416339947,1.0,0.999999999958694,window_3,diagnostic_window,55.0
banknote,lin,zoo,0.0964320154291224,275,2,21.472727272727273,2.0,15.0,23.0,32.0,32.0,30.0,0.9649053017791411,0.7482382864057876,0.9623530994806584,0.9936720899408222,0.9998678399911186,0.9999999998784624,0.25176171347267484,0.6026482587098202,0.1363636363636363,0.4,0.6111111111111112,0.7795138888888888,1.0,0.8636363636363638,0.4144980198981333,0.0,0.26679841897233203,0.375,0.6125,1.0,1.0,0.6179591606025254,0.0454545454545454,0.41875,0.625,0.7712418300653594,1.0,0.9545454545454546,0.9197164894686781,0.5,0.8944444444444444,0.9130434782608696,1.0,1.0,0.5,0.7226318086316399,4.1305960435927445e-11,0.5062800183944387,0.8960382325345574,0.954434002924965,1.0,0.999999999958694,0.7758084072692545,4.1305960435927445e-11,0.6962122601251458,0.9182958340544894,0.9682933639126392,1.0,0.999999999958694,window_4,diagnostic_window,55.0
banknote,nn,bim,0.0,275,2,9.0,1.0,1.0,5.0,15.0,32.0,31.0,0.0005286259229039543,4.130580026464068e-11,4.130580026464068e-11,4.130580026464068e-11,1.2927044081225983e-09,0.0160016824760095,0.0160016824347037,0.061308381212493324,0.0,0.0,0.0,0.0,1.0,1.0,0.9386916187875066,0.0,1.0,1.0,1.0,1.0,1.0,0.061308381212493324,0.0,0.0,0.0,0.0,1.0,1.0,1.0,1.0,1.0,1.0,1.0,1.0,0.0,0.11379389765088849,4.1305960435927445e-11,4.1305960435927445e-11,4.1305960435927445e-11,4.1305960435927445e-11,0.9940302114769566,0.9940302114356506,0.11379389765088849,4.1305960435927445e-11,4.1305960435927445e-11,4.1305960435927445e-11,4.1305960435927445e-11,0.9940302114769566,0.9940302114356506,window_0,diagnostic_window,55.0
banknote,nn,bim,0.0,275,2,9.018181818181818,1.0,1.5,4.0,16.0,32.0,31.0,0.0069240486448263645,4.130580026464068e-11,4.130580026464068e-11,4.130580026464068e-11,4.130580026464068e-11,0.3808226311413171,0.3808226311000113,0.01384008148714031,0.0,0.0,0.0,0.0,0.6666666666666666,0.6666666666666666,0.9861599185128597,0.3333333333333333,1.0,1.0,1.0,1.0,0.6666666666666667,0.01384008148714031,0.0,0.0,0.0,0.0,0.6666666666666666,0.6666666666666666,1.0,1.0,1.0,1.0,1.0,1.0,0.0,0.026606138650645202,4.1305960435927445e-11,4.1305960435927445e-11,4.1305960435927445e-11,4.1305960435927445e-11,0.9182958340544894,0.9182958340131835,0.026606138650645202,4.1305960435927445e-11,4.1305960435927445e-11,4.1305960435927445e-11,4.1305960435927445e-11,0.9182958340544894,0.9182958340131835,window_1,diagnostic_window,55.0
banknote,nn,bim,0.0,275,2,8.090909090909092,1.0,1.5,5.0,10.0,32.0,31.0,6.301916602675459e-05,4.130580026464068e-11,4.130580026464068e-11,4.130580026464068e-11,2.7008090403243987e-10,0.0034454877283041,0.0034454876869982995,0.0454830822697292,0.0,0.0,0.0,0.0,1.0,1.0,0.9545169177302708,0.0,1.0,1.0,1.0,1.0,1.0,0.0454830822697292,0.0,0.0,0.0,0.0,1.0,1.0,1.0,1.0,1.0,1.0,1.0,1.0,0.0,0.03438221028696046,4.1305960435927445e-11,4.1305960435927445e-11,4.1305960435927445e-11,4.1305960435927445e-11,0.8997437586982626,0.8997437586569567,0.03438221028696046,4.1305960435927445e-11,4.1305960435927445e-11,4.1305960435927445e-11,4.1305960435927445e-11,0.8997437586982626,0.8997437586569567,window_2,diagnostic_window,55.0
banknote,nn,bim,0.0,275,2,8.854545454545455,1.0,1.0,7.0,13.5,32.0,31.0,1.0168880598682562e-05,4.130580026464068e-11,4.130580026464068e-11,4.130580026464068e-11,4.30076858430127e-11,0.0003225964727288,0.00032259643142299973,0.04834373143196673,0.0,0.0,0.0,0.0,1.0,1.0,0.9516562685680332,0.0,1.0,1.0,1.0,1.0,1.0,0.04834373143196673,0.0,0.0,0.0,0.0,1.0,1.0,1.0,1.0,1.0,1.0,1.0,1.0,0.0,0.04434460207563029,4.1305960435927445e-11,4.1305960435927445e-11,4.1305960435927445e-11,4.1305960435927445e-11,0.8112781244591328,0.8112781244178269,0.04434460207563029,4.1305960435927445e-11,4.1305960435927445e-11,4.1305960435927445e-11,4.1305960435927445e-11,0.8112781244591328,0.8112781244178269,window_3,diagnostic_window,55.0
banknote,nn,bim,0.0,275,2,9.018181818181818,1.0,1.0,7.0,12.0,32.0,31.0,0.0011733033749717512,4.130580026464068e-11,4.130580026464068e-11,4.130580026464068e-11,3.2403956106897245e-09,0.0476194984530519,0.0476194984117461,0.07496265575725845,0.0,0.0,0.0,0.0,1.0,1.0,0.9250373442427414,0.0,1.0,1.0,1.0,1.0,1.0,0.07496265575725845,0.0,0.0,0.0,0.0,1.0,1.0,1.0,1.0,1.0,1.0,1.0,1.0,0.0,0.09633829347943874,4.1305960435927445e-11,4.1305960435927445e-11,4.1305960435927445e-11,4.1305960435927445e-11,0.998363672593813,0.998363672552507,0.09633829347943874,4.1305960435927445e-11,4.1305960435927445e-11,4.1305960435927445e-11,4.1305960435927445e-11,0.998363672593813,0.998363672552507,window_4,diagnostic_window,55.0
banknote,nn,fgm,0.0,275,2,7.2727272727272725,1.0,1.0,5.0,11.0,29.0,28.0,0.0006276483360829887,4.130580026464068e-11,4.130580026464068e-11,7.732463563799485e-11,1.3139985839552668e-09,0.0235331819572452,0.0235331819159394,0.061308381212493324,0.0,0.0,0.0,0.0,1.0,1.0,0.9386916187875066,0.0,1.0,1.0,1.0,1.0,1.0,0.061308381212493324,0.0,0.0,0.0,0.0,1.0,1.0,1.0,1.0,1.0,1.0,1.0,1.0,0.0,0.11379389765088849,4.1305960435927445e-11,4.1305960435927445e-11,4.1305960435927445e-11,4.1305960435927445e-11,0.9940302114769566,0.9940302114356506,0.11379389765088849,4.1305960435927445e-11,4.1305960435927445e-11,4.1305960435927445e-11,4.1305960435927445e-11,0.9940302114769566,0.9940302114356506,window_0,diagnostic_window,55.0
banknote,nn,fgm,0.0,275,2,6.872727272727273,1.0,1.0,4.0,11.5,28.0,27.0,0.004505742740375537,4.130580026464068e-11,4.130580026464068e-11,4.130580026464068e-11,1.6014404754043514e-10,0.2478158208898603,0.2478158208485545,0.01384008148714031,0.0,0.0,0.0,0.0,0.6666666666666666,0.6666666666666666,0.9861599185128597,0.3333333333333333,1.0,1.0,1.0,1.0,0.6666666666666667,0.01384008148714031,0.0,0.0,0.0,0.0,0.6666666666666666,0.6666666666666666,1.0,1.0,1.0,1.0,1.0,1.0,0.0,0.026606138650645202,4.1305960435927445e-11,4.1305960435927445e-11,4.1305960435927445e-11,4.1305960435927445e-11,0.9182958340544894,0.9182958340131835,0.026606138650645202,4.1305960435927445e-11,4.1305960435927445e-11,4.1305960435927445e-11,4.1305960435927445e-11,0.9182958340544894,0.9182958340131835,window_1,diagnostic_window,55.0
banknote,nn,fgm,0.0,275,2,7.490909090909091,1.0,1.0,5.0,9.5,30.0,29.0,0.00013443906173921287,4.130580026464068e-11,4.130580026464068e-11,5.697691983792581e-11,1.5422950415168095e-09,0.0073875450742217,0.0073875450329159,0.0454830822697292,0.0,0.0,0.0,0.0,1.0,1.0,0.9545169177302708,0.0,1.0,1.0,1.0,1.0,1.0,0.0454830822697292,0.0,0.0,0.0,0.0,1.0,1.0,1.0,1.0,1.0,1.0,1.0,1.0,0.0,0.03438221028696046,4.1305960435927445e-11,4.1305960435927445e-11,4.1305960435927445e-11,4.1305960435927445e-11,0.8997437586982626,0.8997437586569567,0.03438221028696046,4.1305960435927445e-11,4.1305960435927445e-11,4.1305960435927445e-11,4.1305960435927445e-11,0.8997437586982626,0.8997437586569567,window_2,diagnostic_window,55.0
banknote,nn,fgm,0.0,275,2,8.018181818181818,1.0,1.0,7.0,12.0,28.0,27.0,1.248811136732645e-05,4.130580026464068e-11,4.130580026464068e-11,4.130580026464068e-11,3.210374796606046e-10,0.0006764900705062,0.0006764900292003998,0.04834373143196673,0.0,0.0,0.0,0.0,1.0,1.0,0.9516562685680332,0.0,1.0,1.0,1.0,1.0,1.0,0.04834373143196673,0.0,0.0,0.0,0.0,1.0,1.0,1.0,1.0,1.0,1.0,1.0,1.0,0.0,0.04434460207563029,4.1305960435927445e-11,4.1305960435927445e-11,4.1305960435927445e-11,4.1305960435927445e-11,0.8112781244591328,0.8112781244178269,0.04434460207563029,4.1305960435927445e-11,4.1305960435927445e-11,4.1305960435927445e-11,4.1305960435927445e-11,0.8112781244591328,0.8112781244178269,window_3,diagnostic_window,55.0
banknote,nn,fgm,0.0,275,2,8.0,1.0,1.0,7.0,11.0,30.0,29.0,0.0011612466939339824,4.130580026464068e-11,4.130580026464068e-11,4.130580026464068e-11,8.13187362569365e-10,0.0457903875010667,0.0457903874597609,0.07496265575725845,0.0,0.0,0.0,0.0,1.0,1.0,0.9250373442427414,0.0,1.0,1.0,1.0,1.0,1.0,0.07496265575725845,0.0,0.0,0.0,0.0,1.0,1.0,1.0,1.0,1.0,1.0,1.0,1.0,0.0,0.09633829347943874,4.1305960435927445e-11,4.1305960435927445e-11,4.1305960435927445e-11,4.1305960435927445e-11,0.998363672593813,0.998363672552507,0.09633829347943874,4.1305960435927445e-11,4.1305960435927445e-11,4.1305960435927445e-11,4.1305960435927445e-11,0.998363672593813,0.998363672552507,window_4,diagnostic_window,55.0
banknote,nn,org,1.0,275,2,25.054545454545455,4.0,18.5,28.0,32.0,32.0,28.0,0.003935465331395031,1.8707940142268304e-10,2.3363102733243644e-08,1.504515004408705e-07,2.33983446059097e-06,0.1049344897233563,0.10493448953627689,0.9658634734441186,0.40625,1.0,1.0,1.0,1.0,0.59375,0.9658634734441186,0.40625,1.0,1.0,1.0,1.0,0.59375,0.9658634734441186,0.40625,1.0,1.0,1.0,1.0,0.59375,1.0,1.0,1.0,1.0,1.0,1.0,0.0,0.09307949134021358,4.1305960435927445e-11,4.1305960435927445e-11,4.1305960435927445e-11,4.1305960435927445e-11,1.0,0.999999999958694,0.09307949134021358,4.1305960435927445e-11,4.1305960435927445e-11,4.1305960435927445e-11,4.1305960435927445e-11,1.0,0.999999999958694,window_0,diagnostic_window,55.0
banknote,nn,org,1.0,275,2,27.0,6.0,24.5,32.0,32.0,32.0,26.0,0.0040711180924242465,4.130580026464068e-11,1.5318961670742015e-08,2.8623048915423477e-06,0.00022933037573065002,0.1040960890524396,0.10409608901113379,0.9412121212121212,0.5,0.9354166666666666,1.0,1.0,1.0,0.5,0.9412121212121212,0.5,0.9354166666666666,1.0,1.0,1.0,0.5,0.9412121212121212,0.5,0.9354166666666666,1.0,1.0,1.0,0.5,1.0,1.0,1.0,1.0,1.0,1.0,0.0,0.19666707101998976,4.1305960435927445e-11,4.1305960435927445e-11,4.1305960435927445e-11,0.3453247008192176,1.0,0.999999999958694,0.19666707101998976,4.1305960435927445e-11,4.1305960435927445e-11,4.1305960435927445e-11,0.3453247008192176,1.0,0.999999999958694,window_1,diagnostic_window,55.0
banknote,nn,org,1.0,275,2,25.563636363636363,2.0,23.0,32.0,32.0,32.0,30.0,0.00252911806043696,3.5159917859111245e-10,2.0165170298691204e-08,1.0360802856188347e-06,4.5309084321619405e-05,0.1041183689667247,0.10411836861512552,0.9485061327561328,0.5,0.9591666666666667,1.0,1.0,1.0,0.5,0.9485061327561328,0.5,0.9591666666666667,1.0,1.0,1.0,0.5,0.9485061327561328,0.5,0.9591666666666667,1.0,1.0,1.0,0.5,1.0,1.0,1.0,1.0,1.0,1.0,0.0,0.1739003940450168,4.1305960435927445e-11,4.1305960435927445e-11,4.1305960435927445e-11,0.2460872409578001,1.0,0.999999999958694,0.1739003940450168,4.1305960435927445e-11,4.1305960435927445e-11,4.1305960435927445e-11,0.2460872409578001,1.0,0.999999999958694,window_2,diagnostic_window,55.0
banknote,nn,org,1.0,275,2,26.036363636363635,1.0,24.0,31.0,32.0,32.0,31.0,0.021244663071814242,2.4987899979803787e-10,4.925379021185004e-08,5.613734359387785e-07,9.104442964709715e-05,0.5204205762991496,0.5204205760492706,0.9145701079602636,0.375,0.8839285714285714,1.0,1.0,1.0,0.625,0.9145701079602636,0.375,0.8839285714285714,1.0,1.0,1.0,0.625,0.9145701079602636,0.375,0.8839285714285714,1.0,1.0,1.0,0.625,1.0,1.0,1.0,1.0,1.0,1.0,0.0,0.2558949167086791,4.1305960435927445e-11,4.1305960435927445e-11,4.1305960435927445e-11,0.5174008925119647,0.99498482818597,0.994984828144664,0.2558949167086791,4.1305960435927445e-11,4.1305960435927445e-11,4.1305960435927445e-11,0.5174008925119647,0.99498482818597,0.994984828144664,window_3,diagnostic_window,55.0
banknote,nn,org,1.0,275,2,23.78181818181818,2.0,16.0,26.0,32.0,32.0,30.0,0.007681590824961387,1.6675851512882012e-10,3.079231746025517e-08,5.491026348287768e-07,1.7518542561658616e-05,0.2165061162068665,0.21650611604010797,0.9464201974815224,0.5925925925925926,0.9174107142857143,1.0,1.0,1.0,0.40740740740740744,0.9464201974815224,0.5925925925925926,0.9174107142857143,1.0,1.0,1.0,0.40740740740740744,0.9464201974815224,0.5925925925925926,0.9174107142857143,1.0,1.0,1.0,0.40740740740740744,1.0,1.0,1.0,1.0,1.0,1.0,0.0,0.19192460751555315,4.1305960435927445e-11,4.1305960435927445e-11,4.1305960435927445e-11,0.4100484076819526,0.975119064940866,0.97511906489956,0.19192460751555315,4.1305960435927445e-11,4.1305960435927445e-11,4.1305960435927445e-11,0.4100484076819526,0.975119064940866,0.97511906489956,window_4,diagnostic_window,55.0
banknote,nn,pgd,0.0,275,2,7.2727272727272725,1.0,1.0,5.0,11.0,29.0,28.0,0.0003120176576301764,4.130580026464068e-11,4.130580026464068e-11,4.130580026464068e-11,1.8679809841014126e-10,0.0119822437221289,0.0119822436808231,0.061308381212493324,0.0,0.0,0.0,0.0,1.0,1.0,0.9386916187875066,0.0,1.0,1.0,1.0,1.0,1.0,0.061308381212493324,0.0,0.0,0.0,0.0,1.0,1.0,1.0,1.0,1.0,1.0,1.0,1.0,0.0,0.11379389765088849,4.1305960435927445e-11,4.1305960435927445e-11,4.1305960435927445e-11,4.1305960435927445e-11,0.9940302114769566,0.9940302114356506,0.11379389765088849,4.1305960435927445e-11,4.1305960435927445e-11,4.1305960435927445e-11,4.1305960435927445e-11,0.9940302114769566,0.9940302114356506,window_0,diagnostic_window,55.0
banknote,nn,pgd,0.0,275,2,6.872727272727273,1.0,1.0,4.0,11.5,28.0,27.0,0.0016469074475649757,4.130580026464068e-11,4.130580026464068e-11,4.130580026464068e-11,4.130580026464068e-11,0.0905798670160406,0.09057986697473479,0.01384008148714031,0.0,0.0,0.0,0.0,0.6666666666666666,0.6666666666666666,0.9861599185128597,0.3333333333333333,1.0,1.0,1.0,1.0,0.6666666666666667,0.01384008148714031,0.0,0.0,0.0,0.0,0.6666666666666666,0.6666666666666666,1.0,1.0,1.0,1.0,1.0,1.0,0.0,0.026606138650645202,4.1305960435927445e-11,4.1305960435927445e-11,4.1305960435927445e-11,4.1305960435927445e-11,0.9182958340544894,0.9182958340131835,0.026606138650645202,4.1305960435927445e-11,4.1305960435927445e-11,4.1305960435927445e-11,4.1305960435927445e-11,0.9182958340544894,0.9182958340131835,window_1,diagnostic_window,55.0
banknote,nn,pgd,0.0,275,2,7.490909090909091,1.0,1.0,5.0,9.5,30.0,29.0,8.082101103079553e-05,4.130580026464068e-11,4.130580026464068e-11,4.130580026464068e-11,4.356363533526129e-10,0.0044384193792622,0.0044384193379564,0.0454830822697292,0.0,0.0,0.0,0.0,1.0,1.0,0.9545169177302708,0.0,1.0,1.0,1.0,1.0,1.0,0.0454830822697292,0.0,0.0,0.0,0.0,1.0,1.0,1.0,1.0,1.0,1.0,1.0,1.0,0.0,0.03438221028696046,4.1305960435927445e-11,4.1305960435927445e-11,4.1305960435927445e-11,4.1305960435927445e-11,0.8997437586982626,0.8997437586569567,0.03438221028696046,4.1305960435927445e-11,4.1305960435927445e-11,4.1305960435927445e-11,4.1305960435927445e-11,0.8997437586982626,0.8997437586569567,window_2,diagnostic_window,55.0
banknote,nn,pgd,0.0,275,2,8.018181818181818,1.0,1.0,7.0,12.0,28.0,27.0,8.096283263991578e-06,4.130580026464068e-11,4.130580026464068e-11,4.130580026464068e-11,4.130580026464068e-11,0.0004428382367627,0.0004428381954568998,0.04834373143196673,0.0,0.0,0.0,0.0,1.0,1.0,0.9516562685680332,0.0,1.0,1.0,1.0,1.0,1.0,0.04834373143196673,0.0,0.0,0.0,0.0,1.0,1.0,1.0,1.0,1.0,1.0,1.0,1.0,0.0,0.04434460207563029,4.1305960435927445e-11,4.1305960435927445e-11,4.1305960435927445e-11,4.1305960435927445e-11,0.8112781244591328,0.8112781244178269,0.04434460207563029,4.1305960435927445e-11,4.1305960435927445e-11,4.1305960435927445e-11,4.1305960435927445e-11,0.8112781244591328,0.8112781244178269,window_3,diagnostic_window,55.0
banknote,nn,pgd,0.0,275,2,8.0,1.0,1.0,7.0,11.0,30.0,29.0,0.0005184773521318241,4.130580026464068e-11,4.130580026464068e-11,4.130580026464068e-11,2.9445465091016305e-10,0.019825048819107,0.0198250487778012,0.07496265575725845,0.0,0.0,0.0,0.0,1.0,1.0,0.9250373442427414,0.0,1.0,1.0,1.0,1.0,1.0,0.07496265575725845,0.0,0.0,0.0,0.0,1.0,1.0,1.0,1.0,1.0,1.0,1.0,1.0,0.0,0.09633829347943874,4.1305960435927445e-11,4.1305960435927445e-11,4.1305960435927445e-11,4.1305960435927445e-11,0.998363672593813,0.998363672552507,0.09633829347943874,4.1305960435927445e-11,4.1305960435927445e-11,4.1305960435927445e-11,4.1305960435927445e-11,0.998363672593813,0.998363672552507,window_4,diagnostic_window,55.0
banknote,svm,hsj,0.0,275,2,25.01818181818182,4.0,19.0,27.0,32.0,32.0,28.0,0.7439384455077837,0.3752575977017747,0.6699499019497679,0.7531142404157198,0.8194921173551506,0.9798969148257116,0.6046393171239369,0.6772784251850412,0.1111111111111111,0.47681451612903225,0.71875,0.875,1.0,0.8888888888888888,0.3227215748149589,0.0,0.125,0.28125,0.5231854838709677,0.8888888888888888,0.8888888888888888,0.6772784251850412,0.1111111111111111,0.47681451612903225,0.71875,0.875,1.0,0.8888888888888888,1.0,1.0,1.0,1.0,1.0,1.0,0.0,0.6550702021551934,4.1305960435927445e-11,0.5435644431995964,0.7642045065086203,0.8790035941150783,0.9992492479956566,0.9992492479543507,0.6550702021551934,4.1305960435927445e-11,0.5435644431995964,0.7642045065086203,0.8790035941150783,0.9992492479956566,0.9992492479543507,window_0,diagnostic_window,55.0
banknote,svm,hsj,0.0,275,2,27.509090909090908,5.0,26.5,32.0,32.0,32.0,27.0,0.768024572287099,0.4251261161861155,0.6465764127070184,0.8163470043841723,0.8708186021803135,0.9597595647927132,0.5346334486065977,0.6938811350211644,0.2,0.6087962962962963,0.75,0.8309659090909092,1.0,0.8,0.30611886497883567,0.0,0.16903409090909088,0.25,0.3912037037037037,0.8,0.8,0.6938811350211644,0.2,0.6087962962962963,0.75,0.8309659090909092,1.0,0.8,1.0,1.0,1.0,1.0,1.0,1.0,0.0,0.7416662170209286,4.1305960435927445e-11,0.6546504204312324,0.7732266742876345,0.9283620723948678,0.997180398894264,0.9971803988529581,0.7416662170209286,4.1305960435927445e-11,0.6546504204312324,0.7732266742876345,0.9283620723948678,0.997180398894264,0.9971803988529581,window_1,diagnostic_window,55.0
banknote,svm,hsj,0.0,275,2,25.01818181818182,1.0,18.0,32.0,32.0,32.0,31.0,0.7304071737051456,0.3822961728113281,0.6554030155625576,0.7259524668764336,0.8486032900391283,0.955487592359941,0.5731914195486129,0.6226764733582916,0.0,0.46651785714285715,0.65625,0.8257575757575758,1.0,1.0,0.37732352664170843,0.0,0.1742424242424242,0.34375,0.5334821428571428,1.0,1.0,0.6226764733582916,0.0,0.46651785714285715,0.65625,0.8257575757575758,1.0,1.0,1.0,1.0,1.0,1.0,1.0,1.0,0.0,0.7543184425944075,4.1305960435927445e-11,0.6122843856560921,0.8112781244591328,0.9744894033980523,1.0,0.999999999958694,0.7543184425944075,4.1305960435927445e-11,0.6122843856560921,0.8112781244591328,0.9744894033980523,1.0,0.999999999958694,window_2,diagnostic_window,55.0
banknote,svm,hsj,0.0,275,2,27.545454545454547,1.0,26.5,32.0,32.0,32.0,31.0,0.7530928092476453,0.4040528735999982,0.6467687312815457,0.7782728303771121,0.8707039484308492,0.9951512433455264,0.5910983697455282,0.6151730875367366,0.1,0.359375,0.6875,0.7947368421052632,1.0,0.9,0.38482691246326345,0.0,0.20526315789473681,0.3125,0.640625,0.9,0.9,0.6151730875367366,0.1,0.359375,0.6875,0.7947368421052632,1.0,0.9,1.0,1.0,1.0,1.0,1.0,1.0,0.0,0.7410829879445864,4.1305960435927445e-11,0.6797045501824872,0.8112781244591328,0.9122001524647125,0.997180398894264,0.9971803988529581,0.7410829879445864,4.1305960435927445e-11,0.6797045501824872,0.8112781244591328,0.9122001524647125,0.997180398894264,0.9971803988529581,window_3,diagnostic_window,55.0
banknote,svm,hsj,0.0,275,2,24.98181818181818,1.0,20.0,27.0,32.0,32.0,31.0,0.7426233306385955,0.3934121178994529,0.6522113084818842,0.7901237286109849,0.8382060705259511,0.9418438490873464,0.5484317311878935,0.6508513721353724,0.0,0.5364583333333333,0.71875,0.8681159420289855,1.0,1.0,0.34914862786462764,0.0,0.13188405797101443,0.28125,0.46354166666666663,1.0,1.0,0.6508513721353724,0.0,0.5364583333333333,0.71875,0.8681159420289855,1.0,1.0,1.0,1.0,1.0,1.0,1.0,1.0,0.0,0.6579959807411089,4.1305960435927445e-11,0.45966450526882086,0.7062740891876007,0.8978909956164101,1.0,0.999999999958694,0.6579959807411089,4.1305960435927445e-11,0.45966450526882086,0.7062740891876007,0.8978909956164101,1.0,0.999999999958694,window_4,diagnostic_window,55.0
banknote,svm,org,1.0,275,2,25.09090909090909,4.0,18.5,29.0,32.0,32.0,28.0,0.015240389703581362,1.6010409805584304e-08,5.583039626678882e-05,0.0005964611080256,0.0023687725522618,0.4295684091713814,0.42956839316097156,0.9658634734441186,0.40625,1.0,1.0,1.0,1.0,0.59375,0.9658634734441186,0.40625,1.0,1.0,1.0,1.0,0.59375,0.9658634734441186,0.40625,1.0,1.0,1.0,1.0,0.59375,1.0,1.0,1.0,1.0,1.0,1.0,0.0,0.09307949134021358,4.1305960435927445e-11,4.1305960435927445e-11,4.1305960435927445e-11,4.1305960435927445e-11,1.0,0.999999999958694,0.09307949134021358,4.1305960435927445e-11,4.1305960435927445e-11,4.1305960435927445e-11,4.1305960435927445e-11,1.0,0.999999999958694,window_0,diagnostic_window,55.0
banknote,svm,org,1.0,275,2,27.036363636363635,6.0,24.5,32.0,32.0,32.0,26.0,0.02024768330585568,9.84371474260669e-09,2.0750062457623474e-05,0.0001991570910792,0.0279119046271952,0.1894177634519935,0.18941775360827875,0.9406439393939394,0.46875,0.9354166666666666,1.0,1.0,1.0,0.53125,0.9406439393939394,0.46875,0.9354166666666666,1.0,1.0,1.0,0.53125,0.9406439393939394,0.46875,0.9354166666666666,1.0,1.0,1.0,0.53125,1.0,1.0,1.0,1.0,1.0,1.0,0.0,0.19661580554534003,4.1305960435927445e-11,4.1305960435927445e-11,4.1305960435927445e-11,0.3453247008192176,1.0,0.999999999958694,0.19661580554534003,4.1305960435927445e-11,4.1305960435927445e-11,4.1305960435927445e-11,0.3453247008192176,1.0,0.999999999958694,window_1,diagnostic_window,55.0
banknote,svm,org,1.0,275,2,25.563636363636363,2.0,23.0,32.0,32.0,32.0,30.0,0.014200538048510217,1.1572830693665464e-08,0.00011374388565145,0.0007126121539218,0.0032074951962501,0.1728165371875484,0.17281652561471772,0.9485061327561328,0.5,0.9591666666666667,1.0,1.0,1.0,0.5,0.9485061327561328,0.5,0.9591666666666667,1.0,1.0,1.0,0.5,0.9485061327561328,0.5,0.9591666666666667,1.0,1.0,1.0,0.5,1.0,1.0,1.0,1.0,1.0,1.0,0.0,0.1739003940450168,4.1305960435927445e-11,4.1305960435927445e-11,4.1305960435927445e-11,0.2460872409578001,1.0,0.999999999958694,0.1739003940450168,4.1305960435927445e-11,4.1305960435927445e-11,4.1305960435927445e-11,0.2460872409578001,1.0,0.999999999958694,window_2,diagnostic_window,55.0
banknote,svm,org,1.0,275,2,25.945454545454545,1.0,24.0,30.0,32.0,32.0,31.0,0.03966855890980391,5.562075536868501e-08,2.4442116913085723e-05,0.0004196647578181,0.00863166930057525,0.8339581199707733,0.833958064350018,0.9139016587624026,0.375,0.8839285714285714,1.0,1.0,1.0,0.625,0.9139016587624026,0.375,0.8839285714285714,1.0,1.0,1.0,0.625,0.9139016587624026,0.375,0.8839285714285714,1.0,1.0,1.0,0.625,1.0,1.0,1.0,1.0,1.0,1.0,0.0,0.2563128042469192,4.1305960435927445e-11,4.1305960435927445e-11,4.1305960435927445e-11,0.5174008925119647,0.99498482818597,0.994984828144664,0.2563128042469192,4.1305960435927445e-11,4.1305960435927445e-11,4.1305960435927445e-11,0.5174008925119647,0.99498482818597,0.994984828144664,window_3,diagnostic_window,55.0
banknote,svm,org,1.0,275,2,23.78181818181818,2.0,16.0,26.0,32.0,32.0,30.0,0.012657935590912361,5.286466088355394e-09,0.0001162990541631,0.0004996108234752,0.0088757618806489,0.1574071627724304,0.1574071574859643,0.9464201974815224,0.5925925925925926,0.9174107142857143,1.0,1.0,1.0,0.40740740740740744,0.9464201974815224,0.5925925925925926,0.9174107142857143,1.0,1.0,1.0,0.40740740740740744,0.9464201974815224,0.5925925925925926,0.9174107142857143,1.0,1.0,1.0,0.40740740740740744,1.0,1.0,1.0,1.0,1.0,1.0,0.0,0.19192460751555315,4.1305960435927445e-11,4.1305960435927445e-11,4.1305960435927445e-11,0.4100484076819526,0.975119064940866,0.97511906489956,0.19192460751555315,4.1305960435927445e-11,4.1305960435927445e-11,4.1305960435927445e-11,0.4100484076819526,0.975119064940866,0.97511906489956,window_4,diagnostic_window,55.0
banknote,svm,zoo,0.1241830065359477,275,2,23.12727272727273,4.0,15.0,26.0,32.0,32.0,28.0,0.873294808682773,0.1090289063893279,0.8956852445515217,0.9992715728368512,0.9998811318794241,1.0,0.8909710936106721,0.7485378830128968,0.2,0.625,0.8125,0.9807692307692308,1.0,0.8,0.46348241041916133,0.0,0.14583333333333331,0.375,0.7386363636363636,1.0,1.0,0.7485378830128968,0.2,0.625,0.8125,0.9807692307692308,1.0,0.8,1.0,1.0,1.0,1.0,1.0,1.0,0.0,0.5593851288350642,4.1305960435927445e-11,0.11759669093027372,0.6962122601251458,0.8960382325345574,0.9886994082884974,0.9886994082471915,0.5593851288350642,4.1305960435927445e-11,0.11759669093027372,0.6962122601251458,0.8960382325345574,0.9886994082884974,0.9886994082471915,window_0,diagnostic_window,55.0
banknote,svm,zoo,0.1241830065359477,275,2,26.87272727272727,1.0,27.5,32.0,32.0,32.0,31.0,0.8236409389130837,0.0823875793032082,0.8317914640598594,0.9977446119472948,0.9998666692740994,1.0,0.9176124206967918,0.6991741230860721,0.09375,0.5669642857142857,0.75,0.84375,1.0,0.90625,0.3190076950957461,0.0,0.15625,0.25,0.4375,1.0,1.0,0.6991741230860721,0.09375,0.5669642857142857,0.75,0.84375,1.0,0.90625,1.0,1.0,1.0,1.0,1.0,1.0,0.0,0.6825915183825658,4.1305960435927445e-11,0.6223222999510934,0.8112781244591328,0.9283620723948678,0.9990102708804812,0.9990102708391753,0.6825915183825658,4.1305960435927445e-11,0.6223222999510934,0.8112781244591328,0.9283620723948678,0.9990102708804812,0.9990102708391753,window_1,diagnostic_window,55.0
banknote,svm,zoo,0.1241830065359477,275,2,23.581818181818182,1.0,17.0,30.0,32.0,32.0,31.0,0.8472352628194337,3.135755371913913e-06,0.9157125635138996,0.9981436633529034,0.9998389870718973,1.0,0.9999968642446281,0.663424334154038,0.0,0.515625,0.6875,0.8702664796633941,1.0,1.0,0.4413365310576548,0.0,0.209375,0.40625,0.6516544117647058,1.0,1.0,0.663424334154038,0.0,0.515625,0.6875,0.8702664796633941,1.0,1.0,1.0,1.0,1.0,1.0,1.0,1.0,0.0,0.6900763840304871,4.1305960435927445e-11,0.5491713032704351,0.8112781244591328,0.9727199989263606,1.0,0.999999999958694,0.6900763840304871,4.1305960435927445e-11,0.5491713032704351,0.8112781244591328,0.9727199989263606,1.0,0.999999999958694,window_2,diagnostic_window,55.0
banknote,svm,zoo,0.1241830065359477,275,2,26.472727272727273,1.0,22.5,32.0,32.0,32.0,31.0,0.8489630191732428,0.0883981905642131,0.8906798611713633,0.9987406971615754,0.9998841096033593,1.0,0.911601809435787,0.6505935619531532,0.1111111111111111,0.421875,0.6875,0.84375,1.0,0.8888888888888888,0.43566010373599623,0.0,0.2202380952380952,0.375,0.6822916666666667,1.0,1.0,0.6505935619531532,0.1111111111111111,0.421875,0.6875,0.84375,1.0,0.8888888888888888,1.0,1.0,1.0,1.0,1.0,1.0,0.0,0.6856220187138743,4.1305960435927445e-11,0.5611795339158581,0.8112781244591328,0.9283620723948678,1.0,0.999999999958694,0.6856220187138743,4.1305960435927445e-11,0.5611795339158581,0.8112781244591328,0.9283620723948678,1.0,0.999999999958694,window_3,diagnostic_window,55.0
banknote,svm,zoo,0.1241830065359477,275,2,23.054545454545455,1.0,16.5,25.0,32.0,32.0,31.0,0.9096445947719463,0.350199232295286,0.945854515435256,0.99791715251811,0.9998054229596718,1.0,0.649800767704714,0.7194142329153018,0.0,0.6201923076923077,0.78125,1.0,1.0,1.0,0.45598683660341477,0.0,0.15625,0.34375,0.7855787476280834,1.0,1.0,0.7194142329153018,0.0,0.6201923076923077,0.78125,1.0,1.0,1.0,1.0,1.0,1.0,1.0,1.0,1.0,0.0,0.544955470677754,4.1305960435927445e-11,4.1305960435927445e-11,0.672294817075638,0.8571484374283717,0.9886994082884974,0.9886994082471915,0.544955470677754,4.1305960435927445e-11,4.1305960435927445e-11,0.672294817075638,0.8571484374283717,0.9886994082884974,0.9886994082471915,window_4,diagnostic_window,55.0
banknote,xgb,hsj,0.0032679738562091,275,2,23.70909090909091,1.0,16.0,27.0,32.0,32.0,31.0,0.4001503139027901,1.2565145106975982e-06,0.03949442845709295,0.327472991897682,0.7496325763584508,0.9999998202533036,0.9999985637387929,0.6043637658934226,0.0,0.3798076923076923,0.6875,0.7976190476190477,1.0,1.0,0.3958984718688153,0.0,0.2023809523809523,0.3125,0.6201923076923077,1.0,1.0,0.6041015281311847,0.0,0.3798076923076923,0.6875,0.7976190476190477,1.0,1.0,0.9974650349650349,0.9230769230769232,1.0,1.0,1.0,1.0,0.07692307692307676,0.7212649676475443,4.1305960435927445e-11,0.6252624052234231,0.7950402793845223,0.910344558424734,0.9980008838722996,0.9980008838309936,0.7170517029192276,4.1305960435927445e-11,0.6252624052234231,0.7918583525674836,0.910344558424734,0.9980008838722996,0.9980008838309936,window_0,diagnostic_window,55.0
banknote,xgb,hsj,0.0032679738562091,275,2,26.70909090909091,1.0,22.5,32.0,32.0,32.0,31.0,0.35831822997992324,4.276319228688402e-06,0.02829343430056605,0.1628908942507516,0.7545449225888565,0.998996787466596,0.9989925111473673,0.6486939147635528,0.1904761904761904,0.53125,0.65625,0.7715773809523809,1.0,0.8095238095238095,0.353335306015668,0.0,0.228422619047619,0.34375,0.484375,0.8095238095238095,0.8095238095238095,0.646664693984332,0.1904761904761904,0.515625,0.65625,0.7715773809523809,1.0,0.8095238095238095,0.9968344155844157,0.8571428571428571,1.0,1.0,1.0,1.0,0.1428571428571429,0.8009044602992688,4.1305960435927445e-11,0.7578784625383954,0.8997437586982626,0.9644617031615087,1.0,0.999999999958694,0.80019737311552,4.1305960435927445e-11,0.7578784625383954,0.8997437586982626,0.9644617031615087,1.0,0.999999999958694,window_1,diagnostic_window,55.0
banknote,xgb,hsj,0.0032679738562091,275,2,25.490909090909092,1.0,23.0,32.0,32.0,32.0,31.0,0.38084517397587103,0.0002498830992813,0.0656219318987543,0.2660292961721229,0.5843965899182634,0.9990821973359126,0.9988323142366313,0.6247704399977126,0.0,0.484375,0.6666666666666666,0.78125,1.0,1.0,0.3746613781841055,0.0,0.21875,0.3333333333333333,0.515625,1.0,1.0,0.6253386218158945,0.0,0.484375,0.6666666666666666,0.78125,1.0,1.0,0.9994318181818181,0.96875,1.0,1.0,1.0,1.0,0.03125,0.7569159507106666,4.1305960435927445e-11,0.6962122601251458,0.8453509366224364,0.954434002924965,1.0,0.999999999958694,0.7562088635269179,4.1305960435927445e-11,0.6962122601251458,0.8453509366224364,0.954434002924965,1.0,0.999999999958694,window_2,diagnostic_window,55.0
banknote,xgb,hsj,0.0032679738562091,275,2,26.29090909090909,1.0,22.0,32.0,32.0,32.0,31.0,0.4586003413180346,5.311830047644959e-05,0.1052999632210321,0.3041349477941003,0.8530525112202977,0.9999998202533036,0.9999467019528271,0.6224124189825078,0.15,0.4389204545454546,0.65625,0.8125,1.0,0.85,0.3760624614002673,0.0,0.1875,0.34375,0.5610795454545454,0.85,0.85,0.6239375385997327,0.15,0.4389204545454546,0.65625,0.8125,1.0,0.85,0.9984748803827751,0.9473684210526316,1.0,1.0,1.0,1.0,0.05263157894736836,0.7763305153367004,4.1305960435927445e-11,0.6437049604352726,0.8739810481273579,0.9519430091564567,0.997180398894264,0.9971803988529581,0.7739680503712134,4.1305960435927445e-11,0.6437049604352726,0.8571484374283717,0.9519430091564567,0.997180398894264,0.9971803988529581,window_3,diagnostic_window,55.0
banknote,xgb,hsj,0.0032679738562091,275,2,24.036363636363635,1.0,15.0,32.0,32.0,32.0,31.0,0.2972280931116158,5.629246792812578e-07,0.0273691120757868,0.1891469484171281,0.4762120880682259,0.9998268167173922,0.9998262537927128,0.5972091139100725,0.0,0.3810483870967742,0.6666666666666666,0.8125,1.0,1.0,0.41733634063538205,0.0,0.1875,0.34375,0.625,1.0,1.0,0.6008454775464361,0.0,0.3810483870967742,0.6666666666666666,0.8125,1.0,1.0,0.9963636363636363,0.8,1.0,1.0,1.0,1.0,0.19999999999999996,0.6992330958058722,4.1305960435927445e-11,0.5435644431995964,0.8112781244591328,0.9370111884977539,0.998635964158572,0.9986359641172661,0.7123590611667097,4.1305960435927445e-11,0.5435644431995964,0.8112781244591328,0.9370111884977539,0.998635964158572,0.9986359641172661,window_4,diagnostic_window,55.0
banknote,xgb,org,0.9967320261437908,275,2,25.09090909090909,4.0,18.5,29.0,32.0,32.0,28.0,5.462948918591375e-07,6.72237907520696e-11,4.5681162721108056e-09,3.3802913433480285e-08,2.120610784385782e-07,1.2764782412412652e-05,1.27647151886219e-05,0.9658634734441186,0.40625,1.0,1.0,1.0,1.0,0.59375,0.9658634734441186,0.40625,1.0,1.0,1.0,1.0,0.59375,0.9658634734441186,0.40625,1.0,1.0,1.0,1.0,0.59375,1.0,1.0,1.0,1.0,1.0,1.0,0.0,0.09307949134021358,4.1305960435927445e-11,4.1305960435927445e-11,4.1305960435927445e-11,4.1305960435927445e-11,1.0,0.999999999958694,0.09307949134021358,4.1305960435927445e-11,4.1305960435927445e-11,4.1305960435927445e-11,4.1305960435927445e-11,1.0,0.999999999958694,window_0,diagnostic_window,55.0
banknote,xgb,org,0.9967320261437908,275,2,27.036363636363635,6.0,24.5,32.0,32.0,32.0,26.0,0.00011707907164443802,4.130580026464068e-11,2.1260036377602826e-08,8.51045705652331e-08,8.741537060324084e-07,0.0063883699596207,0.0063883699183149,0.9406439393939394,0.46875,0.9354166666666666,1.0,1.0,1.0,0.53125,0.9406439393939394,0.46875,0.9354166666666666,1.0,1.0,1.0,0.53125,0.9406439393939394,0.46875,0.9354166666666666,1.0,1.0,1.0,0.53125,1.0,1.0,1.0,1.0,1.0,1.0,0.0,0.19661580554534003,4.1305960435927445e-11,4.1305960435927445e-11,4.1305960435927445e-11,0.3453247008192176,1.0,0.999999999958694,0.19661580554534003,4.1305960435927445e-11,4.1305960435927445e-11,4.1305960435927445e-11,0.3453247008192176,1.0,0.999999999958694,window_1,diagnostic_window,55.0
banknote,xgb,org,0.9967320261437908,275,2,25.563636363636363,2.0,23.0,32.0,32.0,32.0,30.0,2.9105380076679344e-05,6.747999594697499e-11,6.267491429584268e-09,3.832629760905143e-08,1.812922159269278e-07,0.001180552734811,0.0011805526673310041,0.9485061327561328,0.5,0.9591666666666667,1.0,1.0,1.0,0.5,0.9485061327561328,0.5,0.9591666666666667,1.0,1.0,1.0,0.5,0.9485061327561328,0.5,0.9591666666666667,1.0,1.0,1.0,0.5,1.0,1.0,1.0,1.0,1.0,1.0,0.0,0.1739003940450168,4.1305960435927445e-11,4.1305960435927445e-11,4.1305960435927445e-11,0.2460872409578001,1.0,0.999999999958694,0.1739003940450168,4.1305960435927445e-11,4.1305960435927445e-11,4.1305960435927445e-11,0.2460872409578001,1.0,0.999999999958694,window_2,diagnostic_window,55.0
banknote,xgb,org,0.9967320261437908,275,2,25.945454545454545,1.0,24.0,30.0,32.0,32.0,31.0,4.1694762296441727e-05,4.130580026464068e-11,6.867173919005184e-09,5.221289529314165e-08,1.4108044846450565e-06,0.0020634218275373,0.0020634217862315,0.9122487662004193,0.375,0.8839285714285714,1.0,1.0,1.0,0.625,0.9139016587624026,0.375,0.8839285714285714,1.0,1.0,1.0,0.625,0.9139016587624026,0.375,0.8839285714285714,1.0,1.0,1.0,0.625,0.9983471074380165,0.9090909090909092,1.0,1.0,1.0,1.0,0.09090909090909083,0.2563128042469192,4.1305960435927445e-11,4.1305960435927445e-11,4.1305960435927445e-11,0.5174008925119647,0.99498482818597,0.994984828144664,0.26430365855383203,4.1305960435927445e-11,4.1305960435927445e-11,4.1305960435927445e-11,0.5174008925119647,0.99498482818597,0.994984828144664,window_3,diagnostic_window,55.0
banknote,xgb,org,0.9967320261437908,275,2,23.78181818181818,2.0,16.0,26.0,32.0,32.0,30.0,4.3501583547338214e-05,4.2192631987246737e-10,1.2401556243673717e-08,4.156693482316909e-08,2.5699025164359653e-07,0.0023645828138771,0.00236458239195078,0.9373292883906132,0.5,0.90625,1.0,1.0,1.0,0.5,0.9282383792997042,0.0,0.90625,1.0,1.0,1.0,1.0,0.9464201974815224,0.5925925925925926,0.9174107142857143,1.0,1.0,1.0,0.40740740740740744,0.990909090909091,0.5,1.0,1.0,1.0,1.0,0.5,0.19192460751555315,4.1305960435927445e-11,4.1305960435927445e-11,4.1305960435927445e-11,0.4100484076819526,0.975119064940866,0.97511906489956,0.21010642569662033,4.1305960435927445e-11,4.1305960435927445e-11,4.1305960435927445e-11,0.4488644887230295,1.0,0.999999999958694,window_4,diagnostic_window,55.0
banknote,xgb,zoo,0.1512643308689596,275,2,17.563636363636363,1.0,6.5,15.0,32.0,32.0,31.0,0.29560563786906574,7.552225139429186e-10,9.128324091937817e-05,0.0570175483139362,0.5565033498148104,0.9994872421178224,0.9994872413625998,0.6789926031373599,0.0,0.44270833333333337,0.75,1.0,1.0,1.0,0.5386027047805286,0.0,0.244047619047619,0.53125,1.0,1.0,1.0,0.6795791134012895,0.0,0.44270833333333337,0.75,1.0,1.0,1.0,0.9994134897360704,0.967741935483871,1.0,1.0,1.0,1.0,0.032258064516129004,0.47630768471175094,4.1305960435927445e-11,4.1305960435927445e-11,0.6193821946787638,0.9182958340544894,0.997180398894264,0.9971803988529581,0.4753407290035986,4.1305960435927445e-11,4.1305960435927445e-11,0.6193821946787638,0.9182958340544894,0.997180398894264,0.9971803988529581,window_0,diagnostic_window,55.0
banknote,xgb,zoo,0.1512643308689596,275,2,22.490909090909092,1.0,12.0,28.0,32.0,32.0,31.0,0.32725852149276785,6.81571733964378e-09,0.0003025247962061,0.0934012803919105,0.7338953485598356,0.9957240375499308,0.9957240307342134,0.6012397166150512,0.0,0.421875,0.59375,0.788888888888889,1.0,1.0,0.50783286403011,0.0,0.28125,0.4375,0.6799768518518519,1.0,1.0,0.601258045060799,0.0,0.421875,0.59375,0.788888888888889,1.0,1.0,0.9988453079178886,0.967741935483871,1.0,1.0,1.0,1.0,0.032258064516129004,0.6830952488880504,4.1305960435927445e-11,0.6252624052234231,0.8571484374283717,0.9744894033980523,1.0,0.999999999958694,0.6814212059961494,4.1305960435927445e-11,0.6252624052234231,0.8571484374283717,0.9744894033980523,1.0,0.999999999958694,window_1,diagnostic_window,55.0
banknote,xgb,zoo,0.1512643308689596,275,2,19.181818181818183,1.0,5.5,22.0,32.0,32.0,31.0,0.28560514775528356,5.719503549103633e-09,1.8913065775342035e-05,0.1032752224758301,0.5106483010658822,0.9999993355554504,0.9999993298359469,0.6438539138593202,0.0,0.3333333333333333,0.7142857142857143,1.0,1.0,1.0,0.5015823031494775,0.0,0.23026315789473678,0.4375,0.84375,1.0,1.0,0.643872242305068,0.0,0.3333333333333333,0.7142857142857143,1.0,1.0,1.0,0.9988453079178886,0.967741935483871,1.0,1.0,1.0,1.0,0.032258064516129004,0.513338493651785,4.1305960435927445e-11,4.1305960435927445e-11,0.6962122601251458,0.8960382325345574,0.997180398894264,0.9971803988529581,0.5115375322532829,4.1305960435927445e-11,4.1305960435927445e-11,0.6962122601251458,0.8960382325345574,0.997180398894264,0.9971803988529581,window_2,diagnostic_window,55.0
banknote,xgb,zoo,0.1512643308689596,275,2,23.036363636363635,1.0,18.0,27.0,32.0,32.0,31.0,0.3508115301328612,2.9313554157550503e-10,0.0022973810131059497,0.1514661523587841,0.7118686597809978,0.999565661481848,0.9995656611887125,0.6072218142322285,0.0,0.3810483870967742,0.5714285714285714,0.8637992831541219,1.0,1.0,0.5196089938485795,0.0,0.2742946708463949,0.5,0.703125,1.0,1.0,0.6076637334241477,0.0,0.3810483870967742,0.5714285714285714,0.8637992831541219,1.0,1.0,0.9984217171717171,0.9444444444444444,1.0,1.0,1.0,1.0,0.05555555555555558,0.6432801561687309,4.1305960435927445e-11,0.15477171459581557,0.8497511372532974,0.9586672088481459,1.0,0.999999999958694,0.6414944380729979,4.1305960435927445e-11,0.15477171459581557,0.8497511372532974,0.9586672088481459,1.0,0.999999999958694,window_3,diagnostic_window,55.0
banknote,xgb,zoo,0.1512643308689596,275,2,20.272727272727273,1.0,14.0,24.0,30.5,32.0,31.0,0.3066160887582103,6.916107271383757e-10,1.5240319418399237e-05,0.013098001803173,0.7440068871478107,0.9999557843084228,0.999955783616812,0.6788410616903648,0.0,0.41428571428571426,0.75,1.0,1.0,1.0,0.513743608541364,0.0,0.19375,0.5,0.84375,1.0,1.0,0.6862563914586357,0.0,0.41428571428571426,0.75,1.0,1.0,1.0,0.9892335115864528,0.5,1.0,1.0,1.0,1.0,0.5,0.5129144147142114,4.1305960435927445e-11,4.1305960435927445e-11,0.6962122601251458,0.9121120250487444,1.0,0.999999999958694,0.5284668841922777,4.1305960435927445e-11,4.1305960435927445e-11,0.6962122601251458,0.9182958340544894,1.0,0.999999999958694,window_4,diagnostic_window,55.0
diabetes,lin,hsj,0.3242592592592592,154,2,24.387096774193548,3.0,16.5,32.0,32.0,32.0,29.0,0.9920531818070413,0.9577724382140606,0.9886455250112782,0.9931948378910568,0.9983544204709047,0.9999679349185628,0.04219549670450229,0.6070336109354136,0.09375,0.55,0.6666666666666666,0.78125,1.0,0.90625,0.430209431442828,0.2352941176470588,0.3125,0.4074074074074074,0.515625,0.75,0.5147058823529412,0.5455970201700752,0.25,0.4409722222222222,0.5625,0.671875,0.7647058823529411,0.5147058823529411,0.6974870862323425,0.5,0.6614583333333333,0.71875,0.75,0.8125,0.3125,0.9363171284406644,0.787126586201269,0.8960382325345574,0.954434002924965,0.9886994082884974,1.0,0.21287341379873104,0.7607021291585846,4.1305960435927445e-11,0.6842535386003918,0.8112781244591328,0.9182958340544894,1.0,0.999999999958694,window_0,diagnostic_window,31.0
diabetes,lin,hsj,0.3242592592592592,154,2,25.35483870967742,5.0,21.5,29.0,32.0,32.0,27.0,0.9917939621290167,0.9511090763015986,0.9856181149805956,0.9951385434656124,0.9986992703875646,0.999952349228404,0.04884327292680546,0.6092372680813901,0.15625,0.3875,0.71875,0.790625,0.8888888888888888,0.7326388888888888,0.43494245208230603,0.21875,0.32738095238095233,0.40625,0.5,0.8,0.58125,0.5358916969831637,0.2,0.41741071428571425,0.53125,0.6614583333333333,0.78125,0.58125,0.6891843295201154,0.4117647058823529,0.6220238095238095,0.7142857142857143,0.75,0.8518518518518519,0.44008714596949894,0.9216340782241942,0.7219280948873623,0.892031370936841,0.9283620723948678,0.9869637721613745,1.0,0.2780719051126377,0.8087685132055913,0.5032583347756457,0.709070177506254,0.8112781244591328,0.9370111884977539,1.0,0.49674166522435426,window_1,diagnostic_window,31.0
diabetes,lin,hsj,0.3242592592592592,154,2,23.741935483870968,1.0,14.0,31.0,32.0,32.0,31.0,0.9930860048434296,0.9727393823249112,0.9902841627289366,0.9949545729605213,0.9993096724707944,0.9999931496073212,0.027253767282410024,0.6031631769490338,0.125,0.4392857142857143,0.625,0.78125,1.0,0.875,0.433427240836069,0.0,0.34375,0.4375,0.5277777777777778,0.7096774193548387,0.7096774193548387,0.5736615037526756,0.2903225806451613,0.5,0.5833333333333334,0.65625,1.0,0.7096774193548387,0.6880674129006193,0.5,0.6475155279503106,0.6875,0.7386363636363636,1.0,0.5,0.9149071986316766,4.1305960435927445e-11,0.9122001524647125,0.954434002924965,0.9886994082884974,1.0,0.999999999958694,0.8115607388612238,4.1305960435927445e-11,0.6962122601251458,0.8865408928220898,0.9642520390847086,1.0,0.999999999958694,window_2,diagnostic_window,31.0
diabetes,lin,hsj,0.3242592592592592,154,2,24.451612903225808,1.0,18.0,32.0,32.0,32.0,31.0,0.9934137126776764,0.9308419516256856,0.993380053719479,0.9976485298134856,0.9993381982775712,0.9999999376838824,0.06915798605819679,0.5112138772219418,0.0,0.3570601851851851,0.5238095238095238,0.7165178571428572,0.84375,0.84375,0.4900371417710127,0.21875,0.4,0.4545454545454545,0.55625,1.0,0.78125,0.5399628582289872,0.25,0.445,0.5454545454545454,0.6160714285714286,1.0,0.75,0.641586540699444,0.0,0.6,0.65625,0.7165178571428572,0.78125,0.78125,0.9323456919556133,4.1305960435927445e-11,0.954434002924965,0.9852281360342516,0.991180987604932,1.0,0.999999999958694,0.8139310526894431,4.1305960435927445e-11,0.7578784625383954,0.8960382325345574,0.9769046420836872,0.998363672593813,0.998363672552507,window_3,diagnostic_window,31.0
diabetes,lin,hsj,0.3242592592592592,154,2,20.933333333333334,1.0,9.5,24.0,32.0,32.0,31.0,0.9952550569285796,0.976727040062786,0.9932952190387361,0.9972516560892748,0.9992019028592585,0.9999984098318077,0.023271369769021666,0.5965823582735348,0.15625,0.39663461538461536,0.6333333333333333,0.7734375,1.0,0.84375,0.47578665615430327,0.0,0.34375,0.4807692307692307,0.6171875,0.78125,0.78125,0.5782472728796257,0.21875,0.4453125,0.625,0.6666666666666666,1.0,0.78125,0.716592089827384,0.4666666666666667,0.625,0.71875,0.7803819444444444,1.0,0.5333333333333333,0.8890497769366371,4.1305960435927445e-11,0.8580227606004667,0.9283620723948678,0.9756378370269744,1.0,0.999999999958694,0.7707154199154514,4.1305960435927445e-11,0.7116288107284582,0.8283145305407846,0.9453994607073462,1.0,0.999999999958694,window_4,diagnostic_window,30.0
diabetes,lin,org,0.6757407407407408,154,2,24.70967741935484,4.0,17.5,32.0,32.0,32.0,28.0,0.7411717095039877,0.1963476472013327,0.5992090514055284,0.7282737477023544,0.9212191801455811,0.998358377654702,0.8020107304533693,0.7106315665388345,0.0,0.5866477272727273,0.8181818181818182,1.0,1.0,1.0,0.7405790855858887,0.2727272727272727,0.6363636363636364,0.75,0.875,1.0,0.7272727272727273,0.658467648635742,0.09375,0.5367316341829085,0.71875,0.8708333333333333,1.0,0.90625,0.7815037172575344,0.5517241379310345,0.7142137096774194,0.7647058823529411,0.875,1.0,0.4482758620689655,0.7190593364033996,4.1305960435927445e-11,0.5435644431995964,0.8112781244591328,0.9419878284170233,1.0,0.999999999958694,0.34343978964156996,4.1305960435927445e-11,4.1305960435927445e-11,0.3372900666170139,0.7209584490887185,0.9940302114769566,0.9940302114356506,window_0,diagnostic_window,31.0
diabetes,lin,org,0.6757407407407408,154,2,25.35483870967742,6.0,20.5,32.0,32.0,32.0,26.0,0.7418844332088033,0.161105325412062,0.5211268285240147,0.7942077079942905,0.9336305576518276,0.997251509298783,0.836146183886721,0.7239581296839362,0.0,0.56,0.90625,1.0,1.0,1.0,0.7267988642182189,0.24,0.6125,0.7777777777777778,0.875,1.0,0.76,0.6779893404086953,0.125,0.5,0.75,0.859375,1.0,0.875,0.7803343341246567,0.4666666666666667,0.6837500000000001,0.8181818181818182,0.875,1.0,0.5333333333333333,0.7172747841498176,4.1305960435927445e-11,0.5435644431995964,0.7642045065086203,0.9283620723948678,0.9967916319816368,0.9967916319403308,0.42588642420680284,4.1305960435927445e-11,4.1305960435927445e-11,0.3372900666170139,0.853752605588266,0.9988455359952018,0.9988455359538958,window_1,diagnostic_window,31.0
diabetes,lin,org,0.6757407407407408,154,2,23.032258064516128,1.0,13.0,27.0,32.0,32.0,31.0,0.7634042813886192,0.3256763146900923,0.6389724585092975,0.7840862267852163,0.9652809136756044,0.9996263242869742,0.6739500095968819,0.6967886942613788,0.0,0.45502645502645495,0.9375,1.0,1.0,1.0,0.7146272759306057,0.3333333333333333,0.5746527777777778,0.75,0.875,1.0,0.6666666666666667,0.6954004454134527,0.25,0.5555555555555556,0.7142857142857143,0.875,1.0,0.75,0.7560950687940804,0.5,0.6414285714285715,0.75,0.875,1.0,0.5,0.7314179973521983,4.1305960435927445e-11,0.5435644431995964,0.8112781244591328,0.9709505944546688,1.0,0.999999999958694,0.4082580926354312,4.1305960435927445e-11,4.1305960435927445e-11,0.2006223243127146,0.9405981244129081,1.0,0.999999999958694,window_2,diagnostic_window,31.0
diabetes,lin,org,0.6757407407407408,154,2,23.903225806451612,1.0,15.5,32.0,32.0,32.0,31.0,0.8094243408747265,0.0883268472276422,0.7345406302525812,0.8929613456093577,0.9676949031065398,0.9999892000820731,0.911662352854431,0.5874632780776045,0.0,0.3295454545454546,0.5714285714285714,1.0,1.0,1.0,0.6383881372685926,0.0,0.5266106442577031,0.6363636363636364,0.8125,0.9375,0.9375,0.5979637319248323,0.1875,0.4232954545454546,0.5294117647058824,0.8229166666666667,1.0,0.8125,0.6985786675373962,0.0,0.6428571428571429,0.6875,0.8125,0.9375,0.9375,0.8031089867820056,4.1305960435927445e-11,0.6731173408867499,0.9283620723948678,0.9869637721613745,1.0,0.999999999958694,0.4792076114747437,4.1305960435927445e-11,4.1305960435927445e-11,0.5032583347756457,0.9806243921354334,1.0,0.999999999958694,window_3,diagnostic_window,31.0
diabetes,lin,org,0.6757407407407408,154,2,20.5,1.0,8.75,23.0,32.0,32.0,31.0,0.8247934846344744,0.3571753385507168,0.7259055856890807,0.8762615638130096,0.9610592925853297,0.9999215317078284,0.6427461931571116,0.7149033605283606,0.0625,0.47115384615384615,0.8504464285714286,0.9921875,1.0,0.9375,0.6589202464202464,0.2307692307692307,0.45698051948051943,0.7165178571428572,0.8671875,1.0,0.7692307692307693,0.696863553113553,0.21875,0.5497159090909091,0.734375,0.8671875,1.0,0.78125,0.7378463897213898,0.4615384615384615,0.6177884615384616,0.7230113636363636,0.875,1.0,0.5384615384615385,0.7348828990800078,4.1305960435927445e-11,0.563988933705553,0.8112781244591328,0.9694755532797805,1.0,0.999999999958694,0.5199812344713992,4.1305960435927445e-11,0.05015558110915812,0.5676186108909619,0.9559989432098147,1.0,0.999999999958694,window_4,diagnostic_window,30.0
diabetes,lin,zoo,0.0648148148148148,154,2,21.483870967741936,1.0,10.0,27.0,32.0,32.0,31.0,0.9527306487971853,0.521949667675576,0.9527370361518488,0.9971459285676304,0.9994205433282044,0.9999904599867866,0.47804079231121055,0.592176103466426,0.0,0.47727272727272724,0.6923076923076923,0.790625,1.0,1.0,0.5021992046185594,0.2,0.3552083333333333,0.4166666666666667,0.64375,1.0,0.8,0.49780079538144056,0.0,0.35625,0.5833333333333334,0.6447916666666667,0.8,0.8,0.6775874961358832,0.0,0.6055555555555556,0.6875,0.75,1.0,1.0,0.863481076142366,4.1305960435927445e-11,0.851249687025404,0.9283620723948678,0.9748042341694592,1.0,0.999999999958694,0.636611323840184,4.1305960435927445e-11,0.41490553721420975,0.7578784625383954,0.8932649363770244,1.0,0.999999999958694,window_0,diagnostic_window,31.0
diabetes,lin,zoo,0.0648148148148148,154,2,23.322580645161292,1.0,17.0,29.0,32.0,32.0,31.0,0.9684705844808364,0.6564273915007133,0.9762583168506319,0.9932968963007212,0.9991885667097411,0.99997108900239,0.3435436975016767,0.5440491664588878,0.0,0.3458333333333333,0.6666666666666666,0.7445652173913043,0.875,0.875,0.49638593049227436,0.2352941176470588,0.3566243194192378,0.4782608695652174,0.5916666666666667,1.0,0.7647058823529412,0.4972669361656857,0.0,0.3848039215686274,0.5333333333333333,0.6282894736842105,0.7647058823529411,0.7647058823529411,0.6822730938767753,0.4666666666666667,0.59375,0.6842105263157895,0.7633053221288515,1.0,0.5333333333333333,0.8958305752858357,4.1305960435927445e-11,0.8886645658826251,0.9494520153879484,0.9925531356575894,1.0,0.999999999958694,0.759138862906134,4.1305960435927445e-11,0.6607373326742845,0.8366407419411673,0.9182958340544894,1.0,0.999999999958694,window_1,diagnostic_window,31.0
diabetes,lin,zoo,0.0648148148148148,154,2,19.258064516129032,1.0,10.0,19.0,32.0,32.0,31.0,0.9622231703822517,0.6820396027178414,0.9756915581407517,0.9947210900733672,0.9992820126972518,0.9999630686428028,0.31792346592496146,0.5178528220616345,0.0,0.31666666666666665,0.5,0.76036866359447,1.0,1.0,0.47591833635875314,0.1739130434782608,0.36068111455108354,0.45,0.5634920634920635,1.0,0.8260869565217392,0.5563397281573759,0.25,0.4565972222222222,0.5555555555555556,0.6516544117647058,1.0,0.75,0.6735279272134008,0.2,0.6339285714285714,0.7,0.7445652173913043,1.0,0.8,0.9061685925661227,4.1305960435927445e-11,0.8912895626783236,0.9709505944546688,0.9910760598382222,1.0,0.999999999958694,0.7058670722705359,4.1305960435927445e-11,0.5370634469732263,0.8739810481273579,0.954434002924965,1.0,0.999999999958694,window_2,diagnostic_window,31.0
diabetes,lin,zoo,0.0648148148148148,154,2,21.774193548387096,1.0,14.5,22.0,32.0,32.0,31.0,0.9622057547105013,0.7769466133125373,0.9511813977828392,0.9838858519576424,0.9955513202670041,0.9999954435224184,0.2230488302098811,0.45696569377186186,0.0,0.3014705882352941,0.4761904761904761,0.6927083333333333,0.84375,0.84375,0.5138374234834845,0.0,0.41741071428571425,0.5,0.596875,1.0,1.0,0.4861625765165155,0.0,0.403125,0.5,0.5825892857142857,1.0,1.0,0.6368770788764997,0.0,0.6220238095238095,0.6666666666666666,0.7230113636363636,0.8125,0.8125,0.8858994523876701,4.1305960435927445e-11,0.9325147271362151,0.9744894033980523,0.9925531356575894,1.0,0.999999999958694,0.7503482240105118,4.1305960435927445e-11,0.6607373326742845,0.8571484374283717,0.9789807175503563,1.0,0.999999999958694,window_3,diagnostic_window,31.0
diabetes,lin,zoo,0.0648148148148148,154,2,19.7,1.0,8.0,20.0,32.0,32.0,31.0,0.9806849386838952,0.8731091132225941,0.9736081903216735,0.9940503734482736,0.9989472614856083,0.999998591208214,0.1268894779856199,0.5852989732134452,0.0625,0.37740384615384615,0.5564516129032258,0.75,1.0,0.9375,0.46394557359682004,0.0,0.3186961206896552,0.4594155844155844,0.5625,1.0,1.0,0.5631377597365134,0.1666666666666666,0.453125,0.5539772727272727,0.6813038793103449,1.0,0.8333333333333334,0.6958904719698985,0.4615384615384615,0.625,0.7077798861480076,0.75,1.0,0.5384615384615385,0.8643982799731084,4.1305960435927445e-11,0.8535909933442019,0.954434002924965,0.9886994082884974,1.0,0.999999999958694,0.7200456756514113,4.1305960435927445e-11,0.6347460139775245,0.8283145305407846,0.9595359542733982,1.0,0.999999999958694,window_4,diagnostic_window,30.0
diabetes,nn,bim,0.2781481481481481,154,2,11.709677419354838,1.0,5.0,9.0,16.5,32.0,31.0,0.39434752459653344,0.0033153495501941,0.1160718634623866,0.4425309337471145,0.6483285255719435,0.837043808232511,0.8337284586823169,0.5395406689197262,0.0,0.26785714285714285,0.5833333333333334,0.788888888888889,1.0,1.0,0.607181402992848,0.0,0.4388888888888889,0.5714285714285714,0.8,1.0,1.0,0.5564234107492871,0.0,0.38095238095238093,0.5555555555555556,0.7171428571428571,1.0,1.0,0.7301355240352047,0.0,0.5916666666666667,0.6666666666666666,0.96875,1.0,1.0,0.6742818930211665,4.1305960435927445e-11,0.3372900666170139,0.8631205685666311,0.9861829552032189,1.0,0.999999999958694,0.6106732705774177,4.1305960435927445e-11,0.20690842517246988,0.7642045065086203,0.9478568257913305,0.9980008838722996,0.9980008838309936,window_0,diagnostic_window,31.0
diabetes,nn,bim,0.2781481481481481,154,2,9.258064516129032,1.0,3.0,8.0,12.0,32.0,31.0,0.34387454366616915,0.0354294353045909,0.10467496902992546,0.3454865548348759,0.545659206872976,0.7940788022312703,0.7586493669266794,0.48915947403850635,0.0,0.1875,0.5454545454545454,0.75,1.0,1.0,0.6192833823882211,0.0,0.4807692307692307,0.6363636363636364,0.75,1.0,1.0,0.47509589424912,0.0,0.3333333333333333,0.5,0.6666666666666666,1.0,1.0,0.6801880019621955,0.0,0.5419580419580419,0.7,0.8257575757575758,1.0,1.0,0.7559806874903878,4.1305960435927445e-11,0.7877413154838766,0.9182958340544894,0.9709505944546688,1.0,0.999999999958694,0.5876503640468346,4.1305960435927445e-11,4.1305960435927445e-11,0.8112781244591328,0.954434002924965,1.0,0.999999999958694,window_1,diagnostic_window,31.0
diabetes,nn,bim,0.2781481481481481,154,2,10.96774193548387,1.0,3.0,7.0,15.5,32.0,31.0,0.3703050280845737,0.0047576595192551,0.09578494492779091,0.362585021759583,0.5424174444850205,0.9999946593297876,0.9952369998105325,0.4414809349937434,0.0,0.015625,0.5,0.6463068181818181,1.0,1.0,0.6981989178858249,0.0,0.5266106442577031,0.71875,0.90625,1.0,1.0,0.4510906366456651,0.0,0.234375,0.4444444444444444,0.58125,1.0,1.0,0.6762848907891602,0.0,0.5,0.6666666666666666,0.921875,1.0,1.0,0.6407162936975046,4.1305960435927445e-11,0.10031116217701028,0.8112781244591328,0.9869637721613745,1.0,0.999999999958694,0.5473431090024359,4.1305960435927445e-11,4.1305960435927445e-11,0.7219280948873623,0.9754096755529108,1.0,0.999999999958694,window_2,diagnostic_window,31.0
diabetes,nn,bim,0.2781481481481481,154,2,10.838709677419354,1.0,2.5,9.0,18.5,27.0,26.0,0.31941171910221766,0.0033923924330803,0.07036014066549989,0.342803437653549,0.4996231968017997,0.7488811329822257,0.7454887405491454,0.5931342210042401,0.0,0.4564393939393939,0.6153846153846154,0.8856209150326797,1.0,1.0,0.6391584573273378,0.0,0.5,0.6363636363636364,0.8814814814814814,1.0,1.0,0.5127478800628706,0.0,0.3333333333333333,0.5,0.7113095238095238,1.0,1.0,0.7104320138712928,0.0,0.5833333333333334,0.6666666666666666,0.962962962962963,1.0,1.0,0.636339894962416,4.1305960435927445e-11,4.1305960435927445e-11,0.8960382325345574,0.9898877340633598,1.0,0.999999999958694,0.5826641680178289,4.1305960435927445e-11,4.1305960435927445e-11,0.8112781244591328,0.9705526806870144,1.0,0.999999999958694,window_3,diagnostic_window,31.0
diabetes,nn,bim,0.2781481481481481,154,2,6.933333333333334,1.0,1.0,3.0,6.75,32.0,31.0,0.29032867542161483,0.0024006044363136,0.036935243388244075,0.17881748382081591,0.46383743530720145,0.9948720498934056,0.992471445457092,0.5640879961209159,0.0,0.052849264705882346,0.6189516129032258,1.0,1.0,1.0,0.6278271186984181,0.0,0.375,0.7083333333333333,1.0,1.0,1.0,0.6359409972436109,0.0,0.3571428571428571,0.6666666666666666,1.0,1.0,1.0,0.7461871108276977,0.0,0.6764705882352942,0.8333333333333334,1.0,1.0,1.0,0.4385625842137657,4.1305960435927445e-11,4.1305960435927445e-11,0.35344157869392245,0.9182958340544894,1.0,0.999999999958694,0.29257040187980493,4.1305960435927445e-11,4.1305960435927445e-11,4.1305960435927445e-11,0.7039516765776103,1.0,0.999999999958694,window_4,diagnostic_window,30.0
diabetes,nn,fgm,0.3201851851851852,154,2,8.709677419354838,1.0,1.5,5.0,11.0,32.0,31.0,0.4600817487179729,0.0005187217130206,0.15357650188193633,0.4288049906635729,0.7896687246524854,0.9966417160489868,0.9961229943359662,0.5641319880836011,0.0,0.32666666666666666,0.6,1.0,1.0,1.0,0.6550212377228506,0.0,0.474375,0.6666666666666666,1.0,1.0,1.0,0.5177411790718242,0.0,0.29166666666666663,0.53125,0.75,1.0,1.0,0.6700592910673557,0.0,0.515625,0.6818181818181818,1.0,1.0,1.0,0.5624294404619632,4.1305960435927445e-11,4.1305960435927445e-11,0.8112781244591328,0.9780893652444602,1.0,0.999999999958694,0.42345443047595216,4.1305960435927445e-11,4.1305960435927445e-11,4.1305960435927445e-11,0.9182958340544894,0.9940302114769566,0.9940302114356506,window_0,diagnostic_window,31.0
diabetes,nn,fgm,0.3201851851851852,154,2,9.870967741935484,1.0,2.0,10.0,15.0,26.0,25.0,0.3644400416605416,0.0142795265144759,0.18743977693380814,0.300461316075868,0.5303612312908009,0.928305166712365,0.914025640197889,0.5558643475436644,0.0,0.225,0.6363636363636364,0.9173076923076923,1.0,1.0,0.600991165697048,0.0,0.47727272727272724,0.6153846153846154,0.8090909090909091,1.0,1.0,0.4482418593424286,0.0,0.2333333333333333,0.4666666666666667,0.6602564102564102,1.0,1.0,0.6793186351915004,0.0,0.5,0.6923076923076923,0.8625,1.0,1.0,0.6276399127191781,4.1305960435927445e-11,4.1305960435927445e-11,0.8453509366224364,0.9741842059914202,1.0,0.999999999958694,0.45943531630588647,4.1305960435927445e-11,4.1305960435927445e-11,0.5159469300074474,0.8685508083469945,1.0,0.999999999958694,window_1,diagnostic_window,31.0
diabetes,nn,fgm,0.3201851851851852,154,2,8.258064516129032,1.0,1.5,5.0,11.5,32.0,31.0,0.3457205957050939,0.0018081278850756,0.10945368707730124,0.2768760414304052,0.47675125416962977,0.998991776402436,0.9971836485173604,0.43194789081885854,0.0,0.0,0.5,0.75,1.0,1.0,0.6706710628081596,0.0,0.5,0.7272727272727273,0.96875,1.0,1.0,0.4411568941810878,0.0,0.234375,0.4,0.5833333333333333,1.0,1.0,0.6281359097891357,0.0,0.5,0.6666666666666666,0.86875,1.0,1.0,0.587064882076835,4.1305960435927445e-11,4.1305960435927445e-11,0.8112781244591328,0.962692298689817,1.0,0.999999999958694,0.4332654027367995,4.1305960435927445e-11,4.1305960435927445e-11,0.5665095065529053,0.872205733898662,1.0,0.999999999958694,window_2,diagnostic_window,31.0
diabetes,nn,fgm,0.3201851851851852,154,2,7.483870967741935,1.0,1.0,5.0,11.5,31.0,30.0,0.39198938111809895,0.0006005017823413,0.137191185442805,0.364178067900841,0.625573609322545,0.9650777289174634,0.9644772271351221,0.4407428442881775,0.0,0.0,0.4285714285714285,0.7571428571428571,1.0,1.0,0.7322738994706601,0.0,0.5714285714285714,0.6875,1.0,1.0,1.0,0.3863128900838714,0.0,0.0,0.3571428571428571,0.5857142857142856,1.0,1.0,0.6838559855769057,0.0,0.5,0.7,1.0,1.0,1.0,0.5469435016030875,4.1305960435927445e-11,4.1305960435927445e-11,0.8865408928220898,0.9709505944546688,1.0,0.999999999958694,0.4354721546974948,4.1305960435927445e-11,4.1305960435927445e-11,0.5032583347756457,0.8631205685666311,1.0,0.999999999958694,window_3,diagnostic_window,31.0
diabetes,nn,fgm,0.3201851851851852,154,2,6.166666666666667,1.0,1.0,2.5,9.0,23.0,22.0,0.3726827975118482,0.000600191489866,0.12012871691969138,0.3216693072749075,0.5201869440177904,0.9970135897597932,0.9964133982699271,0.6237069168648116,0.0,0.1666666666666666,0.8947368421052632,1.0,1.0,1.0,0.7654722831846268,0.0,0.6785714285714286,0.8968253968253967,1.0,1.0,1.0,0.5697244041859738,0.0,0.18235294117647058,0.5394736842105263,1.0,1.0,1.0,0.7657786045435799,0.0,0.6666666666666666,0.8690476190476191,1.0,1.0,1.0,0.34659732328772586,4.1305960435927445e-11,4.1305960435927445e-11,4.1305960435927445e-11,0.7095197754344312,1.0,0.999999999958694,0.24866659052251114,4.1305960435927445e-11,4.1305960435927445e-11,4.1305960435927445e-11,0.613331399930177,1.0,0.999999999958694,window_4,diagnostic_window,30.0
diabetes,nn,org,0.6757407407407408,154,2,24.70967741935484,4.0,17.5,32.0,32.0,32.0,28.0,0.46038724631672917,0.0018761945226562,0.09758894033789425,0.4217770374275256,0.8500075369848198,0.9945079980815246,0.9926318035588684,0.6917002885008776,0.0,0.6363636363636364,0.7777777777777778,1.0,1.0,1.0,0.7458765976471885,0.3548387096774194,0.6363636363636364,0.75,0.875,1.0,0.6451612903225806,0.658467648635742,0.09375,0.5367316341829085,0.71875,0.8708333333333333,1.0,0.90625,0.7725294166276016,0.4782608695652174,0.6663306451612903,0.7647058823529411,0.890625,1.0,0.5217391304347826,0.7190593364033996,4.1305960435927445e-11,0.5435644431995964,0.8112781244591328,0.9419878284170233,1.0,0.999999999958694,0.44139892357492816,4.1305960435927445e-11,4.1305960435927445e-11,0.5032583347756457,0.8112781244591328,0.94566030460064,0.945660304559334,window_0,diagnostic_window,31.0
diabetes,nn,org,0.6757407407407408,154,2,25.35483870967742,6.0,20.5,32.0,32.0,32.0,26.0,0.5025170044025383,0.0002297424487973,0.05620335513891095,0.6363289872979145,0.8666020904757201,0.9911614290510358,0.9909316866022385,0.7038265139878043,0.03125,0.4916666666666667,0.8125,0.984375,1.0,0.96875,0.7367182190569288,0.2857142857142857,0.6125,0.7777777777777778,0.875,1.0,0.7142857142857143,0.6779893404086953,0.125,0.5,0.75,0.859375,1.0,0.875,0.7774359959037378,0.3333333333333333,0.6833333333333333,0.8125,0.875,1.0,0.6666666666666667,0.7172747841498176,4.1305960435927445e-11,0.5435644431995964,0.7642045065086203,0.9283620723948678,0.9967916319816368,0.9967916319403308,0.4909223307318031,4.1305960435927445e-11,0.10031116217701028,0.4488644887230295,0.8239594332001501,0.9967916319816368,0.9967916319403308,window_1,diagnostic_window,31.0
diabetes,nn,org,0.6757407407407408,154,2,23.032258064516128,1.0,13.0,27.0,32.0,32.0,31.0,0.4617890292815132,0.0083099666749989,0.0823037731433872,0.3379788154556662,0.8982603756528071,0.9959841730725056,0.9876742063975067,0.7212181700058911,0.0,0.4537037037037037,0.84,1.0,1.0,1.0,0.7163681873489365,0.3333333333333333,0.5634920634920635,0.75,0.875,1.0,0.6666666666666667,0.6954004454134527,0.25,0.5555555555555556,0.7142857142857143,0.875,1.0,0.75,0.7987499242962304,0.5,0.6833333333333333,0.84375,0.90625,1.0,0.5,0.7314179973521983,4.1305960435927445e-11,0.5435644431995964,0.8112781244591328,0.9709505944546688,1.0,0.999999999958694,0.4155165977589859,4.1305960435927445e-11,4.1305960435927445e-11,0.3372900666170139,0.8631205685666311,1.0,0.999999999958694,window_2,diagnostic_window,31.0
diabetes,nn,org,0.6757407407407408,154,2,23.903225806451612,1.0,15.5,32.0,32.0,32.0,31.0,0.549983791858768,0.0010500559765701,0.17671996013216715,0.6065669991490805,0.9181841056285757,0.9960564549265002,0.99500639894993,0.5941435293570018,0.0,0.28794642857142855,0.6333333333333333,0.96875,1.0,1.0,0.6434153681022751,0.0,0.5266106442577031,0.6363636363636364,0.8125,0.9375,0.9375,0.5979637319248323,0.1875,0.4232954545454546,0.5294117647058824,0.8229166666666667,1.0,0.8125,0.6817919367160353,0.0,0.6150568181818181,0.6875,0.78125,0.9375,0.9375,0.8031089867820056,4.1305960435927445e-11,0.6731173408867499,0.9283620723948678,0.9869637721613745,1.0,0.999999999958694,0.49876128001507347,4.1305960435927445e-11,0.10031116217701028,0.5435644431995964,0.9292908963625602,0.9940302114769566,0.9940302114356506,window_3,diagnostic_window,31.0
diabetes,nn,org,0.6757407407407408,154,2,20.5,1.0,8.75,23.0,32.0,32.0,31.0,0.6297937468031305,0.0288317111029222,0.359876873473629,0.6835730894894337,0.9089484378769805,0.9996733128874544,0.9708416017845323,0.759018759018759,0.15625,0.6294642857142857,0.8348214285714286,1.0,1.0,0.84375,0.6684981684981685,0.2307692307692307,0.5089285714285714,0.7165178571428572,0.8671875,1.0,0.7692307692307693,0.696863553113553,0.21875,0.5497159090909091,0.734375,0.8671875,1.0,0.78125,0.7513375513375513,0.3846153846153846,0.6696428571428571,0.7386363636363636,0.875,1.0,0.6153846153846154,0.7348828990800078,4.1305960435927445e-11,0.563988933705553,0.8112781244591328,0.9694755532797805,1.0,0.999999999958694,0.520877789494767,4.1305960435927445e-11,4.1305960435927445e-11,0.6084675919028752,0.8904916402194913,1.0,0.999999999958694,window_4,diagnostic_window,30.0
diabetes,nn,pgd,0.3372222222222222,154,2,12.96774193548387,1.0,4.5,8.0,20.5,32.0,31.0,0.3526719738485557,0.0104803157521356,0.0864166507694614,0.2659804387958496,0.48664686579539185,0.9987928029770122,0.9883124872248766,0.511748421366052,0.0,0.29166666666666663,0.5,0.7559523809523809,1.0,1.0,0.5811108884009328,0.25,0.34848484848484845,0.5,0.75,1.0,0.75,0.5829751331044435,0.0,0.4375,0.5714285714285714,0.6885775862068966,1.0,1.0,0.6491292433311344,0.0,0.5405844155844155,0.625,0.7795138888888888,1.0,1.0,0.7643789395145075,4.1305960435927445e-11,0.8112781244591328,0.9182958340544894,0.9780893652444602,1.0,0.999999999958694,0.646372524275584,4.1305960435927445e-11,0.4441807378222714,0.8112781244591328,0.954434002924965,1.0,0.999999999958694,window_0,diagnostic_window,31.0
diabetes,nn,pgd,0.3372222222222222,154,2,13.32258064516129,1.0,5.0,10.0,19.0,32.0,31.0,0.3407293576805725,0.017250430377194,0.1058485681440989,0.2531554829198807,0.5983813472671891,0.9583965799452112,0.9411461495680172,0.5486474346634399,0.0,0.26666666666666666,0.55,0.875,1.0,1.0,0.6156911391782691,0.25,0.5,0.6,0.788888888888889,1.0,0.75,0.5009518083233122,0.0,0.34848484848484845,0.5,0.6966911764705883,1.0,1.0,0.6915288100875101,0.0,0.5,0.75,0.8229166666666667,1.0,1.0,0.8009401540653576,4.1305960435927445e-11,0.7430663006979913,0.9182958340544894,0.9854724082446875,1.0,0.999999999958694,0.5237294305228517,4.1305960435927445e-11,4.1305960435927445e-11,0.5435644431995964,0.9363649184897272,0.9967916319816368,0.9967916319403308,window_1,diagnostic_window,31.0
diabetes,nn,pgd,0.3372222222222222,154,2,13.064516129032258,1.0,5.0,10.0,22.0,32.0,31.0,0.35586217032504364,0.0102542985281868,0.1399703432575642,0.2633327375003044,0.6145554029033568,0.9908266242201866,0.9805723256919998,0.6242833574793603,0.0,0.46428571428571425,0.75,0.80625,1.0,1.0,0.6173660598011931,0.0,0.403125,0.6,0.8444444444444444,1.0,1.0,0.5736221634450945,0.0,0.4,0.5714285714285714,0.6978260869565217,1.0,1.0,0.7033046157520212,0.0,0.6,0.6666666666666666,0.9045454545454545,1.0,1.0,0.7122012433932392,4.1305960435927445e-11,0.48612696418246343,0.9283620723948678,0.9709505944546688,1.0,0.999999999958694,0.5883152813624302,4.1305960435927445e-11,0.10031116217701028,0.7219280948873623,0.9363649184897272,1.0,0.999999999958694,window_2,diagnostic_window,31.0
diabetes,nn,pgd,0.3372222222222222,154,2,10.516129032258064,1.0,4.0,7.0,14.5,32.0,31.0,0.23457191457243845,0.0087150396098273,0.07463307749123191,0.155446351780995,0.4183077600094353,0.7576642403825518,0.7489492007727244,0.5089689548275885,0.0,0.1,0.5,0.8175,1.0,1.0,0.651459993464263,0.0,0.46153846153846156,0.6666666666666666,0.8968253968253967,1.0,1.0,0.5334046885541193,0.0,0.3333333333333333,0.5882352941176471,0.7596153846153846,1.0,1.0,0.6592671957496437,0.0,0.5166666666666666,0.6666666666666666,0.7678571428571428,1.0,1.0,0.6140180898169249,4.1305960435927445e-11,4.1305960435927445e-11,0.8112781244591328,0.9500471537628026,1.0,0.999999999958694,0.4599327713199807,4.1305960435927445e-11,4.1305960435927445e-11,0.5435644431995964,0.8932649363770244,1.0,0.999999999958694,window_3,diagnostic_window,31.0
diabetes,nn,pgd,0.3372222222222222,154,2,8.166666666666666,1.0,1.25,4.0,13.0,32.0,31.0,0.264488812941788,0.0086791873242586,0.07498919544362267,0.15891469947520426,0.2947855988261936,0.9729162137303984,0.9642370264061397,0.5452103893108391,0.0,0.19293478260869562,0.5833333333333333,1.0,1.0,1.0,0.5751076717351302,0.0,0.2976190476190476,0.6915760869565217,0.8487394957983193,1.0,1.0,0.6443367727093143,0.0,0.30638586956521735,0.6904761904761905,1.0,1.0,1.0,0.7191415842660441,0.0,0.5,0.8348416289592759,1.0,1.0,1.0,0.5381147413002992,4.1305960435927445e-11,4.1305960435927445e-11,0.7574292094229624,0.8852283944242405,1.0,0.999999999958694,0.4006241144563072,4.1305960435927445e-11,4.1305960435927445e-11,0.18561616334109082,0.8836488723062763,1.0,0.999999999958694,window_4,diagnostic_window,30.0
diabetes,svm,hsj,0.2987037037037037,154,2,25.29032258064516,4.0,17.0,32.0,32.0,32.0,28.0,0.9819336394014837,0.9387080516565744,0.9728548844876476,0.9869821623932236,0.9962787981698151,1.0,0.06129194834342555,0.5660813387150941,0.09375,0.43181818181818177,0.6111111111111112,0.78125,1.0,0.90625,0.40158898093216633,0.0,0.296875,0.3888888888888889,0.5,0.71875,0.71875,0.580265857777511,0.25,0.47727272727272724,0.59375,0.6875,1.0,0.75,0.7082544951481097,0.5185185185185185,0.59375,0.6956521739130435,0.765625,1.0,0.4814814814814815,0.883918297507774,4.1305960435927445e-11,0.8571484374283717,0.8960382325345574,0.9898877340633598,1.0,0.999999999958694,0.7911902541966274,4.1305960435927445e-11,0.6962122601251458,0.8571484374283717,0.9592563838665971,1.0,0.999999999958694,window_0,diagnostic_window,31.0
diabetes,svm,hsj,0.2987037037037037,154,2,26.548387096774192,7.0,24.5,32.0,32.0,32.0,25.0,0.9820581506552654,0.9330469588059638,0.9695827195321398,0.9907617267508926,0.9978016093559182,1.0,0.06695304119403622,0.6221861127385397,0.09375,0.43172268907563016,0.6774193548387096,0.8125,1.0,0.90625,0.40205154341769084,0.21875,0.265625,0.36,0.5147058823529411,0.7666666666666667,0.5479166666666667,0.5792929943974351,0.21875,0.453125,0.625,0.734375,0.7741935483870968,0.5554435483870968,0.7101073491600364,0.4705882352941176,0.625,0.71875,0.78125,1.0,0.5294117647058825,0.8956983012519533,0.7578784625383954,0.8112781244591328,0.9059282160429994,0.9780893652444602,1.0,0.24212153746160459,0.7817740483124267,4.1305960435927445e-11,0.6962122601251458,0.8112781244591328,0.9182958340544894,0.9975025463691152,0.9975025463278092,window_1,diagnostic_window,31.0
diabetes,svm,hsj,0.2987037037037037,154,2,23.774193548387096,1.0,13.0,32.0,32.0,32.0,31.0,0.9832706301489034,0.9395878353564142,0.973607994892791,0.9917489309199536,0.9965644465526158,1.0,0.060412164643585786,0.5884219993073846,0.125,0.418010752688172,0.59375,0.7769886363636364,1.0,0.875,0.40991136573657516,0.0,0.28125,0.4285714285714285,0.515625,0.71875,0.71875,0.585631927981591,0.28125,0.484375,0.5833333333333334,0.71875,1.0,0.71875,0.6961825043760664,0.4,0.6339285714285714,0.6818181818181818,0.71875,1.0,0.6,0.8963816243063307,4.1305960435927445e-11,0.8571484374283717,0.9494520153879484,0.9925531356575894,1.0,0.999999999958694,0.8105414312878755,4.1305960435927445e-11,0.6962122601251458,0.8112781244591328,0.9771790800246025,1.0,0.999999999958694,window_2,diagnostic_window,31.0
diabetes,svm,hsj,0.2987037037037037,154,2,24.29032258064516,1.0,17.5,32.0,32.0,32.0,31.0,0.9820096376781859,0.904181732549425,0.9800734351451896,0.9924286936947624,0.9986999907590818,1.0,0.09581826745057498,0.538759560251499,0.1,0.4068287037037037,0.5217391304347826,0.7257053291536051,1.0,0.9,0.44266814823604017,0.0,0.34375,0.4375,0.5248842592592593,0.75,0.75,0.5448146198918892,0.25,0.4409722222222222,0.5,0.65625,1.0,0.75,0.643889175618032,0.4166666666666667,0.5625,0.6428571428571429,0.7165178571428572,1.0,0.5833333333333333,0.9048747996605859,4.1305960435927445e-11,0.8960382325345574,0.9709505944546688,0.993401755961574,1.0,0.999999999958694,0.8311091590994328,4.1305960435927445e-11,0.8112781244591328,0.8571484374283717,0.9825484463427022,1.0,0.999999999958694,window_3,diagnostic_window,31.0
diabetes,svm,hsj,0.2987037037037037,154,2,21.4,1.0,10.75,27.5,32.0,32.0,31.0,0.9912607408077551,0.954006268034884,0.9912156351326756,0.9952654528622368,0.9990309850535914,1.0,0.045993731965116025,0.5943734388342232,0.0,0.40156250000000004,0.6458333333333333,0.78125,1.0,1.0,0.4318464700695093,0.0,0.28125,0.390625,0.5607638888888888,0.8,0.8,0.6203294558564167,0.21875,0.5323660714285714,0.6458333333333333,0.75,1.0,0.78125,0.6688167710103985,0.0,0.5703125,0.6875,0.7708333333333334,1.0,1.0,0.8271537699209031,4.1305960435927445e-11,0.787331909083847,0.8822363441734247,0.9694755532797805,1.0,0.999999999958694,0.7370165834638882,4.1305960435927445e-11,0.6429998689488539,0.8112781244591328,0.9453994607073462,1.0,0.999999999958694,window_4,diagnostic_window,30.0
diabetes,svm,org,0.7012962962962963,154,2,24.70967741935484,4.0,17.5,32.0,32.0,32.0,28.0,0.6673149140045075,0.306209141259559,0.4844669214431871,0.6849019014409587,0.886264145256802,0.9992098107515728,0.6930006694920138,0.6895792779636528,0.0,0.48641304347826086,0.7777777777777778,1.0,1.0,1.0,0.7171009378231415,0.2727272727272727,0.6111111111111112,0.75,0.875,1.0,0.7272727272727273,0.658467648635742,0.09375,0.5367316341829085,0.71875,0.8708333333333333,1.0,0.90625,0.7804604246731159,0.4782608695652174,0.6770833333333333,0.75,0.90625,1.0,0.5217391304347826,0.7190593364033996,4.1305960435927445e-11,0.5435644431995964,0.8112781244591328,0.9419878284170233,1.0,0.999999999958694,0.41321722151577167,4.1305960435927445e-11,4.1305960435927445e-11,0.4488644887230295,0.8283145305407846,0.954434002924965,0.9544340028836591,window_0,diagnostic_window,31.0
diabetes,svm,org,0.7012962962962963,154,2,25.35483870967742,6.0,20.5,32.0,32.0,32.0,26.0,0.6730918690364037,0.2522791564073381,0.4686818380979574,0.6919929115678346,0.8863285922354905,0.9963928280150666,0.7441136716077285,0.7244703951962017,0.03125,0.5785714285714285,0.8333333333333334,1.0,1.0,0.96875,0.7167182190569287,0.24,0.5916666666666667,0.7777777777777778,0.875,1.0,0.76,0.6779893404086953,0.125,0.5,0.75,0.859375,1.0,0.875,0.7779160266257041,0.4666666666666667,0.6666666666666666,0.78125,0.875,1.0,0.5333333333333333,0.7172747841498176,4.1305960435927445e-11,0.5435644431995964,0.7642045065086203,0.9283620723948678,0.9967916319816368,0.9967916319403308,0.49708172624386116,4.1305960435927445e-11,4.1305960435927445e-11,0.5435644431995964,0.8504008735912836,0.998363672593813,0.998363672552507,window_1,diagnostic_window,31.0
diabetes,svm,org,0.7012962962962963,154,2,23.032258064516128,1.0,13.0,27.0,32.0,32.0,31.0,0.6758789045114062,0.3428282944485927,0.4928580327875636,0.7550644375077878,0.8277438819660443,1.0,0.6571717055514072,0.7121863179888673,0.0,0.53584229390681,0.8333333333333334,1.0,1.0,1.0,0.715535721167875,0.3333333333333333,0.5634920634920635,0.75,0.875,1.0,0.6666666666666667,0.6954004454134527,0.25,0.5555555555555556,0.7142857142857143,0.875,1.0,0.75,0.779836872140462,0.4,0.6440092165898618,0.8125,0.875,1.0,0.6,0.7314179973521983,4.1305960435927445e-11,0.5435644431995964,0.8112781244591328,0.9709505944546688,1.0,0.999999999958694,0.46502360716259583,4.1305960435927445e-11,4.1305960435927445e-11,0.4488644887230295,0.9292908963625602,0.9992492479956566,0.9992492479543507,window_2,diagnostic_window,31.0
diabetes,svm,org,0.7012962962962963,154,2,23.903225806451612,1.0,15.5,32.0,32.0,32.0,31.0,0.7003444150432895,0.2713112146486231,0.5296067758569539,0.729480154649133,0.925841448125782,0.999233938018305,0.7279227233696819,0.6148134674202036,0.0625,0.33096590909090906,0.6428571428571429,0.96875,1.0,0.9375,0.6706462017847216,0.2857142857142857,0.542483660130719,0.6363636363636364,0.8229166666666667,1.0,0.7142857142857143,0.5979637319248323,0.1875,0.4232954545454546,0.5294117647058824,0.8229166666666667,1.0,0.8125,0.7100398091788035,0.4545454545454545,0.625,0.6875,0.8229166666666667,1.0,0.5454545454545455,0.8031089867820056,4.1305960435927445e-11,0.6731173408867499,0.9283620723948678,0.9869637721613745,1.0,0.999999999958694,0.5428551531796023,4.1305960435927445e-11,0.2006223243127146,0.6252624052234231,0.9153776775949233,1.0,0.999999999958694,window_3,diagnostic_window,31.0
diabetes,svm,org,0.7012962962962963,154,2,20.5,1.0,8.75,23.0,32.0,32.0,31.0,0.7754996968665285,0.2078876074330256,0.6402022716540455,0.820931207194233,0.9706430875734764,0.9991994593521326,0.791311851919107,0.7171859390609392,0.0,0.5,0.84375,0.9921875,1.0,1.0,0.6556166056166056,0.2142857142857142,0.4622252747252747,0.6904761904761905,0.8671875,1.0,0.7857142857142858,0.696863553113553,0.21875,0.5497159090909091,0.734375,0.8671875,1.0,0.78125,0.7303130896880897,0.25,0.6177884615384616,0.7386363636363636,0.875,1.0,0.75,0.7348828990800078,4.1305960435927445e-11,0.563988933705553,0.8112781244591328,0.9694755532797805,1.0,0.999999999958694,0.5170611595105795,4.1305960435927445e-11,4.1305960435927445e-11,0.5844134242115098,0.9825434528752018,1.0,0.999999999958694,window_4,diagnostic_window,30.0
diabetes,svm,zoo,0.1562962962962963,154,2,23.258064516129032,3.0,14.0,27.0,32.0,32.0,29.0,0.9189845846657776,0.306209141259559,0.90079204504155,0.972564417576578,0.9992496161277894,1.0,0.693790858740441,0.5946655437290193,0.0,0.40909090909090906,0.6666666666666666,0.84375,1.0,1.0,0.5060503260854458,0.1904761904761904,0.3125,0.44,0.7008928571428572,1.0,0.8095238095238095,0.5851021743412481,0.09375,0.458041958041958,0.6666666666666666,0.7230113636363636,1.0,0.90625,0.7304452154100958,0.48,0.6220238095238095,0.6875,0.8110119047619048,1.0,0.52,0.8291728108794207,4.1305960435927445e-11,0.8112781244591328,0.8960382325345574,0.9333387123141372,0.9990102708804812,0.9990102708391753,0.6478997983846824,4.1305960435927445e-11,0.4962144659613129,0.6962122601251458,0.9182958340544894,0.9940302114769566,0.9940302114356506,window_0,diagnostic_window,31.0
diabetes,svm,zoo,0.1562962962962963,154,2,23.161290322580644,1.0,16.0,30.0,32.0,32.0,31.0,0.9143773249542121,0.5647471009348813,0.900878838723465,0.9632156948758778,0.9959305372533409,1.0,0.43525289906511866,0.584003326226325,0.0,0.3833333333333333,0.6363636363636364,0.790625,1.0,1.0,0.5142864573252476,0.1875,0.31893382352941174,0.5,0.678125,1.0,0.8125,0.5546651555779782,0.0,0.3979885057471264,0.6,0.734375,1.0,1.0,0.728260968258996,0.4666666666666667,0.6125,0.71875,0.8125,1.0,0.5333333333333333,0.8184606327278083,4.1305960435927445e-11,0.8112781244591328,0.8812908992306927,0.9709505944546688,1.0,0.999999999958694,0.698858702963139,4.1305960435927445e-11,0.5844134242115098,0.7973265101474424,0.9468692740972726,1.0,0.999999999958694,window_1,diagnostic_window,31.0
diabetes,svm,zoo,0.1562962962962963,154,2,20.64516129032258,1.0,10.0,20.0,32.0,32.0,31.0,0.952911910908497,0.7550644375077878,0.9592981415626807,0.9864620431752402,0.9947818937549486,0.9998848324768802,0.24482039496909236,0.6093372321179599,0.0,0.34375,0.6,0.859375,1.0,1.0,0.4923770939176919,0.0,0.3810483870967742,0.5,0.6125,1.0,1.0,0.606202391639972,0.25,0.484375,0.5833333333333334,0.75,1.0,0.75,0.7161047179884787,0.4,0.625,0.6875,0.796875,1.0,0.6,0.8316096480719684,4.1305960435927445e-11,0.8112781244591328,0.954434002924965,0.9842840824698251,1.0,0.999999999958694,0.6372411213042819,4.1305960435927445e-11,0.4488644887230295,0.7219280948873623,0.9283620723948678,1.0,0.999999999958694,window_2,diagnostic_window,31.0
diabetes,svm,zoo,0.1562962962962963,154,2,22.677419354838708,1.0,13.5,26.0,32.0,32.0,31.0,0.907959210197141,0.4843831227592901,0.86584038645627,0.9869154353610988,0.9978909192339074,1.0,0.5156168772407099,0.5036233197611177,0.0625,0.290625,0.5,0.765625,1.0,0.9375,0.5376080986179163,0.0,0.4698996655518395,0.5625,0.6306818181818181,1.0,1.0,0.536988675575632,0.1875,0.4076704545454546,0.5,0.640625,1.0,0.8125,0.6662940563799611,0.4347826086956521,0.6035714285714285,0.6428571428571429,0.7403846153846154,1.0,0.5652173913043479,0.8698752619285967,4.1305960435927445e-11,0.8877221357414306,0.9709505944546688,0.9898877340633598,1.0,0.999999999958694,0.697708365730415,4.1305960435927445e-11,0.5234113889876211,0.8112781244591328,0.9343240155327495,1.0,0.999999999958694,window_3,diagnostic_window,31.0
diabetes,svm,zoo,0.1562962962962963,154,2,18.6,1.0,10.0,14.5,32.0,32.0,31.0,0.9473325868177389,0.7517430404115865,0.9438035679292651,0.9807080855246408,0.990304912157449,0.999841061455666,0.24809802104407952,0.6152278954387275,0.0,0.47115384615384615,0.6352785145888594,0.8645833333333334,1.0,1.0,0.4846968708869009,0.0,0.27812499999999996,0.46291208791208793,0.6499999999999999,1.0,1.0,0.6111364624464323,0.1875,0.5,0.6228448275862069,0.75,1.0,0.8125,0.6919753458893265,0.25,0.5714285714285714,0.6885775862068966,0.7953125000000001,1.0,0.75,0.8003881803457943,4.1305960435927445e-11,0.7632463062268178,0.8960382325345574,0.9934134732116019,1.0,0.999999999958694,0.680661300256348,4.1305960435927445e-11,0.5435644431995964,0.8342132809437522,0.9709505944546688,1.0,0.999999999958694,window_4,diagnostic_window,30.0
diabetes,xgb,hsj,0.2894444444444444,154,2,24.0,2.0,14.5,32.0,32.0,32.0,30.0,0.8545861943655093,0.203790995478924,0.814619660761903,0.9528357861864551,0.985960451358328,0.9998058475406514,0.7960148520617274,0.6353047224016808,0.0,0.43181818181818177,0.6842105263157895,0.8975694444444444,1.0,1.0,0.31104024524609514,0.0,0.15625,0.28125,0.45,0.71875,0.71875,0.6371459114154284,0.1875,0.5,0.6666666666666666,0.8322368421052632,1.0,0.8125,0.7516574133464364,0.4545454545454545,0.6858552631578947,0.75,0.84375,1.0,0.5454545454545455,0.7587837448677512,4.1305960435927445e-11,0.6198883516623711,0.8571484374283717,0.9500471537628026,1.0,0.999999999958694,0.6394763021518836,4.1305960435927445e-11,0.39307727767002165,0.7219280948873623,0.9312150638851795,1.0,0.999999999958694,window_0,diagnostic_window,31.0
diabetes,xgb,hsj,0.2894444444444444,154,2,24.387096774193548,4.0,16.5,31.0,32.0,32.0,28.0,0.8305711257955544,0.2167884633471453,0.7625290122516175,0.9332562515615896,0.9702971630748165,0.9995116665269208,0.7827232031797755,0.648488246284765,0.0,0.4552941176470588,0.6875,0.8816964285714286,0.9375,0.9375,0.3519558100480453,0.0,0.1875,0.3125,0.5147058823529411,0.75,0.75,0.6094185963453363,0.0,0.43303571428571425,0.65625,0.8125,0.90625,0.90625,0.7548762580961276,0.4166666666666667,0.6614583333333333,0.7741935483870968,0.8504464285714286,1.0,0.5833333333333333,0.7936912166783814,4.1305960435927445e-11,0.6962122601251458,0.8631205685666311,0.973485621345642,1.0,0.999999999958694,0.7093836142378118,4.1305960435927445e-11,0.4488644887230295,0.8112781244591328,0.9424572333012962,0.9991421039919088,0.9991421039506029,window_1,diagnostic_window,31.0
diabetes,xgb,hsj,0.2894444444444444,154,2,22.548387096774192,1.0,12.0,29.0,32.0,32.0,31.0,0.854232429682534,0.1248662948648725,0.8090391158904036,0.9848738502553616,0.9996020856609462,0.9999988890541844,0.875132594189312,0.6880938446640105,0.15625,0.5092592592592593,0.7142857142857143,0.921875,1.0,0.84375,0.3168969857911519,0.0,0.16145833333333331,0.28125,0.47727272727272724,0.6896551724137931,0.6896551724137931,0.6678493092267901,0.25,0.5227272727272727,0.7142857142857143,0.8385416666666667,1.0,0.75,0.7499147033230957,0.3846153846153846,0.6442528735632184,0.78125,0.859375,1.0,0.6153846153846154,0.77183497154718,4.1305960435927445e-11,0.6376424134358887,0.8571484374283717,0.9825484463427022,1.0,0.999999999958694,0.6635960772004159,4.1305960435927445e-11,0.39307727767002165,0.8571484374283717,0.9801736004875587,1.0,0.999999999958694,window_2,diagnostic_window,31.0
diabetes,xgb,hsj,0.2894444444444444,154,2,21.903225806451612,1.0,10.5,32.0,32.0,32.0,31.0,0.8536499568729525,0.2214274329275737,0.7954585496467305,0.9239600953623776,0.9916509815256767,0.999998952874934,0.7785715199473603,0.5733272170060596,0.0,0.38616071428571425,0.5625,0.8385416666666667,1.0,1.0,0.39872847819479695,0.0,0.234375,0.4,0.5,1.0,1.0,0.5851463297929141,0.0,0.40625,0.5625,0.765625,1.0,1.0,0.7064900701238462,0.0,0.625,0.7222222222222222,0.796875,1.0,1.0,0.7978609033611107,4.1305960435927445e-11,0.7578784625383954,0.8960382325345574,0.979858769716152,1.0,0.999999999958694,0.6674366523544036,4.1305960435927445e-11,0.4589300411561553,0.7219280948873623,0.9869637721613745,1.0,0.999999999958694,window_3,diagnostic_window,31.0
diabetes,xgb,hsj,0.2894444444444444,154,2,19.766666666666666,1.0,6.5,23.5,32.0,32.0,31.0,0.8487286403978148,0.3507283811527749,0.8328580979752949,0.9430360268120476,0.9937344329288744,0.9994575743532436,0.6487291932004686,0.6966368418518957,0.1875,0.5,0.765625,0.921875,1.0,0.8125,0.38898803779852165,0.0,0.1671875,0.38095238095238093,0.5733173076923077,0.8333333333333334,0.8333333333333334,0.68515217384169,0.21875,0.5427350427350427,0.703125,0.8411458333333334,1.0,0.78125,0.746887521827038,0.4166666666666667,0.6294642857142857,0.75,0.8671875,1.0,0.5833333333333333,0.7386176827383932,4.1305960435927445e-11,0.6314524093296559,0.8404800353703445,0.9757525180157705,1.0,0.999999999958694,0.6594633053319015,4.1305960435927445e-11,0.3888586607626595,0.7399032787128789,0.9603034639397185,1.0,0.999999999958694,window_4,diagnostic_window,30.0
diabetes,xgb,org,0.7105555555555556,154,2,24.70967741935484,4.0,17.5,32.0,32.0,32.0,28.0,0.3036663921336939,0.0068283103003502,0.027000760790159353,0.1471665964169562,0.44892921418015896,0.9993196119485442,0.992491301648194,0.6564152197410859,0.0,0.4891304347826087,0.75,0.96875,1.0,1.0,0.7223782661677669,0.28125,0.6237373737373737,0.75,0.875,1.0,0.71875,0.658467648635742,0.09375,0.5367316341829085,0.71875,0.8708333333333333,1.0,0.90625,0.7648929655826356,0.4545454545454545,0.703125,0.78125,0.875,1.0,0.5454545454545455,0.7190593364033996,4.1305960435927445e-11,0.5435644431995964,0.8112781244591328,0.9419878284170233,1.0,0.999999999958694,0.572050757302266,4.1305960435927445e-11,0.2006223243127146,0.6840384356390417,0.9071670332945234,1.0,0.999999999958694,window_0,diagnostic_window,31.0
diabetes,xgb,org,0.7105555555555556,154,2,25.35483870967742,6.0,20.5,32.0,32.0,32.0,26.0,0.28938847623104985,0.0012200234445541,0.0450020841657557,0.1105226423736393,0.4789675391290699,0.999723994507054,0.9985039710624999,0.7053171693897503,0.0625,0.5285714285714286,0.78125,0.96875,1.0,0.9375,0.7113418749709072,0.24,0.5916666666666667,0.7777777777777778,0.875,1.0,0.76,0.6779893404086953,0.125,0.5,0.75,0.859375,1.0,0.875,0.7807610087045572,0.4166666666666667,0.7008928571428572,0.8125,0.875,1.0,0.5833333333333333,0.7172747841498176,4.1305960435927445e-11,0.5435644431995964,0.7642045065086203,0.9283620723948678,0.9967916319816368,0.9967916319403308,0.578407054814492,4.1305960435927445e-11,0.2006223243127146,0.6500224216483541,0.9182958340544894,0.998363672593813,0.998363672552507,window_1,diagnostic_window,31.0
diabetes,xgb,org,0.7105555555555556,154,2,23.032258064516128,1.0,13.0,27.0,32.0,32.0,31.0,0.31534090538336906,0.0055813422848664,0.0316944057088586,0.1635525705816557,0.47262324350182844,0.9983350392898792,0.9927536970050128,0.7102192587637436,0.09375,0.5080645161290323,0.8,0.953125,1.0,0.90625,0.7117598924180609,0.3333333333333333,0.5555555555555556,0.75,0.875,1.0,0.6666666666666667,0.6954004454134527,0.25,0.5555555555555556,0.7142857142857143,0.875,1.0,0.75,0.7681279627702624,0.4,0.6475806451612903,0.84375,0.90625,1.0,0.6,0.7314179973521983,4.1305960435927445e-11,0.5435644431995964,0.8112781244591328,0.9709505944546688,1.0,0.999999999958694,0.5925155730318985,4.1305960435927445e-11,0.26895619546486427,0.6500224216483541,0.9801736004875587,1.0,0.999999999958694,window_2,diagnostic_window,31.0
diabetes,xgb,org,0.7105555555555556,154,2,23.903225806451612,1.0,15.5,32.0,32.0,32.0,31.0,0.36466334111735255,0.001344246206576,0.05404316859856435,0.2880689224717571,0.6511813143660767,0.9992937746011832,0.9979495283946072,0.5988841553239087,0.0,0.37053571428571425,0.5882352941176471,0.90625,1.0,1.0,0.583590390212781,0.0,0.478095238095238,0.5909090909090909,0.765625,0.9375,0.9375,0.5979637319248323,0.1875,0.4232954545454546,0.5294117647058824,0.8229166666666667,1.0,0.8125,0.6789327984370679,0.0,0.5798319327731092,0.71875,0.796875,0.9375,0.9375,0.8031089867820056,4.1305960435927445e-11,0.6731173408867499,0.9283620723948678,0.9869637721613745,1.0,0.999999999958694,0.6232820493662338,4.1305960435927445e-11,0.3372900666170139,0.7642045065086203,0.9741842059914202,0.998363672593813,0.998363672552507,window_3,diagnostic_window,31.0
diabetes,xgb,org,0.7105555555555556,154,2,20.5,1.0,8.75,23.0,32.0,32.0,31.0,0.34530178168902265,0.00324976599674,0.04024357861359383,0.196180065833783,0.622952594769799,0.9979817860962924,0.9947320200995524,0.7187617937617937,0.1875,0.5,0.75,0.953125,1.0,0.8125,0.628319597069597,0.2142857142857142,0.44176136363636365,0.625,0.8671875,1.0,0.7857142857142858,0.696863553113553,0.21875,0.5497159090909091,0.734375,0.8671875,1.0,0.78125,0.7541340603840604,0.3846153846153846,0.6462053571428572,0.765625,0.875,1.0,0.6153846153846154,0.7348828990800078,4.1305960435927445e-11,0.563988933705553,0.8112781244591328,0.9694755532797805,1.0,0.999999999958694,0.6069190989717004,4.1305960435927445e-11,0.2717342362791425,0.7804366908593063,0.9723246373581803,1.0,0.999999999958694,window_4,diagnostic_window,30.0
diabetes,xgb,zoo,0.1035185185185185,154,2,20.193548387096776,1.0,9.5,23.0,32.0,32.0,31.0,0.598265676801176,0.0181431873808253,0.25887166613891666,0.7533071575158766,0.9398871177824586,0.9970443999374944,0.9789012125566691,0.5510193328813624,0.0,0.34895833333333337,0.6111111111111112,0.790625,1.0,1.0,0.48648278826381625,0.0,0.2928571428571428,0.4482758620689655,0.703125,1.0,1.0,0.604752141680791,0.0,0.48684210526315785,0.6521739130434783,0.7795138888888888,1.0,1.0,0.7264825102980516,0.0,0.6229619565217391,0.71875,0.84375,1.0,1.0,0.7344215012528383,4.1305960435927445e-11,0.7039504420933748,0.8631205685666311,0.9388859361086574,1.0,0.999999999958694,0.651153537240596,4.1305960435927445e-11,0.4962144659613129,0.7578784625383954,0.9626576847655525,1.0,0.999999999958694,window_0,diagnostic_window,31.0
diabetes,xgb,zoo,0.1035185185185185,154,2,20.516129032258064,1.0,9.5,24.0,32.0,32.0,31.0,0.5850977886791713,0.0011893616542379,0.18422090196520957,0.7652606666303635,0.9832285454402854,0.9997919264457852,0.9986025647915473,0.6626129054715644,0.0625,0.5119047619047619,0.6875,0.875,1.0,0.9375,0.4553026270874319,0.0,0.2928571428571428,0.4,0.6702302631578947,1.0,1.0,0.6475199535577295,0.125,0.48333333333333334,0.6666666666666666,0.828125,1.0,0.875,0.780907914948662,0.4,0.6770833333333333,0.8125,0.8944444444444444,1.0,0.6,0.7130072260684057,4.1305960435927445e-11,0.5844134242115098,0.8812908992306927,0.9413980376599165,1.0,0.999999999958694,0.651436256984976,4.1305960435927445e-11,0.4962144659613129,0.7578784625383954,0.9709505944546688,1.0,0.999999999958694,window_1,diagnostic_window,31.0
diabetes,xgb,zoo,0.1035185185185185,154,2,19.70967741935484,1.0,10.0,22.0,32.0,32.0,31.0,0.704487803354383,0.0127376042038514,0.47157108824463456,0.8520321257872222,0.95862315651765,0.9995345326486454,0.986796928444794,0.6705104663839007,0.09375,0.5,0.6666666666666666,0.9375,1.0,0.90625,0.43213777717574203,0.0,0.234375,0.4285714285714285,0.6079545454545454,0.90625,0.90625,0.6724129140684977,0.25,0.5,0.6086956521739131,0.8125,1.0,0.75,0.7524045671038706,0.4,0.6057993730407524,0.78125,0.953125,1.0,0.6,0.7480741178049579,4.1305960435927445e-11,0.6962122601251458,0.8631205685666311,0.9772349887526169,1.0,0.999999999958694,0.6721054069729363,4.1305960435927445e-11,0.3372900666170139,0.8631205685666311,0.988747387376874,1.0,0.999999999958694,window_2,diagnostic_window,31.0
diabetes,xgb,zoo,0.1035185185185185,154,2,19.774193548387096,1.0,8.5,22.0,32.0,32.0,31.0,0.6559079273574752,0.0013403566598869,0.34584599993215803,0.7485489613773234,0.9702899080666105,0.9986947229429248,0.997354366283038,0.5475763931409092,0.0,0.3784722222222222,0.5333333333333333,0.775,1.0,1.0,0.39685887589113394,0.0,0.25,0.4375,0.5669642857142857,0.8125,0.8125,0.6031411241088659,0.1875,0.43303571428571425,0.5625,0.75,1.0,0.8125,0.6592348064122258,0.0,0.5813492063492063,0.7,0.7416666666666667,1.0,1.0,0.7793913487414178,4.1305960435927445e-11,0.7537451922921393,0.9283620723948678,0.9869637721613745,1.0,0.999999999958694,0.7218572495934411,4.1305960435927445e-11,0.5435644431995964,0.8571484374283717,0.9940302114769566,1.0,0.999999999958694,window_3,diagnostic_window,31.0
diabetes,xgb,zoo,0.1035185185185185,154,2,18.6,1.0,8.0,18.0,32.0,32.0,31.0,0.6534097958838597,0.0032497659967393,0.4874225510083598,0.7385438571228151,0.957585545356734,0.9989025890110708,0.9956528230143314,0.6600208772708772,0.0,0.5,0.6201923076923077,0.8963541666666667,1.0,1.0,0.4115331566581567,0.0,0.235,0.3875,0.5,1.0,1.0,0.6347420958670958,0.0,0.5,0.625,0.7782451923076923,1.0,1.0,0.737448398823399,0.3846153846153846,0.637987012987013,0.71875,0.8383333333333334,1.0,0.6153846153846154,0.7355360906331065,4.1305960435927445e-11,0.7516660585792088,0.8536581784968451,0.9886994082884974,1.0,0.999999999958694,0.6744508000779461,4.1305960435927445e-11,0.41385051483246205,0.8342132809437522,0.9829262640848425,1.0,0.999999999958694,window_4,diagnostic_window,30.0
wilt,lin,hsj,0.5,968,2,21.938144329896907,1.0,11.0,28.5,32.0,32.0,31.0,0.2900462796788744,0.1215854322327866,0.23188352182803337,0.27678119400120693,0.3479543435137721,0.5153554417311114,0.39377000949832475,0.9484536082474226,0.0,1.0,1.0,1.0,1.0,1.0,0.9467946710676978,0.71875,0.90625,1.0,1.0,1.0,0.28125,0.9149301604309923,0.09375,0.90625,1.0,1.0,1.0,0.90625,0.9467946710676978,0.71875,0.90625,1.0,1.0,1.0,0.28125,0.22288503889147415,4.1305960435927445e-11,4.1305960435927445e-11,4.1305960435927445e-11,0.4488644887230295,0.8571484374283717,0.8571484373870657,4.130596043592744e-11,4.1305960435927445e-11,4.1305960435927445e-11,4.1305960435927445e-11,4.1305960435927445e-11,4.1305960435927445e-11,0.0,window_0,diagnostic_window,194.0
wilt,lin,hsj,0.5,968,2,22.190721649484537,1.0,12.25,29.5,32.0,32.0,31.0,0.2951544297914901,0.1145938712563943,0.2343390888097192,0.28553985302723345,0.348198355913021,0.5731741383973734,0.4585802671409791,0.9226804123711341,0.0,1.0,1.0,1.0,1.0,1.0,0.9390234911533644,0.6666666666666666,0.90625,0.96875,1.0,1.0,0.33333333333333337,0.8883224796038722,0.0625,0.90625,0.96875,1.0,1.0,0.9375,0.9390234911533644,0.6666666666666666,0.90625,0.96875,1.0,1.0,0.33333333333333337,0.2513766961060404,4.1305960435927445e-11,4.1305960435927445e-11,0.2006223243127146,0.4488644887230295,0.9182958340544894,0.9182958340131835,4.130596043592744e-11,4.1305960435927445e-11,4.1305960435927445e-11,4.1305960435927445e-11,4.1305960435927445e-11,4.1305960435927445e-11,0.0,window_1,diagnostic_window,194.0
wilt,lin,hsj,0.5,968,2,24.072164948453608,1.0,15.0,32.0,32.0,32.0,31.0,0.29796961209405487,0.0685559661752733,0.24341915501700015,0.28632243030539284,0.34804758624714305,0.589947550534201,0.5213915843589277,0.9329896907216495,0.0,1.0,1.0,1.0,1.0,1.0,0.9316986132142596,0.5,0.90625,0.96875,1.0,1.0,0.5,0.8915139053104797,0.0625,0.9,0.96875,1.0,1.0,0.9375,0.9316986132142596,0.5,0.90625,0.96875,1.0,1.0,0.5,0.2794436972726439,4.1305960435927445e-11,4.1305960435927445e-11,0.2006223243127146,0.4488644887230295,1.0,0.999999999958694,4.130596043592744e-11,4.1305960435927445e-11,4.1305960435927445e-11,4.1305960435927445e-11,4.1305960435927445e-11,4.1305960435927445e-11,0.0,window_2,diagnostic_window,194.0
wilt,lin,hsj,0.5,968,2,23.626943005181346,1.0,15.0,32.0,32.0,32.0,31.0,0.2991228066753742,0.0893035214687659,0.2406649061402493,0.2921919746379134,0.3591523577503248,0.565085050971821,0.47578152950305513,0.9533678756476683,0.0,1.0,1.0,1.0,1.0,1.0,0.9269015252058885,0.6,0.8888888888888888,0.9523809523809524,1.0,1.0,0.4,0.896105248943291,0.03125,0.875,0.9473684210526316,1.0,1.0,0.96875,0.9269015252058885,0.6,0.8888888888888888,0.9523809523809524,1.0,1.0,0.4,0.29711102802823264,4.1305960435927445e-11,4.1305960435927445e-11,0.2761954276479391,0.5032583347756457,0.9709505944546688,0.9709505944133628,4.130596043592743e-11,4.1305960435927445e-11,4.1305960435927445e-11,4.1305960435927445e-11,4.1305960435927445e-11,4.1305960435927445e-11,0.0,window_3,diagnostic_window,193.0
wilt,lin,hsj,0.5,968,2,22.072538860103627,1.0,12.0,29.0,32.0,32.0,31.0,0.2930218887047816,0.0666637950331926,0.2297274162829617,0.2745866262066934,0.3564354913588047,0.5348057273122311,0.4681419322790385,0.9585492227979274,0.0,1.0,1.0,1.0,1.0,1.0,0.9510344274148937,0.6875,0.92,0.96875,1.0,1.0,0.3125,0.9208316790481446,0.03125,0.90625,0.96875,1.0,1.0,0.96875,0.9510344274148937,0.6875,0.92,0.96875,1.0,1.0,0.3125,0.2162370701519369,4.1305960435927445e-11,4.1305960435927445e-11,0.2006223243127146,0.4021791902022729,0.8960382325345574,0.8960382324932514,4.130596043592743e-11,4.1305960435927445e-11,4.1305960435927445e-11,4.1305960435927445e-11,4.1305960435927445e-11,4.1305960435927445e-11,0.0,window_4,diagnostic_window,193.0
wilt,lin,org,0.5,968,2,21.938144329896907,1.0,11.0,28.5,32.0,32.0,31.0,0.2896302375144927,0.1207264170680763,0.23118373472214251,0.2761495868818892,0.34759467626281376,0.5150101231806005,0.39428370611252417,0.9484536082474226,0.0,1.0,1.0,1.0,1.0,1.0,0.9467946710676978,0.71875,0.90625,1.0,1.0,1.0,0.28125,0.9149301604309923,0.09375,0.90625,1.0,1.0,1.0,0.90625,0.9467946710676978,0.71875,0.90625,1.0,1.0,1.0,0.28125,0.22288503889147415,4.1305960435927445e-11,4.1305960435927445e-11,4.1305960435927445e-11,0.4488644887230295,0.8571484374283717,0.8571484373870657,4.130596043592744e-11,4.1305960435927445e-11,4.1305960435927445e-11,4.1305960435927445e-11,4.1305960435927445e-11,4.1305960435927445e-11,0.0,window_0,diagnostic_window,194.0
wilt,lin,org,0.5,968,2,22.190721649484537,1.0,12.25,29.5,32.0,32.0,31.0,0.2946809393551501,0.1127597684234333,0.23411646646934342,0.2856101568439644,0.34778031906435525,0.5734882206365766,0.4607284522131433,0.9226804123711341,0.0,1.0,1.0,1.0,1.0,1.0,0.9390234911533644,0.6666666666666666,0.90625,0.96875,1.0,1.0,0.33333333333333337,0.8883224796038722,0.0625,0.90625,0.96875,1.0,1.0,0.9375,0.9390234911533644,0.6666666666666666,0.90625,0.96875,1.0,1.0,0.33333333333333337,0.2513766961060404,4.1305960435927445e-11,4.1305960435927445e-11,0.2006223243127146,0.4488644887230295,0.9182958340544894,0.9182958340131835,4.130596043592744e-11,4.1305960435927445e-11,4.1305960435927445e-11,4.1305960435927445e-11,4.1305960435927445e-11,4.1305960435927445e-11,0.0,window_1,diagnostic_window,194.0
wilt,lin,org,0.5,968,2,24.072164948453608,1.0,15.0,32.0,32.0,32.0,31.0,0.29755802180322577,0.0670940873676863,0.2434653827065406,0.2855491987530673,0.34758547463996936,0.5900787608904458,0.5229846735227595,0.9329896907216495,0.0,1.0,1.0,1.0,1.0,1.0,0.9316986132142596,0.5,0.90625,0.96875,1.0,1.0,0.5,0.8915139053104797,0.0625,0.9,0.96875,1.0,1.0,0.9375,0.9316986132142596,0.5,0.90625,0.96875,1.0,1.0,0.5,0.2794436972726439,4.1305960435927445e-11,4.1305960435927445e-11,0.2006223243127146,0.4488644887230295,1.0,0.999999999958694,4.130596043592744e-11,4.1305960435927445e-11,4.1305960435927445e-11,4.1305960435927445e-11,4.1305960435927445e-11,4.1305960435927445e-11,0.0,window_2,diagnostic_window,194.0
wilt,lin,org,0.5,968,2,23.626943005181346,1.0,15.0,32.0,32.0,32.0,31.0,0.2987779546754319,0.0878595456022187,0.2410073649700494,0.2914609029514751,0.3591607453988381,0.5648049086986329,0.47694536309641417,0.9533678756476683,0.0,1.0,1.0,1.0,1.0,1.0,0.9269015252058885,0.6,0.8888888888888888,0.9523809523809524,1.0,1.0,0.4,0.896105248943291,0.03125,0.875,0.9473684210526316,1.0,1.0,0.96875,0.9269015252058885,0.6,0.8888888888888888,0.9523809523809524,1.0,1.0,0.4,0.29711102802823264,4.1305960435927445e-11,4.1305960435927445e-11,0.2761954276479391,0.5032583347756457,0.9709505944546688,0.9709505944133628,4.130596043592743e-11,4.1305960435927445e-11,4.1305960435927445e-11,4.1305960435927445e-11,4.1305960435927445e-11,4.1305960435927445e-11,0.0,window_3,diagnostic_window,193.0
wilt,lin,org,0.5,968,2,22.072538860103627,1.0,12.0,29.0,32.0,32.0,31.0,0.2925998481861657,0.0645033087912344,0.2286217468520787,0.2744202136100194,0.3562326020327582,0.5347699001814942,0.4702665913902598,0.9585492227979274,0.0,1.0,1.0,1.0,1.0,1.0,0.9510344274148937,0.6875,0.92,0.96875,1.0,1.0,0.3125,0.9208316790481446,0.03125,0.90625,0.96875,1.0,1.0,0.96875,0.9510344274148937,0.6875,0.92,0.96875,1.0,1.0,0.3125,0.2162370701519369,4.1305960435927445e-11,4.1305960435927445e-11,0.2006223243127146,0.4021791902022729,0.8960382325345574,0.8960382324932514,4.130596043592743e-11,4.1305960435927445e-11,4.1305960435927445e-11,4.1305960435927445e-11,4.1305960435927445e-11,4.1305960435927445e-11,0.0,window_4,diagnostic_window,193.0
wilt,lin,zoo,0.5,968,2,2.515463917525773,1.0,1.0,1.0,1.0,32.0,31.0,0.803425479582,0.2611223592850211,0.8234085720293469,0.8379482999943724,0.848947305861304,0.8822867816523753,0.6211644223673543,0.9484536082474226,0.0,1.0,1.0,1.0,1.0,1.0,0.9386126676894868,0.0,1.0,1.0,1.0,1.0,1.0,0.9067481570527812,0.0,1.0,1.0,1.0,1.0,1.0,0.9386126676894868,0.0,1.0,1.0,1.0,1.0,1.0,0.03519101549515495,4.1305960435927445e-11,4.1305960435927445e-11,4.1305960435927445e-11,4.1305960435927445e-11,0.8571484374283717,0.8571484373870657,4.130596043592744e-11,4.1305960435927445e-11,4.1305960435927445e-11,4.1305960435927445e-11,4.1305960435927445e-11,4.1305960435927445e-11,0.0,window_0,diagnostic_window,194.0
wilt,lin,zoo,0.5,968,2,3.2010309278350517,1.0,1.0,1.0,1.0,32.0,31.0,0.7866222002760996,0.2577291447967063,0.7719901384577783,0.8364773339389444,0.8472288013185675,0.9045166747617102,0.6467875299650039,0.9226804123711341,0.0,1.0,1.0,1.0,1.0,1.0,0.919358237733509,0.0,1.0,1.0,1.0,1.0,1.0,0.869301556080924,0.0,1.0,1.0,1.0,1.0,1.0,0.919358237733509,0.0,1.0,1.0,1.0,1.0,1.0,0.049755304760533116,4.1305960435927445e-11,4.1305960435927445e-11,4.1305960435927445e-11,4.1305960435927445e-11,0.8571484374283717,0.8571484373870657,4.130596043592744e-11,4.1305960435927445e-11,4.1305960435927445e-11,4.1305960435927445e-11,4.1305960435927445e-11,4.1305960435927445e-11,0.0,window_1,diagnostic_window,194.0
wilt,lin,zoo,0.5,968,2,2.711340206185567,1.0,1.0,1.0,1.0,32.0,31.0,0.7950121011902923,0.2375637948594118,0.7839858803105704,0.8382912830508289,0.8492242855792336,0.8846729685062349,0.6471091736468231,0.9329896907216495,0.0,1.0,1.0,1.0,1.0,1.0,0.9197379725085911,0.0,1.0,1.0,1.0,1.0,1.0,0.8792310996563574,0.0,1.0,1.0,1.0,1.0,1.0,0.9197379725085911,0.0,1.0,1.0,1.0,1.0,1.0,0.04384115174464807,4.1305960435927445e-11,4.1305960435927445e-11,4.1305960435927445e-11,4.1305960435927445e-11,1.0,0.999999999958694,4.130596043592744e-11,4.1305960435927445e-11,4.1305960435927445e-11,4.1305960435927445e-11,4.1305960435927445e-11,4.1305960435927445e-11,0.0,window_2,diagnostic_window,194.0
wilt,lin,zoo,0.5,968,2,2.238341968911917,1.0,1.0,1.0,1.0,32.0,31.0,0.8006804136950394,0.2395310902118307,0.7744742730062569,0.8369766957761909,0.8494507835377109,0.8891328058741772,0.6496017156623465,0.9533678756476683,0.0,1.0,1.0,1.0,1.0,1.0,0.914361868701247,0.0,1.0,1.0,1.0,1.0,1.0,0.8835655924386494,0.0,1.0,1.0,1.0,1.0,1.0,0.914361868701247,0.0,1.0,1.0,1.0,1.0,1.0,0.027757745327636175,4.1305960435927445e-11,4.1305960435927445e-11,4.1305960435927445e-11,4.1305960435927445e-11,0.9283620723948678,0.9283620723535618,4.130596043592743e-11,4.1305960435927445e-11,4.1305960435927445e-11,4.1305960435927445e-11,4.1305960435927445e-11,4.1305960435927445e-11,0.0,window_3,diagnostic_window,193.0
wilt,lin,zoo,0.5,968,2,2.2020725388601035,1.0,1.0,1.0,1.0,32.0,31.0,0.7992565050033361,0.227339489043282,0.770183369985659,0.8361054543668253,0.8461417156548448,0.8820347446149667,0.6546952555716847,0.9585492227979274,0.0,1.0,1.0,1.0,1.0,1.0,0.9265327213336338,0.0,1.0,1.0,1.0,1.0,1.0,0.8973014755575579,0.0,1.0,1.0,1.0,1.0,1.0,0.9265327213336338,0.0,1.0,1.0,1.0,1.0,1.0,0.023902470384121605,4.1305960435927445e-11,4.1305960435927445e-11,4.1305960435927445e-11,4.1305960435927445e-11,0.7578784625383954,0.7578784624970895,4.130596043592743e-11,4.1305960435927445e-11,4.1305960435927445e-11,4.1305960435927445e-11,4.1305960435927445e-11,4.1305960435927445e-11,0.0,window_4,diagnostic_window,193.0
wilt,nn,bim,0.0856516976998904,968,2,1.0,1.0,1.0,1.0,1.0,1.0,0.0,0.01894713970178925,4.130580026464068e-11,0.0196563909190266,0.0196563909190266,0.0196563909190266,0.0196563909190266,0.0196563908777208,0.7577319587628866,0.0,1.0,1.0,1.0,1.0,1.0,0.2422680412371134,0.0,0.0,0.0,0.0,1.0,1.0,0.7628865979381443,0.0,1.0,1.0,1.0,1.0,1.0,0.9948453608247423,0.0,1.0,1.0,1.0,1.0,1.0,4.130596043592744e-11,4.1305960435927445e-11,4.1305960435927445e-11,4.1305960435927445e-11,4.1305960435927445e-11,4.1305960435927445e-11,0.0,4.130596043592744e-11,4.1305960435927445e-11,4.1305960435927445e-11,4.1305960435927445e-11,4.1305960435927445e-11,4.1305960435927445e-11,0.0,window_0,diagnostic_window,194.0
wilt,nn,bim,0.0856516976998904,968,2,1.0,1.0,1.0,1.0,1.0,1.0,0.0,0.018237888484551906,4.130580026464068e-11,0.0196563909190266,0.0196563909190266,0.0196563909190266,0.0196563909190266,0.0196563908777208,0.6804123711340206,0.0,0.0,1.0,1.0,1.0,1.0,0.3247422680412371,0.0,0.0,0.0,1.0,1.0,1.0,0.6701030927835051,0.0,0.0,1.0,1.0,1.0,1.0,0.9896907216494846,0.0,1.0,1.0,1.0,1.0,1.0,4.130596043592744e-11,4.1305960435927445e-11,4.1305960435927445e-11,4.1305960435927445e-11,4.1305960435927445e-11,4.1305960435927445e-11,0.0,4.130596043592744e-11,4.1305960435927445e-11,4.1305960435927445e-11,4.1305960435927445e-11,4.1305960435927445e-11,4.1305960435927445e-11,0.0,window_1,diagnostic_window,194.0
wilt,nn,bim,0.0856516976998904,968,2,1.0,1.0,1.0,1.0,1.0,1.0,0.0,0.018339210087014383,4.130580026464068e-11,0.0196563909190266,0.0196563909190266,0.0196563909190266,0.0196563909190266,0.0196563908777208,0.7319587628865979,0.0,0.0,1.0,1.0,1.0,1.0,0.27835051546391754,0.0,0.0,0.0,1.0,1.0,1.0,0.7216494845360825,0.0,0.0,1.0,1.0,1.0,1.0,0.9896907216494846,0.0,1.0,1.0,1.0,1.0,1.0,4.130596043592744e-11,4.1305960435927445e-11,4.1305960435927445e-11,4.1305960435927445e-11,4.1305960435927445e-11,4.1305960435927445e-11,0.0,4.130596043592744e-11,4.1305960435927445e-11,4.1305960435927445e-11,4.1305960435927445e-11,4.1305960435927445e-11,4.1305960435927445e-11,0.0,window_2,diagnostic_window,194.0
wilt,nn,bim,0.0856516976998904,968,2,1.0,1.0,1.0,1.0,1.0,1.0,0.0,0.01853607848558137,4.130580026464068e-11,0.0196563909190266,0.0196563909190266,0.0196563909190266,0.0196563909190266,0.0196563908777208,0.7772020725388601,0.0,1.0,1.0,1.0,1.0,1.0,0.23316062176165803,0.0,0.0,0.0,0.0,1.0,1.0,0.7772020725388601,0.0,1.0,1.0,1.0,1.0,1.0,1.0,1.0,1.0,1.0,1.0,1.0,0.0,4.130596043592743e-11,4.1305960435927445e-11,4.1305960435927445e-11,4.1305960435927445e-11,4.1305960435927445e-11,4.1305960435927445e-11,0.0,4.130596043592743e-11,4.1305960435927445e-11,4.1305960435927445e-11,4.1305960435927445e-11,4.1305960435927445e-11,4.1305960435927445e-11,0.0,window_3,diagnostic_window,193.0
wilt,nn,bim,0.0856516976998904,968,2,1.0,1.0,1.0,1.0,1.0,1.0,0.0,0.019073499205385636,4.130580026464068e-11,0.0196563909190266,0.0196563909190266,0.0196563909190266,0.0644094172080871,0.0644094171667813,0.7564766839378239,0.0,1.0,1.0,1.0,1.0,1.0,0.2538860103626943,0.0,0.0,0.0,1.0,1.0,1.0,0.7461139896373057,0.0,0.0,1.0,1.0,1.0,1.0,0.9896373056994818,0.0,1.0,1.0,1.0,1.0,1.0,4.130596043592743e-11,4.1305960435927445e-11,4.1305960435927445e-11,4.1305960435927445e-11,4.1305960435927445e-11,4.1305960435927445e-11,0.0,4.130596043592743e-11,4.1305960435927445e-11,4.1305960435927445e-11,4.1305960435927445e-11,4.1305960435927445e-11,4.1305960435927445e-11,0.0,window_4,diagnostic_window,193.0
wilt,nn,fgm,0.0649507119386637,968,2,1.1597938144329898,1.0,1.0,1.0,1.0,32.0,31.0,0.013710379316392306,4.130580026464068e-11,0.0127502205274089,0.0127502205274089,0.0127502205274089,0.1110618856614746,0.11106188562016879,0.9489368556701031,0.0,1.0,1.0,1.0,1.0,1.0,0.062338917525773196,0.0,0.0,0.0,0.0,1.0,1.0,0.9437822164948454,0.0,1.0,1.0,1.0,1.0,1.0,0.9845360824742269,0.0,1.0,1.0,1.0,1.0,1.0,0.0023137345190468034,4.1305960435927445e-11,4.1305960435927445e-11,4.1305960435927445e-11,4.1305960435927445e-11,0.4488644887230295,0.4488644886817235,0.0023137345190468034,4.1305960435927445e-11,4.1305960435927445e-11,4.1305960435927445e-11,4.1305960435927445e-11,0.4488644887230295,0.4488644886817235,window_0,diagnostic_window,194.0
wilt,nn,fgm,0.0649507119386637,968,2,1.0,1.0,1.0,1.0,1.0,1.0,0.0,0.014512738041198616,4.130580026464068e-11,0.0127502205274089,0.0127502205274089,0.0127502205274089,0.2066669307419,0.20666693070059422,0.9226804123711341,0.0,1.0,1.0,1.0,1.0,1.0,0.1134020618556701,0.0,0.0,0.0,0.0,1.0,1.0,0.9020618556701031,0.0,1.0,1.0,1.0,1.0,1.0,0.979381443298969,0.0,1.0,1.0,1.0,1.0,1.0,4.130596043592744e-11,4.1305960435927445e-11,4.1305960435927445e-11,4.1305960435927445e-11,4.1305960435927445e-11,4.1305960435927445e-11,0.0,4.130596043592744e-11,4.1305960435927445e-11,4.1305960435927445e-11,4.1305960435927445e-11,4.1305960435927445e-11,4.1305960435927445e-11,0.0,window_1,diagnostic_window,194.0
wilt,nn,fgm,0.0649507119386637,968,2,1.0,1.0,1.0,1.0,1.0,1.0,0.0,0.025065839277391345,4.130580026464068e-11,0.0127502205274089,0.0127502205274089,0.0127502205274089,0.8756378014237286,0.8756378013824228,0.9278350515463918,0.0,1.0,1.0,1.0,1.0,1.0,0.12371134020618557,0.0,0.0,0.0,0.0,1.0,1.0,0.8969072164948454,0.0,1.0,1.0,1.0,1.0,1.0,0.9690721649484536,0.0,1.0,1.0,1.0,1.0,1.0,4.130596043592744e-11,4.1305960435927445e-11,4.1305960435927445e-11,4.1305960435927445e-11,4.1305960435927445e-11,4.1305960435927445e-11,0.0,4.130596043592744e-11,4.1305960435927445e-11,4.1305960435927445e-11,4.1305960435927445e-11,4.1305960435927445e-11,4.1305960435927445e-11,0.0,window_2,diagnostic_window,194.0
wilt,nn,fgm,0.0649507119386637,968,2,1.0,1.0,1.0,1.0,1.0,1.0,0.0,0.017098974834032544,4.130580026464068e-11,0.0127502205274089,0.0127502205274089,0.0127502205274089,0.2615382062967984,0.2615382062554926,0.9533678756476683,0.0,1.0,1.0,1.0,1.0,1.0,0.08290155440414508,0.0,0.0,0.0,0.0,1.0,1.0,0.9430051813471503,0.0,1.0,1.0,1.0,1.0,1.0,0.9896373056994818,0.0,1.0,1.0,1.0,1.0,1.0,4.130596043592743e-11,4.1305960435927445e-11,4.1305960435927445e-11,4.1305960435927445e-11,4.1305960435927445e-11,4.1305960435927445e-11,0.0,4.130596043592743e-11,4.1305960435927445e-11,4.1305960435927445e-11,4.1305960435927445e-11,4.1305960435927445e-11,4.1305960435927445e-11,0.0,window_3,diagnostic_window,193.0
wilt,nn,fgm,0.0649507119386637,968,2,1.0,1.0,1.0,1.0,1.0,1.0,0.0,0.02066523482752542,4.130580026464068e-11,0.0127502205274089,0.0127502205274089,0.0127502205274089,0.356155592747853,0.35615559270654723,0.9585492227979274,0.0,1.0,1.0,1.0,1.0,1.0,0.08808290155440414,0.0,0.0,0.0,0.0,1.0,1.0,0.9222797927461139,0.0,1.0,1.0,1.0,1.0,1.0,0.9637305699481865,0.0,1.0,1.0,1.0,1.0,1.0,4.130596043592743e-11,4.1305960435927445e-11,4.1305960435927445e-11,4.1305960435927445e-11,4.1305960435927445e-11,4.1305960435927445e-11,0.0,4.130596043592743e-11,4.1305960435927445e-11,4.1305960435927445e-11,4.1305960435927445e-11,4.1305960435927445e-11,4.1305960435927445e-11,0.0,window_4,diagnostic_window,193.0
wilt,nn,org,0.9069003285870756,968,2,21.938144329896907,1.0,11.0,28.5,32.0,32.0,31.0,0.03198267121349101,4.130580026464068e-11,3.922545267833337e-05,0.00047833218502915003,0.0034118732744826,0.968446445318296,0.9684464452769902,0.9173752692648282,0.03125,0.9285714285714286,1.0,1.0,1.0,0.96875,0.9264094062258919,0.09375,0.90625,1.0,1.0,1.0,0.90625,0.9149301604309923,0.09375,0.90625,1.0,1.0,1.0,0.90625,0.9851744852383868,0.875,0.96875,1.0,1.0,1.0,0.125,0.22288503889147415,4.1305960435927445e-11,4.1305960435927445e-11,4.1305960435927445e-11,0.4488644887230295,0.8571484374283717,0.8571484373870657,0.2094414277063222,4.1305960435927445e-11,4.1305960435927445e-11,4.1305960435927445e-11,0.3558609554547519,0.8960382325345574,0.8960382324932514,window_0,diagnostic_window,194.0
wilt,nn,org,0.9069003285870756,968,2,22.190721649484537,1.0,12.25,29.5,32.0,32.0,31.0,0.04104518300268117,4.130580026464068e-11,4.222725777290594e-05,0.0006613759086627001,0.005919262436546125,0.9978280835331216,0.9978280834918157,0.8922207207588996,0.03125,0.90625,0.96875,1.0,1.0,0.96875,0.9016693131826644,0.0625,0.90625,0.96875,1.0,1.0,0.9375,0.8883224796038722,0.0625,0.90625,0.96875,1.0,1.0,0.9375,0.9816022644485709,0.6666666666666666,0.96875,1.0,1.0,1.0,0.33333333333333337,0.2513766961060404,4.1305960435927445e-11,4.1305960435927445e-11,0.2006223243127146,0.4488644887230295,0.9182958340544894,0.9182958340131835,0.2310460466010267,4.1305960435927445e-11,4.1305960435927445e-11,0.2006223243127146,0.40817352863503925,0.9182958340544894,0.9182958340131835,window_1,diagnostic_window,194.0
wilt,nn,org,0.9069003285870756,968,2,24.072164948453608,1.0,15.0,32.0,32.0,32.0,31.0,0.04399591065642117,4.130580026464068e-11,6.427632934743406e-05,0.00111786707301555,0.007876818936330675,0.984473247421188,0.9844732473798822,0.8958870998037579,0.03125,0.90625,0.96875,1.0,1.0,0.96875,0.8921582352073869,0.0625,0.8867647058823529,0.96875,1.0,1.0,0.9375,0.8915139053104797,0.0625,0.9,0.96875,1.0,1.0,0.9375,0.9803914984651074,0.875,0.96875,1.0,1.0,1.0,0.125,0.2794436972726439,4.1305960435927445e-11,4.1305960435927445e-11,0.2006223243127146,0.4488644887230295,1.0,0.999999999958694,0.257549243034601,4.1305960435927445e-11,4.1305960435927445e-11,0.2006223243127146,0.4488644887230295,0.954434002924965,0.9544340028836591,window_2,diagnostic_window,194.0
wilt,nn,org,0.9069003285870756,968,2,23.626943005181346,1.0,15.0,32.0,32.0,32.0,31.0,0.037396424106258305,4.130580026464068e-11,8.111999113051718e-05,0.0010503480525527,0.0069384778348926,0.9999433952400676,0.9999433951987617,0.9019276875307105,0.03125,0.9,0.96875,1.0,1.0,0.96875,0.8922192385805968,0.03125,0.875,0.9473684210526316,1.0,1.0,0.96875,0.896105248943291,0.03125,0.875,0.9473684210526316,1.0,1.0,0.96875,0.9807517021213528,0.8,0.96875,1.0,1.0,1.0,0.19999999999999996,0.29711102802823264,4.1305960435927445e-11,4.1305960435927445e-11,0.2761954276479391,0.5032583347756457,0.9709505944546688,0.9709505944133628,0.2731768924153721,4.1305960435927445e-11,4.1305960435927445e-11,0.2006223243127146,0.4488644887230295,0.9709505944546688,0.9709505944133628,window_3,diagnostic_window,193.0
wilt,nn,org,0.9069003285870756,968,2,22.072538860103627,1.0,12.0,29.0,32.0,32.0,31.0,0.034573485193931455,4.130580026464068e-11,2.784958209182031e-05,0.0007482969875873,0.0057753663985269,0.9797137399238488,0.979713739882543,0.9237360028375767,0.03125,0.925925925925926,0.96875,1.0,1.0,0.96875,0.9208316790481446,0.03125,0.90625,0.96875,1.0,1.0,0.96875,0.9208316790481446,0.03125,0.90625,0.96875,1.0,1.0,0.96875,0.9883740318023949,0.875,1.0,1.0,1.0,1.0,0.125,0.2162370701519369,4.1305960435927445e-11,4.1305960435927445e-11,0.2006223243127146,0.4021791902022729,0.8960382325345574,0.8960382324932514,0.209564744760376,4.1305960435927445e-11,4.1305960435927445e-11,0.2006223243127146,0.3712323266408757,0.8960382325345574,0.8960382324932514,window_4,diagnostic_window,193.0
wilt,nn,pgd,0.1795180722891566,968,2,1.0618556701030928,1.0,1.0,1.0,1.0,6.0,5.0,0.00039017857836283416,4.130580026464068e-11,4.130580026464068e-11,1.3889351346532643e-05,2.2718481514436778e-05,0.052695251454374,0.0526952514130682,0.9484536082474226,0.0,1.0,1.0,1.0,1.0,1.0,0.33934707903780076,0.0,0.0,0.0,1.0,1.0,1.0,0.9475945017182131,0.0,1.0,1.0,1.0,1.0,1.0,0.9991408934707904,0.8333333333333334,1.0,1.0,1.0,1.0,0.16666666666666663,0.003350631080517549,4.1305960435927445e-11,4.1305960435927445e-11,4.1305960435927445e-11,4.1305960435927445e-11,0.6500224216483541,0.6500224216070482,4.130596043592744e-11,4.1305960435927445e-11,4.1305960435927445e-11,4.1305960435927445e-11,4.1305960435927445e-11,4.1305960435927445e-11,0.0,window_0,diagnostic_window,194.0
wilt,nn,pgd,0.1795180722891566,968,2,1.0257731958762886,1.0,1.0,1.0,1.0,6.0,5.0,0.00014632167591152376,4.130580026464068e-11,4.130580026464068e-11,1.3510958774471097e-05,2.2452901541760182e-05,0.0144547364087502,0.014454736367444399,0.9226804123711341,0.0,1.0,1.0,1.0,1.0,1.0,0.32989690721649484,0.0,0.0,0.0,1.0,1.0,1.0,0.9175257731958762,0.0,1.0,1.0,1.0,1.0,1.0,0.9948453608247423,0.0,1.0,1.0,1.0,1.0,1.0,4.130596043592744e-11,4.1305960435927445e-11,4.1305960435927445e-11,4.1305960435927445e-11,4.1305960435927445e-11,4.1305960435927445e-11,0.0,4.130596043592744e-11,4.1305960435927445e-11,4.1305960435927445e-11,4.1305960435927445e-11,4.1305960435927445e-11,4.1305960435927445e-11,0.0,window_1,diagnostic_window,194.0
wilt,nn,pgd,0.1795180722891566,968,2,1.0154639175257731,1.0,1.0,1.0,1.0,3.0,2.0,0.00022132959867582377,4.130580026464068e-11,4.130580026464068e-11,1.2989541095364096e-05,2.3368345546386532e-05,0.0262488783769656,0.026248878335659802,0.9329896907216495,0.0,1.0,1.0,1.0,1.0,1.0,0.422680412371134,0.0,0.0,0.0,1.0,1.0,1.0,0.9329896907216495,0.0,1.0,1.0,1.0,1.0,1.0,1.0,1.0,1.0,1.0,1.0,1.0,0.0,4.130596043592744e-11,4.1305960435927445e-11,4.1305960435927445e-11,4.1305960435927445e-11,4.1305960435927445e-11,4.1305960435927445e-11,0.0,4.130596043592744e-11,4.1305960435927445e-11,4.1305960435927445e-11,4.1305960435927445e-11,4.1305960435927445e-11,4.1305960435927445e-11,0.0,window_2,diagnostic_window,194.0
wilt,nn,pgd,0.1795180722891566,968,2,1.067357512953368,1.0,1.0,1.0,1.0,10.0,9.0,0.0010822693352622987,4.130580026464068e-11,4.130580026464068e-11,1.450291170829382e-05,2.260496585918953e-05,0.1718806393706292,0.1718806393293234,0.9533678756476683,0.0,1.0,1.0,1.0,1.0,1.0,0.31088082901554404,0.0,0.0,0.0,1.0,1.0,1.0,0.9481865284974094,0.0,1.0,1.0,1.0,1.0,1.0,0.9948186528497409,0.0,1.0,1.0,1.0,1.0,1.0,4.130596043592743e-11,4.1305960435927445e-11,4.1305960435927445e-11,4.1305960435927445e-11,4.1305960435927445e-11,4.1305960435927445e-11,0.0,4.130596043592743e-11,4.1305960435927445e-11,4.1305960435927445e-11,4.1305960435927445e-11,4.1305960435927445e-11,4.1305960435927445e-11,0.0,window_3,diagnostic_window,193.0
wilt,nn,pgd,0.1795180722891566,968,2,1.072538860103627,1.0,1.0,1.0,1.0,15.0,14.0,9.238809091582425e-05,4.130580026464068e-11,4.130580026464068e-11,1.401527352899764e-05,2.31115438760782e-05,0.012268664777052,0.012268664735746199,0.9585492227979274,0.0,1.0,1.0,1.0,1.0,1.0,0.29015544041450775,0.0,0.0,0.0,1.0,1.0,1.0,0.9585492227979274,0.0,1.0,1.0,1.0,1.0,1.0,1.0,1.0,1.0,1.0,1.0,1.0,0.0,4.130596043592743e-11,4.1305960435927445e-11,4.1305960435927445e-11,4.1305960435927445e-11,4.1305960435927445e-11,4.1305960435927445e-11,0.0,4.130596043592743e-11,4.1305960435927445e-11,4.1305960435927445e-11,4.1305960435927445e-11,4.1305960435927445e-11,4.1305960435927445e-11,0.0,window_4,diagnostic_window,193.0
wilt,svm,hsj,0.1351588170865279,968,2,21.721649484536083,1.0,11.0,28.0,32.0,32.0,31.0,0.5852813131466023,2.469619394595959e-06,0.38859033604112214,0.6890146215052347,0.8435595962252395,1.0,0.9999975303806055,0.8910893130804027,0.0,0.8839869281045751,0.96875,1.0,1.0,1.0,0.25800998388902685,0.0,0.0,0.0625,0.28125,1.0,1.0,0.9115007740964048,0.03125,0.90625,1.0,1.0,1.0,0.96875,0.9712374983609169,0.0,0.96875,1.0,1.0,1.0,1.0,0.23063422635984365,4.1305960435927445e-11,4.1305960435927445e-11,4.1305960435927445e-11,0.4488644887230295,0.8571484374283717,0.8571484373870657,0.2835190233785025,4.1305960435927445e-11,4.1305960435927445e-11,0.2006223243127146,0.4537163391869449,0.9852281360342516,0.9852281359929457,window_0,diagnostic_window,194.0
wilt,svm,hsj,0.1351588170865279,968,2,21.927835051546392,1.0,12.0,29.0,32.0,32.0,31.0,0.6422551324883563,5.099718100353461e-07,0.4894999509620312,0.7655692240686192,0.8742153637882399,1.0,0.99999949002819,0.8750738939313628,0.0,0.875,0.963527851458886,1.0,1.0,1.0,0.27109612289503016,0.0,0.0,0.0625,0.5989583333333334,1.0,1.0,0.8843299705610176,0.0625,0.9015625,0.96875,1.0,1.0,0.9375,0.9797631244791847,0.7142857142857143,0.96875,1.0,1.0,1.0,0.2857142857142857,0.2640022752155448,4.1305960435927445e-11,4.1305960435927445e-11,0.2006223243127146,0.4488644887230295,0.9182958340544894,0.9182958340131835,0.28779117295260537,4.1305960435927445e-11,4.1305960435927445e-11,0.2163969324512646,0.49469264947905456,0.9283620723948678,0.9283620723535618,window_1,diagnostic_window,194.0
wilt,svm,hsj,0.1351588170865279,968,2,23.88659793814433,1.0,14.25,32.0,32.0,32.0,31.0,0.677578282247667,4.130580026464068e-11,0.552757742612231,0.7931897991229029,0.8864459892594496,1.0,0.9999999999586942,0.8797781249589238,0.0625,0.875,0.9375,1.0,1.0,0.9375,0.23801247279132826,0.0,0.0,0.0625,0.2357219827586207,1.0,1.0,0.8851986790546021,0.0625,0.8867647058823529,0.9509569377990431,1.0,1.0,0.9375,0.9827227264518914,0.8333333333333334,0.96875,1.0,1.0,1.0,0.16666666666666663,0.29715318495120985,4.1305960435927445e-11,4.1305960435927445e-11,0.2821186183611578,0.4488644887230295,1.0,0.999999999958694,0.32230962772821387,4.1305960435927445e-11,4.1305960435927445e-11,0.3372900666170139,0.5435644431995964,1.0,0.999999999958694,window_2,diagnostic_window,194.0
wilt,svm,hsj,0.1351588170865279,968,2,23.471502590673577,1.0,15.0,32.0,32.0,32.0,31.0,0.5963285010380542,4.130580026464068e-11,0.2322075418451168,0.7491533249800898,0.8577842258364,0.9989390554979972,0.9989390554566914,0.8837152377907836,0.03125,0.84375,0.9375,1.0,1.0,0.96875,0.3324178327208669,0.0,0.0,0.09375,0.8125,1.0,1.0,0.8913209049486488,0.03125,0.8571428571428571,0.9375,1.0,1.0,0.96875,0.9799779659816812,0.8,0.96875,1.0,1.0,1.0,0.19999999999999996,0.3111027260041571,4.1305960435927445e-11,4.1305960435927445e-11,0.3227569588973983,0.5435644431995964,0.9709505944546688,0.9709505944133628,0.33309020902875547,4.1305960435927445e-11,4.1305960435927445e-11,0.3372900666170139,0.5435644431995964,0.9709505944546688,0.9709505944133628,window_3,diagnostic_window,193.0
wilt,svm,hsj,0.1351588170865279,968,2,21.792746113989637,1.0,11.0,29.0,32.0,32.0,31.0,0.5904031306187882,4.1305800264640665e-11,0.291701800741851,0.7523553623721557,0.8707530909314137,0.99920915290618,0.9992091528648741,0.9098924316366137,0.03125,0.90625,0.96875,1.0,1.0,0.96875,0.30362197891652243,0.0,0.0,0.064516129032258,0.8235294117647058,1.0,1.0,0.9179349368837643,0.03125,0.90625,0.96875,1.0,1.0,0.96875,0.9842669224308789,0.7,0.96875,1.0,1.0,1.0,0.30000000000000004,0.2266367127621207,4.1305960435927445e-11,4.1305960435927445e-11,0.2006223243127146,0.4488644887230295,0.8960382325345574,0.8960382324932514,0.2617376595584019,4.1305960435927445e-11,4.1305960435927445e-11,0.2006223243127146,0.4488644887230295,0.8960382325345574,0.8960382324932514,window_4,diagnostic_window,193.0
wilt,svm,org,0.9559693318729464,968,2,21.938144329896907,1.0,11.0,28.5,32.0,32.0,31.0,0.06339928241870224,2.2243390659435266e-07,0.00011816805630925,0.0017561978798792,0.025268775250654275,0.9982294974323572,0.9982292749984506,0.8980613876278232,0.0,0.8972431077694236,0.96875,1.0,1.0,1.0,0.9086903340609435,0.0,0.90625,1.0,1.0,1.0,1.0,0.9149301604309923,0.09375,0.90625,1.0,1.0,1.0,0.90625,0.9748582871673144,0.0,0.96875,1.0,1.0,1.0,1.0,0.22288503889147415,4.1305960435927445e-11,4.1305960435927445e-11,4.1305960435927445e-11,0.4488644887230295,0.8571484374283717,0.8571484373870657,0.266598665192799,4.1305960435927445e-11,4.1305960435927445e-11,0.2006223243127146,0.4488644887230295,0.9283620723948678,0.9283620723535618,window_0,diagnostic_window,194.0
wilt,svm,org,0.9559693318729464,968,2,22.190721649484537,1.0,12.25,29.5,32.0,32.0,31.0,0.059603408348238726,8.097963549598042e-07,0.000296614764123925,0.004859886443114201,0.039577116293774174,0.9934762097847422,0.9934753999883872,0.8799716698040726,0.0,0.9,0.96875,1.0,1.0,1.0,0.8755739523579222,0.03125,0.8828125,0.96875,1.0,1.0,0.96875,0.8883224796038722,0.0625,0.90625,0.96875,1.0,1.0,0.9375,0.980702891195394,0.7142857142857143,0.96875,1.0,1.0,1.0,0.2857142857142857,0.2513766961060404,4.1305960435927445e-11,4.1305960435927445e-11,0.2006223243127146,0.4488644887230295,0.9182958340544894,0.9182958340131835,0.27468953812548597,4.1305960435927445e-11,4.1305960435927445e-11,0.2006223243127146,0.4488644887230295,0.9283620723948678,0.9283620723535618,window_1,diagnostic_window,194.0
wilt,svm,org,0.9559693318729464,968,2,24.072164948453608,1.0,15.0,32.0,32.0,32.0,31.0,0.07905715752400323,1.3825227971866508e-08,0.000339341136984625,0.00709926121828945,0.04439993689112172,0.999617399795716,0.999617385970488,0.8860546701504938,0.0625,0.875,0.9375,1.0,1.0,0.9375,0.8831376166506858,0.0,0.8867647058823529,0.96875,1.0,1.0,1.0,0.8915139053104797,0.0625,0.9,0.96875,1.0,1.0,0.9375,0.9834702126508221,0.8333333333333334,0.96875,1.0,1.0,1.0,0.16666666666666663,0.2794436972726439,4.1305960435927445e-11,4.1305960435927445e-11,0.2006223243127146,0.4488644887230295,1.0,0.999999999958694,0.30587355189780263,4.1305960435927445e-11,4.1305960435927445e-11,0.3372900666170139,0.5383131760339325,1.0,0.999999999958694,window_2,diagnostic_window,194.0
wilt,svm,org,0.9559693318729464,968,2,23.626943005181346,1.0,15.0,32.0,32.0,32.0,31.0,0.07609804906533202,1.1757152230634696e-08,0.0007772734299068,0.0045608827136198,0.0319802485295268,0.9355860181995892,0.935586006442437,0.8884222130359931,0.03125,0.875,0.9375,1.0,1.0,0.96875,0.8870378914303377,0.0,0.875,0.9444444444444444,1.0,1.0,1.0,0.896105248943291,0.03125,0.875,0.9473684210526316,1.0,1.0,0.96875,0.9802183684992041,0.75,0.96875,1.0,1.0,1.0,0.25,0.29711102802823264,4.1305960435927445e-11,4.1305960435927445e-11,0.2761954276479391,0.5032583347756457,0.9709505944546688,0.9709505944133628,0.32019724823591034,4.1305960435927445e-11,4.1305960435927445e-11,0.3372900666170139,0.5435644431995964,0.9709505944546688,0.9709505944133628,window_3,diagnostic_window,193.0
wilt,svm,org,0.9559693318729464,968,2,22.072538860103627,1.0,12.0,29.0,32.0,32.0,31.0,0.06436467226063726,1.2518471457475056e-06,0.0001716121426855,0.0061075335878984,0.0317537149093361,0.983738481387124,0.9837372295399783,0.9134005246532356,0.03125,0.90625,0.96875,1.0,1.0,0.96875,0.9122976955065413,0.0,0.90625,0.96875,1.0,1.0,1.0,0.9208316790481446,0.03125,0.90625,0.96875,1.0,1.0,0.96875,0.9845204738036432,0.6666666666666666,0.96875,1.0,1.0,1.0,0.33333333333333337,0.2162370701519369,4.1305960435927445e-11,4.1305960435927445e-11,0.2006223243127146,0.4021791902022729,0.8960382325345574,0.8960382324932514,0.2494539608593531,4.1305960435927445e-11,4.1305960435927445e-11,0.2006223243127146,0.4488644887230295,0.9182958340544894,0.9182958340131835,window_4,diagnostic_window,193.0
wilt,svm,zoo,0.0164293537787513,968,2,8.242268041237113,1.0,2.25,7.0,12.0,32.0,31.0,0.0738244171956039,4.1305800264640665e-11,4.130580026464068e-11,4.130580026464068e-11,4.130580026464068e-11,0.99986182118381,0.9998618211425041,0.8068924025183801,0.0,0.7287878787878788,0.9069264069264069,1.0,1.0,1.0,0.19218623881234395,0.0,0.0,0.07417582417582415,0.25,1.0,1.0,0.8335869570639448,0.0,0.7777777777777778,0.9761904761904763,1.0,1.0,1.0,0.9608162175332072,0.0,1.0,1.0,1.0,1.0,1.0,0.3244354320587704,4.1305960435927445e-11,4.1305960435927445e-11,4.1305960435927445e-11,0.6840384356390417,1.0,0.999999999958694,0.35867408939574,4.1305960435927445e-11,4.1305960435927445e-11,0.17667966753136363,0.7426784666664505,1.0,0.999999999958694,window_0,diagnostic_window,194.0
wilt,svm,zoo,0.0164293537787513,968,2,8.34020618556701,1.0,3.0,7.0,12.75,29.0,28.0,0.06900469970190208,4.130580026464068e-11,4.130580026464068e-11,4.130580026464068e-11,4.130580026464068e-11,0.9998736993849432,0.9998736993436373,0.7841559135284448,0.0,0.6666666666666666,0.9215384615384616,1.0,1.0,1.0,0.2192043122250177,0.0,0.0,0.0727513227513227,0.3333333333333333,1.0,1.0,0.8168781620017863,0.0,0.7272727272727273,1.0,1.0,1.0,1.0,0.9601888953656373,0.0,1.0,1.0,1.0,1.0,1.0,0.32873538125675006,4.1305960435927445e-11,4.1305960435927445e-11,4.1305960435927445e-11,0.7219280948873623,1.0,0.999999999958694,0.3424132158966904,4.1305960435927445e-11,4.1305960435927445e-11,4.1305960435927445e-11,0.7219280948873623,1.0,0.999999999958694,window_1,diagnostic_window,194.0
wilt,svm,zoo,0.0164293537787513,968,2,9.051546391752577,1.0,3.0,8.5,14.0,29.0,28.0,0.07154502423971396,4.130580026464068e-11,4.130580026464068e-11,4.130580026464068e-11,4.130580026464068e-11,0.9997465554489544,0.9997465554076486,0.7863530360029294,0.0,0.707983193277311,0.8722826086956521,1.0,1.0,1.0,0.22745450757804145,0.0,0.0,0.125,0.3333333333333333,1.0,1.0,0.7983186882982471,0.0,0.7142857142857143,0.8888888888888888,1.0,1.0,1.0,0.9779867318656776,0.3333333333333333,1.0,1.0,1.0,1.0,0.6666666666666667,0.373769074745642,4.1305960435927445e-11,4.1305960435927445e-11,0.2498822928331854,0.7373477008784333,1.0,0.999999999958694,0.39778856421688996,4.1305960435927445e-11,4.1305960435927445e-11,0.4138168503036338,0.7755635045962188,1.0,0.999999999958694,window_2,diagnostic_window,194.0
wilt,svm,zoo,0.0164293537787513,968,2,8.766839378238341,1.0,2.0,7.0,14.0,32.0,31.0,0.03174178079936218,4.130580026464068e-11,4.130580026464068e-11,4.130580026464068e-11,4.130580026464068e-11,0.9998981519176506,0.9998981518763448,0.7636396557941545,0.0,0.6666666666666666,0.8666666666666667,1.0,1.0,1.0,0.23166201519972138,0.0,0.0,0.125,0.3,1.0,1.0,0.7994260677018331,0.0,0.7333333333333333,0.9,1.0,1.0,1.0,0.948560200029607,0.0,1.0,1.0,1.0,1.0,1.0,0.38289425356552753,4.1305960435927445e-11,4.1305960435927445e-11,0.3712323266408757,0.7642045065086203,1.0,0.999999999958694,0.41025671502567745,4.1305960435927445e-11,4.1305960435927445e-11,0.4262286569981448,0.7642045065086203,1.0,0.999999999958694,window_3,diagnostic_window,193.0
wilt,svm,zoo,0.0164293537787513,968,2,8.450777202072539,1.0,2.0,7.0,13.0,32.0,31.0,0.0833063824077448,4.130580026464068e-11,4.130580026464068e-11,4.130580026464068e-11,4.130580026464068e-11,0.999850725954802,0.9998507259134961,0.8268389514790762,0.0,0.75,0.9230769230769232,1.0,1.0,1.0,0.18774327815374445,0.0,0.0,0.0769230769230769,0.25,1.0,1.0,0.848526151898069,0.0,0.7692307692307693,1.0,1.0,1.0,1.0,0.9662199999555234,0.0,1.0,1.0,1.0,1.0,1.0,0.3457352917075694,4.1305960435927445e-11,4.1305960435927445e-11,4.1305960435927445e-11,0.7219280948873623,1.0,0.999999999958694,0.36763575335465487,4.1305960435927445e-11,4.1305960435927445e-11,0.2163969324512646,0.7219280948873623,1.0,0.999999999958694,window_4,diagnostic_window,193.0
wilt,xgb,hsj,0.1112814895947426,968,2,22.072164948453608,1.0,11.0,29.0,32.0,32.0,31.0,0.6031710983991356,2.478012430718328e-05,0.34787460547238647,0.6051093519743783,0.9217273739622858,0.9999999321942132,0.9999751520699061,0.9097492113783591,0.03125,0.9088541666666666,0.96875,1.0,1.0,0.96875,0.0820407653949065,0.0,0.0,0.03125,0.09375,0.96875,0.96875,0.9065402769876822,0.03125,0.90625,0.96875,1.0,1.0,0.96875,0.9851218464257122,0.875,0.96875,1.0,1.0,1.0,0.125,0.2500094026193862,4.1305960435927445e-11,4.1305960435927445e-11,0.2006223243127146,0.4488644887230295,0.8904916402194913,0.8904916401781854,0.23272349525785094,4.1305960435927445e-11,4.1305960435927445e-11,0.2006223243127146,0.37851802093926146,0.961236604722876,0.96123660468157,window_0,diagnostic_window,194.0
wilt,xgb,hsj,0.1112814895947426,968,2,22.304123711340207,1.0,12.0,30.0,32.0,32.0,31.0,0.6288485880549016,8.874481960038783e-07,0.32471457484443617,0.7210997533773824,0.9471114620111731,0.9999894623718216,0.9999885749236256,0.8856671575008316,0.0,0.8974137931034483,0.96875,1.0,1.0,1.0,0.1118601844808297,0.0,0.0,0.03125,0.125,0.9375,0.9375,0.8799476211156358,0.0625,0.875,0.96875,1.0,1.0,0.9375,0.9806473124905403,0.7272727272727273,0.96875,1.0,1.0,1.0,0.2727272727272727,0.2784819944817869,4.1305960435927445e-11,4.1305960435927445e-11,0.2006223243127146,0.4488644887230295,0.9283620723948678,0.9283620723535618,0.24243497565409375,4.1305960435927445e-11,4.1305960435927445e-11,0.2006223243127146,0.4488644887230295,0.8631205685666311,0.8631205685253251,window_1,diagnostic_window,194.0
wilt,xgb,hsj,0.1112814895947426,968,2,24.149484536082475,1.0,15.0,32.0,32.0,32.0,31.0,0.6275507340031465,1.9092574984299637e-09,0.3476776376384676,0.6859738410567946,0.9299481053231505,0.999748350909488,0.9997483490002305,0.8912677829362871,0.0,0.8803879310344828,0.9682459677419355,1.0,1.0,1.0,0.10763722350288549,0.0,0.0,0.057565789473684195,0.125,0.9375,0.9375,0.8830199929919598,0.0625,0.875,0.9424342105263158,1.0,1.0,0.9375,0.9752952599889705,0.75,0.96875,1.0,1.0,1.0,0.25,0.30639589893941965,4.1305960435927445e-11,4.1305960435927445e-11,0.3173811577681518,0.5276313383037294,1.0,0.999999999958694,0.2711543685379007,4.1305960435927445e-11,4.1305960435927445e-11,0.2006223243127146,0.4488644887230295,1.0,0.999999999958694,window_2,diagnostic_window,194.0
wilt,xgb,hsj,0.1112814895947426,968,2,23.735751295336787,1.0,15.0,32.0,32.0,32.0,31.0,0.595664670094817,1.6457806887016628e-10,0.3239882383406391,0.6370612216940953,0.8821514816868445,0.9999954719353082,0.9999954717707302,0.9004863394693912,0.03125,0.9,0.96875,1.0,1.0,0.96875,0.11356108535989576,0.0,0.0,0.0625,0.15625,0.96875,0.96875,0.8896772566090161,0.03125,0.84375,0.9375,1.0,1.0,0.96875,0.9795982767320489,0.8,0.96875,1.0,1.0,1.0,0.19999999999999996,0.3201744833831777,4.1305960435927445e-11,4.1305960435927445e-11,0.3372900666170139,0.5435644431995964,0.9709505944546688,0.9709505944133628,0.2840721192909827,4.1305960435927445e-11,4.1305960435927445e-11,0.2006223243127146,0.4488644887230295,0.9182958340544894,0.9182958340131835,window_3,diagnostic_window,193.0
wilt,xgb,hsj,0.1112814895947426,968,2,21.95336787564767,1.0,10.0,30.0,32.0,32.0,31.0,0.5860789095201219,3.236865028797427e-06,0.3240813927390004,0.6295556389910679,0.8924999408184957,0.9999914246644768,0.999988187799448,0.9183777552209428,0.03125,0.90625,0.96875,1.0,1.0,0.96875,0.0801054408934931,0.0,0.0,0.03125,0.09375,0.96875,0.96875,0.914531722461287,0.03125,0.90625,0.96875,1.0,1.0,0.96875,0.9856435244112484,0.8333333333333334,1.0,1.0,1.0,1.0,0.16666666666666663,0.23725388257992044,4.1305960435927445e-11,4.1305960435927445e-11,0.2006223243127146,0.4488644887230295,0.8960382325345574,0.8960382324932514,0.22600082567879856,4.1305960435927445e-11,4.1305960435927445e-11,0.2006223243127146,0.4394969869215133,0.8571484374283717,0.8571484373870657,window_4,diagnostic_window,193.0
wilt,xgb,org,0.8887185104052574,968,2,21.938144329896907,1.0,11.0,28.5,32.0,32.0,31.0,0.023216116920505243,2.912453596906175e-05,0.0005258696125402249,0.00115106457413815,0.002588671498208075,0.928011217245566,0.927982092709597,0.918793626476737,0.0526315789473684,0.9375,1.0,1.0,1.0,0.9473684210526316,0.9264094062258919,0.09375,0.90625,1.0,1.0,1.0,0.90625,0.9149301604309923,0.09375,0.90625,1.0,1.0,1.0,0.90625,0.9863828062190458,0.875,0.96875,1.0,1.0,1.0,0.125,0.22288503889147415,4.1305960435927445e-11,4.1305960435927445e-11,4.1305960435927445e-11,0.4488644887230295,0.8571484374283717,0.8571484373870657,0.20497727488921638,4.1305960435927445e-11,4.1305960435927445e-11,4.1305960435927445e-11,0.3372900666170139,0.8960382325345574,0.8960382324932514,window_0,diagnostic_window,194.0
wilt,xgb,org,0.8887185104052574,968,2,22.190721649484537,1.0,12.25,29.5,32.0,32.0,31.0,0.02566944565073797,1.1639268000120126e-05,0.0005241142275138,0.00106365654460365,0.002811749325689975,0.9537528103784984,0.9537411711104983,0.8950223205183832,0.0,0.9182692307692308,1.0,1.0,1.0,1.0,0.8968368389558603,0.0625,0.90625,0.96875,1.0,1.0,0.9375,0.8883224796038722,0.0625,0.90625,0.96875,1.0,1.0,0.9375,0.9802065151653447,0.6666666666666666,0.96875,1.0,1.0,1.0,0.33333333333333337,0.2513766961060404,4.1305960435927445e-11,4.1305960435927445e-11,0.2006223243127146,0.4488644887230295,0.9182958340544894,0.9182958340131835,0.2095496147114751,4.1305960435927445e-11,4.1305960435927445e-11,4.1305960435927445e-11,0.3372900666170139,0.8112781244591328,0.8112781244178269,window_1,diagnostic_window,194.0
wilt,xgb,org,0.8887185104052574,968,2,24.072164948453608,1.0,15.0,32.0,32.0,32.0,31.0,0.02358766515213544,1.3902913044344716e-06,0.00053584504671335,0.0011482386206824,0.0032019846395005,0.991124251196512,0.9911228609052076,0.8977441296089614,0.0,0.90625,0.96875,1.0,1.0,1.0,0.9008566888156343,0.0625,0.9008064516129032,0.96875,1.0,1.0,0.9375,0.8915139053104797,0.0625,0.9,0.96875,1.0,1.0,0.9375,0.9777152840011917,0.75,0.96875,1.0,1.0,1.0,0.25,0.2794436972726439,4.1305960435927445e-11,4.1305960435927445e-11,0.2006223243127146,0.4488644887230295,1.0,0.999999999958694,0.2503200674067904,4.1305960435927445e-11,4.1305960435927445e-11,0.2006223243127146,0.4488644887230295,1.0,0.999999999958694,window_2,diagnostic_window,194.0
wilt,xgb,org,0.8887185104052574,968,2,23.626943005181346,1.0,15.0,32.0,32.0,32.0,31.0,0.020502061468278533,6.090471471613347e-06,0.0005214060109924,0.0013501926516531,0.0025506351723499,0.960159731699164,0.9601536412276924,0.9060442860010874,0.03125,0.90625,0.96875,1.0,1.0,0.96875,0.8928669069743792,0.03125,0.875,0.9473684210526316,1.0,1.0,0.96875,0.896105248943291,0.03125,0.875,0.9473684210526316,1.0,1.0,0.96875,0.9804870955315487,0.8,0.96875,1.0,1.0,1.0,0.19999999999999996,0.29711102802823264,4.1305960435927445e-11,4.1305960435927445e-11,0.2761954276479391,0.5032583347756457,0.9709505944546688,0.9709505944133628,0.26485354994885385,4.1305960435927445e-11,4.1305960435927445e-11,0.2006223243127146,0.4488644887230295,0.9283620723948678,0.9283620723535618,window_3,diagnostic_window,193.0
wilt,xgb,org,0.8887185104052574,968,2,22.072538860103627,1.0,12.0,29.0,32.0,32.0,31.0,0.013984269468818694,1.7920333654044522e-05,0.0005021830940936,0.0011210205955782,0.0029563069279016,0.7120461920973865,0.7120282717637325,0.9240516167840372,0.03125,0.925925925925926,0.96875,1.0,1.0,0.96875,0.9261056925993603,0.03125,0.9166666666666666,0.96875,1.0,1.0,0.96875,0.9208316790481446,0.03125,0.90625,0.96875,1.0,1.0,0.96875,0.9865775110252867,0.8333333333333334,1.0,1.0,1.0,1.0,0.16666666666666663,0.2162370701519369,4.1305960435927445e-11,4.1305960435927445e-11,0.2006223243127146,0.4021791902022729,0.8960382325345574,0.8960382324932514,0.20818998236630154,4.1305960435927445e-11,4.1305960435927445e-11,0.2006223243127146,0.3712323266408757,0.8571484374283717,0.8571484373870657,window_4,diagnostic_window,193.0
wilt,xgb,zoo,0.0394304490690032,968,2,9.97938144329897,1.0,3.0,8.0,15.0,32.0,31.0,0.05548744751889031,4.1305800264640665e-11,8.395087397848879e-09,1.572461427743551e-06,0.0014683337916456,0.9956699458110824,0.9956699457697765,0.8627353657375648,0.0,0.8,1.0,1.0,1.0,1.0,0.20776193968845105,0.0,0.0,0.0,0.2837301587301587,1.0,1.0,0.8540937304146419,0.0,0.8,1.0,1.0,1.0,1.0,0.9774389157690097,0.5,1.0,1.0,1.0,1.0,0.5,0.2724873453863594,4.1305960435927445e-11,4.1305960435927445e-11,4.1305960435927445e-11,0.5916727785823274,1.0,0.999999999958694,0.24856757888976475,4.1305960435927445e-11,4.1305960435927445e-11,4.1305960435927445e-11,0.5032583347756457,0.9940302114769566,0.9940302114356506,window_0,diagnostic_window,194.0
wilt,xgb,zoo,0.0394304490690032,968,2,10.144329896907216,1.0,2.0,7.0,16.0,32.0,31.0,0.06757160447039678,4.1305800264640665e-11,1.723010858160309e-08,7.627802641134059e-06,0.001722467198862525,0.99962294044412,0.9996229404028142,0.8194147926808946,0.0,0.7637362637362637,1.0,1.0,1.0,1.0,0.28381890425639056,0.0,0.0,0.1111111111111111,0.39375000000000004,1.0,1.0,0.8050127108638844,0.0,0.7175324675324676,1.0,1.0,1.0,1.0,0.9681916999764459,0.0,1.0,1.0,1.0,1.0,1.0,0.30439030351800284,4.1305960435927445e-11,4.1305960435927445e-11,4.1305960435927445e-11,0.6500224216483541,1.0,0.999999999958694,0.2609692346935488,4.1305960435927445e-11,4.1305960435927445e-11,4.1305960435927445e-11,0.5435644431995964,1.0,0.999999999958694,window_1,diagnostic_window,194.0
wilt,xgb,zoo,0.0394304490690032,968,2,9.412371134020619,1.0,2.0,7.0,13.75,32.0,31.0,0.03966199968295491,4.1305800264640665e-11,1.5426433687736296e-08,1.4980775307969196e-06,0.002098673914826375,0.9876000859584516,0.9876000859171458,0.8344849939664113,0.0,0.8,1.0,1.0,1.0,1.0,0.2237236285740643,0.0,0.0,0.0976190476190476,0.2857142857142857,1.0,1.0,0.8255578459651421,0.0,0.75,0.9528508771929824,1.0,1.0,1.0,0.9710652973437849,0.6666666666666666,1.0,1.0,1.0,1.0,0.33333333333333337,0.3290863145213706,4.1305960435927445e-11,4.1305960435927445e-11,4.1305960435927445e-11,0.6755344321413698,1.0,0.999999999958694,0.29667786657974254,4.1305960435927445e-11,4.1305960435927445e-11,4.1305960435927445e-11,0.5916727785823274,1.0,0.999999999958694,window_2,diagnostic_window,194.0
wilt,xgb,zoo,0.0394304490690032,968,2,9.704663212435234,1.0,2.0,7.0,15.0,32.0,31.0,0.03422592709259411,4.1305800264640665e-11,1.5821267327862117e-08,3.1536033203136126e-06,0.0005899290328451,0.9492589354358948,0.9492589353945889,0.832401028428996,0.0,0.8125,1.0,1.0,1.0,1.0,0.24239193812557983,0.0,0.0,0.1,0.3333333333333333,1.0,1.0,0.8156391499573217,0.0,0.7777777777777778,0.95,1.0,1.0,1.0,0.9699575096218971,0.0,1.0,1.0,1.0,1.0,1.0,0.3192576091130778,4.1305960435927445e-11,4.1305960435927445e-11,4.1305960435927445e-11,0.6500224216483541,1.0,0.999999999958694,0.27937340240175534,4.1305960435927445e-11,4.1305960435927445e-11,4.1305960435927445e-11,0.5547781633412736,1.0,0.999999999958694,window_3,diagnostic_window,193.0
wilt,xgb,zoo,0.0394304490690032,968,2,10.212435233160623,1.0,2.0,7.0,15.0,32.0,31.0,0.0360074286827649,4.1305800264640665e-11,1.9867167978999607e-08,1.1580617676427673e-05,0.0019111988794172,0.9996046087235646,0.9996046086822588,0.8785486996954628,0.0,0.8571428571428571,1.0,1.0,1.0,1.0,0.23410624570842217,0.0,0.0,0.0588235294117647,0.3076923076923077,1.0,1.0,0.8678315401671876,0.0,0.8235294117647058,1.0,1.0,1.0,1.0,0.9756885414226945,0.0,1.0,1.0,1.0,1.0,1.0,0.2707710986216635,4.1305960435927445e-11,4.1305960435927445e-11,4.1305960435927445e-11,0.5586293734521992,1.0,0.999999999958694,0.2532528728712921,4.1305960435927445e-11,4.1305960435927445e-11,4.1305960435927445e-11,0.5032583347756457,1.0,0.999999999958694,window_4,diagnostic_window,193.0
