var,fi,fi_rank,dataset,scenario,model_class,heldout_model,cv,attack
n_test,0.0,37.0,banknote,one-data-set-out,XGB,,,
n_classes,0.0,37.0,banknote,one-data-set-out,XGB,,,
neighborhood_size_mean,0.01333648432046175,6.0,banknote,one-data-set-out,XGB,,,
neighborhood_size_q0,0.0,37.0,banknote,one-data-set-out,XGB,,,
neighborhood_size_q25,0.0,37.0,banknote,one-data-set-out,XGB,,,
neighborhood_size_q50,0.0,37.0,banknote,one-data-set-out,XGB,,,
neighborhood_size_q75,0.0,37.0,banknote,one-data-set-out,XGB,,,
neighborhood_size_q1,0.0,37.0,banknote,one-data-set-out,XGB,,,
neighborhood_size_minmax,0.0,37.0,banknote,one-data-set-out,XGB,,,
uncertainty_mean,0.01825418882071972,5.0,banknote,one-data-set-out,XGB,,,
uncertainty_q0,0.0,37.0,banknote,one-data-set-out,XGB,,,
uncertainty_q25,0.036306481808423996,3.0,banknote,one-data-set-out,XGB,,,
uncertainty_q50,0.0035349782556295395,7.0,banknote,one-data-set-out,XGB,,,
uncertainty_q75,0.0,37.0,banknote,one-data-set-out,XGB,,,
uncertainty_q1,0.002019574400037527,8.0,banknote,one-data-set-out,XGB,,,
uncertainty_minmax,0.0,37.0,banknote,one-data-set-out,XGB,,,
target_approx_consistency_in_neighborhood_mean,0.0,37.0,banknote,one-data-set-out,XGB,,,
target_approx_consistency_in_neighborhood_q0,0.0,37.0,banknote,one-data-set-out,XGB,,,
target_approx_consistency_in_neighborhood_q25,0.0,37.0,banknote,one-data-set-out,XGB,,,
target_approx_consistency_in_neighborhood_q50,0.0,37.0,banknote,one-data-set-out,XGB,,,
target_approx_consistency_in_neighborhood_q75,0.0,37.0,banknote,one-data-set-out,XGB,,,
target_approx_consistency_in_neighborhood_q1,0.0,37.0,banknote,one-data-set-out,XGB,,,
target_approx_consistency_in_neighborhood_minmax,0.0,37.0,banknote,one-data-set-out,XGB,,,
pred_targets_consistency_in_neighborhood_mean,0.029799101874232292,4.0,banknote,one-data-set-out,XGB,,,
pred_targets_consistency_in_neighborhood_q0,0.0,37.0,banknote,one-data-set-out,XGB,,,
pred_targets_consistency_in_neighborhood_q25,0.0,37.0,banknote,one-data-set-out,XGB,,,
pred_targets_consistency_in_neighborhood_q50,0.4024806022644043,2.0,banknote,one-data-set-out,XGB,,,
pred_targets_consistency_in_neighborhood_q75,0.0,37.0,banknote,one-data-set-out,XGB,,,
pred_targets_consistency_in_neighborhood_q1,0.0,37.0,banknote,one-data-set-out,XGB,,,
pred_targets_consistency_in_neighborhood_minmax,0.0,37.0,banknote,one-data-set-out,XGB,,,
target_targets_consistency_in_neighborhood_mean,0.0,37.0,banknote,one-data-set-out,XGB,,,
target_targets_consistency_in_neighborhood_q0,0.0,37.0,banknote,one-data-set-out,XGB,,,
target_targets_consistency_in_neighborhood_q25,0.0,37.0,banknote,one-data-set-out,XGB,,,
target_targets_consistency_in_neighborhood_q50,0.0,37.0,banknote,one-data-set-out,XGB,,,
target_targets_consistency_in_neighborhood_q75,0.0,37.0,banknote,one-data-set-out,XGB,,,
target_targets_consistency_in_neighborhood_q1,0.0,37.0,banknote,one-data-set-out,XGB,,,
target_targets_consistency_in_neighborhood_minmax,0.0,37.0,banknote,one-data-set-out,XGB,,,
targets_and_approxs_consistency_in_neighborhood_mean,0.0,37.0,banknote,one-data-set-out,XGB,,,
targets_and_approxs_consistency_in_neighborhood_q0,0.0,37.0,banknote,one-data-set-out,XGB,,,
targets_and_approxs_consistency_in_neighborhood_q25,0.0,37.0,banknote,one-data-set-out,XGB,,,
targets_and_approxs_consistency_in_neighborhood_q50,0.0,37.0,banknote,one-data-set-out,XGB,,,
targets_and_approxs_consistency_in_neighborhood_q75,0.0,37.0,banknote,one-data-set-out,XGB,,,
targets_and_approxs_consistency_in_neighborhood_q1,0.0,37.0,banknote,one-data-set-out,XGB,,,
targets_and_approxs_consistency_in_neighborhood_minmax,0.0,37.0,banknote,one-data-set-out,XGB,,,
target_diversity_in_neighborhood_mean,0.0,37.0,banknote,one-data-set-out,XGB,,,
target_diversity_in_neighborhood_q0,0.0,37.0,banknote,one-data-set-out,XGB,,,
target_diversity_in_neighborhood_q25,0.0,37.0,banknote,one-data-set-out,XGB,,,
target_diversity_in_neighborhood_q50,0.0,37.0,banknote,one-data-set-out,XGB,,,
target_diversity_in_neighborhood_q75,0.0,37.0,banknote,one-data-set-out,XGB,,,
target_diversity_in_neighborhood_q1,0.0,37.0,banknote,one-data-set-out,XGB,,,
target_diversity_in_neighborhood_minmax,0.0,37.0,banknote,one-data-set-out,XGB,,,
approx_diversity_in_neighborhood_mean,0.0,37.0,banknote,one-data-set-out,XGB,,,
approx_diversity_in_neighborhood_q0,0.0,37.0,banknote,one-data-set-out,XGB,,,
approx_diversity_in_neighborhood_q25,0.0,37.0,banknote,one-data-set-out,XGB,,,
approx_diversity_in_neighborhood_q50,0.0,37.0,banknote,one-data-set-out,XGB,,,
approx_diversity_in_neighborhood_q75,0.0,37.0,banknote,one-data-set-out,XGB,,,
approx_diversity_in_neighborhood_q1,0.0,37.0,banknote,one-data-set-out,XGB,,,
approx_diversity_in_neighborhood_minmax,0.0,37.0,banknote,one-data-set-out,XGB,,,
bacc_test_mean,0.4942685067653656,1.0,banknote,one-data-set-out,XGB,,,
bacc_test_q0,0.0,37.0,banknote,one-data-set-out,XGB,,,
bacc_test_q25,0.0,37.0,banknote,one-data-set-out,XGB,,,
bacc_test_q50,0.0,37.0,banknote,one-data-set-out,XGB,,,
bacc_test_q75,0.0,37.0,banknote,one-data-set-out,XGB,,,
bacc_test_q1,0.0,37.0,banknote,one-data-set-out,XGB,,,
bacc_test_minmax,0.0,37.0,banknote,one-data-set-out,XGB,,,
n_test,0.0,38.0,diabetes,one-data-set-out,XGB,,,
n_classes,0.0,38.0,diabetes,one-data-set-out,XGB,,,
neighborhood_size_mean,0.0,38.0,diabetes,one-data-set-out,XGB,,,
neighborhood_size_q0,0.0,38.0,diabetes,one-data-set-out,XGB,,,
neighborhood_size_q25,0.0,38.0,diabetes,one-data-set-out,XGB,,,
neighborhood_size_q50,0.01266463939100504,7.0,diabetes,one-data-set-out,XGB,,,
neighborhood_size_q75,0.0,38.0,diabetes,one-data-set-out,XGB,,,
neighborhood_size_q1,0.0,38.0,diabetes,one-data-set-out,XGB,,,
neighborhood_size_minmax,0.0,38.0,diabetes,one-data-set-out,XGB,,,
uncertainty_mean,0.012263341806828976,9.0,diabetes,one-data-set-out,XGB,,,
uncertainty_q0,0.0,38.0,diabetes,one-data-set-out,XGB,,,
uncertainty_q25,0.008848108351230621,10.0,diabetes,one-data-set-out,XGB,,,
uncertainty_q50,0.02800244465470314,4.0,diabetes,one-data-set-out,XGB,,,
uncertainty_q75,0.0,38.0,diabetes,one-data-set-out,XGB,,,
uncertainty_q1,0.0,38.0,diabetes,one-data-set-out,XGB,,,
uncertainty_minmax,0.0,38.0,diabetes,one-data-set-out,XGB,,,
target_approx_consistency_in_neighborhood_mean,0.0,38.0,diabetes,one-data-set-out,XGB,,,
target_approx_consistency_in_neighborhood_q0,0.0,38.0,diabetes,one-data-set-out,XGB,,,
target_approx_consistency_in_neighborhood_q25,0.0,38.0,diabetes,one-data-set-out,XGB,,,
target_approx_consistency_in_neighborhood_q50,0.0,38.0,diabetes,one-data-set-out,XGB,,,
target_approx_consistency_in_neighborhood_q75,0.0,38.0,diabetes,one-data-set-out,XGB,,,
target_approx_consistency_in_neighborhood_q1,0.0,38.0,diabetes,one-data-set-out,XGB,,,
target_approx_consistency_in_neighborhood_minmax,0.0,38.0,diabetes,one-data-set-out,XGB,,,
pred_targets_consistency_in_neighborhood_mean,0.02634321339428425,5.0,diabetes,one-data-set-out,XGB,,,
pred_targets_consistency_in_neighborhood_q0,0.0,38.0,diabetes,one-data-set-out,XGB,,,
pred_targets_consistency_in_neighborhood_q25,0.0,38.0,diabetes,one-data-set-out,XGB,,,
pred_targets_consistency_in_neighborhood_q50,0.0,38.0,diabetes,one-data-set-out,XGB,,,
pred_targets_consistency_in_neighborhood_q75,0.0,38.0,diabetes,one-data-set-out,XGB,,,
pred_targets_consistency_in_neighborhood_q1,0.0,38.0,diabetes,one-data-set-out,XGB,,,
pred_targets_consistency_in_neighborhood_minmax,0.051688794046640396,3.0,diabetes,one-data-set-out,XGB,,,
target_targets_consistency_in_neighborhood_mean,0.09369714558124542,2.0,diabetes,one-data-set-out,XGB,,,
target_targets_consistency_in_neighborhood_q0,0.0,38.0,diabetes,one-data-set-out,XGB,,,
target_targets_consistency_in_neighborhood_q25,0.0,38.0,diabetes,one-data-set-out,XGB,,,
target_targets_consistency_in_neighborhood_q50,0.0,38.0,diabetes,one-data-set-out,XGB,,,
target_targets_consistency_in_neighborhood_q75,0.0,38.0,diabetes,one-data-set-out,XGB,,,
target_targets_consistency_in_neighborhood_q1,0.0,38.0,diabetes,one-data-set-out,XGB,,,
target_targets_consistency_in_neighborhood_minmax,0.0,38.0,diabetes,one-data-set-out,XGB,,,
targets_and_approxs_consistency_in_neighborhood_mean,0.0,38.0,diabetes,one-data-set-out,XGB,,,
targets_and_approxs_consistency_in_neighborhood_q0,0.0,38.0,diabetes,one-data-set-out,XGB,,,
targets_and_approxs_consistency_in_neighborhood_q25,0.02430570125579834,6.0,diabetes,one-data-set-out,XGB,,,
targets_and_approxs_consistency_in_neighborhood_q50,0.0,38.0,diabetes,one-data-set-out,XGB,,,
targets_and_approxs_consistency_in_neighborhood_q75,0.0,38.0,diabetes,one-data-set-out,XGB,,,
targets_and_approxs_consistency_in_neighborhood_q1,0.0,38.0,diabetes,one-data-set-out,XGB,,,
targets_and_approxs_consistency_in_neighborhood_minmax,0.0,38.0,diabetes,one-data-set-out,XGB,,,
target_diversity_in_neighborhood_mean,0.0,38.0,diabetes,one-data-set-out,XGB,,,
target_diversity_in_neighborhood_q0,0.0,38.0,diabetes,one-data-set-out,XGB,,,
target_diversity_in_neighborhood_q25,0.0,38.0,diabetes,one-data-set-out,XGB,,,
target_diversity_in_neighborhood_q50,0.0,38.0,diabetes,one-data-set-out,XGB,,,
target_diversity_in_neighborhood_q75,0.0,38.0,diabetes,one-data-set-out,XGB,,,
target_diversity_in_neighborhood_q1,0.0,38.0,diabetes,one-data-set-out,XGB,,,
target_diversity_in_neighborhood_minmax,0.0,38.0,diabetes,one-data-set-out,XGB,,,
approx_diversity_in_neighborhood_mean,0.012501876801252365,8.0,diabetes,one-data-set-out,XGB,,,
approx_diversity_in_neighborhood_q0,0.0,38.0,diabetes,one-data-set-out,XGB,,,
approx_diversity_in_neighborhood_q25,0.0,38.0,diabetes,one-data-set-out,XGB,,,
approx_diversity_in_neighborhood_q50,0.0,38.0,diabetes,one-data-set-out,XGB,,,
approx_diversity_in_neighborhood_q75,0.0,38.0,diabetes,one-data-set-out,XGB,,,
approx_diversity_in_neighborhood_q1,0.0,38.0,diabetes,one-data-set-out,XGB,,,
approx_diversity_in_neighborhood_minmax,0.0,38.0,diabetes,one-data-set-out,XGB,,,
bacc_test_mean,0.7296847105026245,1.0,diabetes,one-data-set-out,XGB,,,
bacc_test_q0,0.0,38.0,diabetes,one-data-set-out,XGB,,,
bacc_test_q25,0.0,38.0,diabetes,one-data-set-out,XGB,,,
bacc_test_q50,0.0,38.0,diabetes,one-data-set-out,XGB,,,
bacc_test_q75,0.0,38.0,diabetes,one-data-set-out,XGB,,,
bacc_test_q1,0.0,38.0,diabetes,one-data-set-out,XGB,,,
bacc_test_minmax,0.0,38.0,diabetes,one-data-set-out,XGB,,,
n_test,0.0,33.5,wilt,one-data-set-out,XGB,,,
n_classes,0.0,33.5,wilt,one-data-set-out,XGB,,,
neighborhood_size_mean,0.0,33.5,wilt,one-data-set-out,XGB,,,
neighborhood_size_q0,0.0,33.5,wilt,one-data-set-out,XGB,,,
neighborhood_size_q25,0.0,33.5,wilt,one-data-set-out,XGB,,,
neighborhood_size_q50,0.0,33.5,wilt,one-data-set-out,XGB,,,
neighborhood_size_q75,0.0,33.5,wilt,one-data-set-out,XGB,,,
neighborhood_size_q1,0.0,33.5,wilt,one-data-set-out,XGB,,,
neighborhood_size_minmax,0.0,33.5,wilt,one-data-set-out,XGB,,,
uncertainty_mean,0.0,33.5,wilt,one-data-set-out,XGB,,,
uncertainty_q0,0.0,33.5,wilt,one-data-set-out,XGB,,,
uncertainty_q25,0.0,33.5,wilt,one-data-set-out,XGB,,,
uncertainty_q50,0.0,33.5,wilt,one-data-set-out,XGB,,,
uncertainty_q75,0.0,33.5,wilt,one-data-set-out,XGB,,,
uncertainty_q1,0.0,33.5,wilt,one-data-set-out,XGB,,,
uncertainty_minmax,0.0,33.5,wilt,one-data-set-out,XGB,,,
target_approx_consistency_in_neighborhood_mean,0.0,33.5,wilt,one-data-set-out,XGB,,,
target_approx_consistency_in_neighborhood_q0,0.0,33.5,wilt,one-data-set-out,XGB,,,
target_approx_consistency_in_neighborhood_q25,0.0,33.5,wilt,one-data-set-out,XGB,,,
target_approx_consistency_in_neighborhood_q50,0.0,33.5,wilt,one-data-set-out,XGB,,,
target_approx_consistency_in_neighborhood_q75,0.0,33.5,wilt,one-data-set-out,XGB,,,
target_approx_consistency_in_neighborhood_q1,0.0,33.5,wilt,one-data-set-out,XGB,,,
target_approx_consistency_in_neighborhood_minmax,0.0,33.5,wilt,one-data-set-out,XGB,,,
pred_targets_consistency_in_neighborhood_mean,0.0,33.5,wilt,one-data-set-out,XGB,,,
pred_targets_consistency_in_neighborhood_q0,0.0,33.5,wilt,one-data-set-out,XGB,,,
pred_targets_consistency_in_neighborhood_q25,0.0,33.5,wilt,one-data-set-out,XGB,,,
pred_targets_consistency_in_neighborhood_q50,0.0,33.5,wilt,one-data-set-out,XGB,,,
pred_targets_consistency_in_neighborhood_q75,0.0,33.5,wilt,one-data-set-out,XGB,,,
pred_targets_consistency_in_neighborhood_q1,0.0,33.5,wilt,one-data-set-out,XGB,,,
pred_targets_consistency_in_neighborhood_minmax,0.0,33.5,wilt,one-data-set-out,XGB,,,
target_targets_consistency_in_neighborhood_mean,0.0,33.5,wilt,one-data-set-out,XGB,,,
target_targets_consistency_in_neighborhood_q0,0.0,33.5,wilt,one-data-set-out,XGB,,,
target_targets_consistency_in_neighborhood_q25,0.0,33.5,wilt,one-data-set-out,XGB,,,
target_targets_consistency_in_neighborhood_q50,0.0,33.5,wilt,one-data-set-out,XGB,,,
target_targets_consistency_in_neighborhood_q75,0.0,33.5,wilt,one-data-set-out,XGB,,,
target_targets_consistency_in_neighborhood_q1,0.0,33.5,wilt,one-data-set-out,XGB,,,
target_targets_consistency_in_neighborhood_minmax,0.0,33.5,wilt,one-data-set-out,XGB,,,
targets_and_approxs_consistency_in_neighborhood_mean,0.0,33.5,wilt,one-data-set-out,XGB,,,
targets_and_approxs_consistency_in_neighborhood_q0,0.0,33.5,wilt,one-data-set-out,XGB,,,
targets_and_approxs_consistency_in_neighborhood_q25,0.0,33.5,wilt,one-data-set-out,XGB,,,
targets_and_approxs_consistency_in_neighborhood_q50,0.0,33.5,wilt,one-data-set-out,XGB,,,
targets_and_approxs_consistency_in_neighborhood_q75,0.0,33.5,wilt,one-data-set-out,XGB,,,
targets_and_approxs_consistency_in_neighborhood_q1,0.0,33.5,wilt,one-data-set-out,XGB,,,
targets_and_approxs_consistency_in_neighborhood_minmax,0.0,33.5,wilt,one-data-set-out,XGB,,,
target_diversity_in_neighborhood_mean,0.0,33.5,wilt,one-data-set-out,XGB,,,
target_diversity_in_neighborhood_q0,0.0,33.5,wilt,one-data-set-out,XGB,,,
target_diversity_in_neighborhood_q25,0.0,33.5,wilt,one-data-set-out,XGB,,,
target_diversity_in_neighborhood_q50,0.0,33.5,wilt,one-data-set-out,XGB,,,
target_diversity_in_neighborhood_q75,0.0,33.5,wilt,one-data-set-out,XGB,,,
target_diversity_in_neighborhood_q1,0.0,33.5,wilt,one-data-set-out,XGB,,,
target_diversity_in_neighborhood_minmax,0.0,33.5,wilt,one-data-set-out,XGB,,,
approx_diversity_in_neighborhood_mean,0.0,33.5,wilt,one-data-set-out,XGB,,,
approx_diversity_in_neighborhood_q0,0.0,33.5,wilt,one-data-set-out,XGB,,,
approx_diversity_in_neighborhood_q25,0.0,33.5,wilt,one-data-set-out,XGB,,,
approx_diversity_in_neighborhood_q50,0.0,33.5,wilt,one-data-set-out,XGB,,,
approx_diversity_in_neighborhood_q75,0.0,33.5,wilt,one-data-set-out,XGB,,,
approx_diversity_in_neighborhood_q1,0.0,33.5,wilt,one-data-set-out,XGB,,,
approx_diversity_in_neighborhood_minmax,0.0,33.5,wilt,one-data-set-out,XGB,,,
bacc_test_mean,1.0,1.0,wilt,one-data-set-out,XGB,,,
bacc_test_q0,0.0,33.5,wilt,one-data-set-out,XGB,,,
bacc_test_q25,0.0,33.5,wilt,one-data-set-out,XGB,,,
bacc_test_q50,0.0,33.5,wilt,one-data-set-out,XGB,,,
bacc_test_q75,0.0,33.5,wilt,one-data-set-out,XGB,,,
bacc_test_q1,0.0,33.5,wilt,one-data-set-out,XGB,,,
bacc_test_minmax,0.0,33.5,wilt,one-data-set-out,XGB,,,
n_test,0.0,33.5,,one-model-out,XGB,lin,,
n_classes,0.0,33.5,,one-model-out,XGB,lin,,
neighborhood_size_mean,0.0,33.5,,one-model-out,XGB,lin,,
neighborhood_size_q0,0.0,33.5,,one-model-out,XGB,lin,,
neighborhood_size_q25,0.0,33.5,,one-model-out,XGB,lin,,
neighborhood_size_q50,0.0,33.5,,one-model-out,XGB,lin,,
neighborhood_size_q75,0.0,33.5,,one-model-out,XGB,lin,,
neighborhood_size_q1,0.0,33.5,,one-model-out,XGB,lin,,
neighborhood_size_minmax,0.0,33.5,,one-model-out,XGB,lin,,
uncertainty_mean,0.0,33.5,,one-model-out,XGB,lin,,
uncertainty_q0,0.0,33.5,,one-model-out,XGB,lin,,
uncertainty_q25,0.0,33.5,,one-model-out,XGB,lin,,
uncertainty_q50,0.0,33.5,,one-model-out,XGB,lin,,
uncertainty_q75,0.0,33.5,,one-model-out,XGB,lin,,
uncertainty_q1,0.0,33.5,,one-model-out,XGB,lin,,
uncertainty_minmax,0.0,33.5,,one-model-out,XGB,lin,,
target_approx_consistency_in_neighborhood_mean,0.0,33.5,,one-model-out,XGB,lin,,
target_approx_consistency_in_neighborhood_q0,0.0,33.5,,one-model-out,XGB,lin,,
target_approx_consistency_in_neighborhood_q25,0.0,33.5,,one-model-out,XGB,lin,,
target_approx_consistency_in_neighborhood_q50,0.0,33.5,,one-model-out,XGB,lin,,
target_approx_consistency_in_neighborhood_q75,0.0,33.5,,one-model-out,XGB,lin,,
target_approx_consistency_in_neighborhood_q1,0.0,33.5,,one-model-out,XGB,lin,,
target_approx_consistency_in_neighborhood_minmax,0.0,33.5,,one-model-out,XGB,lin,,
pred_targets_consistency_in_neighborhood_mean,0.0,33.5,,one-model-out,XGB,lin,,
pred_targets_consistency_in_neighborhood_q0,0.0,33.5,,one-model-out,XGB,lin,,
pred_targets_consistency_in_neighborhood_q25,0.0,33.5,,one-model-out,XGB,lin,,
pred_targets_consistency_in_neighborhood_q50,0.0,33.5,,one-model-out,XGB,lin,,
pred_targets_consistency_in_neighborhood_q75,0.0,33.5,,one-model-out,XGB,lin,,
pred_targets_consistency_in_neighborhood_q1,0.0,33.5,,one-model-out,XGB,lin,,
pred_targets_consistency_in_neighborhood_minmax,0.0,33.5,,one-model-out,XGB,lin,,
target_targets_consistency_in_neighborhood_mean,0.0,33.5,,one-model-out,XGB,lin,,
target_targets_consistency_in_neighborhood_q0,0.0,33.5,,one-model-out,XGB,lin,,
target_targets_consistency_in_neighborhood_q25,0.0,33.5,,one-model-out,XGB,lin,,
target_targets_consistency_in_neighborhood_q50,0.0,33.5,,one-model-out,XGB,lin,,
target_targets_consistency_in_neighborhood_q75,0.0,33.5,,one-model-out,XGB,lin,,
target_targets_consistency_in_neighborhood_q1,0.0,33.5,,one-model-out,XGB,lin,,
target_targets_consistency_in_neighborhood_minmax,0.0,33.5,,one-model-out,XGB,lin,,
targets_and_approxs_consistency_in_neighborhood_mean,0.0,33.5,,one-model-out,XGB,lin,,
targets_and_approxs_consistency_in_neighborhood_q0,0.0,33.5,,one-model-out,XGB,lin,,
targets_and_approxs_consistency_in_neighborhood_q25,0.0,33.5,,one-model-out,XGB,lin,,
targets_and_approxs_consistency_in_neighborhood_q50,0.0,33.5,,one-model-out,XGB,lin,,
targets_and_approxs_consistency_in_neighborhood_q75,0.0,33.5,,one-model-out,XGB,lin,,
targets_and_approxs_consistency_in_neighborhood_q1,0.0,33.5,,one-model-out,XGB,lin,,
targets_and_approxs_consistency_in_neighborhood_minmax,0.0,33.5,,one-model-out,XGB,lin,,
target_diversity_in_neighborhood_mean,0.0,33.5,,one-model-out,XGB,lin,,
target_diversity_in_neighborhood_q0,0.0,33.5,,one-model-out,XGB,lin,,
target_diversity_in_neighborhood_q25,0.0,33.5,,one-model-out,XGB,lin,,
target_diversity_in_neighborhood_q50,0.0,33.5,,one-model-out,XGB,lin,,
target_diversity_in_neighborhood_q75,0.0,33.5,,one-model-out,XGB,lin,,
target_diversity_in_neighborhood_q1,0.0,33.5,,one-model-out,XGB,lin,,
target_diversity_in_neighborhood_minmax,0.0,33.5,,one-model-out,XGB,lin,,
approx_diversity_in_neighborhood_mean,0.0,33.5,,one-model-out,XGB,lin,,
approx_diversity_in_neighborhood_q0,0.0,33.5,,one-model-out,XGB,lin,,
approx_diversity_in_neighborhood_q25,0.0,33.5,,one-model-out,XGB,lin,,
approx_diversity_in_neighborhood_q50,0.0,33.5,,one-model-out,XGB,lin,,
approx_diversity_in_neighborhood_q75,0.0,33.5,,one-model-out,XGB,lin,,
approx_diversity_in_neighborhood_q1,0.0,33.5,,one-model-out,XGB,lin,,
approx_diversity_in_neighborhood_minmax,0.0,33.5,,one-model-out,XGB,lin,,
bacc_test_mean,1.0,1.0,,one-model-out,XGB,lin,,
bacc_test_q0,0.0,33.5,,one-model-out,XGB,lin,,
bacc_test_q25,0.0,33.5,,one-model-out,XGB,lin,,
bacc_test_q50,0.0,33.5,,one-model-out,XGB,lin,,
bacc_test_q75,0.0,33.5,,one-model-out,XGB,lin,,
bacc_test_q1,0.0,33.5,,one-model-out,XGB,lin,,
bacc_test_minmax,0.0,33.5,,one-model-out,XGB,lin,,
n_test,0.008655942045152187,6.0,,one-model-out,XGB,nn,,
n_classes,0.0,38.5,,one-model-out,XGB,nn,,
neighborhood_size_mean,0.0,38.5,,one-model-out,XGB,nn,,
neighborhood_size_q0,0.0,38.5,,one-model-out,XGB,nn,,
neighborhood_size_q25,0.0,38.5,,one-model-out,XGB,nn,,
neighborhood_size_q50,0.0,38.5,,one-model-out,XGB,nn,,
neighborhood_size_q75,0.0,38.5,,one-model-out,XGB,nn,,
neighborhood_size_q1,0.0,38.5,,one-model-out,XGB,nn,,
neighborhood_size_minmax,0.0,38.5,,one-model-out,XGB,nn,,
uncertainty_mean,0.00035259732976555824,9.0,,one-model-out,XGB,nn,,
uncertainty_q0,0.012957255356013775,4.0,,one-model-out,XGB,nn,,
uncertainty_q25,0.05308670550584793,3.0,,one-model-out,XGB,nn,,
uncertainty_q50,0.0,38.5,,one-model-out,XGB,nn,,
uncertainty_q75,0.0,38.5,,one-model-out,XGB,nn,,
uncertainty_q1,0.0,38.5,,one-model-out,XGB,nn,,
uncertainty_minmax,8.086589514277875e-05,10.0,,one-model-out,XGB,nn,,
target_approx_consistency_in_neighborhood_mean,0.0014271108666434884,8.0,,one-model-out,XGB,nn,,
target_approx_consistency_in_neighborhood_q0,0.0,38.5,,one-model-out,XGB,nn,,
target_approx_consistency_in_neighborhood_q25,0.0,38.5,,one-model-out,XGB,nn,,
target_approx_consistency_in_neighborhood_q50,0.0,38.5,,one-model-out,XGB,nn,,
target_approx_consistency_in_neighborhood_q75,0.0,38.5,,one-model-out,XGB,nn,,
target_approx_consistency_in_neighborhood_q1,0.0,38.5,,one-model-out,XGB,nn,,
target_approx_consistency_in_neighborhood_minmax,0.0,38.5,,one-model-out,XGB,nn,,
pred_targets_consistency_in_neighborhood_mean,0.23979191482067108,2.0,,one-model-out,XGB,nn,,
pred_targets_consistency_in_neighborhood_q0,0.0,38.5,,one-model-out,XGB,nn,,
pred_targets_consistency_in_neighborhood_q25,0.0,38.5,,one-model-out,XGB,nn,,
pred_targets_consistency_in_neighborhood_q50,0.0,38.5,,one-model-out,XGB,nn,,
pred_targets_consistency_in_neighborhood_q75,0.0,38.5,,one-model-out,XGB,nn,,
pred_targets_consistency_in_neighborhood_q1,0.0,38.5,,one-model-out,XGB,nn,,
pred_targets_consistency_in_neighborhood_minmax,0.0,38.5,,one-model-out,XGB,nn,,
target_targets_consistency_in_neighborhood_mean,0.0,38.5,,one-model-out,XGB,nn,,
target_targets_consistency_in_neighborhood_q0,0.0,38.5,,one-model-out,XGB,nn,,
target_targets_consistency_in_neighborhood_q25,0.0030374557245522738,7.0,,one-model-out,XGB,nn,,
target_targets_consistency_in_neighborhood_q50,0.0,38.5,,one-model-out,XGB,nn,,
target_targets_consistency_in_neighborhood_q75,0.0,38.5,,one-model-out,XGB,nn,,
target_targets_consistency_in_neighborhood_q1,0.0,38.5,,one-model-out,XGB,nn,,
target_targets_consistency_in_neighborhood_minmax,0.0,38.5,,one-model-out,XGB,nn,,
targets_and_approxs_consistency_in_neighborhood_mean,0.0,38.5,,one-model-out,XGB,nn,,
targets_and_approxs_consistency_in_neighborhood_q0,5.171344241716724e-07,11.0,,one-model-out,XGB,nn,,
targets_and_approxs_consistency_in_neighborhood_q25,0.009357785806059837,5.0,,one-model-out,XGB,nn,,
targets_and_approxs_consistency_in_neighborhood_q50,0.0,38.5,,one-model-out,XGB,nn,,
targets_and_approxs_consistency_in_neighborhood_q75,0.0,38.5,,one-model-out,XGB,nn,,
targets_and_approxs_consistency_in_neighborhood_q1,0.0,38.5,,one-model-out,XGB,nn,,
targets_and_approxs_consistency_in_neighborhood_minmax,0.0,38.5,,one-model-out,XGB,nn,,
target_diversity_in_neighborhood_mean,0.0,38.5,,one-model-out,XGB,nn,,
target_diversity_in_neighborhood_q0,0.0,38.5,,one-model-out,XGB,nn,,
target_diversity_in_neighborhood_q25,0.0,38.5,,one-model-out,XGB,nn,,
target_diversity_in_neighborhood_q50,0.0,38.5,,one-model-out,XGB,nn,,
target_diversity_in_neighborhood_q75,0.0,38.5,,one-model-out,XGB,nn,,
target_diversity_in_neighborhood_q1,0.0,38.5,,one-model-out,XGB,nn,,
target_diversity_in_neighborhood_minmax,0.0,38.5,,one-model-out,XGB,nn,,
approx_diversity_in_neighborhood_mean,0.0,38.5,,one-model-out,XGB,nn,,
approx_diversity_in_neighborhood_q0,0.0,38.5,,one-model-out,XGB,nn,,
approx_diversity_in_neighborhood_q25,0.0,38.5,,one-model-out,XGB,nn,,
approx_diversity_in_neighborhood_q50,0.0,38.5,,one-model-out,XGB,nn,,
approx_diversity_in_neighborhood_q75,0.0,38.5,,one-model-out,XGB,nn,,
approx_diversity_in_neighborhood_q1,0.0,38.5,,one-model-out,XGB,nn,,
approx_diversity_in_neighborhood_minmax,0.0,38.5,,one-model-out,XGB,nn,,
bacc_test_mean,0.6712518334388733,1.0,,one-model-out,XGB,nn,,
bacc_test_q0,0.0,38.5,,one-model-out,XGB,nn,,
bacc_test_q25,0.0,38.5,,one-model-out,XGB,nn,,
bacc_test_q50,0.0,38.5,,one-model-out,XGB,nn,,
bacc_test_q75,0.0,38.5,,one-model-out,XGB,nn,,
bacc_test_q1,0.0,38.5,,one-model-out,XGB,nn,,
bacc_test_minmax,0.0,38.5,,one-model-out,XGB,nn,,
n_test,0.0,38.0,,one-model-out,XGB,svm,,
n_classes,0.0,38.0,,one-model-out,XGB,svm,,
neighborhood_size_mean,0.0,38.0,,one-model-out,XGB,svm,,
neighborhood_size_q0,0.0,38.0,,one-model-out,XGB,svm,,
neighborhood_size_q25,0.0,38.0,,one-model-out,XGB,svm,,
neighborhood_size_q50,0.029566358774900436,3.0,,one-model-out,XGB,svm,,
neighborhood_size_q75,0.0,38.0,,one-model-out,XGB,svm,,
neighborhood_size_q1,0.0,38.0,,one-model-out,XGB,svm,,
neighborhood_size_minmax,0.0,38.0,,one-model-out,XGB,svm,,
uncertainty_mean,0.01764485612511635,5.0,,one-model-out,XGB,svm,,
uncertainty_q0,0.0,38.0,,one-model-out,XGB,svm,,
uncertainty_q25,0.0,38.0,,one-model-out,XGB,svm,,
uncertainty_q50,0.02012060582637787,4.0,,one-model-out,XGB,svm,,
uncertainty_q75,0.0,38.0,,one-model-out,XGB,svm,,
uncertainty_q1,0.0046386425383389,10.0,,one-model-out,XGB,svm,,
uncertainty_minmax,0.010269539430737495,8.0,,one-model-out,XGB,svm,,
target_approx_consistency_in_neighborhood_mean,0.0,38.0,,one-model-out,XGB,svm,,
target_approx_consistency_in_neighborhood_q0,0.0,38.0,,one-model-out,XGB,svm,,
target_approx_consistency_in_neighborhood_q25,0.0,38.0,,one-model-out,XGB,svm,,
target_approx_consistency_in_neighborhood_q50,0.0,38.0,,one-model-out,XGB,svm,,
target_approx_consistency_in_neighborhood_q75,0.0,38.0,,one-model-out,XGB,svm,,
target_approx_consistency_in_neighborhood_q1,0.0,38.0,,one-model-out,XGB,svm,,
target_approx_consistency_in_neighborhood_minmax,0.0,38.0,,one-model-out,XGB,svm,,
pred_targets_consistency_in_neighborhood_mean,0.007516065146774054,9.0,,one-model-out,XGB,svm,,
pred_targets_consistency_in_neighborhood_q0,0.0,38.0,,one-model-out,XGB,svm,,
pred_targets_consistency_in_neighborhood_q25,0.0,38.0,,one-model-out,XGB,svm,,
pred_targets_consistency_in_neighborhood_q50,0.0,38.0,,one-model-out,XGB,svm,,
pred_targets_consistency_in_neighborhood_q75,0.0,38.0,,one-model-out,XGB,svm,,
pred_targets_consistency_in_neighborhood_q1,0.0,38.0,,one-model-out,XGB,svm,,
pred_targets_consistency_in_neighborhood_minmax,0.0,38.0,,one-model-out,XGB,svm,,
target_targets_consistency_in_neighborhood_mean,0.017444508150219917,6.0,,one-model-out,XGB,svm,,
target_targets_consistency_in_neighborhood_q0,0.21706385910511017,2.0,,one-model-out,XGB,svm,,
target_targets_consistency_in_neighborhood_q25,0.0,38.0,,one-model-out,XGB,svm,,
target_targets_consistency_in_neighborhood_q50,0.0,38.0,,one-model-out,XGB,svm,,
target_targets_consistency_in_neighborhood_q75,0.0,38.0,,one-model-out,XGB,svm,,
target_targets_consistency_in_neighborhood_q1,0.0,38.0,,one-model-out,XGB,svm,,
target_targets_consistency_in_neighborhood_minmax,0.0,38.0,,one-model-out,XGB,svm,,
targets_and_approxs_consistency_in_neighborhood_mean,0.0,38.0,,one-model-out,XGB,svm,,
targets_and_approxs_consistency_in_neighborhood_q0,0.0,38.0,,one-model-out,XGB,svm,,
targets_and_approxs_consistency_in_neighborhood_q25,0.010954480618238449,7.0,,one-model-out,XGB,svm,,
targets_and_approxs_consistency_in_neighborhood_q50,0.0,38.0,,one-model-out,XGB,svm,,
targets_and_approxs_consistency_in_neighborhood_q75,0.0,38.0,,one-model-out,XGB,svm,,
targets_and_approxs_consistency_in_neighborhood_q1,0.0,38.0,,one-model-out,XGB,svm,,
targets_and_approxs_consistency_in_neighborhood_minmax,0.0,38.0,,one-model-out,XGB,svm,,
target_diversity_in_neighborhood_mean,0.0,38.0,,one-model-out,XGB,svm,,
target_diversity_in_neighborhood_q0,0.0,38.0,,one-model-out,XGB,svm,,
target_diversity_in_neighborhood_q25,0.0,38.0,,one-model-out,XGB,svm,,
target_diversity_in_neighborhood_q50,0.0,38.0,,one-model-out,XGB,svm,,
target_diversity_in_neighborhood_q75,0.0,38.0,,one-model-out,XGB,svm,,
target_diversity_in_neighborhood_q1,0.0,38.0,,one-model-out,XGB,svm,,
target_diversity_in_neighborhood_minmax,0.0,38.0,,one-model-out,XGB,svm,,
approx_diversity_in_neighborhood_mean,0.0,38.0,,one-model-out,XGB,svm,,
approx_diversity_in_neighborhood_q0,0.0,38.0,,one-model-out,XGB,svm,,
approx_diversity_in_neighborhood_q25,0.0,38.0,,one-model-out,XGB,svm,,
approx_diversity_in_neighborhood_q50,0.0,38.0,,one-model-out,XGB,svm,,
approx_diversity_in_neighborhood_q75,0.0,38.0,,one-model-out,XGB,svm,,
approx_diversity_in_neighborhood_q1,0.0,38.0,,one-model-out,XGB,svm,,
approx_diversity_in_neighborhood_minmax,0.0,38.0,,one-model-out,XGB,svm,,
bacc_test_mean,0.6647810935974121,1.0,,one-model-out,XGB,svm,,
bacc_test_q0,0.0,38.0,,one-model-out,XGB,svm,,
bacc_test_q25,0.0,38.0,,one-model-out,XGB,svm,,
bacc_test_q50,0.0,38.0,,one-model-out,XGB,svm,,
bacc_test_q75,0.0,38.0,,one-model-out,XGB,svm,,
bacc_test_q1,0.0,38.0,,one-model-out,XGB,svm,,
bacc_test_minmax,0.0,38.0,,one-model-out,XGB,svm,,
n_test,0.0,38.0,,one-model-out,XGB,xgb,,
n_classes,0.0,38.0,,one-model-out,XGB,xgb,,
neighborhood_size_mean,0.0,38.0,,one-model-out,XGB,xgb,,
neighborhood_size_q0,0.0,38.0,,one-model-out,XGB,xgb,,
neighborhood_size_q25,0.0,38.0,,one-model-out,XGB,xgb,,
neighborhood_size_q50,0.10310123860836029,2.0,,one-model-out,XGB,xgb,,
neighborhood_size_q75,0.0,38.0,,one-model-out,XGB,xgb,,
neighborhood_size_q1,0.0,38.0,,one-model-out,XGB,xgb,,
neighborhood_size_minmax,0.0,38.0,,one-model-out,XGB,xgb,,
uncertainty_mean,0.019763756543397903,6.0,,one-model-out,XGB,xgb,,
uncertainty_q0,0.027883244678378105,4.0,,one-model-out,XGB,xgb,,
uncertainty_q25,0.013868642970919609,7.0,,one-model-out,XGB,xgb,,
uncertainty_q50,0.009881962090730667,9.0,,one-model-out,XGB,xgb,,
uncertainty_q75,0.0,38.0,,one-model-out,XGB,xgb,,
uncertainty_q1,0.0,38.0,,one-model-out,XGB,xgb,,
uncertainty_minmax,0.0254424586892128,5.0,,one-model-out,XGB,xgb,,
target_approx_consistency_in_neighborhood_mean,0.0011948914034292102,10.0,,one-model-out,XGB,xgb,,
target_approx_consistency_in_neighborhood_q0,0.0,38.0,,one-model-out,XGB,xgb,,
target_approx_consistency_in_neighborhood_q25,0.0,38.0,,one-model-out,XGB,xgb,,
target_approx_consistency_in_neighborhood_q50,0.0,38.0,,one-model-out,XGB,xgb,,
target_approx_consistency_in_neighborhood_q75,0.0,38.0,,one-model-out,XGB,xgb,,
target_approx_consistency_in_neighborhood_q1,0.0,38.0,,one-model-out,XGB,xgb,,
target_approx_consistency_in_neighborhood_minmax,0.0,38.0,,one-model-out,XGB,xgb,,
pred_targets_consistency_in_neighborhood_mean,0.009978817775845528,8.0,,one-model-out,XGB,xgb,,
pred_targets_consistency_in_neighborhood_q0,0.0,38.0,,one-model-out,XGB,xgb,,
pred_targets_consistency_in_neighborhood_q25,0.0,38.0,,one-model-out,XGB,xgb,,
pred_targets_consistency_in_neighborhood_q50,0.0,38.0,,one-model-out,XGB,xgb,,
pred_targets_consistency_in_neighborhood_q75,0.0,38.0,,one-model-out,XGB,xgb,,
pred_targets_consistency_in_neighborhood_q1,0.0,38.0,,one-model-out,XGB,xgb,,
pred_targets_consistency_in_neighborhood_minmax,0.0,38.0,,one-model-out,XGB,xgb,,
target_targets_consistency_in_neighborhood_mean,0.03438081219792366,3.0,,one-model-out,XGB,xgb,,
target_targets_consistency_in_neighborhood_q0,0.0,38.0,,one-model-out,XGB,xgb,,
target_targets_consistency_in_neighborhood_q25,0.0,38.0,,one-model-out,XGB,xgb,,
target_targets_consistency_in_neighborhood_q50,0.0,38.0,,one-model-out,XGB,xgb,,
target_targets_consistency_in_neighborhood_q75,0.0,38.0,,one-model-out,XGB,xgb,,
target_targets_consistency_in_neighborhood_q1,0.0,38.0,,one-model-out,XGB,xgb,,
target_targets_consistency_in_neighborhood_minmax,0.0,38.0,,one-model-out,XGB,xgb,,
targets_and_approxs_consistency_in_neighborhood_mean,0.0,38.0,,one-model-out,XGB,xgb,,
targets_and_approxs_consistency_in_neighborhood_q0,0.0,38.0,,one-model-out,XGB,xgb,,
targets_and_approxs_consistency_in_neighborhood_q25,0.0,38.0,,one-model-out,XGB,xgb,,
targets_and_approxs_consistency_in_neighborhood_q50,0.0,38.0,,one-model-out,XGB,xgb,,
targets_and_approxs_consistency_in_neighborhood_q75,0.0,38.0,,one-model-out,XGB,xgb,,
targets_and_approxs_consistency_in_neighborhood_q1,0.0,38.0,,one-model-out,XGB,xgb,,
targets_and_approxs_consistency_in_neighborhood_minmax,0.0,38.0,,one-model-out,XGB,xgb,,
target_diversity_in_neighborhood_mean,0.0,38.0,,one-model-out,XGB,xgb,,
target_diversity_in_neighborhood_q0,0.0,38.0,,one-model-out,XGB,xgb,,
target_diversity_in_neighborhood_q25,0.0,38.0,,one-model-out,XGB,xgb,,
target_diversity_in_neighborhood_q50,0.0,38.0,,one-model-out,XGB,xgb,,
target_diversity_in_neighborhood_q75,0.0,38.0,,one-model-out,XGB,xgb,,
target_diversity_in_neighborhood_q1,0.0,38.0,,one-model-out,XGB,xgb,,
target_diversity_in_neighborhood_minmax,0.0,38.0,,one-model-out,XGB,xgb,,
approx_diversity_in_neighborhood_mean,0.0,38.0,,one-model-out,XGB,xgb,,
approx_diversity_in_neighborhood_q0,0.0,38.0,,one-model-out,XGB,xgb,,
approx_diversity_in_neighborhood_q25,0.0,38.0,,one-model-out,XGB,xgb,,
approx_diversity_in_neighborhood_q50,0.0,38.0,,one-model-out,XGB,xgb,,
approx_diversity_in_neighborhood_q75,0.0,38.0,,one-model-out,XGB,xgb,,
approx_diversity_in_neighborhood_q1,0.0,38.0,,one-model-out,XGB,xgb,,
approx_diversity_in_neighborhood_minmax,0.0,38.0,,one-model-out,XGB,xgb,,
bacc_test_mean,0.7545042037963867,1.0,,one-model-out,XGB,xgb,,
bacc_test_q0,0.0,38.0,,one-model-out,XGB,xgb,,
bacc_test_q25,0.0,38.0,,one-model-out,XGB,xgb,,
bacc_test_q50,0.0,38.0,,one-model-out,XGB,xgb,,
bacc_test_q75,0.0,38.0,,one-model-out,XGB,xgb,,
bacc_test_q1,0.0,38.0,,one-model-out,XGB,xgb,,
bacc_test_minmax,0.0,38.0,,one-model-out,XGB,xgb,,
n_test,0.0,38.0,,10-fold cross-validation,XGB,,0.0,
n_classes,0.0,38.0,,10-fold cross-validation,XGB,,0.0,
neighborhood_size_mean,0.0,38.0,,10-fold cross-validation,XGB,,0.0,
neighborhood_size_q0,0.0,38.0,,10-fold cross-validation,XGB,,0.0,
neighborhood_size_q25,0.0,38.0,,10-fold cross-validation,XGB,,0.0,
neighborhood_size_q50,0.0033892719075083733,10.0,,10-fold cross-validation,XGB,,0.0,
neighborhood_size_q75,0.0,38.0,,10-fold cross-validation,XGB,,0.0,
neighborhood_size_q1,0.0,38.0,,10-fold cross-validation,XGB,,0.0,
neighborhood_size_minmax,0.0,38.0,,10-fold cross-validation,XGB,,0.0,
uncertainty_mean,0.014975768513977528,6.0,,10-fold cross-validation,XGB,,0.0,
uncertainty_q0,0.0,38.0,,10-fold cross-validation,XGB,,0.0,
uncertainty_q25,0.00396232632920146,9.0,,10-fold cross-validation,XGB,,0.0,
uncertainty_q50,0.036236971616744995,4.0,,10-fold cross-validation,XGB,,0.0,
uncertainty_q75,0.0,38.0,,10-fold cross-validation,XGB,,0.0,
uncertainty_q1,0.026079291477799416,5.0,,10-fold cross-validation,XGB,,0.0,
uncertainty_minmax,0.012415596283972263,7.0,,10-fold cross-validation,XGB,,0.0,
target_approx_consistency_in_neighborhood_mean,0.0,38.0,,10-fold cross-validation,XGB,,0.0,
target_approx_consistency_in_neighborhood_q0,0.0,38.0,,10-fold cross-validation,XGB,,0.0,
target_approx_consistency_in_neighborhood_q25,0.0,38.0,,10-fold cross-validation,XGB,,0.0,
target_approx_consistency_in_neighborhood_q50,0.0,38.0,,10-fold cross-validation,XGB,,0.0,
target_approx_consistency_in_neighborhood_q75,0.0,38.0,,10-fold cross-validation,XGB,,0.0,
target_approx_consistency_in_neighborhood_q1,0.0,38.0,,10-fold cross-validation,XGB,,0.0,
target_approx_consistency_in_neighborhood_minmax,0.0,38.0,,10-fold cross-validation,XGB,,0.0,
pred_targets_consistency_in_neighborhood_mean,0.010809813626110554,8.0,,10-fold cross-validation,XGB,,0.0,
pred_targets_consistency_in_neighborhood_q0,0.0,38.0,,10-fold cross-validation,XGB,,0.0,
pred_targets_consistency_in_neighborhood_q25,0.0,38.0,,10-fold cross-validation,XGB,,0.0,
pred_targets_consistency_in_neighborhood_q50,0.0,38.0,,10-fold cross-validation,XGB,,0.0,
pred_targets_consistency_in_neighborhood_q75,0.0,38.0,,10-fold cross-validation,XGB,,0.0,
pred_targets_consistency_in_neighborhood_q1,0.0,38.0,,10-fold cross-validation,XGB,,0.0,
pred_targets_consistency_in_neighborhood_minmax,0.0,38.0,,10-fold cross-validation,XGB,,0.0,
target_targets_consistency_in_neighborhood_mean,0.03773215413093567,3.0,,10-fold cross-validation,XGB,,0.0,
target_targets_consistency_in_neighborhood_q0,0.11614099144935608,2.0,,10-fold cross-validation,XGB,,0.0,
target_targets_consistency_in_neighborhood_q25,0.0,38.0,,10-fold cross-validation,XGB,,0.0,
target_targets_consistency_in_neighborhood_q50,0.0,38.0,,10-fold cross-validation,XGB,,0.0,
target_targets_consistency_in_neighborhood_q75,0.0,38.0,,10-fold cross-validation,XGB,,0.0,
target_targets_consistency_in_neighborhood_q1,0.0,38.0,,10-fold cross-validation,XGB,,0.0,
target_targets_consistency_in_neighborhood_minmax,0.0,38.0,,10-fold cross-validation,XGB,,0.0,
targets_and_approxs_consistency_in_neighborhood_mean,0.0,38.0,,10-fold cross-validation,XGB,,0.0,
targets_and_approxs_consistency_in_neighborhood_q0,0.0,38.0,,10-fold cross-validation,XGB,,0.0,
targets_and_approxs_consistency_in_neighborhood_q25,0.0,38.0,,10-fold cross-validation,XGB,,0.0,
targets_and_approxs_consistency_in_neighborhood_q50,0.0,38.0,,10-fold cross-validation,XGB,,0.0,
targets_and_approxs_consistency_in_neighborhood_q75,0.0,38.0,,10-fold cross-validation,XGB,,0.0,
targets_and_approxs_consistency_in_neighborhood_q1,0.0,38.0,,10-fold cross-validation,XGB,,0.0,
targets_and_approxs_consistency_in_neighborhood_minmax,0.0,38.0,,10-fold cross-validation,XGB,,0.0,
target_diversity_in_neighborhood_mean,0.0,38.0,,10-fold cross-validation,XGB,,0.0,
target_diversity_in_neighborhood_q0,0.0,38.0,,10-fold cross-validation,XGB,,0.0,
target_diversity_in_neighborhood_q25,0.0,38.0,,10-fold cross-validation,XGB,,0.0,
target_diversity_in_neighborhood_q50,0.0,38.0,,10-fold cross-validation,XGB,,0.0,
target_diversity_in_neighborhood_q75,0.0,38.0,,10-fold cross-validation,XGB,,0.0,
target_diversity_in_neighborhood_q1,0.0,38.0,,10-fold cross-validation,XGB,,0.0,
target_diversity_in_neighborhood_minmax,0.0,38.0,,10-fold cross-validation,XGB,,0.0,
approx_diversity_in_neighborhood_mean,0.0,38.0,,10-fold cross-validation,XGB,,0.0,
approx_diversity_in_neighborhood_q0,0.0,38.0,,10-fold cross-validation,XGB,,0.0,
approx_diversity_in_neighborhood_q25,0.0,38.0,,10-fold cross-validation,XGB,,0.0,
approx_diversity_in_neighborhood_q50,0.0,38.0,,10-fold cross-validation,XGB,,0.0,
approx_diversity_in_neighborhood_q75,0.0,38.0,,10-fold cross-validation,XGB,,0.0,
approx_diversity_in_neighborhood_q1,0.0,38.0,,10-fold cross-validation,XGB,,0.0,
approx_diversity_in_neighborhood_minmax,0.0,38.0,,10-fold cross-validation,XGB,,0.0,
bacc_test_mean,0.7382577657699585,1.0,,10-fold cross-validation,XGB,,0.0,
bacc_test_q0,0.0,38.0,,10-fold cross-validation,XGB,,0.0,
bacc_test_q25,0.0,38.0,,10-fold cross-validation,XGB,,0.0,
bacc_test_q50,0.0,38.0,,10-fold cross-validation,XGB,,0.0,
bacc_test_q75,0.0,38.0,,10-fold cross-validation,XGB,,0.0,
bacc_test_q1,0.0,38.0,,10-fold cross-validation,XGB,,0.0,
bacc_test_minmax,0.0,38.0,,10-fold cross-validation,XGB,,0.0,
n_test,0.009590858593583107,7.0,,10-fold cross-validation,XGB,,1.0,
n_classes,0.0,38.0,,10-fold cross-validation,XGB,,1.0,
neighborhood_size_mean,0.0,38.0,,10-fold cross-validation,XGB,,1.0,
neighborhood_size_q0,0.0,38.0,,10-fold cross-validation,XGB,,1.0,
neighborhood_size_q25,0.0,38.0,,10-fold cross-validation,XGB,,1.0,
neighborhood_size_q50,0.0,38.0,,10-fold cross-validation,XGB,,1.0,
neighborhood_size_q75,0.0,38.0,,10-fold cross-validation,XGB,,1.0,
neighborhood_size_q1,0.0,38.0,,10-fold cross-validation,XGB,,1.0,
neighborhood_size_minmax,0.0,38.0,,10-fold cross-validation,XGB,,1.0,
uncertainty_mean,0.0,38.0,,10-fold cross-validation,XGB,,1.0,
uncertainty_q0,0.0,38.0,,10-fold cross-validation,XGB,,1.0,
uncertainty_q25,0.041012972593307495,3.0,,10-fold cross-validation,XGB,,1.0,
uncertainty_q50,0.009371317923069,9.0,,10-fold cross-validation,XGB,,1.0,
uncertainty_q75,0.0,38.0,,10-fold cross-validation,XGB,,1.0,
uncertainty_q1,0.0023169992491602898,10.0,,10-fold cross-validation,XGB,,1.0,
uncertainty_minmax,0.014207114465534687,6.0,,10-fold cross-validation,XGB,,1.0,
target_approx_consistency_in_neighborhood_mean,0.0257792379707098,4.0,,10-fold cross-validation,XGB,,1.0,
target_approx_consistency_in_neighborhood_q0,0.0,38.0,,10-fold cross-validation,XGB,,1.0,
target_approx_consistency_in_neighborhood_q25,0.0,38.0,,10-fold cross-validation,XGB,,1.0,
target_approx_consistency_in_neighborhood_q50,0.0,38.0,,10-fold cross-validation,XGB,,1.0,
target_approx_consistency_in_neighborhood_q75,0.0,38.0,,10-fold cross-validation,XGB,,1.0,
target_approx_consistency_in_neighborhood_q1,0.0,38.0,,10-fold cross-validation,XGB,,1.0,
target_approx_consistency_in_neighborhood_minmax,0.0,38.0,,10-fold cross-validation,XGB,,1.0,
pred_targets_consistency_in_neighborhood_mean,0.0,38.0,,10-fold cross-validation,XGB,,1.0,
pred_targets_consistency_in_neighborhood_q0,0.0,38.0,,10-fold cross-validation,XGB,,1.0,
pred_targets_consistency_in_neighborhood_q25,0.0,38.0,,10-fold cross-validation,XGB,,1.0,
pred_targets_consistency_in_neighborhood_q50,0.0,38.0,,10-fold cross-validation,XGB,,1.0,
pred_targets_consistency_in_neighborhood_q75,0.0,38.0,,10-fold cross-validation,XGB,,1.0,
pred_targets_consistency_in_neighborhood_q1,0.0,38.0,,10-fold cross-validation,XGB,,1.0,
pred_targets_consistency_in_neighborhood_minmax,0.0,38.0,,10-fold cross-validation,XGB,,1.0,
target_targets_consistency_in_neighborhood_mean,0.019969874992966652,5.0,,10-fold cross-validation,XGB,,1.0,
target_targets_consistency_in_neighborhood_q0,0.141481414437294,2.0,,10-fold cross-validation,XGB,,1.0,
target_targets_consistency_in_neighborhood_q25,0.0,38.0,,10-fold cross-validation,XGB,,1.0,
target_targets_consistency_in_neighborhood_q50,0.0,38.0,,10-fold cross-validation,XGB,,1.0,
target_targets_consistency_in_neighborhood_q75,0.0,38.0,,10-fold cross-validation,XGB,,1.0,
target_targets_consistency_in_neighborhood_q1,0.0,38.0,,10-fold cross-validation,XGB,,1.0,
target_targets_consistency_in_neighborhood_minmax,0.0,38.0,,10-fold cross-validation,XGB,,1.0,
targets_and_approxs_consistency_in_neighborhood_mean,0.0,38.0,,10-fold cross-validation,XGB,,1.0,
targets_and_approxs_consistency_in_neighborhood_q0,0.0,38.0,,10-fold cross-validation,XGB,,1.0,
targets_and_approxs_consistency_in_neighborhood_q25,0.00937461107969284,8.0,,10-fold cross-validation,XGB,,1.0,
targets_and_approxs_consistency_in_neighborhood_q50,0.0,38.0,,10-fold cross-validation,XGB,,1.0,
targets_and_approxs_consistency_in_neighborhood_q75,0.0,38.0,,10-fold cross-validation,XGB,,1.0,
targets_and_approxs_consistency_in_neighborhood_q1,0.0,38.0,,10-fold cross-validation,XGB,,1.0,
targets_and_approxs_consistency_in_neighborhood_minmax,0.0,38.0,,10-fold cross-validation,XGB,,1.0,
target_diversity_in_neighborhood_mean,0.0,38.0,,10-fold cross-validation,XGB,,1.0,
target_diversity_in_neighborhood_q0,0.0,38.0,,10-fold cross-validation,XGB,,1.0,
target_diversity_in_neighborhood_q25,0.0,38.0,,10-fold cross-validation,XGB,,1.0,
target_diversity_in_neighborhood_q50,0.0,38.0,,10-fold cross-validation,XGB,,1.0,
target_diversity_in_neighborhood_q75,0.0,38.0,,10-fold cross-validation,XGB,,1.0,
target_diversity_in_neighborhood_q1,0.0,38.0,,10-fold cross-validation,XGB,,1.0,
target_diversity_in_neighborhood_minmax,0.0,38.0,,10-fold cross-validation,XGB,,1.0,
approx_diversity_in_neighborhood_mean,0.0,38.0,,10-fold cross-validation,XGB,,1.0,
approx_diversity_in_neighborhood_q0,0.0,38.0,,10-fold cross-validation,XGB,,1.0,
approx_diversity_in_neighborhood_q25,0.0,38.0,,10-fold cross-validation,XGB,,1.0,
approx_diversity_in_neighborhood_q50,0.0,38.0,,10-fold cross-validation,XGB,,1.0,
approx_diversity_in_neighborhood_q75,0.0,38.0,,10-fold cross-validation,XGB,,1.0,
approx_diversity_in_neighborhood_q1,0.0,38.0,,10-fold cross-validation,XGB,,1.0,
approx_diversity_in_neighborhood_minmax,0.0,38.0,,10-fold cross-validation,XGB,,1.0,
bacc_test_mean,0.7268955707550049,1.0,,10-fold cross-validation,XGB,,1.0,
bacc_test_q0,0.0,38.0,,10-fold cross-validation,XGB,,1.0,
bacc_test_q25,0.0,38.0,,10-fold cross-validation,XGB,,1.0,
bacc_test_q50,0.0,38.0,,10-fold cross-validation,XGB,,1.0,
bacc_test_q75,0.0,38.0,,10-fold cross-validation,XGB,,1.0,
bacc_test_q1,0.0,38.0,,10-fold cross-validation,XGB,,1.0,
bacc_test_minmax,0.0,38.0,,10-fold cross-validation,XGB,,1.0,
n_test,0.0098074059933424,9.0,,10-fold cross-validation,XGB,,2.0,
n_classes,0.0,40.0,,10-fold cross-validation,XGB,,2.0,
neighborhood_size_mean,0.0,40.0,,10-fold cross-validation,XGB,,2.0,
neighborhood_size_q0,0.0,40.0,,10-fold cross-validation,XGB,,2.0,
neighborhood_size_q25,0.0,40.0,,10-fold cross-validation,XGB,,2.0,
neighborhood_size_q50,0.006389510817825794,11.0,,10-fold cross-validation,XGB,,2.0,
neighborhood_size_q75,0.0,40.0,,10-fold cross-validation,XGB,,2.0,
neighborhood_size_q1,0.0,40.0,,10-fold cross-validation,XGB,,2.0,
neighborhood_size_minmax,0.0,40.0,,10-fold cross-validation,XGB,,2.0,
uncertainty_mean,0.0,40.0,,10-fold cross-validation,XGB,,2.0,
uncertainty_q0,0.00802091509103775,10.0,,10-fold cross-validation,XGB,,2.0,
uncertainty_q25,0.016831744462251663,4.0,,10-fold cross-validation,XGB,,2.0,
uncertainty_q50,0.009917927905917168,8.0,,10-fold cross-validation,XGB,,2.0,
uncertainty_q75,0.0,40.0,,10-fold cross-validation,XGB,,2.0,
uncertainty_q1,0.006271508522331715,12.0,,10-fold cross-validation,XGB,,2.0,
uncertainty_minmax,0.022215740755200386,3.0,,10-fold cross-validation,XGB,,2.0,
target_approx_consistency_in_neighborhood_mean,0.015963509678840637,5.0,,10-fold cross-validation,XGB,,2.0,
target_approx_consistency_in_neighborhood_q0,0.0,40.0,,10-fold cross-validation,XGB,,2.0,
target_approx_consistency_in_neighborhood_q25,0.0,40.0,,10-fold cross-validation,XGB,,2.0,
target_approx_consistency_in_neighborhood_q50,0.0,40.0,,10-fold cross-validation,XGB,,2.0,
target_approx_consistency_in_neighborhood_q75,0.0,40.0,,10-fold cross-validation,XGB,,2.0,
target_approx_consistency_in_neighborhood_q1,0.0,40.0,,10-fold cross-validation,XGB,,2.0,
target_approx_consistency_in_neighborhood_minmax,0.0,40.0,,10-fold cross-validation,XGB,,2.0,
pred_targets_consistency_in_neighborhood_mean,0.013950915075838566,7.0,,10-fold cross-validation,XGB,,2.0,
pred_targets_consistency_in_neighborhood_q0,0.0,40.0,,10-fold cross-validation,XGB,,2.0,
pred_targets_consistency_in_neighborhood_q25,0.0,40.0,,10-fold cross-validation,XGB,,2.0,
pred_targets_consistency_in_neighborhood_q50,0.0,40.0,,10-fold cross-validation,XGB,,2.0,
pred_targets_consistency_in_neighborhood_q75,0.0,40.0,,10-fold cross-validation,XGB,,2.0,
pred_targets_consistency_in_neighborhood_q1,0.0,40.0,,10-fold cross-validation,XGB,,2.0,
pred_targets_consistency_in_neighborhood_minmax,0.0,40.0,,10-fold cross-validation,XGB,,2.0,
target_targets_consistency_in_neighborhood_mean,0.027834082022309303,2.0,,10-fold cross-validation,XGB,,2.0,
target_targets_consistency_in_neighborhood_q0,0.0,40.0,,10-fold cross-validation,XGB,,2.0,
target_targets_consistency_in_neighborhood_q25,0.0,40.0,,10-fold cross-validation,XGB,,2.0,
target_targets_consistency_in_neighborhood_q50,0.0,40.0,,10-fold cross-validation,XGB,,2.0,
target_targets_consistency_in_neighborhood_q75,0.0,40.0,,10-fold cross-validation,XGB,,2.0,
target_targets_consistency_in_neighborhood_q1,0.0,40.0,,10-fold cross-validation,XGB,,2.0,
target_targets_consistency_in_neighborhood_minmax,0.0,40.0,,10-fold cross-validation,XGB,,2.0,
targets_and_approxs_consistency_in_neighborhood_mean,0.0,40.0,,10-fold cross-validation,XGB,,2.0,
targets_and_approxs_consistency_in_neighborhood_q0,0.0012112135300412774,14.0,,10-fold cross-validation,XGB,,2.0,
targets_and_approxs_consistency_in_neighborhood_q25,0.015251643024384975,6.0,,10-fold cross-validation,XGB,,2.0,
targets_and_approxs_consistency_in_neighborhood_q50,0.0,40.0,,10-fold cross-validation,XGB,,2.0,
targets_and_approxs_consistency_in_neighborhood_q75,0.0,40.0,,10-fold cross-validation,XGB,,2.0,
targets_and_approxs_consistency_in_neighborhood_q1,0.0,40.0,,10-fold cross-validation,XGB,,2.0,
targets_and_approxs_consistency_in_neighborhood_minmax,0.0,40.0,,10-fold cross-validation,XGB,,2.0,
target_diversity_in_neighborhood_mean,0.0,40.0,,10-fold cross-validation,XGB,,2.0,
target_diversity_in_neighborhood_q0,0.0,40.0,,10-fold cross-validation,XGB,,2.0,
target_diversity_in_neighborhood_q25,0.0,40.0,,10-fold cross-validation,XGB,,2.0,
target_diversity_in_neighborhood_q50,0.0,40.0,,10-fold cross-validation,XGB,,2.0,
target_diversity_in_neighborhood_q75,0.0,40.0,,10-fold cross-validation,XGB,,2.0,
target_diversity_in_neighborhood_q1,0.0,40.0,,10-fold cross-validation,XGB,,2.0,
target_diversity_in_neighborhood_minmax,0.0,40.0,,10-fold cross-validation,XGB,,2.0,
approx_diversity_in_neighborhood_mean,0.0015089624794200063,13.0,,10-fold cross-validation,XGB,,2.0,
approx_diversity_in_neighborhood_q0,0.0,40.0,,10-fold cross-validation,XGB,,2.0,
approx_diversity_in_neighborhood_q25,0.0,40.0,,10-fold cross-validation,XGB,,2.0,
approx_diversity_in_neighborhood_q50,0.0,40.0,,10-fold cross-validation,XGB,,2.0,
approx_diversity_in_neighborhood_q75,0.0,40.0,,10-fold cross-validation,XGB,,2.0,
approx_diversity_in_neighborhood_q1,0.0,40.0,,10-fold cross-validation,XGB,,2.0,
approx_diversity_in_neighborhood_minmax,0.0,40.0,,10-fold cross-validation,XGB,,2.0,
bacc_test_mean,0.8448249101638794,1.0,,10-fold cross-validation,XGB,,2.0,
bacc_test_q0,0.0,40.0,,10-fold cross-validation,XGB,,2.0,
bacc_test_q25,0.0,40.0,,10-fold cross-validation,XGB,,2.0,
bacc_test_q50,0.0,40.0,,10-fold cross-validation,XGB,,2.0,
bacc_test_q75,0.0,40.0,,10-fold cross-validation,XGB,,2.0,
bacc_test_q1,0.0,40.0,,10-fold cross-validation,XGB,,2.0,
bacc_test_minmax,0.0,40.0,,10-fold cross-validation,XGB,,2.0,
n_test,0.0,38.5,,10-fold cross-validation,XGB,,3.0,
n_classes,0.0,38.5,,10-fold cross-validation,XGB,,3.0,
neighborhood_size_mean,0.04220092296600342,2.0,,10-fold cross-validation,XGB,,3.0,
neighborhood_size_q0,0.0,38.5,,10-fold cross-validation,XGB,,3.0,
neighborhood_size_q25,0.0,38.5,,10-fold cross-validation,XGB,,3.0,
neighborhood_size_q50,0.0,38.5,,10-fold cross-validation,XGB,,3.0,
neighborhood_size_q75,0.0,38.5,,10-fold cross-validation,XGB,,3.0,
neighborhood_size_q1,0.0,38.5,,10-fold cross-validation,XGB,,3.0,
neighborhood_size_minmax,0.0,38.5,,10-fold cross-validation,XGB,,3.0,
uncertainty_mean,0.0,38.5,,10-fold cross-validation,XGB,,3.0,
uncertainty_q0,0.0075742811895906925,9.0,,10-fold cross-validation,XGB,,3.0,
uncertainty_q25,0.014244124293327332,7.0,,10-fold cross-validation,XGB,,3.0,
uncertainty_q50,0.03576245531439781,3.0,,10-fold cross-validation,XGB,,3.0,
uncertainty_q75,0.0,38.5,,10-fold cross-validation,XGB,,3.0,
uncertainty_q1,0.006030773278325796,11.0,,10-fold cross-validation,XGB,,3.0,
uncertainty_minmax,0.013045737519860268,8.0,,10-fold cross-validation,XGB,,3.0,
target_approx_consistency_in_neighborhood_mean,0.02814687043428421,4.0,,10-fold cross-validation,XGB,,3.0,
target_approx_consistency_in_neighborhood_q0,0.0,38.5,,10-fold cross-validation,XGB,,3.0,
target_approx_consistency_in_neighborhood_q25,0.0,38.5,,10-fold cross-validation,XGB,,3.0,
target_approx_consistency_in_neighborhood_q50,0.0,38.5,,10-fold cross-validation,XGB,,3.0,
target_approx_consistency_in_neighborhood_q75,0.0,38.5,,10-fold cross-validation,XGB,,3.0,
target_approx_consistency_in_neighborhood_q1,0.0,38.5,,10-fold cross-validation,XGB,,3.0,
target_approx_consistency_in_neighborhood_minmax,0.0,38.5,,10-fold cross-validation,XGB,,3.0,
pred_targets_consistency_in_neighborhood_mean,0.02449415996670723,6.0,,10-fold cross-validation,XGB,,3.0,
pred_targets_consistency_in_neighborhood_q0,0.0,38.5,,10-fold cross-validation,XGB,,3.0,
pred_targets_consistency_in_neighborhood_q25,0.0,38.5,,10-fold cross-validation,XGB,,3.0,
pred_targets_consistency_in_neighborhood_q50,0.0,38.5,,10-fold cross-validation,XGB,,3.0,
pred_targets_consistency_in_neighborhood_q75,0.0,38.5,,10-fold cross-validation,XGB,,3.0,
pred_targets_consistency_in_neighborhood_q1,0.0,38.5,,10-fold cross-validation,XGB,,3.0,
pred_targets_consistency_in_neighborhood_minmax,0.0,38.5,,10-fold cross-validation,XGB,,3.0,
target_targets_consistency_in_neighborhood_mean,0.024710744619369507,5.0,,10-fold cross-validation,XGB,,3.0,
target_targets_consistency_in_neighborhood_q0,0.006033719051629305,10.0,,10-fold cross-validation,XGB,,3.0,
target_targets_consistency_in_neighborhood_q25,0.0,38.5,,10-fold cross-validation,XGB,,3.0,
target_targets_consistency_in_neighborhood_q50,0.0,38.5,,10-fold cross-validation,XGB,,3.0,
target_targets_consistency_in_neighborhood_q75,0.0,38.5,,10-fold cross-validation,XGB,,3.0,
target_targets_consistency_in_neighborhood_q1,0.0,38.5,,10-fold cross-validation,XGB,,3.0,
target_targets_consistency_in_neighborhood_minmax,0.0,38.5,,10-fold cross-validation,XGB,,3.0,
targets_and_approxs_consistency_in_neighborhood_mean,0.0,38.5,,10-fold cross-validation,XGB,,3.0,
targets_and_approxs_consistency_in_neighborhood_q0,0.0,38.5,,10-fold cross-validation,XGB,,3.0,
targets_and_approxs_consistency_in_neighborhood_q25,0.0,38.5,,10-fold cross-validation,XGB,,3.0,
targets_and_approxs_consistency_in_neighborhood_q50,0.0,38.5,,10-fold cross-validation,XGB,,3.0,
targets_and_approxs_consistency_in_neighborhood_q75,0.0,38.5,,10-fold cross-validation,XGB,,3.0,
targets_and_approxs_consistency_in_neighborhood_q1,0.0,38.5,,10-fold cross-validation,XGB,,3.0,
targets_and_approxs_consistency_in_neighborhood_minmax,0.0,38.5,,10-fold cross-validation,XGB,,3.0,
target_diversity_in_neighborhood_mean,0.0,38.5,,10-fold cross-validation,XGB,,3.0,
target_diversity_in_neighborhood_q0,0.0,38.5,,10-fold cross-validation,XGB,,3.0,
target_diversity_in_neighborhood_q25,0.0,38.5,,10-fold cross-validation,XGB,,3.0,
target_diversity_in_neighborhood_q50,0.0,38.5,,10-fold cross-validation,XGB,,3.0,
target_diversity_in_neighborhood_q75,0.0,38.5,,10-fold cross-validation,XGB,,3.0,
target_diversity_in_neighborhood_q1,0.0,38.5,,10-fold cross-validation,XGB,,3.0,
target_diversity_in_neighborhood_minmax,0.0,38.5,,10-fold cross-validation,XGB,,3.0,
approx_diversity_in_neighborhood_mean,0.0,38.5,,10-fold cross-validation,XGB,,3.0,
approx_diversity_in_neighborhood_q0,0.0,38.5,,10-fold cross-validation,XGB,,3.0,
approx_diversity_in_neighborhood_q25,0.0,38.5,,10-fold cross-validation,XGB,,3.0,
approx_diversity_in_neighborhood_q50,0.0,38.5,,10-fold cross-validation,XGB,,3.0,
approx_diversity_in_neighborhood_q75,0.0,38.5,,10-fold cross-validation,XGB,,3.0,
approx_diversity_in_neighborhood_q1,0.0,38.5,,10-fold cross-validation,XGB,,3.0,
approx_diversity_in_neighborhood_minmax,0.0,38.5,,10-fold cross-validation,XGB,,3.0,
bacc_test_mean,0.7977562546730042,1.0,,10-fold cross-validation,XGB,,3.0,
bacc_test_q0,0.0,38.5,,10-fold cross-validation,XGB,,3.0,
bacc_test_q25,0.0,38.5,,10-fold cross-validation,XGB,,3.0,
bacc_test_q50,0.0,38.5,,10-fold cross-validation,XGB,,3.0,
bacc_test_q75,0.0,38.5,,10-fold cross-validation,XGB,,3.0,
bacc_test_q1,0.0,38.5,,10-fold cross-validation,XGB,,3.0,
bacc_test_minmax,0.0,38.5,,10-fold cross-validation,XGB,,3.0,
n_test,0.0,38.5,,10-fold cross-validation,XGB,,4.0,
n_classes,0.0,38.5,,10-fold cross-validation,XGB,,4.0,
neighborhood_size_mean,0.039957694709300995,3.0,,10-fold cross-validation,XGB,,4.0,
neighborhood_size_q0,0.0,38.5,,10-fold cross-validation,XGB,,4.0,
neighborhood_size_q25,0.0,38.5,,10-fold cross-validation,XGB,,4.0,
neighborhood_size_q50,0.0,38.5,,10-fold cross-validation,XGB,,4.0,
neighborhood_size_q75,0.0,38.5,,10-fold cross-validation,XGB,,4.0,
neighborhood_size_q1,0.0,38.5,,10-fold cross-validation,XGB,,4.0,
neighborhood_size_minmax,0.0,38.5,,10-fold cross-validation,XGB,,4.0,
uncertainty_mean,0.05491700395941734,2.0,,10-fold cross-validation,XGB,,4.0,
uncertainty_q0,0.0034224926494061947,8.0,,10-fold cross-validation,XGB,,4.0,
uncertainty_q25,0.0,38.5,,10-fold cross-validation,XGB,,4.0,
uncertainty_q50,0.012348796240985394,5.0,,10-fold cross-validation,XGB,,4.0,
uncertainty_q75,0.0,38.5,,10-fold cross-validation,XGB,,4.0,
uncertainty_q1,0.003502558683976531,7.0,,10-fold cross-validation,XGB,,4.0,
uncertainty_minmax,0.0,38.5,,10-fold cross-validation,XGB,,4.0,
target_approx_consistency_in_neighborhood_mean,0.006050824653357267,6.0,,10-fold cross-validation,XGB,,4.0,
target_approx_consistency_in_neighborhood_q0,0.0,38.5,,10-fold cross-validation,XGB,,4.0,
target_approx_consistency_in_neighborhood_q25,0.0,38.5,,10-fold cross-validation,XGB,,4.0,
target_approx_consistency_in_neighborhood_q50,0.00312652881257236,9.0,,10-fold cross-validation,XGB,,4.0,
target_approx_consistency_in_neighborhood_q75,0.0,38.5,,10-fold cross-validation,XGB,,4.0,
target_approx_consistency_in_neighborhood_q1,0.0,38.5,,10-fold cross-validation,XGB,,4.0,
target_approx_consistency_in_neighborhood_minmax,0.0,38.5,,10-fold cross-validation,XGB,,4.0,
pred_targets_consistency_in_neighborhood_mean,0.020349372178316116,4.0,,10-fold cross-validation,XGB,,4.0,
pred_targets_consistency_in_neighborhood_q0,0.0,38.5,,10-fold cross-validation,XGB,,4.0,
pred_targets_consistency_in_neighborhood_q25,0.0,38.5,,10-fold cross-validation,XGB,,4.0,
pred_targets_consistency_in_neighborhood_q50,0.0,38.5,,10-fold cross-validation,XGB,,4.0,
pred_targets_consistency_in_neighborhood_q75,0.003006327897310257,10.0,,10-fold cross-validation,XGB,,4.0,
pred_targets_consistency_in_neighborhood_q1,0.0,38.5,,10-fold cross-validation,XGB,,4.0,
pred_targets_consistency_in_neighborhood_minmax,0.0,38.5,,10-fold cross-validation,XGB,,4.0,
target_targets_consistency_in_neighborhood_mean,0.0,38.5,,10-fold cross-validation,XGB,,4.0,
target_targets_consistency_in_neighborhood_q0,0.0,38.5,,10-fold cross-validation,XGB,,4.0,
target_targets_consistency_in_neighborhood_q25,0.0,38.5,,10-fold cross-validation,XGB,,4.0,
target_targets_consistency_in_neighborhood_q50,0.0,38.5,,10-fold cross-validation,XGB,,4.0,
target_targets_consistency_in_neighborhood_q75,0.0,38.5,,10-fold cross-validation,XGB,,4.0,
target_targets_consistency_in_neighborhood_q1,0.0,38.5,,10-fold cross-validation,XGB,,4.0,
target_targets_consistency_in_neighborhood_minmax,0.0,38.5,,10-fold cross-validation,XGB,,4.0,
targets_and_approxs_consistency_in_neighborhood_mean,0.0,38.5,,10-fold cross-validation,XGB,,4.0,
targets_and_approxs_consistency_in_neighborhood_q0,0.0,38.5,,10-fold cross-validation,XGB,,4.0,
targets_and_approxs_consistency_in_neighborhood_q25,0.0,38.5,,10-fold cross-validation,XGB,,4.0,
targets_and_approxs_consistency_in_neighborhood_q50,0.0,38.5,,10-fold cross-validation,XGB,,4.0,
targets_and_approxs_consistency_in_neighborhood_q75,0.0,38.5,,10-fold cross-validation,XGB,,4.0,
targets_and_approxs_consistency_in_neighborhood_q1,0.0,38.5,,10-fold cross-validation,XGB,,4.0,
targets_and_approxs_consistency_in_neighborhood_minmax,0.0,38.5,,10-fold cross-validation,XGB,,4.0,
target_diversity_in_neighborhood_mean,0.0018770835595205426,11.0,,10-fold cross-validation,XGB,,4.0,
target_diversity_in_neighborhood_q0,0.0,38.5,,10-fold cross-validation,XGB,,4.0,
target_diversity_in_neighborhood_q25,0.0,38.5,,10-fold cross-validation,XGB,,4.0,
target_diversity_in_neighborhood_q50,0.0,38.5,,10-fold cross-validation,XGB,,4.0,
target_diversity_in_neighborhood_q75,0.0,38.5,,10-fold cross-validation,XGB,,4.0,
target_diversity_in_neighborhood_q1,0.0,38.5,,10-fold cross-validation,XGB,,4.0,
target_diversity_in_neighborhood_minmax,0.0,38.5,,10-fold cross-validation,XGB,,4.0,
approx_diversity_in_neighborhood_mean,0.0,38.5,,10-fold cross-validation,XGB,,4.0,
approx_diversity_in_neighborhood_q0,0.0,38.5,,10-fold cross-validation,XGB,,4.0,
approx_diversity_in_neighborhood_q25,0.0,38.5,,10-fold cross-validation,XGB,,4.0,
approx_diversity_in_neighborhood_q50,0.0,38.5,,10-fold cross-validation,XGB,,4.0,
approx_diversity_in_neighborhood_q75,0.0,38.5,,10-fold cross-validation,XGB,,4.0,
approx_diversity_in_neighborhood_q1,0.0,38.5,,10-fold cross-validation,XGB,,4.0,
approx_diversity_in_neighborhood_minmax,0.0,38.5,,10-fold cross-validation,XGB,,4.0,
bacc_test_mean,0.8514413237571716,1.0,,10-fold cross-validation,XGB,,4.0,
bacc_test_q0,0.0,38.5,,10-fold cross-validation,XGB,,4.0,
bacc_test_q25,0.0,38.5,,10-fold cross-validation,XGB,,4.0,
bacc_test_q50,0.0,38.5,,10-fold cross-validation,XGB,,4.0,
bacc_test_q75,0.0,38.5,,10-fold cross-validation,XGB,,4.0,
bacc_test_q1,0.0,38.5,,10-fold cross-validation,XGB,,4.0,
bacc_test_minmax,0.0,38.5,,10-fold cross-validation,XGB,,4.0,
n_test,0.0,37.0,,10-fold cross-validation,XGB,,5.0,
n_classes,0.0,37.0,,10-fold cross-validation,XGB,,5.0,
neighborhood_size_mean,0.0,37.0,,10-fold cross-validation,XGB,,5.0,
neighborhood_size_q0,0.0,37.0,,10-fold cross-validation,XGB,,5.0,
neighborhood_size_q25,0.0,37.0,,10-fold cross-validation,XGB,,5.0,
neighborhood_size_q50,0.0792425125837326,3.0,,10-fold cross-validation,XGB,,5.0,
neighborhood_size_q75,0.0,37.0,,10-fold cross-validation,XGB,,5.0,
neighborhood_size_q1,0.0,37.0,,10-fold cross-validation,XGB,,5.0,
neighborhood_size_minmax,0.0,37.0,,10-fold cross-validation,XGB,,5.0,
uncertainty_mean,0.0,37.0,,10-fold cross-validation,XGB,,5.0,
uncertainty_q0,0.0,37.0,,10-fold cross-validation,XGB,,5.0,
uncertainty_q25,0.0,37.0,,10-fold cross-validation,XGB,,5.0,
uncertainty_q50,0.0,37.0,,10-fold cross-validation,XGB,,5.0,
uncertainty_q75,0.028220288455486298,4.0,,10-fold cross-validation,XGB,,5.0,
uncertainty_q1,0.003660782240331173,8.0,,10-fold cross-validation,XGB,,5.0,
uncertainty_minmax,0.01436314545571804,7.0,,10-fold cross-validation,XGB,,5.0,
target_approx_consistency_in_neighborhood_mean,0.014614703133702278,6.0,,10-fold cross-validation,XGB,,5.0,
target_approx_consistency_in_neighborhood_q0,0.0,37.0,,10-fold cross-validation,XGB,,5.0,
target_approx_consistency_in_neighborhood_q25,0.0,37.0,,10-fold cross-validation,XGB,,5.0,
target_approx_consistency_in_neighborhood_q50,0.0,37.0,,10-fold cross-validation,XGB,,5.0,
target_approx_consistency_in_neighborhood_q75,0.0,37.0,,10-fold cross-validation,XGB,,5.0,
target_approx_consistency_in_neighborhood_q1,0.0,37.0,,10-fold cross-validation,XGB,,5.0,
target_approx_consistency_in_neighborhood_minmax,0.0,37.0,,10-fold cross-validation,XGB,,5.0,
pred_targets_consistency_in_neighborhood_mean,0.0,37.0,,10-fold cross-validation,XGB,,5.0,
pred_targets_consistency_in_neighborhood_q0,0.0,37.0,,10-fold cross-validation,XGB,,5.0,
pred_targets_consistency_in_neighborhood_q25,0.0,37.0,,10-fold cross-validation,XGB,,5.0,
pred_targets_consistency_in_neighborhood_q50,0.0,37.0,,10-fold cross-validation,XGB,,5.0,
pred_targets_consistency_in_neighborhood_q75,0.0,37.0,,10-fold cross-validation,XGB,,5.0,
pred_targets_consistency_in_neighborhood_q1,0.0,37.0,,10-fold cross-validation,XGB,,5.0,
pred_targets_consistency_in_neighborhood_minmax,0.0,37.0,,10-fold cross-validation,XGB,,5.0,
target_targets_consistency_in_neighborhood_mean,0.0,37.0,,10-fold cross-validation,XGB,,5.0,
target_targets_consistency_in_neighborhood_q0,0.1652451753616333,2.0,,10-fold cross-validation,XGB,,5.0,
target_targets_consistency_in_neighborhood_q25,0.0,37.0,,10-fold cross-validation,XGB,,5.0,
target_targets_consistency_in_neighborhood_q50,0.0,37.0,,10-fold cross-validation,XGB,,5.0,
target_targets_consistency_in_neighborhood_q75,0.0,37.0,,10-fold cross-validation,XGB,,5.0,
target_targets_consistency_in_neighborhood_q1,0.0,37.0,,10-fold cross-validation,XGB,,5.0,
target_targets_consistency_in_neighborhood_minmax,0.0,37.0,,10-fold cross-validation,XGB,,5.0,
targets_and_approxs_consistency_in_neighborhood_mean,0.0,37.0,,10-fold cross-validation,XGB,,5.0,
targets_and_approxs_consistency_in_neighborhood_q0,0.024633675813674927,5.0,,10-fold cross-validation,XGB,,5.0,
targets_and_approxs_consistency_in_neighborhood_q25,0.0,37.0,,10-fold cross-validation,XGB,,5.0,
targets_and_approxs_consistency_in_neighborhood_q50,0.0,37.0,,10-fold cross-validation,XGB,,5.0,
targets_and_approxs_consistency_in_neighborhood_q75,0.0,37.0,,10-fold cross-validation,XGB,,5.0,
targets_and_approxs_consistency_in_neighborhood_q1,0.0,37.0,,10-fold cross-validation,XGB,,5.0,
targets_and_approxs_consistency_in_neighborhood_minmax,0.0,37.0,,10-fold cross-validation,XGB,,5.0,
target_diversity_in_neighborhood_mean,0.0,37.0,,10-fold cross-validation,XGB,,5.0,
target_diversity_in_neighborhood_q0,0.0,37.0,,10-fold cross-validation,XGB,,5.0,
target_diversity_in_neighborhood_q25,0.0,37.0,,10-fold cross-validation,XGB,,5.0,
target_diversity_in_neighborhood_q50,0.0,37.0,,10-fold cross-validation,XGB,,5.0,
target_diversity_in_neighborhood_q75,0.0,37.0,,10-fold cross-validation,XGB,,5.0,
target_diversity_in_neighborhood_q1,0.0,37.0,,10-fold cross-validation,XGB,,5.0,
target_diversity_in_neighborhood_minmax,0.0,37.0,,10-fold cross-validation,XGB,,5.0,
approx_diversity_in_neighborhood_mean,0.0,37.0,,10-fold cross-validation,XGB,,5.0,
approx_diversity_in_neighborhood_q0,0.0,37.0,,10-fold cross-validation,XGB,,5.0,
approx_diversity_in_neighborhood_q25,0.0,37.0,,10-fold cross-validation,XGB,,5.0,
approx_diversity_in_neighborhood_q50,0.0,37.0,,10-fold cross-validation,XGB,,5.0,
approx_diversity_in_neighborhood_q75,0.0,37.0,,10-fold cross-validation,XGB,,5.0,
approx_diversity_in_neighborhood_q1,0.0,37.0,,10-fold cross-validation,XGB,,5.0,
approx_diversity_in_neighborhood_minmax,0.0,37.0,,10-fold cross-validation,XGB,,5.0,
bacc_test_mean,0.6700196862220764,1.0,,10-fold cross-validation,XGB,,5.0,
bacc_test_q0,0.0,37.0,,10-fold cross-validation,XGB,,5.0,
bacc_test_q25,0.0,37.0,,10-fold cross-validation,XGB,,5.0,
bacc_test_q50,0.0,37.0,,10-fold cross-validation,XGB,,5.0,
bacc_test_q75,0.0,37.0,,10-fold cross-validation,XGB,,5.0,
bacc_test_q1,0.0,37.0,,10-fold cross-validation,XGB,,5.0,
bacc_test_minmax,0.0,37.0,,10-fold cross-validation,XGB,,5.0,
n_test,0.007964463904500008,10.0,,10-fold cross-validation,XGB,,6.0,
n_classes,0.0,39.5,,10-fold cross-validation,XGB,,6.0,
neighborhood_size_mean,0.0307144895195961,2.0,,10-fold cross-validation,XGB,,6.0,
neighborhood_size_q0,0.0,39.5,,10-fold cross-validation,XGB,,6.0,
neighborhood_size_q25,0.0,39.5,,10-fold cross-validation,XGB,,6.0,
neighborhood_size_q50,0.006120487581938505,12.0,,10-fold cross-validation,XGB,,6.0,
neighborhood_size_q75,0.0,39.5,,10-fold cross-validation,XGB,,6.0,
neighborhood_size_q1,0.0,39.5,,10-fold cross-validation,XGB,,6.0,
neighborhood_size_minmax,0.0,39.5,,10-fold cross-validation,XGB,,6.0,
uncertainty_mean,0.02952515333890915,3.0,,10-fold cross-validation,XGB,,6.0,
uncertainty_q0,0.0076832035556435585,11.0,,10-fold cross-validation,XGB,,6.0,
uncertainty_q25,0.012791112065315247,8.0,,10-fold cross-validation,XGB,,6.0,
uncertainty_q50,0.0,39.5,,10-fold cross-validation,XGB,,6.0,
uncertainty_q75,0.0,39.5,,10-fold cross-validation,XGB,,6.0,
uncertainty_q1,0.0,39.5,,10-fold cross-validation,XGB,,6.0,
uncertainty_minmax,0.015024813823401928,6.0,,10-fold cross-validation,XGB,,6.0,
target_approx_consistency_in_neighborhood_mean,0.02855163812637329,4.0,,10-fold cross-validation,XGB,,6.0,
target_approx_consistency_in_neighborhood_q0,0.0,39.5,,10-fold cross-validation,XGB,,6.0,
target_approx_consistency_in_neighborhood_q25,0.0,39.5,,10-fold cross-validation,XGB,,6.0,
target_approx_consistency_in_neighborhood_q50,0.0,39.5,,10-fold cross-validation,XGB,,6.0,
target_approx_consistency_in_neighborhood_q75,0.0,39.5,,10-fold cross-validation,XGB,,6.0,
target_approx_consistency_in_neighborhood_q1,0.0,39.5,,10-fold cross-validation,XGB,,6.0,
target_approx_consistency_in_neighborhood_minmax,0.0,39.5,,10-fold cross-validation,XGB,,6.0,
pred_targets_consistency_in_neighborhood_mean,0.014156442135572433,7.0,,10-fold cross-validation,XGB,,6.0,
pred_targets_consistency_in_neighborhood_q0,0.0,39.5,,10-fold cross-validation,XGB,,6.0,
pred_targets_consistency_in_neighborhood_q25,0.0,39.5,,10-fold cross-validation,XGB,,6.0,
pred_targets_consistency_in_neighborhood_q50,0.0,39.5,,10-fold cross-validation,XGB,,6.0,
pred_targets_consistency_in_neighborhood_q75,0.0,39.5,,10-fold cross-validation,XGB,,6.0,
pred_targets_consistency_in_neighborhood_q1,0.0,39.5,,10-fold cross-validation,XGB,,6.0,
pred_targets_consistency_in_neighborhood_minmax,0.0,39.5,,10-fold cross-validation,XGB,,6.0,
target_targets_consistency_in_neighborhood_mean,0.0233299657702446,5.0,,10-fold cross-validation,XGB,,6.0,
target_targets_consistency_in_neighborhood_q0,0.0,39.5,,10-fold cross-validation,XGB,,6.0,
target_targets_consistency_in_neighborhood_q25,0.0,39.5,,10-fold cross-validation,XGB,,6.0,
target_targets_consistency_in_neighborhood_q50,0.0,39.5,,10-fold cross-validation,XGB,,6.0,
target_targets_consistency_in_neighborhood_q75,0.0,39.5,,10-fold cross-validation,XGB,,6.0,
target_targets_consistency_in_neighborhood_q1,0.0,39.5,,10-fold cross-validation,XGB,,6.0,
target_targets_consistency_in_neighborhood_minmax,0.0,39.5,,10-fold cross-validation,XGB,,6.0,
targets_and_approxs_consistency_in_neighborhood_mean,0.0,39.5,,10-fold cross-validation,XGB,,6.0,
targets_and_approxs_consistency_in_neighborhood_q0,0.0,39.5,,10-fold cross-validation,XGB,,6.0,
targets_and_approxs_consistency_in_neighborhood_q25,0.011809539049863815,9.0,,10-fold cross-validation,XGB,,6.0,
targets_and_approxs_consistency_in_neighborhood_q50,0.0,39.5,,10-fold cross-validation,XGB,,6.0,
targets_and_approxs_consistency_in_neighborhood_q75,0.0,39.5,,10-fold cross-validation,XGB,,6.0,
targets_and_approxs_consistency_in_neighborhood_q1,0.0,39.5,,10-fold cross-validation,XGB,,6.0,
targets_and_approxs_consistency_in_neighborhood_minmax,0.0,39.5,,10-fold cross-validation,XGB,,6.0,
target_diversity_in_neighborhood_mean,0.0,39.5,,10-fold cross-validation,XGB,,6.0,
target_diversity_in_neighborhood_q0,0.0,39.5,,10-fold cross-validation,XGB,,6.0,
target_diversity_in_neighborhood_q25,0.0,39.5,,10-fold cross-validation,XGB,,6.0,
target_diversity_in_neighborhood_q50,0.0,39.5,,10-fold cross-validation,XGB,,6.0,
target_diversity_in_neighborhood_q75,0.0,39.5,,10-fold cross-validation,XGB,,6.0,
target_diversity_in_neighborhood_q1,0.0,39.5,,10-fold cross-validation,XGB,,6.0,
target_diversity_in_neighborhood_minmax,0.0,39.5,,10-fold cross-validation,XGB,,6.0,
approx_diversity_in_neighborhood_mean,0.0,39.5,,10-fold cross-validation,XGB,,6.0,
approx_diversity_in_neighborhood_q0,0.0,39.5,,10-fold cross-validation,XGB,,6.0,
approx_diversity_in_neighborhood_q25,0.0,39.5,,10-fold cross-validation,XGB,,6.0,
approx_diversity_in_neighborhood_q50,0.0,39.5,,10-fold cross-validation,XGB,,6.0,
approx_diversity_in_neighborhood_q75,0.004603500943630934,13.0,,10-fold cross-validation,XGB,,6.0,
approx_diversity_in_neighborhood_q1,0.0,39.5,,10-fold cross-validation,XGB,,6.0,
approx_diversity_in_neighborhood_minmax,0.0,39.5,,10-fold cross-validation,XGB,,6.0,
bacc_test_mean,0.807725191116333,1.0,,10-fold cross-validation,XGB,,6.0,
bacc_test_q0,0.0,39.5,,10-fold cross-validation,XGB,,6.0,
bacc_test_q25,0.0,39.5,,10-fold cross-validation,XGB,,6.0,
bacc_test_q50,0.0,39.5,,10-fold cross-validation,XGB,,6.0,
bacc_test_q75,0.0,39.5,,10-fold cross-validation,XGB,,6.0,
bacc_test_q1,0.0,39.5,,10-fold cross-validation,XGB,,6.0,
bacc_test_minmax,0.0,39.5,,10-fold cross-validation,XGB,,6.0,
n_test,0.0,40.5,,10-fold cross-validation,XGB,,7.0,
n_classes,0.0,40.5,,10-fold cross-validation,XGB,,7.0,
neighborhood_size_mean,0.0,40.5,,10-fold cross-validation,XGB,,7.0,
neighborhood_size_q0,0.0,40.5,,10-fold cross-validation,XGB,,7.0,
neighborhood_size_q25,0.0,40.5,,10-fold cross-validation,XGB,,7.0,
neighborhood_size_q50,0.01623937301337719,8.0,,10-fold cross-validation,XGB,,7.0,
neighborhood_size_q75,0.0,40.5,,10-fold cross-validation,XGB,,7.0,
neighborhood_size_q1,0.0,40.5,,10-fold cross-validation,XGB,,7.0,
neighborhood_size_minmax,0.0,40.5,,10-fold cross-validation,XGB,,7.0,
uncertainty_mean,0.018170887604355812,7.0,,10-fold cross-validation,XGB,,7.0,
uncertainty_q0,0.02336275205016136,4.0,,10-fold cross-validation,XGB,,7.0,
uncertainty_q25,0.018588943406939507,6.0,,10-fold cross-validation,XGB,,7.0,
uncertainty_q50,0.003048897720873356,13.0,,10-fold cross-validation,XGB,,7.0,
uncertainty_q75,0.0,40.5,,10-fold cross-validation,XGB,,7.0,
uncertainty_q1,0.0029603736475110054,14.0,,10-fold cross-validation,XGB,,7.0,
uncertainty_minmax,0.015237164683640003,9.0,,10-fold cross-validation,XGB,,7.0,
target_approx_consistency_in_neighborhood_mean,0.03727711737155914,3.0,,10-fold cross-validation,XGB,,7.0,
target_approx_consistency_in_neighborhood_q0,0.0,40.5,,10-fold cross-validation,XGB,,7.0,
target_approx_consistency_in_neighborhood_q25,0.0,40.5,,10-fold cross-validation,XGB,,7.0,
target_approx_consistency_in_neighborhood_q50,0.0,40.5,,10-fold cross-validation,XGB,,7.0,
target_approx_consistency_in_neighborhood_q75,0.0,40.5,,10-fold cross-validation,XGB,,7.0,
target_approx_consistency_in_neighborhood_q1,0.0,40.5,,10-fold cross-validation,XGB,,7.0,
target_approx_consistency_in_neighborhood_minmax,0.0,40.5,,10-fold cross-validation,XGB,,7.0,
pred_targets_consistency_in_neighborhood_mean,0.00509814266115427,11.0,,10-fold cross-validation,XGB,,7.0,
pred_targets_consistency_in_neighborhood_q0,0.0,40.5,,10-fold cross-validation,XGB,,7.0,
pred_targets_consistency_in_neighborhood_q25,0.0,40.5,,10-fold cross-validation,XGB,,7.0,
pred_targets_consistency_in_neighborhood_q50,0.0,40.5,,10-fold cross-validation,XGB,,7.0,
pred_targets_consistency_in_neighborhood_q75,0.0,40.5,,10-fold cross-validation,XGB,,7.0,
pred_targets_consistency_in_neighborhood_q1,0.0,40.5,,10-fold cross-validation,XGB,,7.0,
pred_targets_consistency_in_neighborhood_minmax,0.0,40.5,,10-fold cross-validation,XGB,,7.0,
target_targets_consistency_in_neighborhood_mean,0.022968575358390808,5.0,,10-fold cross-validation,XGB,,7.0,
target_targets_consistency_in_neighborhood_q0,0.14299218356609344,2.0,,10-fold cross-validation,XGB,,7.0,
target_targets_consistency_in_neighborhood_q25,0.0018766747089102864,15.0,,10-fold cross-validation,XGB,,7.0,
target_targets_consistency_in_neighborhood_q50,0.0,40.5,,10-fold cross-validation,XGB,,7.0,
target_targets_consistency_in_neighborhood_q75,0.0,40.5,,10-fold cross-validation,XGB,,7.0,
target_targets_consistency_in_neighborhood_q1,0.0,40.5,,10-fold cross-validation,XGB,,7.0,
target_targets_consistency_in_neighborhood_minmax,0.0,40.5,,10-fold cross-validation,XGB,,7.0,
targets_and_approxs_consistency_in_neighborhood_mean,0.0,40.5,,10-fold cross-validation,XGB,,7.0,
targets_and_approxs_consistency_in_neighborhood_q0,0.0,40.5,,10-fold cross-validation,XGB,,7.0,
targets_and_approxs_consistency_in_neighborhood_q25,0.011834637261927128,10.0,,10-fold cross-validation,XGB,,7.0,
targets_and_approxs_consistency_in_neighborhood_q50,0.0,40.5,,10-fold cross-validation,XGB,,7.0,
targets_and_approxs_consistency_in_neighborhood_q75,0.0,40.5,,10-fold cross-validation,XGB,,7.0,
targets_and_approxs_consistency_in_neighborhood_q1,0.0,40.5,,10-fold cross-validation,XGB,,7.0,
targets_and_approxs_consistency_in_neighborhood_minmax,0.0,40.5,,10-fold cross-validation,XGB,,7.0,
target_diversity_in_neighborhood_mean,0.0,40.5,,10-fold cross-validation,XGB,,7.0,
target_diversity_in_neighborhood_q0,0.0,40.5,,10-fold cross-validation,XGB,,7.0,
target_diversity_in_neighborhood_q25,0.0,40.5,,10-fold cross-validation,XGB,,7.0,
target_diversity_in_neighborhood_q50,0.0,40.5,,10-fold cross-validation,XGB,,7.0,
target_diversity_in_neighborhood_q75,0.0,40.5,,10-fold cross-validation,XGB,,7.0,
target_diversity_in_neighborhood_q1,0.0,40.5,,10-fold cross-validation,XGB,,7.0,
target_diversity_in_neighborhood_minmax,0.0,40.5,,10-fold cross-validation,XGB,,7.0,
approx_diversity_in_neighborhood_mean,0.0,40.5,,10-fold cross-validation,XGB,,7.0,
approx_diversity_in_neighborhood_q0,0.0,40.5,,10-fold cross-validation,XGB,,7.0,
approx_diversity_in_neighborhood_q25,0.0,40.5,,10-fold cross-validation,XGB,,7.0,
approx_diversity_in_neighborhood_q50,0.0,40.5,,10-fold cross-validation,XGB,,7.0,
approx_diversity_in_neighborhood_q75,0.003474640427157283,12.0,,10-fold cross-validation,XGB,,7.0,
approx_diversity_in_neighborhood_q1,0.0,40.5,,10-fold cross-validation,XGB,,7.0,
approx_diversity_in_neighborhood_minmax,0.0,40.5,,10-fold cross-validation,XGB,,7.0,
bacc_test_mean,0.6768696904182434,1.0,,10-fold cross-validation,XGB,,7.0,
bacc_test_q0,0.0,40.5,,10-fold cross-validation,XGB,,7.0,
bacc_test_q25,0.0,40.5,,10-fold cross-validation,XGB,,7.0,
bacc_test_q50,0.0,40.5,,10-fold cross-validation,XGB,,7.0,
bacc_test_q75,0.0,40.5,,10-fold cross-validation,XGB,,7.0,
bacc_test_q1,0.0,40.5,,10-fold cross-validation,XGB,,7.0,
bacc_test_minmax,0.0,40.5,,10-fold cross-validation,XGB,,7.0,
n_test,0.0,33.5,,10-fold cross-validation,XGB,,8.0,
n_classes,0.0,33.5,,10-fold cross-validation,XGB,,8.0,
neighborhood_size_mean,0.0,33.5,,10-fold cross-validation,XGB,,8.0,
neighborhood_size_q0,0.0,33.5,,10-fold cross-validation,XGB,,8.0,
neighborhood_size_q25,0.0,33.5,,10-fold cross-validation,XGB,,8.0,
neighborhood_size_q50,0.0,33.5,,10-fold cross-validation,XGB,,8.0,
neighborhood_size_q75,0.0,33.5,,10-fold cross-validation,XGB,,8.0,
neighborhood_size_q1,0.0,33.5,,10-fold cross-validation,XGB,,8.0,
neighborhood_size_minmax,0.0,33.5,,10-fold cross-validation,XGB,,8.0,
uncertainty_mean,0.0,33.5,,10-fold cross-validation,XGB,,8.0,
uncertainty_q0,0.0,33.5,,10-fold cross-validation,XGB,,8.0,
uncertainty_q25,0.0,33.5,,10-fold cross-validation,XGB,,8.0,
uncertainty_q50,0.0,33.5,,10-fold cross-validation,XGB,,8.0,
uncertainty_q75,0.0,33.5,,10-fold cross-validation,XGB,,8.0,
uncertainty_q1,0.0,33.5,,10-fold cross-validation,XGB,,8.0,
uncertainty_minmax,0.0,33.5,,10-fold cross-validation,XGB,,8.0,
target_approx_consistency_in_neighborhood_mean,0.0,33.5,,10-fold cross-validation,XGB,,8.0,
target_approx_consistency_in_neighborhood_q0,0.0,33.5,,10-fold cross-validation,XGB,,8.0,
target_approx_consistency_in_neighborhood_q25,0.0,33.5,,10-fold cross-validation,XGB,,8.0,
target_approx_consistency_in_neighborhood_q50,0.0,33.5,,10-fold cross-validation,XGB,,8.0,
target_approx_consistency_in_neighborhood_q75,0.0,33.5,,10-fold cross-validation,XGB,,8.0,
target_approx_consistency_in_neighborhood_q1,0.0,33.5,,10-fold cross-validation,XGB,,8.0,
target_approx_consistency_in_neighborhood_minmax,0.0,33.5,,10-fold cross-validation,XGB,,8.0,
pred_targets_consistency_in_neighborhood_mean,0.0,33.5,,10-fold cross-validation,XGB,,8.0,
pred_targets_consistency_in_neighborhood_q0,0.0,33.5,,10-fold cross-validation,XGB,,8.0,
pred_targets_consistency_in_neighborhood_q25,0.0,33.5,,10-fold cross-validation,XGB,,8.0,
pred_targets_consistency_in_neighborhood_q50,0.0,33.5,,10-fold cross-validation,XGB,,8.0,
pred_targets_consistency_in_neighborhood_q75,0.0,33.5,,10-fold cross-validation,XGB,,8.0,
pred_targets_consistency_in_neighborhood_q1,0.0,33.5,,10-fold cross-validation,XGB,,8.0,
pred_targets_consistency_in_neighborhood_minmax,0.0,33.5,,10-fold cross-validation,XGB,,8.0,
target_targets_consistency_in_neighborhood_mean,0.0,33.5,,10-fold cross-validation,XGB,,8.0,
target_targets_consistency_in_neighborhood_q0,0.0,33.5,,10-fold cross-validation,XGB,,8.0,
target_targets_consistency_in_neighborhood_q25,0.0,33.5,,10-fold cross-validation,XGB,,8.0,
target_targets_consistency_in_neighborhood_q50,0.0,33.5,,10-fold cross-validation,XGB,,8.0,
target_targets_consistency_in_neighborhood_q75,0.0,33.5,,10-fold cross-validation,XGB,,8.0,
target_targets_consistency_in_neighborhood_q1,0.0,33.5,,10-fold cross-validation,XGB,,8.0,
target_targets_consistency_in_neighborhood_minmax,0.0,33.5,,10-fold cross-validation,XGB,,8.0,
targets_and_approxs_consistency_in_neighborhood_mean,0.0,33.5,,10-fold cross-validation,XGB,,8.0,
targets_and_approxs_consistency_in_neighborhood_q0,0.0,33.5,,10-fold cross-validation,XGB,,8.0,
targets_and_approxs_consistency_in_neighborhood_q25,0.0,33.5,,10-fold cross-validation,XGB,,8.0,
targets_and_approxs_consistency_in_neighborhood_q50,0.0,33.5,,10-fold cross-validation,XGB,,8.0,
targets_and_approxs_consistency_in_neighborhood_q75,0.0,33.5,,10-fold cross-validation,XGB,,8.0,
targets_and_approxs_consistency_in_neighborhood_q1,0.0,33.5,,10-fold cross-validation,XGB,,8.0,
targets_and_approxs_consistency_in_neighborhood_minmax,0.0,33.5,,10-fold cross-validation,XGB,,8.0,
target_diversity_in_neighborhood_mean,0.0,33.5,,10-fold cross-validation,XGB,,8.0,
target_diversity_in_neighborhood_q0,0.0,33.5,,10-fold cross-validation,XGB,,8.0,
target_diversity_in_neighborhood_q25,0.0,33.5,,10-fold cross-validation,XGB,,8.0,
target_diversity_in_neighborhood_q50,0.0,33.5,,10-fold cross-validation,XGB,,8.0,
target_diversity_in_neighborhood_q75,0.0,33.5,,10-fold cross-validation,XGB,,8.0,
target_diversity_in_neighborhood_q1,0.0,33.5,,10-fold cross-validation,XGB,,8.0,
target_diversity_in_neighborhood_minmax,0.0,33.5,,10-fold cross-validation,XGB,,8.0,
approx_diversity_in_neighborhood_mean,0.0,33.5,,10-fold cross-validation,XGB,,8.0,
approx_diversity_in_neighborhood_q0,0.0,33.5,,10-fold cross-validation,XGB,,8.0,
approx_diversity_in_neighborhood_q25,0.0,33.5,,10-fold cross-validation,XGB,,8.0,
approx_diversity_in_neighborhood_q50,0.0,33.5,,10-fold cross-validation,XGB,,8.0,
approx_diversity_in_neighborhood_q75,0.0,33.5,,10-fold cross-validation,XGB,,8.0,
approx_diversity_in_neighborhood_q1,0.0,33.5,,10-fold cross-validation,XGB,,8.0,
approx_diversity_in_neighborhood_minmax,0.0,33.5,,10-fold cross-validation,XGB,,8.0,
bacc_test_mean,1.0,1.0,,10-fold cross-validation,XGB,,8.0,
bacc_test_q0,0.0,33.5,,10-fold cross-validation,XGB,,8.0,
bacc_test_q25,0.0,33.5,,10-fold cross-validation,XGB,,8.0,
bacc_test_q50,0.0,33.5,,10-fold cross-validation,XGB,,8.0,
bacc_test_q75,0.0,33.5,,10-fold cross-validation,XGB,,8.0,
bacc_test_q1,0.0,33.5,,10-fold cross-validation,XGB,,8.0,
bacc_test_minmax,0.0,33.5,,10-fold cross-validation,XGB,,8.0,
n_test,0.0,39.5,,10-fold cross-validation,XGB,,9.0,
n_classes,0.0,39.5,,10-fold cross-validation,XGB,,9.0,
neighborhood_size_mean,0.0,39.5,,10-fold cross-validation,XGB,,9.0,
neighborhood_size_q0,0.0,39.5,,10-fold cross-validation,XGB,,9.0,
neighborhood_size_q25,0.0,39.5,,10-fold cross-validation,XGB,,9.0,
neighborhood_size_q50,0.0,39.5,,10-fold cross-validation,XGB,,9.0,
neighborhood_size_q75,0.0,39.5,,10-fold cross-validation,XGB,,9.0,
neighborhood_size_q1,0.0,39.5,,10-fold cross-validation,XGB,,9.0,
neighborhood_size_minmax,0.0,39.5,,10-fold cross-validation,XGB,,9.0,
uncertainty_mean,0.017677754163742065,5.0,,10-fold cross-validation,XGB,,9.0,
uncertainty_q0,0.0,39.5,,10-fold cross-validation,XGB,,9.0,
uncertainty_q25,0.03988134488463402,2.0,,10-fold cross-validation,XGB,,9.0,
uncertainty_q50,0.007320666220039129,9.0,,10-fold cross-validation,XGB,,9.0,
uncertainty_q75,0.0,39.5,,10-fold cross-validation,XGB,,9.0,
uncertainty_q1,0.0,39.5,,10-fold cross-validation,XGB,,9.0,
uncertainty_minmax,0.013762960210442543,7.0,,10-fold cross-validation,XGB,,9.0,
target_approx_consistency_in_neighborhood_mean,0.009090726263821125,8.0,,10-fold cross-validation,XGB,,9.0,
target_approx_consistency_in_neighborhood_q0,0.0,39.5,,10-fold cross-validation,XGB,,9.0,
target_approx_consistency_in_neighborhood_q25,0.0,39.5,,10-fold cross-validation,XGB,,9.0,
target_approx_consistency_in_neighborhood_q50,0.0019372267415747046,13.0,,10-fold cross-validation,XGB,,9.0,
target_approx_consistency_in_neighborhood_q75,0.0,39.5,,10-fold cross-validation,XGB,,9.0,
target_approx_consistency_in_neighborhood_q1,0.0,39.5,,10-fold cross-validation,XGB,,9.0,
target_approx_consistency_in_neighborhood_minmax,0.0,39.5,,10-fold cross-validation,XGB,,9.0,
pred_targets_consistency_in_neighborhood_mean,0.023379581049084663,4.0,,10-fold cross-validation,XGB,,9.0,
pred_targets_consistency_in_neighborhood_q0,0.0,39.5,,10-fold cross-validation,XGB,,9.0,
pred_targets_consistency_in_neighborhood_q25,0.0,39.5,,10-fold cross-validation,XGB,,9.0,
pred_targets_consistency_in_neighborhood_q50,0.0,39.5,,10-fold cross-validation,XGB,,9.0,
pred_targets_consistency_in_neighborhood_q75,0.0021052099764347076,12.0,,10-fold cross-validation,XGB,,9.0,
pred_targets_consistency_in_neighborhood_q1,0.0,39.5,,10-fold cross-validation,XGB,,9.0,
pred_targets_consistency_in_neighborhood_minmax,0.0,39.5,,10-fold cross-validation,XGB,,9.0,
target_targets_consistency_in_neighborhood_mean,0.03289393335580826,3.0,,10-fold cross-validation,XGB,,9.0,
target_targets_consistency_in_neighborhood_q0,0.0,39.5,,10-fold cross-validation,XGB,,9.0,
target_targets_consistency_in_neighborhood_q25,0.004552418366074562,10.0,,10-fold cross-validation,XGB,,9.0,
target_targets_consistency_in_neighborhood_q50,0.0,39.5,,10-fold cross-validation,XGB,,9.0,
target_targets_consistency_in_neighborhood_q75,0.0,39.5,,10-fold cross-validation,XGB,,9.0,
target_targets_consistency_in_neighborhood_q1,0.0,39.5,,10-fold cross-validation,XGB,,9.0,
target_targets_consistency_in_neighborhood_minmax,0.0,39.5,,10-fold cross-validation,XGB,,9.0,
targets_and_approxs_consistency_in_neighborhood_mean,0.0,39.5,,10-fold cross-validation,XGB,,9.0,
targets_and_approxs_consistency_in_neighborhood_q0,0.0,39.5,,10-fold cross-validation,XGB,,9.0,
targets_and_approxs_consistency_in_neighborhood_q25,0.015517977997660637,6.0,,10-fold cross-validation,XGB,,9.0,
targets_and_approxs_consistency_in_neighborhood_q50,0.0,39.5,,10-fold cross-validation,XGB,,9.0,
targets_and_approxs_consistency_in_neighborhood_q75,0.0,39.5,,10-fold cross-validation,XGB,,9.0,
targets_and_approxs_consistency_in_neighborhood_q1,0.0,39.5,,10-fold cross-validation,XGB,,9.0,
targets_and_approxs_consistency_in_neighborhood_minmax,0.0,39.5,,10-fold cross-validation,XGB,,9.0,
target_diversity_in_neighborhood_mean,0.0,39.5,,10-fold cross-validation,XGB,,9.0,
target_diversity_in_neighborhood_q0,0.0,39.5,,10-fold cross-validation,XGB,,9.0,
target_diversity_in_neighborhood_q25,0.0,39.5,,10-fold cross-validation,XGB,,9.0,
target_diversity_in_neighborhood_q50,0.0,39.5,,10-fold cross-validation,XGB,,9.0,
target_diversity_in_neighborhood_q75,0.0,39.5,,10-fold cross-validation,XGB,,9.0,
target_diversity_in_neighborhood_q1,0.0,39.5,,10-fold cross-validation,XGB,,9.0,
target_diversity_in_neighborhood_minmax,0.0,39.5,,10-fold cross-validation,XGB,,9.0,
approx_diversity_in_neighborhood_mean,0.0,39.5,,10-fold cross-validation,XGB,,9.0,
approx_diversity_in_neighborhood_q0,0.0,39.5,,10-fold cross-validation,XGB,,9.0,
approx_diversity_in_neighborhood_q25,0.0,39.5,,10-fold cross-validation,XGB,,9.0,
approx_diversity_in_neighborhood_q50,0.003408445045351982,11.0,,10-fold cross-validation,XGB,,9.0,
approx_diversity_in_neighborhood_q75,0.0,39.5,,10-fold cross-validation,XGB,,9.0,
approx_diversity_in_neighborhood_q1,0.0,39.5,,10-fold cross-validation,XGB,,9.0,
approx_diversity_in_neighborhood_minmax,0.0,39.5,,10-fold cross-validation,XGB,,9.0,
bacc_test_mean,0.8284717202186584,1.0,,10-fold cross-validation,XGB,,9.0,
bacc_test_q0,0.0,39.5,,10-fold cross-validation,XGB,,9.0,
bacc_test_q25,0.0,39.5,,10-fold cross-validation,XGB,,9.0,
bacc_test_q50,0.0,39.5,,10-fold cross-validation,XGB,,9.0,
bacc_test_q75,0.0,39.5,,10-fold cross-validation,XGB,,9.0,
bacc_test_q1,0.0,39.5,,10-fold cross-validation,XGB,,9.0,
bacc_test_minmax,0.0,39.5,,10-fold cross-validation,XGB,,9.0,
n_test,0.0,38.0,,one-attack-out,XGB,,,bim
n_classes,0.0,38.0,,one-attack-out,XGB,,,bim
neighborhood_size_mean,0.0,38.0,,one-attack-out,XGB,,,bim
neighborhood_size_q0,0.0,38.0,,one-attack-out,XGB,,,bim
neighborhood_size_q25,0.0,38.0,,one-attack-out,XGB,,,bim
neighborhood_size_q50,0.0,38.0,,one-attack-out,XGB,,,bim
neighborhood_size_q75,0.0,38.0,,one-attack-out,XGB,,,bim
neighborhood_size_q1,0.0,38.0,,one-attack-out,XGB,,,bim
neighborhood_size_minmax,0.0,38.0,,one-attack-out,XGB,,,bim
uncertainty_mean,0.0,38.0,,one-attack-out,XGB,,,bim
uncertainty_q0,0.004639579448848963,9.0,,one-attack-out,XGB,,,bim
uncertainty_q25,0.028787877410650253,2.0,,one-attack-out,XGB,,,bim
uncertainty_q50,0.007726683747023344,8.0,,one-attack-out,XGB,,,bim
uncertainty_q75,0.0,38.0,,one-attack-out,XGB,,,bim
uncertainty_q1,0.011132783256471157,7.0,,one-attack-out,XGB,,,bim
uncertainty_minmax,0.014309609308838844,5.0,,one-attack-out,XGB,,,bim
target_approx_consistency_in_neighborhood_mean,0.0,38.0,,one-attack-out,XGB,,,bim
target_approx_consistency_in_neighborhood_q0,0.0,38.0,,one-attack-out,XGB,,,bim
target_approx_consistency_in_neighborhood_q25,0.0,38.0,,one-attack-out,XGB,,,bim
target_approx_consistency_in_neighborhood_q50,0.0,38.0,,one-attack-out,XGB,,,bim
target_approx_consistency_in_neighborhood_q75,0.0,38.0,,one-attack-out,XGB,,,bim
target_approx_consistency_in_neighborhood_q1,0.0,38.0,,one-attack-out,XGB,,,bim
target_approx_consistency_in_neighborhood_minmax,0.0,38.0,,one-attack-out,XGB,,,bim
pred_targets_consistency_in_neighborhood_mean,0.011909791268408298,6.0,,one-attack-out,XGB,,,bim
pred_targets_consistency_in_neighborhood_q0,0.0,38.0,,one-attack-out,XGB,,,bim
pred_targets_consistency_in_neighborhood_q25,0.0,38.0,,one-attack-out,XGB,,,bim
pred_targets_consistency_in_neighborhood_q50,0.0,38.0,,one-attack-out,XGB,,,bim
pred_targets_consistency_in_neighborhood_q75,0.0,38.0,,one-attack-out,XGB,,,bim
pred_targets_consistency_in_neighborhood_q1,0.0,38.0,,one-attack-out,XGB,,,bim
pred_targets_consistency_in_neighborhood_minmax,0.0,38.0,,one-attack-out,XGB,,,bim
target_targets_consistency_in_neighborhood_mean,0.021457074210047722,3.0,,one-attack-out,XGB,,,bim
target_targets_consistency_in_neighborhood_q0,0.0,38.0,,one-attack-out,XGB,,,bim
target_targets_consistency_in_neighborhood_q25,0.0,38.0,,one-attack-out,XGB,,,bim
target_targets_consistency_in_neighborhood_q50,0.0,38.0,,one-attack-out,XGB,,,bim
target_targets_consistency_in_neighborhood_q75,0.0,38.0,,one-attack-out,XGB,,,bim
target_targets_consistency_in_neighborhood_q1,0.0,38.0,,one-attack-out,XGB,,,bim
target_targets_consistency_in_neighborhood_minmax,0.0,38.0,,one-attack-out,XGB,,,bim
targets_and_approxs_consistency_in_neighborhood_mean,0.0,38.0,,one-attack-out,XGB,,,bim
targets_and_approxs_consistency_in_neighborhood_q0,0.0,38.0,,one-attack-out,XGB,,,bim
targets_and_approxs_consistency_in_neighborhood_q25,0.017209868878126144,4.0,,one-attack-out,XGB,,,bim
targets_and_approxs_consistency_in_neighborhood_q50,0.0,38.0,,one-attack-out,XGB,,,bim
targets_and_approxs_consistency_in_neighborhood_q75,0.0,38.0,,one-attack-out,XGB,,,bim
targets_and_approxs_consistency_in_neighborhood_q1,0.0,38.0,,one-attack-out,XGB,,,bim
targets_and_approxs_consistency_in_neighborhood_minmax,0.0,38.0,,one-attack-out,XGB,,,bim
target_diversity_in_neighborhood_mean,0.0,38.0,,one-attack-out,XGB,,,bim
target_diversity_in_neighborhood_q0,0.0,38.0,,one-attack-out,XGB,,,bim
target_diversity_in_neighborhood_q25,0.0,38.0,,one-attack-out,XGB,,,bim
target_diversity_in_neighborhood_q50,0.0,38.0,,one-attack-out,XGB,,,bim
target_diversity_in_neighborhood_q75,0.0,38.0,,one-attack-out,XGB,,,bim
target_diversity_in_neighborhood_q1,0.0,38.0,,one-attack-out,XGB,,,bim
target_diversity_in_neighborhood_minmax,0.0,38.0,,one-attack-out,XGB,,,bim
approx_diversity_in_neighborhood_mean,0.0020360006019473076,10.0,,one-attack-out,XGB,,,bim
approx_diversity_in_neighborhood_q0,0.0,38.0,,one-attack-out,XGB,,,bim
approx_diversity_in_neighborhood_q25,0.0,38.0,,one-attack-out,XGB,,,bim
approx_diversity_in_neighborhood_q50,0.0,38.0,,one-attack-out,XGB,,,bim
approx_diversity_in_neighborhood_q75,0.0,38.0,,one-attack-out,XGB,,,bim
approx_diversity_in_neighborhood_q1,0.0,38.0,,one-attack-out,XGB,,,bim
approx_diversity_in_neighborhood_minmax,0.0,38.0,,one-attack-out,XGB,,,bim
bacc_test_mean,0.8807907104492188,1.0,,one-attack-out,XGB,,,bim
bacc_test_q0,0.0,38.0,,one-attack-out,XGB,,,bim
bacc_test_q25,0.0,38.0,,one-attack-out,XGB,,,bim
bacc_test_q50,0.0,38.0,,one-attack-out,XGB,,,bim
bacc_test_q75,0.0,38.0,,one-attack-out,XGB,,,bim
bacc_test_q1,0.0,38.0,,one-attack-out,XGB,,,bim
bacc_test_minmax,0.0,38.0,,one-attack-out,XGB,,,bim
n_test,0.0,38.5,,one-attack-out,XGB,,,fgm
n_classes,0.0,38.5,,one-attack-out,XGB,,,fgm
neighborhood_size_mean,0.0,38.5,,one-attack-out,XGB,,,fgm
neighborhood_size_q0,0.0,38.5,,one-attack-out,XGB,,,fgm
neighborhood_size_q25,0.0,38.5,,one-attack-out,XGB,,,fgm
neighborhood_size_q50,0.0,38.5,,one-attack-out,XGB,,,fgm
neighborhood_size_q75,0.0,38.5,,one-attack-out,XGB,,,fgm
neighborhood_size_q1,0.0,38.5,,one-attack-out,XGB,,,fgm
neighborhood_size_minmax,0.0,38.5,,one-attack-out,XGB,,,fgm
uncertainty_mean,0.013971139676868916,7.0,,one-attack-out,XGB,,,fgm
uncertainty_q0,0.024974897503852844,4.0,,one-attack-out,XGB,,,fgm
uncertainty_q25,0.014690157026052475,6.0,,one-attack-out,XGB,,,fgm
uncertainty_q50,0.008183547295629978,10.0,,one-attack-out,XGB,,,fgm
uncertainty_q75,0.0,38.5,,one-attack-out,XGB,,,fgm
uncertainty_q1,0.0035676294937729836,11.0,,one-attack-out,XGB,,,fgm
uncertainty_minmax,0.013298499397933483,8.0,,one-attack-out,XGB,,,fgm
target_approx_consistency_in_neighborhood_mean,0.019240539520978928,5.0,,one-attack-out,XGB,,,fgm
target_approx_consistency_in_neighborhood_q0,0.0,38.5,,one-attack-out,XGB,,,fgm
target_approx_consistency_in_neighborhood_q25,0.0,38.5,,one-attack-out,XGB,,,fgm
target_approx_consistency_in_neighborhood_q50,0.0,38.5,,one-attack-out,XGB,,,fgm
target_approx_consistency_in_neighborhood_q75,0.0,38.5,,one-attack-out,XGB,,,fgm
target_approx_consistency_in_neighborhood_q1,0.0,38.5,,one-attack-out,XGB,,,fgm
target_approx_consistency_in_neighborhood_minmax,0.0,38.5,,one-attack-out,XGB,,,fgm
pred_targets_consistency_in_neighborhood_mean,0.01158563606441021,9.0,,one-attack-out,XGB,,,fgm
pred_targets_consistency_in_neighborhood_q0,0.0,38.5,,one-attack-out,XGB,,,fgm
pred_targets_consistency_in_neighborhood_q25,0.0,38.5,,one-attack-out,XGB,,,fgm
pred_targets_consistency_in_neighborhood_q50,0.0,38.5,,one-attack-out,XGB,,,fgm
pred_targets_consistency_in_neighborhood_q75,0.0,38.5,,one-attack-out,XGB,,,fgm
pred_targets_consistency_in_neighborhood_q1,0.0,38.5,,one-attack-out,XGB,,,fgm
pred_targets_consistency_in_neighborhood_minmax,0.0,38.5,,one-attack-out,XGB,,,fgm
target_targets_consistency_in_neighborhood_mean,0.035473644733428955,3.0,,one-attack-out,XGB,,,fgm
target_targets_consistency_in_neighborhood_q0,0.12802697718143463,2.0,,one-attack-out,XGB,,,fgm
target_targets_consistency_in_neighborhood_q25,0.0,38.5,,one-attack-out,XGB,,,fgm
target_targets_consistency_in_neighborhood_q50,0.0,38.5,,one-attack-out,XGB,,,fgm
target_targets_consistency_in_neighborhood_q75,0.0,38.5,,one-attack-out,XGB,,,fgm
target_targets_consistency_in_neighborhood_q1,0.0,38.5,,one-attack-out,XGB,,,fgm
target_targets_consistency_in_neighborhood_minmax,0.0,38.5,,one-attack-out,XGB,,,fgm
targets_and_approxs_consistency_in_neighborhood_mean,0.0,38.5,,one-attack-out,XGB,,,fgm
targets_and_approxs_consistency_in_neighborhood_q0,0.0,38.5,,one-attack-out,XGB,,,fgm
targets_and_approxs_consistency_in_neighborhood_q25,0.0,38.5,,one-attack-out,XGB,,,fgm
targets_and_approxs_consistency_in_neighborhood_q50,0.0,38.5,,one-attack-out,XGB,,,fgm
targets_and_approxs_consistency_in_neighborhood_q75,0.0,38.5,,one-attack-out,XGB,,,fgm
targets_and_approxs_consistency_in_neighborhood_q1,0.0,38.5,,one-attack-out,XGB,,,fgm
targets_and_approxs_consistency_in_neighborhood_minmax,0.0,38.5,,one-attack-out,XGB,,,fgm
target_diversity_in_neighborhood_mean,0.0,38.5,,one-attack-out,XGB,,,fgm
target_diversity_in_neighborhood_q0,0.0,38.5,,one-attack-out,XGB,,,fgm
target_diversity_in_neighborhood_q25,0.0,38.5,,one-attack-out,XGB,,,fgm
target_diversity_in_neighborhood_q50,0.0,38.5,,one-attack-out,XGB,,,fgm
target_diversity_in_neighborhood_q75,0.0,38.5,,one-attack-out,XGB,,,fgm
target_diversity_in_neighborhood_q1,0.0,38.5,,one-attack-out,XGB,,,fgm
target_diversity_in_neighborhood_minmax,0.0,38.5,,one-attack-out,XGB,,,fgm
approx_diversity_in_neighborhood_mean,0.0,38.5,,one-attack-out,XGB,,,fgm
approx_diversity_in_neighborhood_q0,0.0,38.5,,one-attack-out,XGB,,,fgm
approx_diversity_in_neighborhood_q25,0.0,38.5,,one-attack-out,XGB,,,fgm
approx_diversity_in_neighborhood_q50,0.0,38.5,,one-attack-out,XGB,,,fgm
approx_diversity_in_neighborhood_q75,0.0,38.5,,one-attack-out,XGB,,,fgm
approx_diversity_in_neighborhood_q1,0.0,38.5,,one-attack-out,XGB,,,fgm
approx_diversity_in_neighborhood_minmax,0.0,38.5,,one-attack-out,XGB,,,fgm
bacc_test_mean,0.7269874215126038,1.0,,one-attack-out,XGB,,,fgm
bacc_test_q0,0.0,38.5,,one-attack-out,XGB,,,fgm
bacc_test_q25,0.0,38.5,,one-attack-out,XGB,,,fgm
bacc_test_q50,0.0,38.5,,one-attack-out,XGB,,,fgm
bacc_test_q75,0.0,38.5,,one-attack-out,XGB,,,fgm
bacc_test_q1,0.0,38.5,,one-attack-out,XGB,,,fgm
bacc_test_minmax,0.0,38.5,,one-attack-out,XGB,,,fgm
n_test,0.0,33.5,,one-attack-out,XGB,,,hsj
n_classes,0.0,33.5,,one-attack-out,XGB,,,hsj
neighborhood_size_mean,0.0,33.5,,one-attack-out,XGB,,,hsj
neighborhood_size_q0,0.0,33.5,,one-attack-out,XGB,,,hsj
neighborhood_size_q25,0.0,33.5,,one-attack-out,XGB,,,hsj
neighborhood_size_q50,1.0,1.0,,one-attack-out,XGB,,,hsj
neighborhood_size_q75,0.0,33.5,,one-attack-out,XGB,,,hsj
neighborhood_size_q1,0.0,33.5,,one-attack-out,XGB,,,hsj
neighborhood_size_minmax,0.0,33.5,,one-attack-out,XGB,,,hsj
uncertainty_mean,0.0,33.5,,one-attack-out,XGB,,,hsj
uncertainty_q0,0.0,33.5,,one-attack-out,XGB,,,hsj
uncertainty_q25,0.0,33.5,,one-attack-out,XGB,,,hsj
uncertainty_q50,0.0,33.5,,one-attack-out,XGB,,,hsj
uncertainty_q75,0.0,33.5,,one-attack-out,XGB,,,hsj
uncertainty_q1,0.0,33.5,,one-attack-out,XGB,,,hsj
uncertainty_minmax,0.0,33.5,,one-attack-out,XGB,,,hsj
target_approx_consistency_in_neighborhood_mean,0.0,33.5,,one-attack-out,XGB,,,hsj
target_approx_consistency_in_neighborhood_q0,0.0,33.5,,one-attack-out,XGB,,,hsj
target_approx_consistency_in_neighborhood_q25,0.0,33.5,,one-attack-out,XGB,,,hsj
target_approx_consistency_in_neighborhood_q50,0.0,33.5,,one-attack-out,XGB,,,hsj
target_approx_consistency_in_neighborhood_q75,0.0,33.5,,one-attack-out,XGB,,,hsj
target_approx_consistency_in_neighborhood_q1,0.0,33.5,,one-attack-out,XGB,,,hsj
target_approx_consistency_in_neighborhood_minmax,0.0,33.5,,one-attack-out,XGB,,,hsj
pred_targets_consistency_in_neighborhood_mean,0.0,33.5,,one-attack-out,XGB,,,hsj
pred_targets_consistency_in_neighborhood_q0,0.0,33.5,,one-attack-out,XGB,,,hsj
pred_targets_consistency_in_neighborhood_q25,0.0,33.5,,one-attack-out,XGB,,,hsj
pred_targets_consistency_in_neighborhood_q50,0.0,33.5,,one-attack-out,XGB,,,hsj
pred_targets_consistency_in_neighborhood_q75,0.0,33.5,,one-attack-out,XGB,,,hsj
pred_targets_consistency_in_neighborhood_q1,0.0,33.5,,one-attack-out,XGB,,,hsj
pred_targets_consistency_in_neighborhood_minmax,0.0,33.5,,one-attack-out,XGB,,,hsj
target_targets_consistency_in_neighborhood_mean,0.0,33.5,,one-attack-out,XGB,,,hsj
target_targets_consistency_in_neighborhood_q0,0.0,33.5,,one-attack-out,XGB,,,hsj
target_targets_consistency_in_neighborhood_q25,0.0,33.5,,one-attack-out,XGB,,,hsj
target_targets_consistency_in_neighborhood_q50,0.0,33.5,,one-attack-out,XGB,,,hsj
target_targets_consistency_in_neighborhood_q75,0.0,33.5,,one-attack-out,XGB,,,hsj
target_targets_consistency_in_neighborhood_q1,0.0,33.5,,one-attack-out,XGB,,,hsj
target_targets_consistency_in_neighborhood_minmax,0.0,33.5,,one-attack-out,XGB,,,hsj
targets_and_approxs_consistency_in_neighborhood_mean,0.0,33.5,,one-attack-out,XGB,,,hsj
targets_and_approxs_consistency_in_neighborhood_q0,0.0,33.5,,one-attack-out,XGB,,,hsj
targets_and_approxs_consistency_in_neighborhood_q25,0.0,33.5,,one-attack-out,XGB,,,hsj
targets_and_approxs_consistency_in_neighborhood_q50,0.0,33.5,,one-attack-out,XGB,,,hsj
targets_and_approxs_consistency_in_neighborhood_q75,0.0,33.5,,one-attack-out,XGB,,,hsj
targets_and_approxs_consistency_in_neighborhood_q1,0.0,33.5,,one-attack-out,XGB,,,hsj
targets_and_approxs_consistency_in_neighborhood_minmax,0.0,33.5,,one-attack-out,XGB,,,hsj
target_diversity_in_neighborhood_mean,0.0,33.5,,one-attack-out,XGB,,,hsj
target_diversity_in_neighborhood_q0,0.0,33.5,,one-attack-out,XGB,,,hsj
target_diversity_in_neighborhood_q25,0.0,33.5,,one-attack-out,XGB,,,hsj
target_diversity_in_neighborhood_q50,0.0,33.5,,one-attack-out,XGB,,,hsj
target_diversity_in_neighborhood_q75,0.0,33.5,,one-attack-out,XGB,,,hsj
target_diversity_in_neighborhood_q1,0.0,33.5,,one-attack-out,XGB,,,hsj
target_diversity_in_neighborhood_minmax,0.0,33.5,,one-attack-out,XGB,,,hsj
approx_diversity_in_neighborhood_mean,0.0,33.5,,one-attack-out,XGB,,,hsj
approx_diversity_in_neighborhood_q0,0.0,33.5,,one-attack-out,XGB,,,hsj
approx_diversity_in_neighborhood_q25,0.0,33.5,,one-attack-out,XGB,,,hsj
approx_diversity_in_neighborhood_q50,0.0,33.5,,one-attack-out,XGB,,,hsj
approx_diversity_in_neighborhood_q75,0.0,33.5,,one-attack-out,XGB,,,hsj
approx_diversity_in_neighborhood_q1,0.0,33.5,,one-attack-out,XGB,,,hsj
approx_diversity_in_neighborhood_minmax,0.0,33.5,,one-attack-out,XGB,,,hsj
bacc_test_mean,0.0,33.5,,one-attack-out,XGB,,,hsj
bacc_test_q0,0.0,33.5,,one-attack-out,XGB,,,hsj
bacc_test_q25,0.0,33.5,,one-attack-out,XGB,,,hsj
bacc_test_q50,0.0,33.5,,one-attack-out,XGB,,,hsj
bacc_test_q75,0.0,33.5,,one-attack-out,XGB,,,hsj
bacc_test_q1,0.0,33.5,,one-attack-out,XGB,,,hsj
bacc_test_minmax,0.0,33.5,,one-attack-out,XGB,,,hsj
n_test,0.0,38.5,,one-attack-out,XGB,,,pgd
n_classes,0.0,38.5,,one-attack-out,XGB,,,pgd
neighborhood_size_mean,0.0,38.5,,one-attack-out,XGB,,,pgd
neighborhood_size_q0,0.0,38.5,,one-attack-out,XGB,,,pgd
neighborhood_size_q25,0.0,38.5,,one-attack-out,XGB,,,pgd
neighborhood_size_q50,0.0,38.5,,one-attack-out,XGB,,,pgd
neighborhood_size_q75,0.0,38.5,,one-attack-out,XGB,,,pgd
neighborhood_size_q1,0.0,38.5,,one-attack-out,XGB,,,pgd
neighborhood_size_minmax,0.0,38.5,,one-attack-out,XGB,,,pgd
uncertainty_mean,0.004810184706002474,11.0,,one-attack-out,XGB,,,pgd
uncertainty_q0,0.0,38.5,,one-attack-out,XGB,,,pgd
uncertainty_q25,0.02553410455584526,3.0,,one-attack-out,XGB,,,pgd
uncertainty_q50,0.015877943485975266,4.0,,one-attack-out,XGB,,,pgd
uncertainty_q75,0.0,38.5,,one-attack-out,XGB,,,pgd
uncertainty_q1,0.007016913499683142,8.0,,one-attack-out,XGB,,,pgd
uncertainty_minmax,0.013827385380864143,5.0,,one-attack-out,XGB,,,pgd
target_approx_consistency_in_neighborhood_mean,0.00489980960264802,10.0,,one-attack-out,XGB,,,pgd
target_approx_consistency_in_neighborhood_q0,0.0,38.5,,one-attack-out,XGB,,,pgd
target_approx_consistency_in_neighborhood_q25,0.0,38.5,,one-attack-out,XGB,,,pgd
target_approx_consistency_in_neighborhood_q50,0.0,38.5,,one-attack-out,XGB,,,pgd
target_approx_consistency_in_neighborhood_q75,0.0,38.5,,one-attack-out,XGB,,,pgd
target_approx_consistency_in_neighborhood_q1,0.0,38.5,,one-attack-out,XGB,,,pgd
target_approx_consistency_in_neighborhood_minmax,0.0,38.5,,one-attack-out,XGB,,,pgd
pred_targets_consistency_in_neighborhood_mean,0.008214272558689117,7.0,,one-attack-out,XGB,,,pgd
pred_targets_consistency_in_neighborhood_q0,0.0,38.5,,one-attack-out,XGB,,,pgd
pred_targets_consistency_in_neighborhood_q25,0.0,38.5,,one-attack-out,XGB,,,pgd
pred_targets_consistency_in_neighborhood_q50,0.0,38.5,,one-attack-out,XGB,,,pgd
pred_targets_consistency_in_neighborhood_q75,0.0,38.5,,one-attack-out,XGB,,,pgd
pred_targets_consistency_in_neighborhood_q1,0.0,38.5,,one-attack-out,XGB,,,pgd
pred_targets_consistency_in_neighborhood_minmax,0.0,38.5,,one-attack-out,XGB,,,pgd
target_targets_consistency_in_neighborhood_mean,0.04493352398276329,2.0,,one-attack-out,XGB,,,pgd
target_targets_consistency_in_neighborhood_q0,0.0,38.5,,one-attack-out,XGB,,,pgd
target_targets_consistency_in_neighborhood_q25,0.006950713694095612,9.0,,one-attack-out,XGB,,,pgd
target_targets_consistency_in_neighborhood_q50,0.0,38.5,,one-attack-out,XGB,,,pgd
target_targets_consistency_in_neighborhood_q75,0.0,38.5,,one-attack-out,XGB,,,pgd
target_targets_consistency_in_neighborhood_q1,0.0,38.5,,one-attack-out,XGB,,,pgd
target_targets_consistency_in_neighborhood_minmax,0.0,38.5,,one-attack-out,XGB,,,pgd
targets_and_approxs_consistency_in_neighborhood_mean,0.0,38.5,,one-attack-out,XGB,,,pgd
targets_and_approxs_consistency_in_neighborhood_q0,0.0,38.5,,one-attack-out,XGB,,,pgd
targets_and_approxs_consistency_in_neighborhood_q25,0.013576249592006207,6.0,,one-attack-out,XGB,,,pgd
targets_and_approxs_consistency_in_neighborhood_q50,0.0,38.5,,one-attack-out,XGB,,,pgd
targets_and_approxs_consistency_in_neighborhood_q75,0.0,38.5,,one-attack-out,XGB,,,pgd
targets_and_approxs_consistency_in_neighborhood_q1,0.0,38.5,,one-attack-out,XGB,,,pgd
targets_and_approxs_consistency_in_neighborhood_minmax,0.0,38.5,,one-attack-out,XGB,,,pgd
target_diversity_in_neighborhood_mean,0.0,38.5,,one-attack-out,XGB,,,pgd
target_diversity_in_neighborhood_q0,0.0,38.5,,one-attack-out,XGB,,,pgd
target_diversity_in_neighborhood_q25,0.0,38.5,,one-attack-out,XGB,,,pgd
target_diversity_in_neighborhood_q50,0.0,38.5,,one-attack-out,XGB,,,pgd
target_diversity_in_neighborhood_q75,0.0,38.5,,one-attack-out,XGB,,,pgd
target_diversity_in_neighborhood_q1,0.0,38.5,,one-attack-out,XGB,,,pgd
target_diversity_in_neighborhood_minmax,0.0,38.5,,one-attack-out,XGB,,,pgd
approx_diversity_in_neighborhood_mean,0.0,38.5,,one-attack-out,XGB,,,pgd
approx_diversity_in_neighborhood_q0,0.0,38.5,,one-attack-out,XGB,,,pgd
approx_diversity_in_neighborhood_q25,0.0,38.5,,one-attack-out,XGB,,,pgd
approx_diversity_in_neighborhood_q50,0.0,38.5,,one-attack-out,XGB,,,pgd
approx_diversity_in_neighborhood_q75,0.0,38.5,,one-attack-out,XGB,,,pgd
approx_diversity_in_neighborhood_q1,0.0,38.5,,one-attack-out,XGB,,,pgd
approx_diversity_in_neighborhood_minmax,0.0,38.5,,one-attack-out,XGB,,,pgd
bacc_test_mean,0.8543588519096375,1.0,,one-attack-out,XGB,,,pgd
bacc_test_q0,0.0,38.5,,one-attack-out,XGB,,,pgd
bacc_test_q25,0.0,38.5,,one-attack-out,XGB,,,pgd
bacc_test_q50,0.0,38.5,,one-attack-out,XGB,,,pgd
bacc_test_q75,0.0,38.5,,one-attack-out,XGB,,,pgd
bacc_test_q1,0.0,38.5,,one-attack-out,XGB,,,pgd
bacc_test_minmax,0.0,38.5,,one-attack-out,XGB,,,pgd
n_test,0.0,36.0,,one-attack-out,XGB,,,zoo
n_classes,0.0,36.0,,one-attack-out,XGB,,,zoo
neighborhood_size_mean,0.0,36.0,,one-attack-out,XGB,,,zoo
neighborhood_size_q0,0.0,36.0,,one-attack-out,XGB,,,zoo
neighborhood_size_q25,0.0,36.0,,one-attack-out,XGB,,,zoo
neighborhood_size_q50,0.0,36.0,,one-attack-out,XGB,,,zoo
neighborhood_size_q75,0.0,36.0,,one-attack-out,XGB,,,zoo
neighborhood_size_q1,0.0,36.0,,one-attack-out,XGB,,,zoo
neighborhood_size_minmax,0.0,36.0,,one-attack-out,XGB,,,zoo
uncertainty_mean,0.043381672352552414,2.0,,one-attack-out,XGB,,,zoo
uncertainty_q0,0.0,36.0,,one-attack-out,XGB,,,zoo
uncertainty_q25,0.0,36.0,,one-attack-out,XGB,,,zoo
uncertainty_q50,0.03184947744011879,3.0,,one-attack-out,XGB,,,zoo
uncertainty_q75,0.0,36.0,,one-attack-out,XGB,,,zoo
uncertainty_q1,0.0,36.0,,one-attack-out,XGB,,,zoo
uncertainty_minmax,0.014606441371142864,5.0,,one-attack-out,XGB,,,zoo
target_approx_consistency_in_neighborhood_mean,0.0,36.0,,one-attack-out,XGB,,,zoo
target_approx_consistency_in_neighborhood_q0,0.0,36.0,,one-attack-out,XGB,,,zoo
target_approx_consistency_in_neighborhood_q25,0.0,36.0,,one-attack-out,XGB,,,zoo
target_approx_consistency_in_neighborhood_q50,0.0,36.0,,one-attack-out,XGB,,,zoo
target_approx_consistency_in_neighborhood_q75,0.0,36.0,,one-attack-out,XGB,,,zoo
target_approx_consistency_in_neighborhood_q1,0.0,36.0,,one-attack-out,XGB,,,zoo
target_approx_consistency_in_neighborhood_minmax,0.0,36.0,,one-attack-out,XGB,,,zoo
pred_targets_consistency_in_neighborhood_mean,0.009776136837899685,6.0,,one-attack-out,XGB,,,zoo
pred_targets_consistency_in_neighborhood_q0,0.0,36.0,,one-attack-out,XGB,,,zoo
pred_targets_consistency_in_neighborhood_q25,0.0,36.0,,one-attack-out,XGB,,,zoo
pred_targets_consistency_in_neighborhood_q50,0.0,36.0,,one-attack-out,XGB,,,zoo
pred_targets_consistency_in_neighborhood_q75,0.0,36.0,,one-attack-out,XGB,,,zoo
pred_targets_consistency_in_neighborhood_q1,0.0,36.0,,one-attack-out,XGB,,,zoo
pred_targets_consistency_in_neighborhood_minmax,0.0,36.0,,one-attack-out,XGB,,,zoo
target_targets_consistency_in_neighborhood_mean,0.016123071312904358,4.0,,one-attack-out,XGB,,,zoo
target_targets_consistency_in_neighborhood_q0,0.0,36.0,,one-attack-out,XGB,,,zoo
target_targets_consistency_in_neighborhood_q25,0.0,36.0,,one-attack-out,XGB,,,zoo
target_targets_consistency_in_neighborhood_q50,0.0,36.0,,one-attack-out,XGB,,,zoo
target_targets_consistency_in_neighborhood_q75,0.0,36.0,,one-attack-out,XGB,,,zoo
target_targets_consistency_in_neighborhood_q1,0.0,36.0,,one-attack-out,XGB,,,zoo
target_targets_consistency_in_neighborhood_minmax,0.0,36.0,,one-attack-out,XGB,,,zoo
targets_and_approxs_consistency_in_neighborhood_mean,0.0,36.0,,one-attack-out,XGB,,,zoo
targets_and_approxs_consistency_in_neighborhood_q0,0.0,36.0,,one-attack-out,XGB,,,zoo
targets_and_approxs_consistency_in_neighborhood_q25,0.0,36.0,,one-attack-out,XGB,,,zoo
targets_and_approxs_consistency_in_neighborhood_q50,0.0,36.0,,one-attack-out,XGB,,,zoo
targets_and_approxs_consistency_in_neighborhood_q75,0.0,36.0,,one-attack-out,XGB,,,zoo
targets_and_approxs_consistency_in_neighborhood_q1,0.0,36.0,,one-attack-out,XGB,,,zoo
targets_and_approxs_consistency_in_neighborhood_minmax,0.0,36.0,,one-attack-out,XGB,,,zoo
target_diversity_in_neighborhood_mean,0.0,36.0,,one-attack-out,XGB,,,zoo
target_diversity_in_neighborhood_q0,0.0,36.0,,one-attack-out,XGB,,,zoo
target_diversity_in_neighborhood_q25,0.0,36.0,,one-attack-out,XGB,,,zoo
target_diversity_in_neighborhood_q50,0.0,36.0,,one-attack-out,XGB,,,zoo
target_diversity_in_neighborhood_q75,0.0,36.0,,one-attack-out,XGB,,,zoo
target_diversity_in_neighborhood_q1,0.0,36.0,,one-attack-out,XGB,,,zoo
target_diversity_in_neighborhood_minmax,0.0,36.0,,one-attack-out,XGB,,,zoo
approx_diversity_in_neighborhood_mean,0.0,36.0,,one-attack-out,XGB,,,zoo
approx_diversity_in_neighborhood_q0,0.0,36.0,,one-attack-out,XGB,,,zoo
approx_diversity_in_neighborhood_q25,0.0,36.0,,one-attack-out,XGB,,,zoo
approx_diversity_in_neighborhood_q50,0.0,36.0,,one-attack-out,XGB,,,zoo
approx_diversity_in_neighborhood_q75,0.0,36.0,,one-attack-out,XGB,,,zoo
approx_diversity_in_neighborhood_q1,0.0,36.0,,one-attack-out,XGB,,,zoo
approx_diversity_in_neighborhood_minmax,0.0,36.0,,one-attack-out,XGB,,,zoo
bacc_test_mean,0.8842631578445435,1.0,,one-attack-out,XGB,,,zoo
bacc_test_q0,0.0,36.0,,one-attack-out,XGB,,,zoo
bacc_test_q25,0.0,36.0,,one-attack-out,XGB,,,zoo
bacc_test_q50,0.0,36.0,,one-attack-out,XGB,,,zoo
bacc_test_q75,0.0,36.0,,one-attack-out,XGB,,,zoo
bacc_test_q1,0.0,36.0,,one-attack-out,XGB,,,zoo
bacc_test_minmax,0.0,36.0,,one-attack-out,XGB,,,zoo
n_test,0.0,58.0,banknote,one-data-set-out,RF,,,
n_classes,0.0,58.0,banknote,one-data-set-out,RF,,,
neighborhood_size_mean,0.03314311818892895,9.0,banknote,one-data-set-out,RF,,,
neighborhood_size_q0,0.0,58.0,banknote,one-data-set-out,RF,,,
neighborhood_size_q25,0.02412495709365011,11.0,banknote,one-data-set-out,RF,,,
neighborhood_size_q50,0.007917269653683535,24.0,banknote,one-data-set-out,RF,,,
neighborhood_size_q75,0.005740110859158478,27.0,banknote,one-data-set-out,RF,,,
neighborhood_size_q1,0.0005416666666666666,48.0,banknote,one-data-set-out,RF,,,
neighborhood_size_minmax,0.0,58.0,banknote,one-data-set-out,RF,,,
uncertainty_mean,0.013386935542527647,17.0,banknote,one-data-set-out,RF,,,
uncertainty_q0,0.004524679196505822,31.0,banknote,one-data-set-out,RF,,,
uncertainty_q25,0.008722863850571085,22.0,banknote,one-data-set-out,RF,,,
uncertainty_q50,0.010439382041581475,20.0,banknote,one-data-set-out,RF,,,
uncertainty_q75,0.010115576662616135,21.0,banknote,one-data-set-out,RF,,,
uncertainty_q1,0.01980260408535244,12.0,banknote,one-data-set-out,RF,,,
uncertainty_minmax,0.018796774689407925,13.0,banknote,one-data-set-out,RF,,,
target_approx_consistency_in_neighborhood_mean,0.0027757405992700117,36.0,banknote,one-data-set-out,RF,,,
target_approx_consistency_in_neighborhood_q0,0.002173913043478262,39.0,banknote,one-data-set-out,RF,,,
target_approx_consistency_in_neighborhood_q25,0.004384635832004252,32.0,banknote,one-data-set-out,RF,,,
target_approx_consistency_in_neighborhood_q50,0.004968468495919476,28.0,banknote,one-data-set-out,RF,,,
target_approx_consistency_in_neighborhood_q75,0.0025119617224880386,37.0,banknote,one-data-set-out,RF,,,
target_approx_consistency_in_neighborhood_q1,0.0,58.0,banknote,one-data-set-out,RF,,,
target_approx_consistency_in_neighborhood_minmax,0.0,58.0,banknote,one-data-set-out,RF,,,
pred_targets_consistency_in_neighborhood_mean,0.06509627634270493,7.0,banknote,one-data-set-out,RF,,,
pred_targets_consistency_in_neighborhood_q0,0.011406545413221112,19.0,banknote,one-data-set-out,RF,,,
pred_targets_consistency_in_neighborhood_q25,0.03225623860410445,10.0,banknote,one-data-set-out,RF,,,
pred_targets_consistency_in_neighborhood_q50,0.047609728518378816,8.0,banknote,one-data-set-out,RF,,,
pred_targets_consistency_in_neighborhood_q75,0.015125781625781624,16.0,banknote,one-data-set-out,RF,,,
pred_targets_consistency_in_neighborhood_q1,0.0,58.0,banknote,one-data-set-out,RF,,,
pred_targets_consistency_in_neighborhood_minmax,0.006190572560955439,26.0,banknote,one-data-set-out,RF,,,
target_targets_consistency_in_neighborhood_mean,0.002439753898635478,38.0,banknote,one-data-set-out,RF,,,
target_targets_consistency_in_neighborhood_q0,0.01611082698629691,14.0,banknote,one-data-set-out,RF,,,
target_targets_consistency_in_neighborhood_q25,0.01182871108748302,18.0,banknote,one-data-set-out,RF,,,
target_targets_consistency_in_neighborhood_q50,0.008253848003848005,23.0,banknote,one-data-set-out,RF,,,
target_targets_consistency_in_neighborhood_q75,0.0,58.0,banknote,one-data-set-out,RF,,,
target_targets_consistency_in_neighborhood_q1,0.0,58.0,banknote,one-data-set-out,RF,,,
target_targets_consistency_in_neighborhood_minmax,0.015483343098004754,15.0,banknote,one-data-set-out,RF,,,
targets_and_approxs_consistency_in_neighborhood_mean,0.0016138432224741745,43.0,banknote,one-data-set-out,RF,,,
targets_and_approxs_consistency_in_neighborhood_q0,0.001459435267299718,44.0,banknote,one-data-set-out,RF,,,
targets_and_approxs_consistency_in_neighborhood_q25,0.004708664021164021,30.0,banknote,one-data-set-out,RF,,,
targets_and_approxs_consistency_in_neighborhood_q50,0.0018055555555555561,41.0,banknote,one-data-set-out,RF,,,
targets_and_approxs_consistency_in_neighborhood_q75,0.001083411142234672,45.0,banknote,one-data-set-out,RF,,,
targets_and_approxs_consistency_in_neighborhood_q1,0.0,58.0,banknote,one-data-set-out,RF,,,
targets_and_approxs_consistency_in_neighborhood_minmax,0.004728418608272656,29.0,banknote,one-data-set-out,RF,,,
target_diversity_in_neighborhood_mean,0.0031647869674185465,34.0,banknote,one-data-set-out,RF,,,
target_diversity_in_neighborhood_q0,0.0,58.0,banknote,one-data-set-out,RF,,,
target_diversity_in_neighborhood_q25,0.0,58.0,banknote,one-data-set-out,RF,,,
target_diversity_in_neighborhood_q50,0.006722601959444066,25.0,banknote,one-data-set-out,RF,,,
target_diversity_in_neighborhood_q75,0.0030372068174248255,35.0,banknote,one-data-set-out,RF,,,
target_diversity_in_neighborhood_q1,0.0016851851851851845,42.0,banknote,one-data-set-out,RF,,,
target_diversity_in_neighborhood_minmax,0.00016290726817042603,50.0,banknote,one-data-set-out,RF,,,
approx_diversity_in_neighborhood_mean,0.0019104938271604934,40.0,banknote,one-data-set-out,RF,,,
approx_diversity_in_neighborhood_q0,0.0,58.0,banknote,one-data-set-out,RF,,,
approx_diversity_in_neighborhood_q25,0.0,58.0,banknote,one-data-set-out,RF,,,
approx_diversity_in_neighborhood_q50,0.003367524714564188,33.0,banknote,one-data-set-out,RF,,,
approx_diversity_in_neighborhood_q75,0.0003262310606060608,49.0,banknote,one-data-set-out,RF,,,
approx_diversity_in_neighborhood_q1,0.001023348394381676,46.0,banknote,one-data-set-out,RF,,,
approx_diversity_in_neighborhood_minmax,0.0007738095238095242,47.0,banknote,one-data-set-out,RF,,,
bacc_test_mean,0.09922784149592197,3.0,banknote,one-data-set-out,RF,,,
bacc_test_q0,0.08465985702697047,5.0,banknote,one-data-set-out,RF,,,
bacc_test_q25,0.09101005570680529,4.0,banknote,one-data-set-out,RF,,,
bacc_test_q50,0.06836022141426358,6.0,banknote,one-data-set-out,RF,,,
bacc_test_q75,0.10977731769209545,1.0,banknote,one-data-set-out,RF,,,
bacc_test_q1,0.10351899876555264,2.0,banknote,one-data-set-out,RF,,,
bacc_test_minmax,0.0,58.0,banknote,one-data-set-out,RF,,,
n_test,0.0,56.5,diabetes,one-data-set-out,RF,,,
n_classes,0.0,56.5,diabetes,one-data-set-out,RF,,,
neighborhood_size_mean,0.013598514042568257,21.0,diabetes,one-data-set-out,RF,,,
neighborhood_size_q0,0.0,56.5,diabetes,one-data-set-out,RF,,,
neighborhood_size_q25,0.004835839598997495,31.0,diabetes,one-data-set-out,RF,,,
neighborhood_size_q50,0.020968864946297502,13.0,diabetes,one-data-set-out,RF,,,
neighborhood_size_q75,0.0010998329156223891,45.0,diabetes,one-data-set-out,RF,,,
neighborhood_size_q1,0.0,56.5,diabetes,one-data-set-out,RF,,,
neighborhood_size_minmax,0.0007222222222222222,46.0,diabetes,one-data-set-out,RF,,,
uncertainty_mean,0.016547656000710512,18.0,diabetes,one-data-set-out,RF,,,
uncertainty_q0,0.008674400151696335,27.0,diabetes,one-data-set-out,RF,,,
uncertainty_q25,0.012127702273503358,24.0,diabetes,one-data-set-out,RF,,,
uncertainty_q50,0.015087376659861177,20.0,diabetes,one-data-set-out,RF,,,
uncertainty_q75,0.020665412555240063,14.0,diabetes,one-data-set-out,RF,,,
uncertainty_q1,0.0071317983574259655,28.0,diabetes,one-data-set-out,RF,,,
uncertainty_minmax,0.008793748884677034,25.0,diabetes,one-data-set-out,RF,,,
target_approx_consistency_in_neighborhood_mean,0.02328832952078954,10.0,diabetes,one-data-set-out,RF,,,
target_approx_consistency_in_neighborhood_q0,0.024887816647184494,9.0,diabetes,one-data-set-out,RF,,,
target_approx_consistency_in_neighborhood_q25,0.006174767864985256,29.0,diabetes,one-data-set-out,RF,,,
target_approx_consistency_in_neighborhood_q50,0.0006516290726817041,47.0,diabetes,one-data-set-out,RF,,,
target_approx_consistency_in_neighborhood_q75,0.0,56.5,diabetes,one-data-set-out,RF,,,
target_approx_consistency_in_neighborhood_q1,0.0,56.5,diabetes,one-data-set-out,RF,,,
target_approx_consistency_in_neighborhood_minmax,0.02173270105241338,12.0,diabetes,one-data-set-out,RF,,,
pred_targets_consistency_in_neighborhood_mean,0.020289545060448423,15.0,diabetes,one-data-set-out,RF,,,
pred_targets_consistency_in_neighborhood_q0,0.023158522379665872,11.0,diabetes,one-data-set-out,RF,,,
pred_targets_consistency_in_neighborhood_q25,0.013030846792908198,22.0,diabetes,one-data-set-out,RF,,,
pred_targets_consistency_in_neighborhood_q50,0.018590505117517503,16.0,diabetes,one-data-set-out,RF,,,
pred_targets_consistency_in_neighborhood_q75,0.0030784105242309574,35.0,diabetes,one-data-set-out,RF,,,
pred_targets_consistency_in_neighborhood_q1,0.0,56.5,diabetes,one-data-set-out,RF,,,
pred_targets_consistency_in_neighborhood_minmax,0.012679532022803806,23.0,diabetes,one-data-set-out,RF,,,
target_targets_consistency_in_neighborhood_mean,0.039505021075415814,7.0,diabetes,one-data-set-out,RF,,,
target_targets_consistency_in_neighborhood_q0,0.01814657735826226,17.0,diabetes,one-data-set-out,RF,,,
target_targets_consistency_in_neighborhood_q25,0.01611411412518224,19.0,diabetes,one-data-set-out,RF,,,
target_targets_consistency_in_neighborhood_q50,0.004153108465608466,32.0,diabetes,one-data-set-out,RF,,,
target_targets_consistency_in_neighborhood_q75,0.0,56.5,diabetes,one-data-set-out,RF,,,
target_targets_consistency_in_neighborhood_q1,0.0,56.5,diabetes,one-data-set-out,RF,,,
target_targets_consistency_in_neighborhood_minmax,0.028270650192559744,8.0,diabetes,one-data-set-out,RF,,,
targets_and_approxs_consistency_in_neighborhood_mean,0.0028873982341474608,36.0,diabetes,one-data-set-out,RF,,,
targets_and_approxs_consistency_in_neighborhood_q0,0.0018465909090909095,40.0,diabetes,one-data-set-out,RF,,,
targets_and_approxs_consistency_in_neighborhood_q25,0.0038614417989417983,33.0,diabetes,one-data-set-out,RF,,,
targets_and_approxs_consistency_in_neighborhood_q50,0.0022332647093925287,39.0,diabetes,one-data-set-out,RF,,,
targets_and_approxs_consistency_in_neighborhood_q75,0.0,56.5,diabetes,one-data-set-out,RF,,,
targets_and_approxs_consistency_in_neighborhood_q1,0.0,56.5,diabetes,one-data-set-out,RF,,,
targets_and_approxs_consistency_in_neighborhood_minmax,0.0011324240411349626,44.0,diabetes,one-data-set-out,RF,,,
target_diversity_in_neighborhood_mean,0.003206859478241057,34.0,diabetes,one-data-set-out,RF,,,
target_diversity_in_neighborhood_q0,0.0,56.5,diabetes,one-data-set-out,RF,,,
target_diversity_in_neighborhood_q25,0.0,56.5,diabetes,one-data-set-out,RF,,,
target_diversity_in_neighborhood_q50,0.0,56.5,diabetes,one-data-set-out,RF,,,
target_diversity_in_neighborhood_q75,0.004862127416756176,30.0,diabetes,one-data-set-out,RF,,,
target_diversity_in_neighborhood_q1,0.0,56.5,diabetes,one-data-set-out,RF,,,
target_diversity_in_neighborhood_minmax,0.0016851851851851845,42.0,diabetes,one-data-set-out,RF,,,
approx_diversity_in_neighborhood_mean,0.008703518023370964,26.0,diabetes,one-data-set-out,RF,,,
approx_diversity_in_neighborhood_q0,0.0,56.5,diabetes,one-data-set-out,RF,,,
approx_diversity_in_neighborhood_q25,0.0,56.5,diabetes,one-data-set-out,RF,,,
approx_diversity_in_neighborhood_q50,0.001717764591216604,41.0,diabetes,one-data-set-out,RF,,,
approx_diversity_in_neighborhood_q75,0.0028533261257719456,37.0,diabetes,one-data-set-out,RF,,,
approx_diversity_in_neighborhood_q1,0.001516256313131313,43.0,diabetes,one-data-set-out,RF,,,
approx_diversity_in_neighborhood_minmax,0.002428221288515406,38.0,diabetes,one-data-set-out,RF,,,
bacc_test_mean,0.1052316742751331,2.0,diabetes,one-data-set-out,RF,,,
bacc_test_q0,0.07508328957117368,5.0,diabetes,one-data-set-out,RF,,,
bacc_test_q25,0.09086188302296819,4.0,diabetes,one-data-set-out,RF,,,
bacc_test_q50,0.06985468217855989,6.0,diabetes,one-data-set-out,RF,,,
bacc_test_q75,0.11315564040048484,1.0,diabetes,one-data-set-out,RF,,,
bacc_test_q1,0.10287300655530406,3.0,diabetes,one-data-set-out,RF,,,
bacc_test_minmax,0.0,56.5,diabetes,one-data-set-out,RF,,,
n_test,0.0,52.0,wilt,one-data-set-out,RF,,,
n_classes,0.0,52.0,wilt,one-data-set-out,RF,,,
neighborhood_size_mean,0.0052624883286648,23.0,wilt,one-data-set-out,RF,,,
neighborhood_size_q0,0.0,52.0,wilt,one-data-set-out,RF,,,
neighborhood_size_q25,0.0028538011695906427,29.0,wilt,one-data-set-out,RF,,,
neighborhood_size_q50,0.0034097222222222224,25.0,wilt,one-data-set-out,RF,,,
neighborhood_size_q75,0.0,52.0,wilt,one-data-set-out,RF,,,
neighborhood_size_q1,0.0,52.0,wilt,one-data-set-out,RF,,,
neighborhood_size_minmax,0.0,52.0,wilt,one-data-set-out,RF,,,
uncertainty_mean,0.0021224489795918368,32.0,wilt,one-data-set-out,RF,,,
uncertainty_q0,0.0,52.0,wilt,one-data-set-out,RF,,,
uncertainty_q25,0.0,52.0,wilt,one-data-set-out,RF,,,
uncertainty_q50,0.0017648287385129491,33.0,wilt,one-data-set-out,RF,,,
uncertainty_q75,0.0007222222222222222,37.0,wilt,one-data-set-out,RF,,,
uncertainty_q1,0.0007386363636363636,36.0,wilt,one-data-set-out,RF,,,
uncertainty_minmax,0.0,52.0,wilt,one-data-set-out,RF,,,
target_approx_consistency_in_neighborhood_mean,0.06618215653264672,7.0,wilt,one-data-set-out,RF,,,
target_approx_consistency_in_neighborhood_q0,0.0030303030303030303,26.0,wilt,one-data-set-out,RF,,,
target_approx_consistency_in_neighborhood_q25,0.006462301587301589,21.0,wilt,one-data-set-out,RF,,,
target_approx_consistency_in_neighborhood_q50,0.057157720057720074,8.0,wilt,one-data-set-out,RF,,,
target_approx_consistency_in_neighborhood_q75,0.020224478680361035,14.0,wilt,one-data-set-out,RF,,,
target_approx_consistency_in_neighborhood_q1,0.0,52.0,wilt,one-data-set-out,RF,,,
target_approx_consistency_in_neighborhood_minmax,0.0,52.0,wilt,one-data-set-out,RF,,,
pred_targets_consistency_in_neighborhood_mean,0.01674290852704718,15.0,wilt,one-data-set-out,RF,,,
pred_targets_consistency_in_neighborhood_q0,0.006053571428571427,22.0,wilt,one-data-set-out,RF,,,
pred_targets_consistency_in_neighborhood_q25,0.012573435128969185,20.0,wilt,one-data-set-out,RF,,,
pred_targets_consistency_in_neighborhood_q50,0.013902602707749767,17.0,wilt,one-data-set-out,RF,,,
pred_targets_consistency_in_neighborhood_q75,0.02871351860786845,11.0,wilt,one-data-set-out,RF,,,
pred_targets_consistency_in_neighborhood_q1,0.0,52.0,wilt,one-data-set-out,RF,,,
pred_targets_consistency_in_neighborhood_minmax,0.0,52.0,wilt,one-data-set-out,RF,,,
target_targets_consistency_in_neighborhood_mean,0.03442766385661123,10.0,wilt,one-data-set-out,RF,,,
target_targets_consistency_in_neighborhood_q0,0.02543343557518701,12.0,wilt,one-data-set-out,RF,,,
target_targets_consistency_in_neighborhood_q25,0.015030055014430017,16.0,wilt,one-data-set-out,RF,,,
target_targets_consistency_in_neighborhood_q50,0.04021799814201775,9.0,wilt,one-data-set-out,RF,,,
target_targets_consistency_in_neighborhood_q75,0.013433142794597903,19.0,wilt,one-data-set-out,RF,,,
target_targets_consistency_in_neighborhood_q1,0.0,52.0,wilt,one-data-set-out,RF,,,
target_targets_consistency_in_neighborhood_minmax,0.025308874036944214,13.0,wilt,one-data-set-out,RF,,,
targets_and_approxs_consistency_in_neighborhood_mean,0.0,52.0,wilt,one-data-set-out,RF,,,
targets_and_approxs_consistency_in_neighborhood_q0,0.0,52.0,wilt,one-data-set-out,RF,,,
targets_and_approxs_consistency_in_neighborhood_q25,0.0,52.0,wilt,one-data-set-out,RF,,,
targets_and_approxs_consistency_in_neighborhood_q50,0.0011470588235294116,35.0,wilt,one-data-set-out,RF,,,
targets_and_approxs_consistency_in_neighborhood_q75,0.0,52.0,wilt,one-data-set-out,RF,,,
targets_and_approxs_consistency_in_neighborhood_q1,0.0,52.0,wilt,one-data-set-out,RF,,,
targets_and_approxs_consistency_in_neighborhood_minmax,0.000195488721804511,38.0,wilt,one-data-set-out,RF,,,
target_diversity_in_neighborhood_mean,0.0021666666666666666,31.0,wilt,one-data-set-out,RF,,,
target_diversity_in_neighborhood_q0,0.0,52.0,wilt,one-data-set-out,RF,,,
target_diversity_in_neighborhood_q25,0.0,52.0,wilt,one-data-set-out,RF,,,
target_diversity_in_neighborhood_q50,0.0,52.0,wilt,one-data-set-out,RF,,,
target_diversity_in_neighborhood_q75,0.0029308035714285707,27.0,wilt,one-data-set-out,RF,,,
target_diversity_in_neighborhood_q1,0.0,52.0,wilt,one-data-set-out,RF,,,
target_diversity_in_neighborhood_minmax,0.002874634502923977,28.0,wilt,one-data-set-out,RF,,,
approx_diversity_in_neighborhood_mean,0.0014869281045751636,34.0,wilt,one-data-set-out,RF,,,
approx_diversity_in_neighborhood_q0,0.0,52.0,wilt,one-data-set-out,RF,,,
approx_diversity_in_neighborhood_q25,0.0,52.0,wilt,one-data-set-out,RF,,,
approx_diversity_in_neighborhood_q50,0.004322368421052631,24.0,wilt,one-data-set-out,RF,,,
approx_diversity_in_neighborhood_q75,0.01382998418665712,18.0,wilt,one-data-set-out,RF,,,
approx_diversity_in_neighborhood_q1,0.0027445409982174694,30.0,wilt,one-data-set-out,RF,,,
approx_diversity_in_neighborhood_minmax,0.0,52.0,wilt,one-data-set-out,RF,,,
bacc_test_mean,0.09664285714285714,4.0,wilt,one-data-set-out,RF,,,
bacc_test_q0,0.08917437533227007,5.0,wilt,one-data-set-out,RF,,,
bacc_test_q25,0.09924305555555556,3.0,wilt,one-data-set-out,RF,,,
bacc_test_q50,0.06732142857142857,6.0,wilt,one-data-set-out,RF,,,
bacc_test_q75,0.11080246913580247,1.0,wilt,one-data-set-out,RF,,,
bacc_test_q1,0.10334902653246307,2.0,wilt,one-data-set-out,RF,,,
bacc_test_minmax,0.0,52.0,wilt,one-data-set-out,RF,,,
n_test,0.0,54.0,,one-model-out,RF,lin,,
n_classes,0.0,54.0,,one-model-out,RF,lin,,
neighborhood_size_mean,0.020072549799578766,13.0,,one-model-out,RF,lin,,
neighborhood_size_q0,0.0,54.0,,one-model-out,RF,lin,,
neighborhood_size_q25,0.0037233709273182957,26.0,,one-model-out,RF,lin,,
neighborhood_size_q50,0.022510497673281112,12.0,,one-model-out,RF,lin,,
neighborhood_size_q75,0.004375000000000001,25.0,,one-model-out,RF,lin,,
neighborhood_size_q1,0.0007142857142857144,42.0,,one-model-out,RF,lin,,
neighborhood_size_minmax,0.0,54.0,,one-model-out,RF,lin,,
uncertainty_mean,0.0008370535714285716,38.0,,one-model-out,RF,lin,,
uncertainty_q0,0.0,54.0,,one-model-out,RF,lin,,
uncertainty_q25,0.005127294878081492,24.0,,one-model-out,RF,lin,,
uncertainty_q50,0.00225,34.0,,one-model-out,RF,lin,,
uncertainty_q75,0.0018690191387559806,35.0,,one-model-out,RF,lin,,
uncertainty_q1,0.0024420024420024416,33.0,,one-model-out,RF,lin,,
uncertainty_minmax,0.0,54.0,,one-model-out,RF,lin,,
target_approx_consistency_in_neighborhood_mean,0.009645839910254436,18.0,,one-model-out,RF,lin,,
target_approx_consistency_in_neighborhood_q0,0.005761664261664261,23.0,,one-model-out,RF,lin,,
target_approx_consistency_in_neighborhood_q25,0.002499614121398385,32.0,,one-model-out,RF,lin,,
target_approx_consistency_in_neighborhood_q50,0.01038505141140082,16.0,,one-model-out,RF,lin,,
target_approx_consistency_in_neighborhood_q75,0.00639423076923077,21.0,,one-model-out,RF,lin,,
target_approx_consistency_in_neighborhood_q1,0.0,54.0,,one-model-out,RF,lin,,
target_approx_consistency_in_neighborhood_minmax,0.007017704517704517,20.0,,one-model-out,RF,lin,,
pred_targets_consistency_in_neighborhood_mean,0.04350010445483238,7.0,,one-model-out,RF,lin,,
pred_targets_consistency_in_neighborhood_q0,0.018744624940277115,14.0,,one-model-out,RF,lin,,
pred_targets_consistency_in_neighborhood_q25,0.02648585740858468,11.0,,one-model-out,RF,lin,,
pred_targets_consistency_in_neighborhood_q50,0.02709785870420752,10.0,,one-model-out,RF,lin,,
pred_targets_consistency_in_neighborhood_q75,0.016342404398670386,15.0,,one-model-out,RF,lin,,
pred_targets_consistency_in_neighborhood_q1,0.0,54.0,,one-model-out,RF,lin,,
pred_targets_consistency_in_neighborhood_minmax,0.003311242533210497,27.0,,one-model-out,RF,lin,,
target_targets_consistency_in_neighborhood_mean,0.005878078817733992,22.0,,one-model-out,RF,lin,,
target_targets_consistency_in_neighborhood_q0,0.037065341997623014,8.0,,one-model-out,RF,lin,,
target_targets_consistency_in_neighborhood_q25,0.009901122713071243,17.0,,one-model-out,RF,lin,,
target_targets_consistency_in_neighborhood_q50,0.009309672815107597,19.0,,one-model-out,RF,lin,,
target_targets_consistency_in_neighborhood_q75,0.0,54.0,,one-model-out,RF,lin,,
target_targets_consistency_in_neighborhood_q1,0.0,54.0,,one-model-out,RF,lin,,
target_targets_consistency_in_neighborhood_minmax,0.036207332820632064,9.0,,one-model-out,RF,lin,,
targets_and_approxs_consistency_in_neighborhood_mean,0.0007575757575757576,41.0,,one-model-out,RF,lin,,
targets_and_approxs_consistency_in_neighborhood_q0,0.0,54.0,,one-model-out,RF,lin,,
targets_and_approxs_consistency_in_neighborhood_q25,0.0032913633680897113,28.0,,one-model-out,RF,lin,,
targets_and_approxs_consistency_in_neighborhood_q50,0.0,54.0,,one-model-out,RF,lin,,
targets_and_approxs_consistency_in_neighborhood_q75,0.0,54.0,,one-model-out,RF,lin,,
targets_and_approxs_consistency_in_neighborhood_q1,0.0,54.0,,one-model-out,RF,lin,,
targets_and_approxs_consistency_in_neighborhood_minmax,0.0028108465608465616,30.0,,one-model-out,RF,lin,,
target_diversity_in_neighborhood_mean,0.0008152173913043479,39.0,,one-model-out,RF,lin,,
target_diversity_in_neighborhood_q0,0.0,54.0,,one-model-out,RF,lin,,
target_diversity_in_neighborhood_q25,0.0,54.0,,one-model-out,RF,lin,,
target_diversity_in_neighborhood_q50,0.0,54.0,,one-model-out,RF,lin,,
target_diversity_in_neighborhood_q75,0.0029209183673469387,29.0,,one-model-out,RF,lin,,
target_diversity_in_neighborhood_q1,0.001176470588235294,37.0,,one-model-out,RF,lin,,
target_diversity_in_neighborhood_minmax,0.0011904761904761908,36.0,,one-model-out,RF,lin,,
approx_diversity_in_neighborhood_mean,0.002541322314049587,31.0,,one-model-out,RF,lin,,
approx_diversity_in_neighborhood_q0,0.0,54.0,,one-model-out,RF,lin,,
approx_diversity_in_neighborhood_q25,0.0,54.0,,one-model-out,RF,lin,,
approx_diversity_in_neighborhood_q50,0.0007608695652173911,40.0,,one-model-out,RF,lin,,
approx_diversity_in_neighborhood_q75,0.0,54.0,,one-model-out,RF,lin,,
approx_diversity_in_neighborhood_q1,0.0,54.0,,one-model-out,RF,lin,,
approx_diversity_in_neighborhood_minmax,0.0,54.0,,one-model-out,RF,lin,,
bacc_test_mean,0.11059294482255712,3.0,,one-model-out,RF,lin,,
bacc_test_q0,0.1002164436811176,5.0,,one-model-out,RF,lin,,
bacc_test_q25,0.10675653294074346,4.0,,one-model-out,RF,lin,,
bacc_test_q50,0.08505007772339707,6.0,,one-model-out,RF,lin,,
bacc_test_q75,0.12778891869000567,1.0,,one-model-out,RF,lin,,
bacc_test_q1,0.11386120129870131,2.0,,one-model-out,RF,lin,,
bacc_test_minmax,0.0,54.0,,one-model-out,RF,lin,,
n_test,0.002556461930517994,35.0,,one-model-out,RF,nn,,
n_classes,0.0,55.5,,one-model-out,RF,nn,,
neighborhood_size_mean,0.010667186673620498,16.0,,one-model-out,RF,nn,,
neighborhood_size_q0,0.0,55.5,,one-model-out,RF,nn,,
neighborhood_size_q25,0.0015767125031830908,40.0,,one-model-out,RF,nn,,
neighborhood_size_q50,0.008967732248401755,21.0,,one-model-out,RF,nn,,
neighborhood_size_q75,0.0014428963893249615,41.0,,one-model-out,RF,nn,,
neighborhood_size_q1,0.0,55.5,,one-model-out,RF,nn,,
neighborhood_size_minmax,0.0,55.5,,one-model-out,RF,nn,,
uncertainty_mean,0.0090508537459086,20.0,,one-model-out,RF,nn,,
uncertainty_q0,0.007194991992012118,23.0,,one-model-out,RF,nn,,
uncertainty_q25,0.010008341720628873,19.0,,one-model-out,RF,nn,,
uncertainty_q50,0.014774654159422649,12.0,,one-model-out,RF,nn,,
uncertainty_q75,0.01898384997791823,11.0,,one-model-out,RF,nn,,
uncertainty_q1,0.012176676714729566,14.0,,one-model-out,RF,nn,,
uncertainty_minmax,0.005112154967917421,29.0,,one-model-out,RF,nn,,
target_approx_consistency_in_neighborhood_mean,0.011248898910286003,15.0,,one-model-out,RF,nn,,
target_approx_consistency_in_neighborhood_q0,0.0,55.5,,one-model-out,RF,nn,,
target_approx_consistency_in_neighborhood_q25,0.008405989460101303,22.0,,one-model-out,RF,nn,,
target_approx_consistency_in_neighborhood_q50,0.00030570652173913127,45.0,,one-model-out,RF,nn,,
target_approx_consistency_in_neighborhood_q75,0.0008901098901098901,44.0,,one-model-out,RF,nn,,
target_approx_consistency_in_neighborhood_q1,0.0,55.5,,one-model-out,RF,nn,,
target_approx_consistency_in_neighborhood_minmax,0.002484472049689442,37.0,,one-model-out,RF,nn,,
pred_targets_consistency_in_neighborhood_mean,0.06275222092874233,7.0,,one-model-out,RF,nn,,
pred_targets_consistency_in_neighborhood_q0,0.005736355749793798,27.0,,one-model-out,RF,nn,,
pred_targets_consistency_in_neighborhood_q25,0.05478342819593901,9.0,,one-model-out,RF,nn,,
pred_targets_consistency_in_neighborhood_q50,0.040462348037301046,10.0,,one-model-out,RF,nn,,
pred_targets_consistency_in_neighborhood_q75,0.056784999450184934,8.0,,one-model-out,RF,nn,,
pred_targets_consistency_in_neighborhood_q1,0.0,55.5,,one-model-out,RF,nn,,
pred_targets_consistency_in_neighborhood_minmax,0.0024941907449940078,36.0,,one-model-out,RF,nn,,
target_targets_consistency_in_neighborhood_mean,0.00661606418135436,25.0,,one-model-out,RF,nn,,
target_targets_consistency_in_neighborhood_q0,0.014611384007084137,13.0,,one-model-out,RF,nn,,
target_targets_consistency_in_neighborhood_q25,0.006670837900377543,24.0,,one-model-out,RF,nn,,
target_targets_consistency_in_neighborhood_q50,0.0038747672219421442,32.0,,one-model-out,RF,nn,,
target_targets_consistency_in_neighborhood_q75,0.0,55.5,,one-model-out,RF,nn,,
target_targets_consistency_in_neighborhood_q1,0.0,55.5,,one-model-out,RF,nn,,
target_targets_consistency_in_neighborhood_minmax,0.004695088657472559,30.0,,one-model-out,RF,nn,,
targets_and_approxs_consistency_in_neighborhood_mean,0.003712894248608535,33.0,,one-model-out,RF,nn,,
targets_and_approxs_consistency_in_neighborhood_q0,0.0,55.5,,one-model-out,RF,nn,,
targets_and_approxs_consistency_in_neighborhood_q25,0.002128326330532212,38.0,,one-model-out,RF,nn,,
targets_and_approxs_consistency_in_neighborhood_q50,0.0018759525625658337,39.0,,one-model-out,RF,nn,,
targets_and_approxs_consistency_in_neighborhood_q75,0.0,55.5,,one-model-out,RF,nn,,
targets_and_approxs_consistency_in_neighborhood_q1,0.0,55.5,,one-model-out,RF,nn,,
targets_and_approxs_consistency_in_neighborhood_minmax,0.0013014125386996906,43.0,,one-model-out,RF,nn,,
target_diversity_in_neighborhood_mean,0.01039424153152168,17.0,,one-model-out,RF,nn,,
target_diversity_in_neighborhood_q0,0.0,55.5,,one-model-out,RF,nn,,
target_diversity_in_neighborhood_q25,0.0,55.5,,one-model-out,RF,nn,,
target_diversity_in_neighborhood_q50,0.0,55.5,,one-model-out,RF,nn,,
target_diversity_in_neighborhood_q75,0.0035789121868843228,34.0,,one-model-out,RF,nn,,
target_diversity_in_neighborhood_q1,0.0,55.5,,one-model-out,RF,nn,,
target_diversity_in_neighborhood_minmax,0.0,55.5,,one-model-out,RF,nn,,
approx_diversity_in_neighborhood_mean,0.005360601572669498,28.0,,one-model-out,RF,nn,,
approx_diversity_in_neighborhood_q0,0.0,55.5,,one-model-out,RF,nn,,
approx_diversity_in_neighborhood_q25,0.0,55.5,,one-model-out,RF,nn,,
approx_diversity_in_neighborhood_q50,0.0059310598940533156,26.0,,one-model-out,RF,nn,,
approx_diversity_in_neighborhood_q75,0.010138157109434682,18.0,,one-model-out,RF,nn,,
approx_diversity_in_neighborhood_q1,0.0013409818370054443,42.0,,one-model-out,RF,nn,,
approx_diversity_in_neighborhood_minmax,0.00415704975171887,31.0,,one-model-out,RF,nn,,
bacc_test_mean,0.09254104875742276,4.0,,one-model-out,RF,nn,,
bacc_test_q0,0.08241731268613903,6.0,,one-model-out,RF,nn,,
bacc_test_q25,0.10325787437507376,2.0,,one-model-out,RF,nn,,
bacc_test_q50,0.08569587261402582,5.0,,one-model-out,RF,nn,,
bacc_test_q75,0.10478281257199085,1.0,,one-model-out,RF,nn,,
bacc_test_q1,0.09605611450095632,3.0,,one-model-out,RF,nn,,
bacc_test_minmax,0.0,55.5,,one-model-out,RF,nn,,
n_test,0.0022685374149659858,39.0,,one-model-out,RF,svm,,
n_classes,0.0,58.0,,one-model-out,RF,svm,,
neighborhood_size_mean,0.024989392228716767,10.0,,one-model-out,RF,svm,,
neighborhood_size_q0,0.0,58.0,,one-model-out,RF,svm,,
neighborhood_size_q25,0.018269423500065243,14.0,,one-model-out,RF,svm,,
neighborhood_size_q50,0.03601508450690551,8.0,,one-model-out,RF,svm,,
neighborhood_size_q75,0.0031236644855570693,36.0,,one-model-out,RF,svm,,
neighborhood_size_q1,0.0,58.0,,one-model-out,RF,svm,,
neighborhood_size_minmax,0.0,58.0,,one-model-out,RF,svm,,
uncertainty_mean,0.005494690657334519,30.0,,one-model-out,RF,svm,,
uncertainty_q0,0.006300885790828078,28.0,,one-model-out,RF,svm,,
uncertainty_q25,0.009944344977740287,19.0,,one-model-out,RF,svm,,
uncertainty_q50,0.008108350912522065,23.0,,one-model-out,RF,svm,,
uncertainty_q75,0.009852895285984362,20.0,,one-model-out,RF,svm,,
uncertainty_q1,0.012816842487752098,16.0,,one-model-out,RF,svm,,
uncertainty_minmax,0.006409035901169769,26.0,,one-model-out,RF,svm,,
target_approx_consistency_in_neighborhood_mean,0.002658605314655507,37.0,,one-model-out,RF,svm,,
target_approx_consistency_in_neighborhood_q0,0.010836478738652651,17.0,,one-model-out,RF,svm,,
target_approx_consistency_in_neighborhood_q25,0.002242650103519668,40.0,,one-model-out,RF,svm,,
target_approx_consistency_in_neighborhood_q50,0.010439942264216575,18.0,,one-model-out,RF,svm,,
target_approx_consistency_in_neighborhood_q75,0.0063669590643274845,27.0,,one-model-out,RF,svm,,
target_approx_consistency_in_neighborhood_q1,0.0,58.0,,one-model-out,RF,svm,,
target_approx_consistency_in_neighborhood_minmax,0.005604395604395605,29.0,,one-model-out,RF,svm,,
pred_targets_consistency_in_neighborhood_mean,0.040076085389536054,7.0,,one-model-out,RF,svm,,
pred_targets_consistency_in_neighborhood_q0,0.007921921672189206,24.0,,one-model-out,RF,svm,,
pred_targets_consistency_in_neighborhood_q25,0.009287934072174504,21.0,,one-model-out,RF,svm,,
pred_targets_consistency_in_neighborhood_q50,0.024768846882018237,11.0,,one-model-out,RF,svm,,
pred_targets_consistency_in_neighborhood_q75,0.005449646320810003,31.0,,one-model-out,RF,svm,,
pred_targets_consistency_in_neighborhood_q1,0.0,58.0,,one-model-out,RF,svm,,
pred_targets_consistency_in_neighborhood_minmax,0.004078218187041719,32.0,,one-model-out,RF,svm,,
target_targets_consistency_in_neighborhood_mean,0.012854614359486927,15.0,,one-model-out,RF,svm,,
target_targets_consistency_in_neighborhood_q0,0.021623275612512535,12.0,,one-model-out,RF,svm,,
target_targets_consistency_in_neighborhood_q25,0.021582619964221627,13.0,,one-model-out,RF,svm,,
target_targets_consistency_in_neighborhood_q50,0.008286064425770307,22.0,,one-model-out,RF,svm,,
target_targets_consistency_in_neighborhood_q75,0.0006666666666666666,48.0,,one-model-out,RF,svm,,
target_targets_consistency_in_neighborhood_q1,0.0,58.0,,one-model-out,RF,svm,,
target_targets_consistency_in_neighborhood_minmax,0.035669095056690955,9.0,,one-model-out,RF,svm,,
targets_and_approxs_consistency_in_neighborhood_mean,0.0007575757575757576,47.0,,one-model-out,RF,svm,,
targets_and_approxs_consistency_in_neighborhood_q0,0.0012398989898989902,43.0,,one-model-out,RF,svm,,
targets_and_approxs_consistency_in_neighborhood_q25,0.003399801587301588,34.0,,one-model-out,RF,svm,,
targets_and_approxs_consistency_in_neighborhood_q50,0.000529100529100529,49.0,,one-model-out,RF,svm,,
targets_and_approxs_consistency_in_neighborhood_q75,0.0,58.0,,one-model-out,RF,svm,,
targets_and_approxs_consistency_in_neighborhood_q1,0.0,58.0,,one-model-out,RF,svm,,
targets_and_approxs_consistency_in_neighborhood_minmax,0.0008928571428571426,46.0,,one-model-out,RF,svm,,
target_diversity_in_neighborhood_mean,0.003153652765454008,35.0,,one-model-out,RF,svm,,
target_diversity_in_neighborhood_q0,0.0,58.0,,one-model-out,RF,svm,,
target_diversity_in_neighborhood_q25,0.0,58.0,,one-model-out,RF,svm,,
target_diversity_in_neighborhood_q50,0.0009920634920634918,45.0,,one-model-out,RF,svm,,
target_diversity_in_neighborhood_q75,0.0068844326186901375,25.0,,one-model-out,RF,svm,,
target_diversity_in_neighborhood_q1,0.0016544117647058823,42.0,,one-model-out,RF,svm,,
target_diversity_in_neighborhood_minmax,0.0,58.0,,one-model-out,RF,svm,,
approx_diversity_in_neighborhood_mean,0.003540201118326119,33.0,,one-model-out,RF,svm,,
approx_diversity_in_neighborhood_q0,0.0,58.0,,one-model-out,RF,svm,,
approx_diversity_in_neighborhood_q25,0.0,58.0,,one-model-out,RF,svm,,
approx_diversity_in_neighborhood_q50,0.0010573449296275388,44.0,,one-model-out,RF,svm,,
approx_diversity_in_neighborhood_q75,0.0024942406521353895,38.0,,one-model-out,RF,svm,,
approx_diversity_in_neighborhood_q1,0.0019260077895661418,41.0,,one-model-out,RF,svm,,
approx_diversity_in_neighborhood_minmax,0.0004827780914737441,50.0,,one-model-out,RF,svm,,
bacc_test_mean,0.10783789628022473,3.0,,one-model-out,RF,svm,,
bacc_test_q0,0.09081733524824097,5.0,,one-model-out,RF,svm,,
bacc_test_q25,0.09326390905641199,4.0,,one-model-out,RF,svm,,
bacc_test_q50,0.08446742587951028,6.0,,one-model-out,RF,svm,,
bacc_test_q75,0.11257335570203217,1.0,,one-model-out,RF,svm,,
bacc_test_q1,0.1080285427563754,2.0,,one-model-out,RF,svm,,
bacc_test_minmax,0.0,58.0,,one-model-out,RF,svm,,
n_test,0.002552628324056895,40.0,,one-model-out,RF,xgb,,
n_classes,0.0,57.0,,one-model-out,RF,xgb,,
neighborhood_size_mean,0.022220357864118797,11.0,,one-model-out,RF,xgb,,
neighborhood_size_q0,0.0,57.0,,one-model-out,RF,xgb,,
neighborhood_size_q25,0.013634146426329088,16.0,,one-model-out,RF,xgb,,
neighborhood_size_q50,0.03229100314538062,8.0,,one-model-out,RF,xgb,,
neighborhood_size_q75,0.0013120702826585182,44.0,,one-model-out,RF,xgb,,
neighborhood_size_q1,0.0,57.0,,one-model-out,RF,xgb,,
neighborhood_size_minmax,0.0,57.0,,one-model-out,RF,xgb,,
uncertainty_mean,0.006201126130074339,27.0,,one-model-out,RF,xgb,,
uncertainty_q0,0.008001517701475516,22.0,,one-model-out,RF,xgb,,
uncertainty_q25,0.007052932092809601,26.0,,one-model-out,RF,xgb,,
uncertainty_q50,0.004523799393187938,36.0,,one-model-out,RF,xgb,,
uncertainty_q75,0.008517380556208123,20.0,,one-model-out,RF,xgb,,
uncertainty_q1,0.007586916346641747,25.0,,one-model-out,RF,xgb,,
uncertainty_minmax,0.01512020032094196,15.0,,one-model-out,RF,xgb,,
target_approx_consistency_in_neighborhood_mean,0.0033079559640061566,38.0,,one-model-out,RF,xgb,,
target_approx_consistency_in_neighborhood_q0,0.010836478738652651,17.0,,one-model-out,RF,xgb,,
target_approx_consistency_in_neighborhood_q25,0.0046093240362727736,34.0,,one-model-out,RF,xgb,,
target_approx_consistency_in_neighborhood_q50,0.010439942264216575,18.0,,one-model-out,RF,xgb,,
target_approx_consistency_in_neighborhood_q75,0.010357752087729204,19.0,,one-model-out,RF,xgb,,
target_approx_consistency_in_neighborhood_q1,0.0,57.0,,one-model-out,RF,xgb,,
target_approx_consistency_in_neighborhood_minmax,0.005604395604395605,30.0,,one-model-out,RF,xgb,,
pred_targets_consistency_in_neighborhood_mean,0.03281216458157836,7.0,,one-model-out,RF,xgb,,
pred_targets_consistency_in_neighborhood_q0,0.007993257712280842,23.0,,one-model-out,RF,xgb,,
pred_targets_consistency_in_neighborhood_q25,0.02138976596896993,12.0,,one-model-out,RF,xgb,,
pred_targets_consistency_in_neighborhood_q50,0.026901668008260417,10.0,,one-model-out,RF,xgb,,
pred_targets_consistency_in_neighborhood_q75,0.004856499532011041,31.0,,one-model-out,RF,xgb,,
pred_targets_consistency_in_neighborhood_q1,0.0,57.0,,one-model-out,RF,xgb,,
pred_targets_consistency_in_neighborhood_minmax,0.006059589794327048,28.0,,one-model-out,RF,xgb,,
target_targets_consistency_in_neighborhood_mean,0.0080881680388358,21.0,,one-model-out,RF,xgb,,
target_targets_consistency_in_neighborhood_q0,0.01735222364377413,13.0,,one-model-out,RF,xgb,,
target_targets_consistency_in_neighborhood_q25,0.015949733094899,14.0,,one-model-out,RF,xgb,,
target_targets_consistency_in_neighborhood_q50,0.004791666666666666,33.0,,one-model-out,RF,xgb,,
target_targets_consistency_in_neighborhood_q75,0.00228667553978113,41.0,,one-model-out,RF,xgb,,
target_targets_consistency_in_neighborhood_q1,0.0,57.0,,one-model-out,RF,xgb,,
target_targets_consistency_in_neighborhood_minmax,0.027814406177192618,9.0,,one-model-out,RF,xgb,,
targets_and_approxs_consistency_in_neighborhood_mean,0.002058080808080808,42.0,,one-model-out,RF,xgb,,
targets_and_approxs_consistency_in_neighborhood_q0,0.0019501262626262627,43.0,,one-model-out,RF,xgb,,
targets_and_approxs_consistency_in_neighborhood_q25,0.004849076949620428,32.0,,one-model-out,RF,xgb,,
targets_and_approxs_consistency_in_neighborhood_q50,0.0006349206349206347,46.0,,one-model-out,RF,xgb,,
targets_and_approxs_consistency_in_neighborhood_q75,0.0,57.0,,one-model-out,RF,xgb,,
targets_and_approxs_consistency_in_neighborhood_q1,0.0,57.0,,one-model-out,RF,xgb,,
targets_and_approxs_consistency_in_neighborhood_minmax,0.0,57.0,,one-model-out,RF,xgb,,
target_diversity_in_neighborhood_mean,0.003153652765454008,39.0,,one-model-out,RF,xgb,,
target_diversity_in_neighborhood_q0,0.0,57.0,,one-model-out,RF,xgb,,
target_diversity_in_neighborhood_q25,0.0,57.0,,one-model-out,RF,xgb,,
target_diversity_in_neighborhood_q50,0.0009920634920634918,45.0,,one-model-out,RF,xgb,,
target_diversity_in_neighborhood_q75,0.00763799734100486,24.0,,one-model-out,RF,xgb,,
target_diversity_in_neighborhood_q1,0.0,57.0,,one-model-out,RF,xgb,,
target_diversity_in_neighborhood_minmax,0.0,57.0,,one-model-out,RF,xgb,,
approx_diversity_in_neighborhood_mean,0.004565314406597302,35.0,,one-model-out,RF,xgb,,
approx_diversity_in_neighborhood_q0,0.0,57.0,,one-model-out,RF,xgb,,
approx_diversity_in_neighborhood_q25,0.0,57.0,,one-model-out,RF,xgb,,
approx_diversity_in_neighborhood_q50,0.0002902994750820842,48.0,,one-model-out,RF,xgb,,
approx_diversity_in_neighborhood_q75,0.005625536099607308,29.0,,one-model-out,RF,xgb,,
approx_diversity_in_neighborhood_q1,0.0036994698538176797,37.0,,one-model-out,RF,xgb,,
approx_diversity_in_neighborhood_minmax,0.0004827780914737441,47.0,,one-model-out,RF,xgb,,
bacc_test_mean,0.10480284303112077,4.0,,one-model-out,RF,xgb,,
bacc_test_q0,0.10488908782144118,3.0,,one-model-out,RF,xgb,,
bacc_test_q25,0.09057600740631769,6.0,,one-model-out,RF,xgb,,
bacc_test_q50,0.09080920155552509,5.0,,one-model-out,RF,xgb,,
bacc_test_q75,0.10591093700157,2.0,,one-model-out,RF,xgb,,
bacc_test_q1,0.1166068609659436,1.0,,one-model-out,RF,xgb,,
bacc_test_minmax,0.0,57.0,,one-model-out,RF,xgb,,
n_test,0.0004266640866873066,47.0,,10-fold cross-validation,RF,,0.0,
n_classes,0.0,57.0,,10-fold cross-validation,RF,,0.0,
neighborhood_size_mean,0.007944408702680763,23.0,,10-fold cross-validation,RF,,0.0,
neighborhood_size_q0,0.0,57.0,,10-fold cross-validation,RF,,0.0,
neighborhood_size_q25,0.002853072853072853,35.0,,10-fold cross-validation,RF,,0.0,
neighborhood_size_q50,0.013990312879709723,13.0,,10-fold cross-validation,RF,,0.0,
neighborhood_size_q75,0.00887033709535364,19.0,,10-fold cross-validation,RF,,0.0,
neighborhood_size_q1,0.0,57.0,,10-fold cross-validation,RF,,0.0,
neighborhood_size_minmax,0.0,57.0,,10-fold cross-validation,RF,,0.0,
uncertainty_mean,0.010562312721024356,18.0,,10-fold cross-validation,RF,,0.0,
uncertainty_q0,0.008787956831283236,20.0,,10-fold cross-validation,RF,,0.0,
uncertainty_q25,0.008142754613489738,22.0,,10-fold cross-validation,RF,,0.0,
uncertainty_q50,0.007682901339296499,25.0,,10-fold cross-validation,RF,,0.0,
uncertainty_q75,0.013271843869961721,15.0,,10-fold cross-validation,RF,,0.0,
uncertainty_q1,0.007250316665183804,26.0,,10-fold cross-validation,RF,,0.0,
uncertainty_minmax,0.008736549988270444,21.0,,10-fold cross-validation,RF,,0.0,
target_approx_consistency_in_neighborhood_mean,0.017169635830353223,11.0,,10-fold cross-validation,RF,,0.0,
target_approx_consistency_in_neighborhood_q0,0.005400641025641025,29.0,,10-fold cross-validation,RF,,0.0,
target_approx_consistency_in_neighborhood_q25,0.0039505627007145536,32.0,,10-fold cross-validation,RF,,0.0,
target_approx_consistency_in_neighborhood_q50,0.003766025641025641,33.0,,10-fold cross-validation,RF,,0.0,
target_approx_consistency_in_neighborhood_q75,0.0013257575757575756,43.0,,10-fold cross-validation,RF,,0.0,
target_approx_consistency_in_neighborhood_q1,0.0,57.0,,10-fold cross-validation,RF,,0.0,
target_approx_consistency_in_neighborhood_minmax,0.0018181818181818182,38.0,,10-fold cross-validation,RF,,0.0,
pred_targets_consistency_in_neighborhood_mean,0.046944924325018,8.0,,10-fold cross-validation,RF,,0.0,
pred_targets_consistency_in_neighborhood_q0,0.004057711841402811,31.0,,10-fold cross-validation,RF,,0.0,
pred_targets_consistency_in_neighborhood_q25,0.03313750323070945,9.0,,10-fold cross-validation,RF,,0.0,
pred_targets_consistency_in_neighborhood_q50,0.05305939581687563,7.0,,10-fold cross-validation,RF,,0.0,
pred_targets_consistency_in_neighborhood_q75,0.016103931698190684,12.0,,10-fold cross-validation,RF,,0.0,
pred_targets_consistency_in_neighborhood_q1,0.0,57.0,,10-fold cross-validation,RF,,0.0,
pred_targets_consistency_in_neighborhood_minmax,0.003447430879000877,34.0,,10-fold cross-validation,RF,,0.0,
target_targets_consistency_in_neighborhood_mean,0.011235493258573663,17.0,,10-fold cross-validation,RF,,0.0,
target_targets_consistency_in_neighborhood_q0,0.013619469968828492,14.0,,10-fold cross-validation,RF,,0.0,
target_targets_consistency_in_neighborhood_q25,0.012585589382703353,16.0,,10-fold cross-validation,RF,,0.0,
target_targets_consistency_in_neighborhood_q50,0.007768695889738986,24.0,,10-fold cross-validation,RF,,0.0,
target_targets_consistency_in_neighborhood_q75,0.0014842235744872657,42.0,,10-fold cross-validation,RF,,0.0,
target_targets_consistency_in_neighborhood_q1,0.0,57.0,,10-fold cross-validation,RF,,0.0,
target_targets_consistency_in_neighborhood_minmax,0.02439684350446371,10.0,,10-fold cross-validation,RF,,0.0,
targets_and_approxs_consistency_in_neighborhood_mean,8.838383838383832e-05,48.0,,10-fold cross-validation,RF,,0.0,
targets_and_approxs_consistency_in_neighborhood_q0,0.0005489679402722883,45.0,,10-fold cross-validation,RF,,0.0,
targets_and_approxs_consistency_in_neighborhood_q25,0.0015111838141729447,41.0,,10-fold cross-validation,RF,,0.0,
targets_and_approxs_consistency_in_neighborhood_q50,0.0005311321830343565,46.0,,10-fold cross-validation,RF,,0.0,
targets_and_approxs_consistency_in_neighborhood_q75,0.0,57.0,,10-fold cross-validation,RF,,0.0,
targets_and_approxs_consistency_in_neighborhood_q1,0.0,57.0,,10-fold cross-validation,RF,,0.0,
targets_and_approxs_consistency_in_neighborhood_minmax,0.0017386492854971113,39.0,,10-fold cross-validation,RF,,0.0,
target_diversity_in_neighborhood_mean,0.004134249975242622,30.0,,10-fold cross-validation,RF,,0.0,
target_diversity_in_neighborhood_q0,0.0,57.0,,10-fold cross-validation,RF,,0.0,
target_diversity_in_neighborhood_q25,0.0,57.0,,10-fold cross-validation,RF,,0.0,
target_diversity_in_neighborhood_q50,0.0,57.0,,10-fold cross-validation,RF,,0.0,
target_diversity_in_neighborhood_q75,0.005586161235811586,28.0,,10-fold cross-validation,RF,,0.0,
target_diversity_in_neighborhood_q1,0.0,57.0,,10-fold cross-validation,RF,,0.0,
target_diversity_in_neighborhood_minmax,0.0,57.0,,10-fold cross-validation,RF,,0.0,
approx_diversity_in_neighborhood_mean,0.002545539142821752,36.0,,10-fold cross-validation,RF,,0.0,
approx_diversity_in_neighborhood_q0,0.0,57.0,,10-fold cross-validation,RF,,0.0,
approx_diversity_in_neighborhood_q25,0.0,57.0,,10-fold cross-validation,RF,,0.0,
approx_diversity_in_neighborhood_q50,0.0016666666666666657,40.0,,10-fold cross-validation,RF,,0.0,
approx_diversity_in_neighborhood_q75,0.006418518670871613,27.0,,10-fold cross-validation,RF,,0.0,
approx_diversity_in_neighborhood_q1,0.0010584127929236633,44.0,,10-fold cross-validation,RF,,0.0,
approx_diversity_in_neighborhood_minmax,0.0023886868304948804,37.0,,10-fold cross-validation,RF,,0.0,
bacc_test_mean,0.10803389673851813,3.0,,10-fold cross-validation,RF,,0.0,
bacc_test_q0,0.10017638393921624,4.0,,10-fold cross-validation,RF,,0.0,
bacc_test_q25,0.0886452926430623,6.0,,10-fold cross-validation,RF,,0.0,
bacc_test_q50,0.08915603997855634,5.0,,10-fold cross-validation,RF,,0.0,
bacc_test_q75,0.11205987857317616,2.0,,10-fold cross-validation,RF,,0.0,
bacc_test_q1,0.11392050614359663,1.0,,10-fold cross-validation,RF,,0.0,
bacc_test_minmax,0.0,57.0,,10-fold cross-validation,RF,,0.0,
n_test,0.0,58.0,,10-fold cross-validation,RF,,1.0,
n_classes,0.0,58.0,,10-fold cross-validation,RF,,1.0,
neighborhood_size_mean,0.019193723475070815,12.0,,10-fold cross-validation,RF,,1.0,
neighborhood_size_q0,0.0,58.0,,10-fold cross-validation,RF,,1.0,
neighborhood_size_q25,0.005456918253744879,32.0,,10-fold cross-validation,RF,,1.0,
neighborhood_size_q50,0.01782261914593397,13.0,,10-fold cross-validation,RF,,1.0,
neighborhood_size_q75,0.005978635316703498,30.0,,10-fold cross-validation,RF,,1.0,
neighborhood_size_q1,0.0,58.0,,10-fold cross-validation,RF,,1.0,
neighborhood_size_minmax,0.0,58.0,,10-fold cross-validation,RF,,1.0,
uncertainty_mean,0.008306252329379756,24.0,,10-fold cross-validation,RF,,1.0,
uncertainty_q0,0.007681122624113629,26.0,,10-fold cross-validation,RF,,1.0,
uncertainty_q25,0.00910504416747434,19.0,,10-fold cross-validation,RF,,1.0,
uncertainty_q50,0.009013732155052488,20.0,,10-fold cross-validation,RF,,1.0,
uncertainty_q75,0.009648744131284154,18.0,,10-fold cross-validation,RF,,1.0,
uncertainty_q1,0.006444202147868916,29.0,,10-fold cross-validation,RF,,1.0,
uncertainty_minmax,0.007248661106109956,27.0,,10-fold cross-validation,RF,,1.0,
target_approx_consistency_in_neighborhood_mean,0.016074280233230976,14.0,,10-fold cross-validation,RF,,1.0,
target_approx_consistency_in_neighborhood_q0,0.015033052265654465,15.0,,10-fold cross-validation,RF,,1.0,
target_approx_consistency_in_neighborhood_q25,0.006959680348121667,28.0,,10-fold cross-validation,RF,,1.0,
target_approx_consistency_in_neighborhood_q50,0.003022121212121212,35.0,,10-fold cross-validation,RF,,1.0,
target_approx_consistency_in_neighborhood_q75,0.0023762531328320796,37.0,,10-fold cross-validation,RF,,1.0,
target_approx_consistency_in_neighborhood_q1,0.0,58.0,,10-fold cross-validation,RF,,1.0,
target_approx_consistency_in_neighborhood_minmax,0.008725886182782734,23.0,,10-fold cross-validation,RF,,1.0,
pred_targets_consistency_in_neighborhood_mean,0.023403337504285648,9.0,,10-fold cross-validation,RF,,1.0,
pred_targets_consistency_in_neighborhood_q0,0.003516051654423094,34.0,,10-fold cross-validation,RF,,1.0,
pred_targets_consistency_in_neighborhood_q25,0.03422446874013257,8.0,,10-fold cross-validation,RF,,1.0,
pred_targets_consistency_in_neighborhood_q50,0.021146780204832058,11.0,,10-fold cross-validation,RF,,1.0,
pred_targets_consistency_in_neighborhood_q75,0.01011572843231202,17.0,,10-fold cross-validation,RF,,1.0,
pred_targets_consistency_in_neighborhood_q1,0.0,58.0,,10-fold cross-validation,RF,,1.0,
pred_targets_consistency_in_neighborhood_minmax,0.005976475692042114,31.0,,10-fold cross-validation,RF,,1.0,
target_targets_consistency_in_neighborhood_mean,0.014239287431145331,16.0,,10-fold cross-validation,RF,,1.0,
target_targets_consistency_in_neighborhood_q0,0.023260117790345588,10.0,,10-fold cross-validation,RF,,1.0,
target_targets_consistency_in_neighborhood_q25,0.008841104238863423,22.0,,10-fold cross-validation,RF,,1.0,
target_targets_consistency_in_neighborhood_q50,0.0049000878348704445,33.0,,10-fold cross-validation,RF,,1.0,
target_targets_consistency_in_neighborhood_q75,0.0017889292724819039,41.0,,10-fold cross-validation,RF,,1.0,
target_targets_consistency_in_neighborhood_q1,0.0,58.0,,10-fold cross-validation,RF,,1.0,
target_targets_consistency_in_neighborhood_minmax,0.03443739410969175,7.0,,10-fold cross-validation,RF,,1.0,
targets_and_approxs_consistency_in_neighborhood_mean,0.00044070512820512865,48.0,,10-fold cross-validation,RF,,1.0,
targets_and_approxs_consistency_in_neighborhood_q0,0.0020534188034188033,40.0,,10-fold cross-validation,RF,,1.0,
targets_and_approxs_consistency_in_neighborhood_q25,0.0016641540875609504,42.0,,10-fold cross-validation,RF,,1.0,
targets_and_approxs_consistency_in_neighborhood_q50,0.0008405982905982906,44.0,,10-fold cross-validation,RF,,1.0,
targets_and_approxs_consistency_in_neighborhood_q75,0.0,58.0,,10-fold cross-validation,RF,,1.0,
targets_and_approxs_consistency_in_neighborhood_q1,0.0,58.0,,10-fold cross-validation,RF,,1.0,
targets_and_approxs_consistency_in_neighborhood_minmax,0.00044210419210419217,47.0,,10-fold cross-validation,RF,,1.0,
target_diversity_in_neighborhood_mean,0.0021929824561403503,38.0,,10-fold cross-validation,RF,,1.0,
target_diversity_in_neighborhood_q0,0.0,58.0,,10-fold cross-validation,RF,,1.0,
target_diversity_in_neighborhood_q25,7.548309178743977e-05,50.0,,10-fold cross-validation,RF,,1.0,
target_diversity_in_neighborhood_q50,0.00041623533471359564,49.0,,10-fold cross-validation,RF,,1.0,
target_diversity_in_neighborhood_q75,0.007769991934394109,25.0,,10-fold cross-validation,RF,,1.0,
target_diversity_in_neighborhood_q1,0.0007380135163899532,45.0,,10-fold cross-validation,RF,,1.0,
target_diversity_in_neighborhood_minmax,0.0021867340686274506,39.0,,10-fold cross-validation,RF,,1.0,
approx_diversity_in_neighborhood_mean,0.008956937477081954,21.0,,10-fold cross-validation,RF,,1.0,
approx_diversity_in_neighborhood_q0,0.0,58.0,,10-fold cross-validation,RF,,1.0,
approx_diversity_in_neighborhood_q25,0.0,58.0,,10-fold cross-validation,RF,,1.0,
approx_diversity_in_neighborhood_q50,0.0,58.0,,10-fold cross-validation,RF,,1.0,
approx_diversity_in_neighborhood_q75,0.0030186860598402352,36.0,,10-fold cross-validation,RF,,1.0,
approx_diversity_in_neighborhood_q1,0.0013705321561601755,43.0,,10-fold cross-validation,RF,,1.0,
approx_diversity_in_neighborhood_minmax,0.0007171641808609034,46.0,,10-fold cross-validation,RF,,1.0,
bacc_test_mean,0.10725249561449235,4.0,,10-fold cross-validation,RF,,1.0,
bacc_test_q0,0.1073521335858398,3.0,,10-fold cross-validation,RF,,1.0,
bacc_test_q25,0.09370217231911,5.0,,10-fold cross-validation,RF,,1.0,
bacc_test_q50,0.08018483006969493,6.0,,10-fold cross-validation,RF,,1.0,
bacc_test_q75,0.11385128032974205,2.0,,10-fold cross-validation,RF,,1.0,
bacc_test_q1,0.12083265617033183,1.0,,10-fold cross-validation,RF,,1.0,
bacc_test_minmax,0.0,58.0,,10-fold cross-validation,RF,,1.0,
n_test,0.0001881720430107525,49.0,,10-fold cross-validation,RF,,2.0,
n_classes,0.0,58.5,,10-fold cross-validation,RF,,2.0,
neighborhood_size_mean,0.022366420507956678,10.0,,10-fold cross-validation,RF,,2.0,
neighborhood_size_q0,0.0,58.5,,10-fold cross-validation,RF,,2.0,
neighborhood_size_q25,0.012064652325807931,16.0,,10-fold cross-validation,RF,,2.0,
neighborhood_size_q50,0.02552844952522747,9.0,,10-fold cross-validation,RF,,2.0,
neighborhood_size_q75,0.005716609677087619,27.0,,10-fold cross-validation,RF,,2.0,
neighborhood_size_q1,0.0,58.5,,10-fold cross-validation,RF,,2.0,
neighborhood_size_minmax,0.0,58.5,,10-fold cross-validation,RF,,2.0,
uncertainty_mean,0.011238336575618875,18.0,,10-fold cross-validation,RF,,2.0,
uncertainty_q0,0.004466417107218582,30.0,,10-fold cross-validation,RF,,2.0,
uncertainty_q25,0.0054441434809895115,28.0,,10-fold cross-validation,RF,,2.0,
uncertainty_q50,0.007001031358609999,26.0,,10-fold cross-validation,RF,,2.0,
uncertainty_q75,0.0075420275062580274,24.0,,10-fold cross-validation,RF,,2.0,
uncertainty_q1,0.007843012950204198,22.0,,10-fold cross-validation,RF,,2.0,
uncertainty_minmax,0.00943435996063234,19.0,,10-fold cross-validation,RF,,2.0,
target_approx_consistency_in_neighborhood_mean,0.008211942341715506,21.0,,10-fold cross-validation,RF,,2.0,
target_approx_consistency_in_neighborhood_q0,0.0035506560166886254,36.0,,10-fold cross-validation,RF,,2.0,
target_approx_consistency_in_neighborhood_q25,0.0041263382816014394,32.0,,10-fold cross-validation,RF,,2.0,
target_approx_consistency_in_neighborhood_q50,0.004118333333333332,33.0,,10-fold cross-validation,RF,,2.0,
target_approx_consistency_in_neighborhood_q75,0.0011111111111111115,42.0,,10-fold cross-validation,RF,,2.0,
target_approx_consistency_in_neighborhood_q1,0.0,58.5,,10-fold cross-validation,RF,,2.0,
target_approx_consistency_in_neighborhood_minmax,0.0022222222222222222,38.0,,10-fold cross-validation,RF,,2.0,
pred_targets_consistency_in_neighborhood_mean,0.02161873902556026,11.0,,10-fold cross-validation,RF,,2.0,
pred_targets_consistency_in_neighborhood_q0,0.011531603350875892,17.0,,10-fold cross-validation,RF,,2.0,
pred_targets_consistency_in_neighborhood_q25,0.018668970405812512,13.0,,10-fold cross-validation,RF,,2.0,
pred_targets_consistency_in_neighborhood_q50,0.031493904318803105,8.0,,10-fold cross-validation,RF,,2.0,
pred_targets_consistency_in_neighborhood_q75,0.018146483197221862,14.0,,10-fold cross-validation,RF,,2.0,
pred_targets_consistency_in_neighborhood_q1,0.0005417956656346751,46.0,,10-fold cross-validation,RF,,2.0,
pred_targets_consistency_in_neighborhood_minmax,0.007024176618470098,25.0,,10-fold cross-validation,RF,,2.0,
target_targets_consistency_in_neighborhood_mean,0.007653082480385111,23.0,,10-fold cross-validation,RF,,2.0,
target_targets_consistency_in_neighborhood_q0,0.02097133669663753,12.0,,10-fold cross-validation,RF,,2.0,
target_targets_consistency_in_neighborhood_q25,0.014151770746043745,15.0,,10-fold cross-validation,RF,,2.0,
target_targets_consistency_in_neighborhood_q50,0.0040188523162661095,35.0,,10-fold cross-validation,RF,,2.0,
target_targets_consistency_in_neighborhood_q75,0.004948683721567017,29.0,,10-fold cross-validation,RF,,2.0,
target_targets_consistency_in_neighborhood_q1,0.0,58.5,,10-fold cross-validation,RF,,2.0,
target_targets_consistency_in_neighborhood_minmax,0.032678046783483614,7.0,,10-fold cross-validation,RF,,2.0,
targets_and_approxs_consistency_in_neighborhood_mean,0.00168481351981352,39.0,,10-fold cross-validation,RF,,2.0,
targets_and_approxs_consistency_in_neighborhood_q0,0.0005833333333333334,45.0,,10-fold cross-validation,RF,,2.0,
targets_and_approxs_consistency_in_neighborhood_q25,0.00018696581196581195,50.0,,10-fold cross-validation,RF,,2.0,
targets_and_approxs_consistency_in_neighborhood_q50,0.0008435695339143617,43.0,,10-fold cross-validation,RF,,2.0,
targets_and_approxs_consistency_in_neighborhood_q75,0.0005952380952380953,44.0,,10-fold cross-validation,RF,,2.0,
targets_and_approxs_consistency_in_neighborhood_q1,0.0,58.5,,10-fold cross-validation,RF,,2.0,
targets_and_approxs_consistency_in_neighborhood_minmax,2.1874999999999857e-05,51.0,,10-fold cross-validation,RF,,2.0,
target_diversity_in_neighborhood_mean,0.0003968253968253968,48.0,,10-fold cross-validation,RF,,2.0,
target_diversity_in_neighborhood_q0,0.0,58.5,,10-fold cross-validation,RF,,2.0,
target_diversity_in_neighborhood_q25,0.0004755434782608696,47.0,,10-fold cross-validation,RF,,2.0,
target_diversity_in_neighborhood_q50,0.0,58.5,,10-fold cross-validation,RF,,2.0,
target_diversity_in_neighborhood_q75,0.004052627611688333,34.0,,10-fold cross-validation,RF,,2.0,
target_diversity_in_neighborhood_q1,0.0,58.5,,10-fold cross-validation,RF,,2.0,
target_diversity_in_neighborhood_minmax,0.0,58.5,,10-fold cross-validation,RF,,2.0,
approx_diversity_in_neighborhood_mean,0.009352432428047418,20.0,,10-fold cross-validation,RF,,2.0,
approx_diversity_in_neighborhood_q0,0.0,58.5,,10-fold cross-validation,RF,,2.0,
approx_diversity_in_neighborhood_q25,0.0,58.5,,10-fold cross-validation,RF,,2.0,
approx_diversity_in_neighborhood_q50,0.001241919191919192,41.0,,10-fold cross-validation,RF,,2.0,
approx_diversity_in_neighborhood_q75,0.001338572316015925,40.0,,10-fold cross-validation,RF,,2.0,
approx_diversity_in_neighborhood_q1,0.004305377492877492,31.0,,10-fold cross-validation,RF,,2.0,
approx_diversity_in_neighborhood_minmax,0.002545355228901691,37.0,,10-fold cross-validation,RF,,2.0,
bacc_test_mean,0.10786562600027753,4.0,,10-fold cross-validation,RF,,2.0,
bacc_test_q0,0.11214598607726789,3.0,,10-fold cross-validation,RF,,2.0,
bacc_test_q25,0.09543252377398784,5.0,,10-fold cross-validation,RF,,2.0,
bacc_test_q50,0.08504657019225148,6.0,,10-fold cross-validation,RF,,2.0,
bacc_test_q75,0.11612174643204859,2.0,,10-fold cross-validation,RF,,2.0,
bacc_test_q1,0.12014141743330954,1.0,,10-fold cross-validation,RF,,2.0,
bacc_test_minmax,0.0,58.5,,10-fold cross-validation,RF,,2.0,
n_test,0.0016826923076923074,40.0,,10-fold cross-validation,RF,,3.0,
n_classes,0.0,58.0,,10-fold cross-validation,RF,,3.0,
neighborhood_size_mean,0.012788712269011182,15.0,,10-fold cross-validation,RF,,3.0,
neighborhood_size_q0,0.0,58.0,,10-fold cross-validation,RF,,3.0,
neighborhood_size_q25,0.014975819108067237,14.0,,10-fold cross-validation,RF,,3.0,
neighborhood_size_q50,0.0299783045598386,10.0,,10-fold cross-validation,RF,,3.0,
neighborhood_size_q75,0.0057772528703102025,31.0,,10-fold cross-validation,RF,,3.0,
neighborhood_size_q1,0.0,58.0,,10-fold cross-validation,RF,,3.0,
neighborhood_size_minmax,0.0,58.0,,10-fold cross-validation,RF,,3.0,
uncertainty_mean,0.008665051280611919,19.0,,10-fold cross-validation,RF,,3.0,
uncertainty_q0,0.006674363947914673,25.0,,10-fold cross-validation,RF,,3.0,
uncertainty_q25,0.005149153568807379,32.0,,10-fold cross-validation,RF,,3.0,
uncertainty_q50,0.007427382430603742,21.0,,10-fold cross-validation,RF,,3.0,
uncertainty_q75,0.0062269752949660724,28.0,,10-fold cross-validation,RF,,3.0,
uncertainty_q1,0.006803708962132874,24.0,,10-fold cross-validation,RF,,3.0,
uncertainty_minmax,0.004219817924000255,34.0,,10-fold cross-validation,RF,,3.0,
target_approx_consistency_in_neighborhood_mean,0.010228545688356903,18.0,,10-fold cross-validation,RF,,3.0,
target_approx_consistency_in_neighborhood_q0,0.0011217948717948717,42.0,,10-fold cross-validation,RF,,3.0,
target_approx_consistency_in_neighborhood_q25,0.0038091416271673565,35.0,,10-fold cross-validation,RF,,3.0,
target_approx_consistency_in_neighborhood_q50,0.006610954083924033,26.0,,10-fold cross-validation,RF,,3.0,
target_approx_consistency_in_neighborhood_q75,0.0064453229045014025,27.0,,10-fold cross-validation,RF,,3.0,
target_approx_consistency_in_neighborhood_q1,0.0,58.0,,10-fold cross-validation,RF,,3.0,
target_approx_consistency_in_neighborhood_minmax,0.0060332770677598265,29.0,,10-fold cross-validation,RF,,3.0,
pred_targets_consistency_in_neighborhood_mean,0.027127803062682424,11.0,,10-fold cross-validation,RF,,3.0,
pred_targets_consistency_in_neighborhood_q0,0.004581317174079031,33.0,,10-fold cross-validation,RF,,3.0,
pred_targets_consistency_in_neighborhood_q25,0.038637308191530106,7.0,,10-fold cross-validation,RF,,3.0,
pred_targets_consistency_in_neighborhood_q50,0.03541771542742334,8.0,,10-fold cross-validation,RF,,3.0,
pred_targets_consistency_in_neighborhood_q75,0.015160999843974864,13.0,,10-fold cross-validation,RF,,3.0,
pred_targets_consistency_in_neighborhood_q1,0.0010294117647058824,44.0,,10-fold cross-validation,RF,,3.0,
pred_targets_consistency_in_neighborhood_minmax,0.007110361450367491,22.0,,10-fold cross-validation,RF,,3.0,
target_targets_consistency_in_neighborhood_mean,0.008259469883659125,20.0,,10-fold cross-validation,RF,,3.0,
target_targets_consistency_in_neighborhood_q0,0.025845585608020746,12.0,,10-fold cross-validation,RF,,3.0,
target_targets_consistency_in_neighborhood_q25,0.010644487591934704,17.0,,10-fold cross-validation,RF,,3.0,
target_targets_consistency_in_neighborhood_q50,0.011029007325202978,16.0,,10-fold cross-validation,RF,,3.0,
target_targets_consistency_in_neighborhood_q75,0.006968599033816425,23.0,,10-fold cross-validation,RF,,3.0,
target_targets_consistency_in_neighborhood_q1,0.0,58.0,,10-fold cross-validation,RF,,3.0,
target_targets_consistency_in_neighborhood_minmax,0.03133413324205499,9.0,,10-fold cross-validation,RF,,3.0,
targets_and_approxs_consistency_in_neighborhood_mean,0.00043087121212121186,47.0,,10-fold cross-validation,RF,,3.0,
targets_and_approxs_consistency_in_neighborhood_q0,0.00034999999999999994,49.0,,10-fold cross-validation,RF,,3.0,
targets_and_approxs_consistency_in_neighborhood_q25,0.0013257575757575756,41.0,,10-fold cross-validation,RF,,3.0,
targets_and_approxs_consistency_in_neighborhood_q50,0.0005523989898989898,46.0,,10-fold cross-validation,RF,,3.0,
targets_and_approxs_consistency_in_neighborhood_q75,0.0,58.0,,10-fold cross-validation,RF,,3.0,
targets_and_approxs_consistency_in_neighborhood_q1,0.0,58.0,,10-fold cross-validation,RF,,3.0,
targets_and_approxs_consistency_in_neighborhood_minmax,0.0,58.0,,10-fold cross-validation,RF,,3.0,
target_diversity_in_neighborhood_mean,0.0031192036193441737,36.0,,10-fold cross-validation,RF,,3.0,
target_diversity_in_neighborhood_q0,0.0,58.0,,10-fold cross-validation,RF,,3.0,
target_diversity_in_neighborhood_q25,0.00016069788797061542,50.0,,10-fold cross-validation,RF,,3.0,
target_diversity_in_neighborhood_q50,0.00110479797979798,43.0,,10-fold cross-validation,RF,,3.0,
target_diversity_in_neighborhood_q75,0.005971761146127088,30.0,,10-fold cross-validation,RF,,3.0,
target_diversity_in_neighborhood_q1,0.0,58.0,,10-fold cross-validation,RF,,3.0,
target_diversity_in_neighborhood_minmax,0.0,58.0,,10-fold cross-validation,RF,,3.0,
approx_diversity_in_neighborhood_mean,0.0029844885989653686,37.0,,10-fold cross-validation,RF,,3.0,
approx_diversity_in_neighborhood_q0,0.0,58.0,,10-fold cross-validation,RF,,3.0,
approx_diversity_in_neighborhood_q25,0.0,58.0,,10-fold cross-validation,RF,,3.0,
approx_diversity_in_neighborhood_q50,0.0018967359269083403,39.0,,10-fold cross-validation,RF,,3.0,
approx_diversity_in_neighborhood_q75,0.0026719369811475076,38.0,,10-fold cross-validation,RF,,3.0,
approx_diversity_in_neighborhood_q1,0.0004061522359219729,48.0,,10-fold cross-validation,RF,,3.0,
approx_diversity_in_neighborhood_minmax,0.0005749654934437545,45.0,,10-fold cross-validation,RF,,3.0,
bacc_test_mean,0.10306511581707455,4.0,,10-fold cross-validation,RF,,3.0,
bacc_test_q0,0.10700216218627574,3.0,,10-fold cross-validation,RF,,3.0,
bacc_test_q25,0.09504783177930481,5.0,,10-fold cross-validation,RF,,3.0,
bacc_test_q50,0.08245583676339122,6.0,,10-fold cross-validation,RF,,3.0,
bacc_test_q75,0.11044828021535581,2.0,,10-fold cross-validation,RF,,3.0,
bacc_test_q1,0.11266653522428031,1.0,,10-fold cross-validation,RF,,3.0,
bacc_test_minmax,0.0,58.0,,10-fold cross-validation,RF,,3.0,
n_test,0.0014225659606094388,38.0,,10-fold cross-validation,RF,,4.0,
n_classes,0.0,56.0,,10-fold cross-validation,RF,,4.0,
neighborhood_size_mean,0.015571469370383817,14.0,,10-fold cross-validation,RF,,4.0,
neighborhood_size_q0,0.0,56.0,,10-fold cross-validation,RF,,4.0,
neighborhood_size_q25,0.012218818620992533,16.0,,10-fold cross-validation,RF,,4.0,
neighborhood_size_q50,0.024512810553531966,10.0,,10-fold cross-validation,RF,,4.0,
neighborhood_size_q75,0.003300353028613899,32.0,,10-fold cross-validation,RF,,4.0,
neighborhood_size_q1,0.0,56.0,,10-fold cross-validation,RF,,4.0,
neighborhood_size_minmax,0.0,56.0,,10-fold cross-validation,RF,,4.0,
uncertainty_mean,0.004356025694903131,31.0,,10-fold cross-validation,RF,,4.0,
uncertainty_q0,0.0031724028461959496,33.0,,10-fold cross-validation,RF,,4.0,
uncertainty_q25,0.007087905664804409,24.0,,10-fold cross-validation,RF,,4.0,
uncertainty_q50,0.006864990921920269,25.0,,10-fold cross-validation,RF,,4.0,
uncertainty_q75,0.006232896521724089,27.0,,10-fold cross-validation,RF,,4.0,
uncertainty_q1,0.010480201437264082,20.0,,10-fold cross-validation,RF,,4.0,
uncertainty_minmax,0.007913658981210131,22.0,,10-fold cross-validation,RF,,4.0,
target_approx_consistency_in_neighborhood_mean,0.015789073117887575,13.0,,10-fold cross-validation,RF,,4.0,
target_approx_consistency_in_neighborhood_q0,0.005801005747126437,28.0,,10-fold cross-validation,RF,,4.0,
target_approx_consistency_in_neighborhood_q25,0.006548105638951172,26.0,,10-fold cross-validation,RF,,4.0,
target_approx_consistency_in_neighborhood_q50,0.004601920216362406,30.0,,10-fold cross-validation,RF,,4.0,
target_approx_consistency_in_neighborhood_q75,0.0025830436249486594,35.0,,10-fold cross-validation,RF,,4.0,
target_approx_consistency_in_neighborhood_q1,0.0,56.0,,10-fold cross-validation,RF,,4.0,
target_approx_consistency_in_neighborhood_minmax,0.0074276083112290005,23.0,,10-fold cross-validation,RF,,4.0,
pred_targets_consistency_in_neighborhood_mean,0.02788011960761265,9.0,,10-fold cross-validation,RF,,4.0,
pred_targets_consistency_in_neighborhood_q0,0.010642947082085677,19.0,,10-fold cross-validation,RF,,4.0,
pred_targets_consistency_in_neighborhood_q25,0.02353592355498175,11.0,,10-fold cross-validation,RF,,4.0,
pred_targets_consistency_in_neighborhood_q50,0.03587045996354374,8.0,,10-fold cross-validation,RF,,4.0,
pred_targets_consistency_in_neighborhood_q75,0.022620628701324565,12.0,,10-fold cross-validation,RF,,4.0,
pred_targets_consistency_in_neighborhood_q1,0.0009114583333333335,41.0,,10-fold cross-validation,RF,,4.0,
pred_targets_consistency_in_neighborhood_minmax,0.005181763308005884,29.0,,10-fold cross-validation,RF,,4.0,
target_targets_consistency_in_neighborhood_mean,0.011309835475481391,17.0,,10-fold cross-validation,RF,,4.0,
target_targets_consistency_in_neighborhood_q0,0.015203103629796615,15.0,,10-fold cross-validation,RF,,4.0,
target_targets_consistency_in_neighborhood_q25,0.01110630871653599,18.0,,10-fold cross-validation,RF,,4.0,
target_targets_consistency_in_neighborhood_q50,0.009682805620305622,21.0,,10-fold cross-validation,RF,,4.0,
target_targets_consistency_in_neighborhood_q75,0.0,56.0,,10-fold cross-validation,RF,,4.0,
target_targets_consistency_in_neighborhood_q1,0.0,56.0,,10-fold cross-validation,RF,,4.0,
target_targets_consistency_in_neighborhood_minmax,0.04169477332632558,7.0,,10-fold cross-validation,RF,,4.0,
targets_and_approxs_consistency_in_neighborhood_mean,0.001101765201029907,40.0,,10-fold cross-validation,RF,,4.0,
targets_and_approxs_consistency_in_neighborhood_q0,0.0,56.0,,10-fold cross-validation,RF,,4.0,
targets_and_approxs_consistency_in_neighborhood_q25,0.0,56.0,,10-fold cross-validation,RF,,4.0,
targets_and_approxs_consistency_in_neighborhood_q50,0.0,56.0,,10-fold cross-validation,RF,,4.0,
targets_and_approxs_consistency_in_neighborhood_q75,0.0,56.0,,10-fold cross-validation,RF,,4.0,
targets_and_approxs_consistency_in_neighborhood_q1,0.0,56.0,,10-fold cross-validation,RF,,4.0,
targets_and_approxs_consistency_in_neighborhood_minmax,0.0,56.0,,10-fold cross-validation,RF,,4.0,
target_diversity_in_neighborhood_mean,0.0,56.0,,10-fold cross-validation,RF,,4.0,
target_diversity_in_neighborhood_q0,0.0,56.0,,10-fold cross-validation,RF,,4.0,
target_diversity_in_neighborhood_q25,0.0,56.0,,10-fold cross-validation,RF,,4.0,
target_diversity_in_neighborhood_q50,0.0,56.0,,10-fold cross-validation,RF,,4.0,
target_diversity_in_neighborhood_q75,0.001990013294041039,37.0,,10-fold cross-validation,RF,,4.0,
target_diversity_in_neighborhood_q1,0.0006125,42.0,,10-fold cross-validation,RF,,4.0,
target_diversity_in_neighborhood_minmax,0.0004985754985754985,44.0,,10-fold cross-validation,RF,,4.0,
approx_diversity_in_neighborhood_mean,0.0027721121471121464,34.0,,10-fold cross-validation,RF,,4.0,
approx_diversity_in_neighborhood_q0,0.0,56.0,,10-fold cross-validation,RF,,4.0,
approx_diversity_in_neighborhood_q25,9.920634920634917e-05,46.0,,10-fold cross-validation,RF,,4.0,
approx_diversity_in_neighborhood_q50,0.0023208041958041954,36.0,,10-fold cross-validation,RF,,4.0,
approx_diversity_in_neighborhood_q75,0.0003431372549019611,45.0,,10-fold cross-validation,RF,,4.0,
approx_diversity_in_neighborhood_q1,0.0011066974993605434,39.0,,10-fold cross-validation,RF,,4.0,
approx_diversity_in_neighborhood_minmax,0.0005539044289044289,43.0,,10-fold cross-validation,RF,,4.0,
bacc_test_mean,0.10059077799351707,4.0,,10-fold cross-validation,RF,,4.0,
bacc_test_q0,0.11277999297526603,2.0,,10-fold cross-validation,RF,,4.0,
bacc_test_q25,0.0961576201844364,5.0,,10-fold cross-validation,RF,,4.0,
bacc_test_q50,0.08839191812182008,6.0,,10-fold cross-validation,RF,,4.0,
bacc_test_q75,0.11191800156395143,3.0,,10-fold cross-validation,RF,,4.0,
bacc_test_q1,0.11723798971408121,1.0,,10-fold cross-validation,RF,,4.0,
bacc_test_minmax,0.0,56.0,,10-fold cross-validation,RF,,4.0,
n_test,0.0,56.0,,10-fold cross-validation,RF,,5.0,
n_classes,0.0,56.0,,10-fold cross-validation,RF,,5.0,
neighborhood_size_mean,0.024707565712023653,13.0,,10-fold cross-validation,RF,,5.0,
neighborhood_size_q0,0.0,56.0,,10-fold cross-validation,RF,,5.0,
neighborhood_size_q25,0.01668363588847924,15.0,,10-fold cross-validation,RF,,5.0,
neighborhood_size_q50,0.038535040071411314,8.0,,10-fold cross-validation,RF,,5.0,
neighborhood_size_q75,0.008354525765944138,23.0,,10-fold cross-validation,RF,,5.0,
neighborhood_size_q1,0.0,56.0,,10-fold cross-validation,RF,,5.0,
neighborhood_size_minmax,0.0,56.0,,10-fold cross-validation,RF,,5.0,
uncertainty_mean,0.002330092592592593,33.0,,10-fold cross-validation,RF,,5.0,
uncertainty_q0,0.0,56.0,,10-fold cross-validation,RF,,5.0,
uncertainty_q25,0.0025808080808080807,31.0,,10-fold cross-validation,RF,,5.0,
uncertainty_q50,0.001655138339920949,35.0,,10-fold cross-validation,RF,,5.0,
uncertainty_q75,0.0016452991452991456,36.0,,10-fold cross-validation,RF,,5.0,
uncertainty_q1,0.0011844248283393018,37.0,,10-fold cross-validation,RF,,5.0,
uncertainty_minmax,0.0027343750000000007,30.0,,10-fold cross-validation,RF,,5.0,
target_approx_consistency_in_neighborhood_mean,0.011624767920284227,18.0,,10-fold cross-validation,RF,,5.0,
target_approx_consistency_in_neighborhood_q0,0.007541008121771168,24.0,,10-fold cross-validation,RF,,5.0,
target_approx_consistency_in_neighborhood_q25,0.005465937190746605,26.0,,10-fold cross-validation,RF,,5.0,
target_approx_consistency_in_neighborhood_q50,0.009642300194931775,20.0,,10-fold cross-validation,RF,,5.0,
target_approx_consistency_in_neighborhood_q75,0.0027621483375959073,29.0,,10-fold cross-validation,RF,,5.0,
target_approx_consistency_in_neighborhood_q1,0.0,56.0,,10-fold cross-validation,RF,,5.0,
target_approx_consistency_in_neighborhood_minmax,0.0,56.0,,10-fold cross-validation,RF,,5.0,
pred_targets_consistency_in_neighborhood_mean,0.026377744463467082,12.0,,10-fold cross-validation,RF,,5.0,
pred_targets_consistency_in_neighborhood_q0,0.014993299703095866,16.0,,10-fold cross-validation,RF,,5.0,
pred_targets_consistency_in_neighborhood_q25,0.03126642009183487,10.0,,10-fold cross-validation,RF,,5.0,
pred_targets_consistency_in_neighborhood_q50,0.0383818723650995,9.0,,10-fold cross-validation,RF,,5.0,
pred_targets_consistency_in_neighborhood_q75,0.01946151531731971,14.0,,10-fold cross-validation,RF,,5.0,
pred_targets_consistency_in_neighborhood_q1,0.0,56.0,,10-fold cross-validation,RF,,5.0,
pred_targets_consistency_in_neighborhood_minmax,0.003901131001921515,28.0,,10-fold cross-validation,RF,,5.0,
target_targets_consistency_in_neighborhood_mean,0.008809921962095875,22.0,,10-fold cross-validation,RF,,5.0,
target_targets_consistency_in_neighborhood_q0,0.026532985991812884,11.0,,10-fold cross-validation,RF,,5.0,
target_targets_consistency_in_neighborhood_q25,0.010451079214556354,19.0,,10-fold cross-validation,RF,,5.0,
target_targets_consistency_in_neighborhood_q50,0.01164596582331319,17.0,,10-fold cross-validation,RF,,5.0,
target_targets_consistency_in_neighborhood_q75,0.000607638888888889,41.0,,10-fold cross-validation,RF,,5.0,
target_targets_consistency_in_neighborhood_q1,0.0,56.0,,10-fold cross-validation,RF,,5.0,
target_targets_consistency_in_neighborhood_minmax,0.03859124254987892,7.0,,10-fold cross-validation,RF,,5.0,
targets_and_approxs_consistency_in_neighborhood_mean,0.0005852842809364547,42.0,,10-fold cross-validation,RF,,5.0,
targets_and_approxs_consistency_in_neighborhood_q0,0.0006412631752305667,40.0,,10-fold cross-validation,RF,,5.0,
targets_and_approxs_consistency_in_neighborhood_q25,0.001783655432720073,34.0,,10-fold cross-validation,RF,,5.0,
targets_and_approxs_consistency_in_neighborhood_q50,0.0,56.0,,10-fold cross-validation,RF,,5.0,
targets_and_approxs_consistency_in_neighborhood_q75,0.0003170289855072464,44.0,,10-fold cross-validation,RF,,5.0,
targets_and_approxs_consistency_in_neighborhood_q1,0.0,56.0,,10-fold cross-validation,RF,,5.0,
targets_and_approxs_consistency_in_neighborhood_minmax,0.00026825529542920824,45.0,,10-fold cross-validation,RF,,5.0,
target_diversity_in_neighborhood_mean,0.005609748709163913,25.0,,10-fold cross-validation,RF,,5.0,
target_diversity_in_neighborhood_q0,0.0,56.0,,10-fold cross-validation,RF,,5.0,
target_diversity_in_neighborhood_q25,0.0,56.0,,10-fold cross-validation,RF,,5.0,
target_diversity_in_neighborhood_q50,0.0010650447047505871,38.0,,10-fold cross-validation,RF,,5.0,
target_diversity_in_neighborhood_q75,0.009582731791155706,21.0,,10-fold cross-validation,RF,,5.0,
target_diversity_in_neighborhood_q1,0.0,56.0,,10-fold cross-validation,RF,,5.0,
target_diversity_in_neighborhood_minmax,0.0005608974358974359,43.0,,10-fold cross-validation,RF,,5.0,
approx_diversity_in_neighborhood_mean,0.004880391367497079,27.0,,10-fold cross-validation,RF,,5.0,
approx_diversity_in_neighborhood_q0,0.0,56.0,,10-fold cross-validation,RF,,5.0,
approx_diversity_in_neighborhood_q25,0.0025362318840579713,32.0,,10-fold cross-validation,RF,,5.0,
approx_diversity_in_neighborhood_q50,0.0,56.0,,10-fold cross-validation,RF,,5.0,
approx_diversity_in_neighborhood_q75,0.0,56.0,,10-fold cross-validation,RF,,5.0,
approx_diversity_in_neighborhood_q1,0.00100951646090535,39.0,,10-fold cross-validation,RF,,5.0,
approx_diversity_in_neighborhood_minmax,0.00013209541062801972,46.0,,10-fold cross-validation,RF,,5.0,
bacc_test_mean,0.09876860465825453,4.0,,10-fold cross-validation,RF,,5.0,
bacc_test_q0,0.09979789316995977,3.0,,10-fold cross-validation,RF,,5.0,
bacc_test_q25,0.0939598694532274,5.0,,10-fold cross-validation,RF,,5.0,
bacc_test_q50,0.0867715472287058,6.0,,10-fold cross-validation,RF,,5.0,
bacc_test_q75,0.10473786632191136,2.0,,10-fold cross-validation,RF,,5.0,
bacc_test_q1,0.11852418967062883,1.0,,10-fold cross-validation,RF,,5.0,
bacc_test_minmax,0.0,56.0,,10-fold cross-validation,RF,,5.0,
n_test,6.841817186644715e-05,48.0,,10-fold cross-validation,RF,,6.0,
n_classes,0.0,58.0,,10-fold cross-validation,RF,,6.0,
neighborhood_size_mean,0.013685814738803865,14.0,,10-fold cross-validation,RF,,6.0,
neighborhood_size_q0,0.0,58.0,,10-fold cross-validation,RF,,6.0,
neighborhood_size_q25,0.01664281893100543,13.0,,10-fold cross-validation,RF,,6.0,
neighborhood_size_q50,0.03173656315113968,9.0,,10-fold cross-validation,RF,,6.0,
neighborhood_size_q75,0.005156590576820841,28.0,,10-fold cross-validation,RF,,6.0,
neighborhood_size_q1,0.0,58.0,,10-fold cross-validation,RF,,6.0,
neighborhood_size_minmax,0.0,58.0,,10-fold cross-validation,RF,,6.0,
uncertainty_mean,0.008923575399619448,20.0,,10-fold cross-validation,RF,,6.0,
uncertainty_q0,0.007911409973312406,22.0,,10-fold cross-validation,RF,,6.0,
uncertainty_q25,0.0030823139443871307,36.0,,10-fold cross-validation,RF,,6.0,
uncertainty_q50,0.003355918512086167,35.0,,10-fold cross-validation,RF,,6.0,
uncertainty_q75,0.004669210011920728,30.0,,10-fold cross-validation,RF,,6.0,
uncertainty_q1,0.009365904400006758,18.0,,10-fold cross-validation,RF,,6.0,
uncertainty_minmax,0.005554251286477193,27.0,,10-fold cross-validation,RF,,6.0,
target_approx_consistency_in_neighborhood_mean,0.008266099095347795,21.0,,10-fold cross-validation,RF,,6.0,
target_approx_consistency_in_neighborhood_q0,0.007132047304022012,23.0,,10-fold cross-validation,RF,,6.0,
target_approx_consistency_in_neighborhood_q25,0.0033689794467658242,34.0,,10-fold cross-validation,RF,,6.0,
target_approx_consistency_in_neighborhood_q50,0.0046077424037950345,31.0,,10-fold cross-validation,RF,,6.0,
target_approx_consistency_in_neighborhood_q75,0.005949074074074074,25.0,,10-fold cross-validation,RF,,6.0,
target_approx_consistency_in_neighborhood_q1,0.0,58.0,,10-fold cross-validation,RF,,6.0,
target_approx_consistency_in_neighborhood_minmax,6.396198830409346e-05,49.0,,10-fold cross-validation,RF,,6.0,
pred_targets_consistency_in_neighborhood_mean,0.02084760315160566,12.0,,10-fold cross-validation,RF,,6.0,
pred_targets_consistency_in_neighborhood_q0,0.009392284525150342,17.0,,10-fold cross-validation,RF,,6.0,
pred_targets_consistency_in_neighborhood_q25,0.0332802622006707,8.0,,10-fold cross-validation,RF,,6.0,
pred_targets_consistency_in_neighborhood_q50,0.02483791139746526,11.0,,10-fold cross-validation,RF,,6.0,
pred_targets_consistency_in_neighborhood_q75,0.009899914476573516,16.0,,10-fold cross-validation,RF,,6.0,
pred_targets_consistency_in_neighborhood_q1,0.002178637334887335,39.0,,10-fold cross-validation,RF,,6.0,
pred_targets_consistency_in_neighborhood_minmax,0.003941525207335484,33.0,,10-fold cross-validation,RF,,6.0,
target_targets_consistency_in_neighborhood_mean,0.0060238778629333346,24.0,,10-fold cross-validation,RF,,6.0,
target_targets_consistency_in_neighborhood_q0,0.0300533341675321,10.0,,10-fold cross-validation,RF,,6.0,
target_targets_consistency_in_neighborhood_q25,0.013553228728319471,15.0,,10-fold cross-validation,RF,,6.0,
target_targets_consistency_in_neighborhood_q50,0.004502930597932029,32.0,,10-fold cross-validation,RF,,6.0,
target_targets_consistency_in_neighborhood_q75,0.0019696969696969702,40.0,,10-fold cross-validation,RF,,6.0,
target_targets_consistency_in_neighborhood_q1,0.0,58.0,,10-fold cross-validation,RF,,6.0,
target_targets_consistency_in_neighborhood_minmax,0.056931133210341295,7.0,,10-fold cross-validation,RF,,6.0,
targets_and_approxs_consistency_in_neighborhood_mean,0.0005141559829059829,46.0,,10-fold cross-validation,RF,,6.0,
targets_and_approxs_consistency_in_neighborhood_q0,0.0016446521473695392,41.0,,10-fold cross-validation,RF,,6.0,
targets_and_approxs_consistency_in_neighborhood_q25,0.0006473850223850223,45.0,,10-fold cross-validation,RF,,6.0,
targets_and_approxs_consistency_in_neighborhood_q50,0.0012152777777777778,43.0,,10-fold cross-validation,RF,,6.0,
targets_and_approxs_consistency_in_neighborhood_q75,0.0,58.0,,10-fold cross-validation,RF,,6.0,
targets_and_approxs_consistency_in_neighborhood_q1,0.0,58.0,,10-fold cross-validation,RF,,6.0,
targets_and_approxs_consistency_in_neighborhood_minmax,0.0,58.0,,10-fold cross-validation,RF,,6.0,
target_diversity_in_neighborhood_mean,0.005665105072516064,26.0,,10-fold cross-validation,RF,,6.0,
target_diversity_in_neighborhood_q0,0.0,58.0,,10-fold cross-validation,RF,,6.0,
target_diversity_in_neighborhood_q25,0.0,58.0,,10-fold cross-validation,RF,,6.0,
target_diversity_in_neighborhood_q50,0.0004317434210526316,47.0,,10-fold cross-validation,RF,,6.0,
target_diversity_in_neighborhood_q75,0.0027993588069019104,38.0,,10-fold cross-validation,RF,,6.0,
target_diversity_in_neighborhood_q1,0.0,58.0,,10-fold cross-validation,RF,,6.0,
target_diversity_in_neighborhood_minmax,0.0,58.0,,10-fold cross-validation,RF,,6.0,
approx_diversity_in_neighborhood_mean,0.009076023092905833,19.0,,10-fold cross-validation,RF,,6.0,
approx_diversity_in_neighborhood_q0,0.0,58.0,,10-fold cross-validation,RF,,6.0,
approx_diversity_in_neighborhood_q25,2.9166666666666568e-05,50.0,,10-fold cross-validation,RF,,6.0,
approx_diversity_in_neighborhood_q50,0.0011419291600212643,44.0,,10-fold cross-validation,RF,,6.0,
approx_diversity_in_neighborhood_q75,0.00468705856050303,29.0,,10-fold cross-validation,RF,,6.0,
approx_diversity_in_neighborhood_q1,0.0012908133533133534,42.0,,10-fold cross-validation,RF,,6.0,
approx_diversity_in_neighborhood_minmax,0.0028297067627532607,37.0,,10-fold cross-validation,RF,,6.0,
bacc_test_mean,0.10249919688329395,4.0,,10-fold cross-validation,RF,,6.0,
bacc_test_q0,0.11004385463202997,3.0,,10-fold cross-validation,RF,,6.0,
bacc_test_q25,0.09117491256460668,5.0,,10-fold cross-validation,RF,,6.0,
bacc_test_q50,0.08134863375646567,6.0,,10-fold cross-validation,RF,,6.0,
bacc_test_q75,0.11347331875311964,1.0,,10-fold cross-validation,RF,,6.0,
bacc_test_q1,0.11253467434321328,2.0,,10-fold cross-validation,RF,,6.0,
bacc_test_minmax,0.0,58.0,,10-fold cross-validation,RF,,6.0,
n_test,0.002188375350140056,40.0,,10-fold cross-validation,RF,,7.0,
n_classes,0.0,57.5,,10-fold cross-validation,RF,,7.0,
neighborhood_size_mean,0.023413532781715,12.0,,10-fold cross-validation,RF,,7.0,
neighborhood_size_q0,0.0,57.5,,10-fold cross-validation,RF,,7.0,
neighborhood_size_q25,0.019084454982744945,15.0,,10-fold cross-validation,RF,,7.0,
neighborhood_size_q50,0.02734681468232607,10.0,,10-fold cross-validation,RF,,7.0,
neighborhood_size_q75,0.005791132478632478,28.0,,10-fold cross-validation,RF,,7.0,
neighborhood_size_q1,0.0,57.5,,10-fold cross-validation,RF,,7.0,
neighborhood_size_minmax,0.0,57.5,,10-fold cross-validation,RF,,7.0,
uncertainty_mean,0.008082572571461461,19.0,,10-fold cross-validation,RF,,7.0,
uncertainty_q0,0.006589533292794161,24.0,,10-fold cross-validation,RF,,7.0,
uncertainty_q25,0.009278353008791389,18.0,,10-fold cross-validation,RF,,7.0,
uncertainty_q50,0.006213607011055683,26.0,,10-fold cross-validation,RF,,7.0,
uncertainty_q75,0.006546862790022459,25.0,,10-fold cross-validation,RF,,7.0,
uncertainty_q1,0.007507148666885985,21.0,,10-fold cross-validation,RF,,7.0,
uncertainty_minmax,0.007771148462411165,20.0,,10-fold cross-validation,RF,,7.0,
target_approx_consistency_in_neighborhood_mean,0.007107963412811601,22.0,,10-fold cross-validation,RF,,7.0,
target_approx_consistency_in_neighborhood_q0,0.0010111111111111113,46.0,,10-fold cross-validation,RF,,7.0,
target_approx_consistency_in_neighborhood_q25,0.004663575515779622,29.0,,10-fold cross-validation,RF,,7.0,
target_approx_consistency_in_neighborhood_q50,0.004240785256410256,31.0,,10-fold cross-validation,RF,,7.0,
target_approx_consistency_in_neighborhood_q75,0.003997395833333333,32.0,,10-fold cross-validation,RF,,7.0,
target_approx_consistency_in_neighborhood_q1,0.0,57.5,,10-fold cross-validation,RF,,7.0,
target_approx_consistency_in_neighborhood_minmax,0.00378001200480192,33.0,,10-fold cross-validation,RF,,7.0,
pred_targets_consistency_in_neighborhood_mean,0.0202208001875372,14.0,,10-fold cross-validation,RF,,7.0,
pred_targets_consistency_in_neighborhood_q0,0.006136409336362273,27.0,,10-fold cross-validation,RF,,7.0,
pred_targets_consistency_in_neighborhood_q25,0.029267121756324156,9.0,,10-fold cross-validation,RF,,7.0,
pred_targets_consistency_in_neighborhood_q50,0.040687991273521164,7.0,,10-fold cross-validation,RF,,7.0,
pred_targets_consistency_in_neighborhood_q75,0.010160536857900916,17.0,,10-fold cross-validation,RF,,7.0,
pred_targets_consistency_in_neighborhood_q1,0.0,57.5,,10-fold cross-validation,RF,,7.0,
pred_targets_consistency_in_neighborhood_minmax,0.0027698966794075497,37.0,,10-fold cross-validation,RF,,7.0,
target_targets_consistency_in_neighborhood_mean,0.00348272589161336,35.0,,10-fold cross-validation,RF,,7.0,
target_targets_consistency_in_neighborhood_q0,0.026779566682466904,11.0,,10-fold cross-validation,RF,,7.0,
target_targets_consistency_in_neighborhood_q25,0.021852675890893805,13.0,,10-fold cross-validation,RF,,7.0,
target_targets_consistency_in_neighborhood_q50,0.011255298244428677,16.0,,10-fold cross-validation,RF,,7.0,
target_targets_consistency_in_neighborhood_q75,0.006625491640913418,23.0,,10-fold cross-validation,RF,,7.0,
target_targets_consistency_in_neighborhood_q1,0.0,57.5,,10-fold cross-validation,RF,,7.0,
target_targets_consistency_in_neighborhood_minmax,0.036098649629244486,8.0,,10-fold cross-validation,RF,,7.0,
targets_and_approxs_consistency_in_neighborhood_mean,0.0012908602150537634,43.0,,10-fold cross-validation,RF,,7.0,
targets_and_approxs_consistency_in_neighborhood_q0,0.0,57.5,,10-fold cross-validation,RF,,7.0,
targets_and_approxs_consistency_in_neighborhood_q25,0.003649755398110662,34.0,,10-fold cross-validation,RF,,7.0,
targets_and_approxs_consistency_in_neighborhood_q50,0.00037878787878787873,47.0,,10-fold cross-validation,RF,,7.0,
targets_and_approxs_consistency_in_neighborhood_q75,0.0,57.5,,10-fold cross-validation,RF,,7.0,
targets_and_approxs_consistency_in_neighborhood_q1,0.0,57.5,,10-fold cross-validation,RF,,7.0,
targets_and_approxs_consistency_in_neighborhood_minmax,0.0025791552000917323,38.0,,10-fold cross-validation,RF,,7.0,
target_diversity_in_neighborhood_mean,0.0017484787253808992,42.0,,10-fold cross-validation,RF,,7.0,
target_diversity_in_neighborhood_q0,0.0,57.5,,10-fold cross-validation,RF,,7.0,
target_diversity_in_neighborhood_q25,0.00017932952715561407,49.0,,10-fold cross-validation,RF,,7.0,
target_diversity_in_neighborhood_q50,0.0011993510604621713,44.0,,10-fold cross-validation,RF,,7.0,
target_diversity_in_neighborhood_q75,0.004548871103708269,30.0,,10-fold cross-validation,RF,,7.0,
target_diversity_in_neighborhood_q1,0.0,57.5,,10-fold cross-validation,RF,,7.0,
target_diversity_in_neighborhood_minmax,0.0,57.5,,10-fold cross-validation,RF,,7.0,
approx_diversity_in_neighborhood_mean,0.001772574390629946,41.0,,10-fold cross-validation,RF,,7.0,
approx_diversity_in_neighborhood_q0,0.0,57.5,,10-fold cross-validation,RF,,7.0,
approx_diversity_in_neighborhood_q25,0.0,57.5,,10-fold cross-validation,RF,,7.0,
approx_diversity_in_neighborhood_q50,0.001167695473251029,45.0,,10-fold cross-validation,RF,,7.0,
approx_diversity_in_neighborhood_q75,0.0025042936288088647,39.0,,10-fold cross-validation,RF,,7.0,
approx_diversity_in_neighborhood_q1,0.0033222383817508405,36.0,,10-fold cross-validation,RF,,7.0,
approx_diversity_in_neighborhood_minmax,0.00027619949494949505,48.0,,10-fold cross-validation,RF,,7.0,
bacc_test_mean,0.10190004982939765,4.0,,10-fold cross-validation,RF,,7.0,
bacc_test_q0,0.10255716621339721,3.0,,10-fold cross-validation,RF,,7.0,
bacc_test_q25,0.09089884335761111,5.0,,10-fold cross-validation,RF,,7.0,
bacc_test_q50,0.07989270968229302,6.0,,10-fold cross-validation,RF,,7.0,
bacc_test_q75,0.11231543343842194,2.0,,10-fold cross-validation,RF,,7.0,
bacc_test_q1,0.1178666637168953,1.0,,10-fold cross-validation,RF,,7.0,
bacc_test_minmax,0.0,57.5,,10-fold cross-validation,RF,,7.0,
n_test,0.0014387820512820513,37.0,,10-fold cross-validation,RF,,8.0,
n_classes,0.0,55.0,,10-fold cross-validation,RF,,8.0,
neighborhood_size_mean,0.02577318514631055,11.0,,10-fold cross-validation,RF,,8.0,
neighborhood_size_q0,0.0,55.0,,10-fold cross-validation,RF,,8.0,
neighborhood_size_q25,0.006391219448087626,19.0,,10-fold cross-validation,RF,,8.0,
neighborhood_size_q50,0.032572078889163955,7.0,,10-fold cross-validation,RF,,8.0,
neighborhood_size_q75,0.00525239162217137,23.0,,10-fold cross-validation,RF,,8.0,
neighborhood_size_q1,0.0,55.0,,10-fold cross-validation,RF,,8.0,
neighborhood_size_minmax,0.0,55.0,,10-fold cross-validation,RF,,8.0,
uncertainty_mean,0.0036447092002647556,29.0,,10-fold cross-validation,RF,,8.0,
uncertainty_q0,0.0019860116735116733,34.0,,10-fold cross-validation,RF,,8.0,
uncertainty_q25,0.005770552546868336,22.0,,10-fold cross-validation,RF,,8.0,
uncertainty_q50,0.00327904761904762,31.0,,10-fold cross-validation,RF,,8.0,
uncertainty_q75,0.0016636957813428404,36.0,,10-fold cross-validation,RF,,8.0,
uncertainty_q1,0.0,55.0,,10-fold cross-validation,RF,,8.0,
uncertainty_minmax,0.0016687857596948505,35.0,,10-fold cross-validation,RF,,8.0,
target_approx_consistency_in_neighborhood_mean,0.008940953837102989,15.0,,10-fold cross-validation,RF,,8.0,
target_approx_consistency_in_neighborhood_q0,0.006035229138677414,20.0,,10-fold cross-validation,RF,,8.0,
target_approx_consistency_in_neighborhood_q25,0.004855981691919193,26.0,,10-fold cross-validation,RF,,8.0,
target_approx_consistency_in_neighborhood_q50,0.004890151515151516,25.0,,10-fold cross-validation,RF,,8.0,
target_approx_consistency_in_neighborhood_q75,0.0022222222222222227,33.0,,10-fold cross-validation,RF,,8.0,
target_approx_consistency_in_neighborhood_q1,0.0,55.0,,10-fold cross-validation,RF,,8.0,
target_approx_consistency_in_neighborhood_minmax,0.004797473058342624,27.0,,10-fold cross-validation,RF,,8.0,
pred_targets_consistency_in_neighborhood_mean,0.027577258944884702,10.0,,10-fold cross-validation,RF,,8.0,
pred_targets_consistency_in_neighborhood_q0,0.0035735887096774188,30.0,,10-fold cross-validation,RF,,8.0,
pred_targets_consistency_in_neighborhood_q25,0.028085419598336818,9.0,,10-fold cross-validation,RF,,8.0,
pred_targets_consistency_in_neighborhood_q50,0.018104300121693305,13.0,,10-fold cross-validation,RF,,8.0,
pred_targets_consistency_in_neighborhood_q75,0.0071758748074537545,17.0,,10-fold cross-validation,RF,,8.0,
pred_targets_consistency_in_neighborhood_q1,0.0,55.0,,10-fold cross-validation,RF,,8.0,
pred_targets_consistency_in_neighborhood_minmax,0.0004946990144358573,44.0,,10-fold cross-validation,RF,,8.0,
target_targets_consistency_in_neighborhood_mean,0.006947072332867802,18.0,,10-fold cross-validation,RF,,8.0,
target_targets_consistency_in_neighborhood_q0,0.019158474972898933,12.0,,10-fold cross-validation,RF,,8.0,
target_targets_consistency_in_neighborhood_q25,0.005243473060120657,24.0,,10-fold cross-validation,RF,,8.0,
target_targets_consistency_in_neighborhood_q50,0.007876270016215669,16.0,,10-fold cross-validation,RF,,8.0,
target_targets_consistency_in_neighborhood_q75,0.0024751683501683503,32.0,,10-fold cross-validation,RF,,8.0,
target_targets_consistency_in_neighborhood_q1,0.0,55.0,,10-fold cross-validation,RF,,8.0,
target_targets_consistency_in_neighborhood_minmax,0.028802976628708708,8.0,,10-fold cross-validation,RF,,8.0,
targets_and_approxs_consistency_in_neighborhood_mean,0.0,55.0,,10-fold cross-validation,RF,,8.0,
targets_and_approxs_consistency_in_neighborhood_q0,0.0,55.0,,10-fold cross-validation,RF,,8.0,
targets_and_approxs_consistency_in_neighborhood_q25,0.0,55.0,,10-fold cross-validation,RF,,8.0,
targets_and_approxs_consistency_in_neighborhood_q50,0.00084,41.0,,10-fold cross-validation,RF,,8.0,
targets_and_approxs_consistency_in_neighborhood_q75,0.0011574074074074073,39.0,,10-fold cross-validation,RF,,8.0,
targets_and_approxs_consistency_in_neighborhood_q1,0.0,55.0,,10-fold cross-validation,RF,,8.0,
targets_and_approxs_consistency_in_neighborhood_minmax,0.0,55.0,,10-fold cross-validation,RF,,8.0,
target_diversity_in_neighborhood_mean,0.0,55.0,,10-fold cross-validation,RF,,8.0,
target_diversity_in_neighborhood_q0,0.0,55.0,,10-fold cross-validation,RF,,8.0,
target_diversity_in_neighborhood_q25,0.0007311958874458872,42.0,,10-fold cross-validation,RF,,8.0,
target_diversity_in_neighborhood_q50,0.0,55.0,,10-fold cross-validation,RF,,8.0,
target_diversity_in_neighborhood_q75,0.0013227816889433053,38.0,,10-fold cross-validation,RF,,8.0,
target_diversity_in_neighborhood_q1,0.0,55.0,,10-fold cross-validation,RF,,8.0,
target_diversity_in_neighborhood_minmax,0.0,55.0,,10-fold cross-validation,RF,,8.0,
approx_diversity_in_neighborhood_mean,0.010551066957637521,14.0,,10-fold cross-validation,RF,,8.0,
approx_diversity_in_neighborhood_q0,0.0,55.0,,10-fold cross-validation,RF,,8.0,
approx_diversity_in_neighborhood_q25,0.0,55.0,,10-fold cross-validation,RF,,8.0,
approx_diversity_in_neighborhood_q50,0.0010434782608695653,40.0,,10-fold cross-validation,RF,,8.0,
approx_diversity_in_neighborhood_q75,0.005934824985168235,21.0,,10-fold cross-validation,RF,,8.0,
approx_diversity_in_neighborhood_q1,0.0005681818181818182,43.0,,10-fold cross-validation,RF,,8.0,
approx_diversity_in_neighborhood_minmax,0.0038516217368490093,28.0,,10-fold cross-validation,RF,,8.0,
bacc_test_mean,0.127380467985647,3.0,,10-fold cross-validation,RF,,8.0,
bacc_test_q0,0.11025841844109148,4.0,,10-fold cross-validation,RF,,8.0,
bacc_test_q25,0.10485203053908299,5.0,,10-fold cross-validation,RF,,8.0,
bacc_test_q50,0.09263078086414779,6.0,,10-fold cross-validation,RF,,8.0,
bacc_test_q75,0.13119642239164603,1.0,,10-fold cross-validation,RF,,8.0,
bacc_test_q1,0.13098427327725834,2.0,,10-fold cross-validation,RF,,8.0,
bacc_test_minmax,0.0,55.0,,10-fold cross-validation,RF,,8.0,
n_test,0.00044334975369458136,49.0,,10-fold cross-validation,RF,,9.0,
n_classes,0.0,58.0,,10-fold cross-validation,RF,,9.0,
neighborhood_size_mean,0.019423370043808036,13.0,,10-fold cross-validation,RF,,9.0,
neighborhood_size_q0,0.0,58.0,,10-fold cross-validation,RF,,9.0,
neighborhood_size_q25,0.010373250206583539,19.0,,10-fold cross-validation,RF,,9.0,
neighborhood_size_q50,0.02130281075860813,10.0,,10-fold cross-validation,RF,,9.0,
neighborhood_size_q75,0.0055436571823978134,32.0,,10-fold cross-validation,RF,,9.0,
neighborhood_size_q1,0.0,58.0,,10-fold cross-validation,RF,,9.0,
neighborhood_size_minmax,0.0,58.0,,10-fold cross-validation,RF,,9.0,
uncertainty_mean,0.009598514957742632,20.0,,10-fold cross-validation,RF,,9.0,
uncertainty_q0,0.006398395577691841,28.0,,10-fold cross-validation,RF,,9.0,
uncertainty_q25,0.006588368777649138,27.0,,10-fold cross-validation,RF,,9.0,
uncertainty_q50,0.006199250860690676,29.0,,10-fold cross-validation,RF,,9.0,
uncertainty_q75,0.007367790211921272,25.0,,10-fold cross-validation,RF,,9.0,
uncertainty_q1,0.007901043499394597,23.0,,10-fold cross-validation,RF,,9.0,
uncertainty_minmax,0.007979431102827738,22.0,,10-fold cross-validation,RF,,9.0,
target_approx_consistency_in_neighborhood_mean,0.007416299205348877,24.0,,10-fold cross-validation,RF,,9.0,
target_approx_consistency_in_neighborhood_q0,0.0056780585006391444,31.0,,10-fold cross-validation,RF,,9.0,
target_approx_consistency_in_neighborhood_q25,0.003328021978021978,38.0,,10-fold cross-validation,RF,,9.0,
target_approx_consistency_in_neighborhood_q50,0.012119888072285772,14.0,,10-fold cross-validation,RF,,9.0,
target_approx_consistency_in_neighborhood_q75,0.0033841158841158843,37.0,,10-fold cross-validation,RF,,9.0,
target_approx_consistency_in_neighborhood_q1,0.0,58.0,,10-fold cross-validation,RF,,9.0,
target_approx_consistency_in_neighborhood_minmax,0.002650767523331242,40.0,,10-fold cross-validation,RF,,9.0,
pred_targets_consistency_in_neighborhood_mean,0.031058954571998053,9.0,,10-fold cross-validation,RF,,9.0,
pred_targets_consistency_in_neighborhood_q0,0.010853620879370503,17.0,,10-fold cross-validation,RF,,9.0,
pred_targets_consistency_in_neighborhood_q25,0.0332968594623767,8.0,,10-fold cross-validation,RF,,9.0,
pred_targets_consistency_in_neighborhood_q50,0.0194421077336454,12.0,,10-fold cross-validation,RF,,9.0,
pred_targets_consistency_in_neighborhood_q75,0.011113516061796334,15.0,,10-fold cross-validation,RF,,9.0,
pred_targets_consistency_in_neighborhood_q1,0.0008123076923076921,46.0,,10-fold cross-validation,RF,,9.0,
pred_targets_consistency_in_neighborhood_minmax,0.011094915302089215,16.0,,10-fold cross-validation,RF,,9.0,
target_targets_consistency_in_neighborhood_mean,0.008665405813398424,21.0,,10-fold cross-validation,RF,,9.0,
target_targets_consistency_in_neighborhood_q0,0.033683250674604405,7.0,,10-fold cross-validation,RF,,9.0,
target_targets_consistency_in_neighborhood_q25,0.005090403875300901,33.0,,10-fold cross-validation,RF,,9.0,
target_targets_consistency_in_neighborhood_q50,0.010838322461851877,18.0,,10-fold cross-validation,RF,,9.0,
target_targets_consistency_in_neighborhood_q75,0.006773827195822082,26.0,,10-fold cross-validation,RF,,9.0,
target_targets_consistency_in_neighborhood_q1,0.0,58.0,,10-fold cross-validation,RF,,9.0,
target_targets_consistency_in_neighborhood_minmax,0.0211894858764424,11.0,,10-fold cross-validation,RF,,9.0,
targets_and_approxs_consistency_in_neighborhood_mean,0.0005076923076923076,48.0,,10-fold cross-validation,RF,,9.0,
targets_and_approxs_consistency_in_neighborhood_q0,0.00032178169656430514,50.0,,10-fold cross-validation,RF,,9.0,
targets_and_approxs_consistency_in_neighborhood_q25,0.000980295566502463,44.0,,10-fold cross-validation,RF,,9.0,
targets_and_approxs_consistency_in_neighborhood_q50,0.0,58.0,,10-fold cross-validation,RF,,9.0,
targets_and_approxs_consistency_in_neighborhood_q75,0.0,58.0,,10-fold cross-validation,RF,,9.0,
targets_and_approxs_consistency_in_neighborhood_q1,0.0,58.0,,10-fold cross-validation,RF,,9.0,
targets_and_approxs_consistency_in_neighborhood_minmax,0.0,58.0,,10-fold cross-validation,RF,,9.0,
target_diversity_in_neighborhood_mean,0.003948219446720196,36.0,,10-fold cross-validation,RF,,9.0,
target_diversity_in_neighborhood_q0,0.0,58.0,,10-fold cross-validation,RF,,9.0,
target_diversity_in_neighborhood_q25,0.0,58.0,,10-fold cross-validation,RF,,9.0,
target_diversity_in_neighborhood_q50,0.0005160057333970378,47.0,,10-fold cross-validation,RF,,9.0,
target_diversity_in_neighborhood_q75,0.004526823815570619,35.0,,10-fold cross-validation,RF,,9.0,
target_diversity_in_neighborhood_q1,0.0022213081036610446,42.0,,10-fold cross-validation,RF,,9.0,
target_diversity_in_neighborhood_minmax,0.0,58.0,,10-fold cross-validation,RF,,9.0,
approx_diversity_in_neighborhood_mean,0.005057743907152992,34.0,,10-fold cross-validation,RF,,9.0,
approx_diversity_in_neighborhood_q0,0.0,58.0,,10-fold cross-validation,RF,,9.0,
approx_diversity_in_neighborhood_q25,0.0008181818181818186,45.0,,10-fold cross-validation,RF,,9.0,
approx_diversity_in_neighborhood_q50,0.0030985719249694405,39.0,,10-fold cross-validation,RF,,9.0,
approx_diversity_in_neighborhood_q75,0.005782987803271777,30.0,,10-fold cross-validation,RF,,9.0,
approx_diversity_in_neighborhood_q1,0.001022133039374419,43.0,,10-fold cross-validation,RF,,9.0,
approx_diversity_in_neighborhood_minmax,0.0022243608906012996,41.0,,10-fold cross-validation,RF,,9.0,
bacc_test_mean,0.1087579318725766,3.0,,10-fold cross-validation,RF,,9.0,
bacc_test_q0,0.10327560302986569,4.0,,10-fold cross-validation,RF,,9.0,
bacc_test_q25,0.09548967861455893,5.0,,10-fold cross-validation,RF,,9.0,
bacc_test_q50,0.07768926126708,6.0,,10-fold cross-validation,RF,,9.0,
bacc_test_q75,0.12234616607663241,1.0,,10-fold cross-validation,RF,,9.0,
bacc_test_q1,0.11380589138786973,2.0,,10-fold cross-validation,RF,,9.0,
bacc_test_minmax,0.0,58.0,,10-fold cross-validation,RF,,9.0,
n_test,0.0004567669172932333,50.0,,one-attack-out,RF,,,bim
n_classes,0.0,59.0,,one-attack-out,RF,,,bim
neighborhood_size_mean,0.014487678887985966,14.0,,one-attack-out,RF,,,bim
neighborhood_size_q0,0.0,59.0,,one-attack-out,RF,,,bim
neighborhood_size_q25,0.005873622860515444,27.0,,one-attack-out,RF,,,bim
neighborhood_size_q50,0.01996626891563605,12.0,,one-attack-out,RF,,,bim
neighborhood_size_q75,0.007828627854543907,19.0,,one-attack-out,RF,,,bim
neighborhood_size_q1,0.0,59.0,,one-attack-out,RF,,,bim
neighborhood_size_minmax,0.0,59.0,,one-attack-out,RF,,,bim
uncertainty_mean,0.007196974146330582,22.0,,one-attack-out,RF,,,bim
uncertainty_q0,0.006703556929156149,26.0,,one-attack-out,RF,,,bim
uncertainty_q25,0.0067747256709946016,24.0,,one-attack-out,RF,,,bim
uncertainty_q50,0.006975155789848442,23.0,,one-attack-out,RF,,,bim
uncertainty_q75,0.0084924465826845,18.0,,one-attack-out,RF,,,bim
uncertainty_q1,0.008854327000481988,16.0,,one-attack-out,RF,,,bim
uncertainty_minmax,0.00674457426655649,25.0,,one-attack-out,RF,,,bim
target_approx_consistency_in_neighborhood_mean,0.011171830516718051,15.0,,one-attack-out,RF,,,bim
target_approx_consistency_in_neighborhood_q0,0.0031379310344827587,33.0,,one-attack-out,RF,,,bim
target_approx_consistency_in_neighborhood_q25,0.003646963942442528,32.0,,one-attack-out,RF,,,bim
target_approx_consistency_in_neighborhood_q50,0.007304117647058825,21.0,,one-attack-out,RF,,,bim
target_approx_consistency_in_neighborhood_q75,0.004276971083836073,31.0,,one-attack-out,RF,,,bim
target_approx_consistency_in_neighborhood_q1,0.0,59.0,,one-attack-out,RF,,,bim
target_approx_consistency_in_neighborhood_minmax,0.0016250000000000001,40.0,,one-attack-out,RF,,,bim
pred_targets_consistency_in_neighborhood_mean,0.03886467893162238,8.0,,one-attack-out,RF,,,bim
pred_targets_consistency_in_neighborhood_q0,0.0043642267406916145,30.0,,one-attack-out,RF,,,bim
pred_targets_consistency_in_neighborhood_q25,0.03498717757685208,9.0,,one-attack-out,RF,,,bim
pred_targets_consistency_in_neighborhood_q50,0.030113566685390586,10.0,,one-attack-out,RF,,,bim
pred_targets_consistency_in_neighborhood_q75,0.023614325251459355,11.0,,one-attack-out,RF,,,bim
pred_targets_consistency_in_neighborhood_q1,0.0010714285714285717,42.0,,one-attack-out,RF,,,bim
pred_targets_consistency_in_neighborhood_minmax,0.0019077521055549007,37.0,,one-attack-out,RF,,,bim
target_targets_consistency_in_neighborhood_mean,0.004880803717851772,29.0,,one-attack-out,RF,,,bim
target_targets_consistency_in_neighborhood_q0,0.015101111241500258,13.0,,one-attack-out,RF,,,bim
target_targets_consistency_in_neighborhood_q25,0.008830331028620502,17.0,,one-attack-out,RF,,,bim
target_targets_consistency_in_neighborhood_q50,0.007619323685691972,20.0,,one-attack-out,RF,,,bim
target_targets_consistency_in_neighborhood_q75,0.001678321678321678,39.0,,one-attack-out,RF,,,bim
target_targets_consistency_in_neighborhood_q1,0.0,59.0,,one-attack-out,RF,,,bim
target_targets_consistency_in_neighborhood_minmax,0.03933235448134223,7.0,,one-attack-out,RF,,,bim
targets_and_approxs_consistency_in_neighborhood_mean,0.0012256410256410255,41.0,,one-attack-out,RF,,,bim
targets_and_approxs_consistency_in_neighborhood_q0,0.00013186813186813202,51.0,,one-attack-out,RF,,,bim
targets_and_approxs_consistency_in_neighborhood_q25,0.002828773194133606,34.0,,one-attack-out,RF,,,bim
targets_and_approxs_consistency_in_neighborhood_q50,0.0009462791650968992,44.0,,one-attack-out,RF,,,bim
targets_and_approxs_consistency_in_neighborhood_q75,6.089743589743563e-05,52.0,,one-attack-out,RF,,,bim
targets_and_approxs_consistency_in_neighborhood_q1,0.0,59.0,,one-attack-out,RF,,,bim
targets_and_approxs_consistency_in_neighborhood_minmax,0.0010336390059216152,43.0,,one-attack-out,RF,,,bim
target_diversity_in_neighborhood_mean,0.0006931363496460447,46.0,,one-attack-out,RF,,,bim
target_diversity_in_neighborhood_q0,0.0,59.0,,one-attack-out,RF,,,bim
target_diversity_in_neighborhood_q25,0.0,59.0,,one-attack-out,RF,,,bim
target_diversity_in_neighborhood_q50,0.0006737040133779263,47.0,,one-attack-out,RF,,,bim
target_diversity_in_neighborhood_q75,0.002587521174477696,36.0,,one-attack-out,RF,,,bim
target_diversity_in_neighborhood_q1,0.0,59.0,,one-attack-out,RF,,,bim
target_diversity_in_neighborhood_minmax,0.0006020066889632105,49.0,,one-attack-out,RF,,,bim
approx_diversity_in_neighborhood_mean,0.002808206045162567,35.0,,one-attack-out,RF,,,bim
approx_diversity_in_neighborhood_q0,0.0,59.0,,one-attack-out,RF,,,bim
approx_diversity_in_neighborhood_q25,0.0,59.0,,one-attack-out,RF,,,bim
approx_diversity_in_neighborhood_q50,0.0018627450980392157,38.0,,one-attack-out,RF,,,bim
approx_diversity_in_neighborhood_q75,0.005273068236111716,28.0,,one-attack-out,RF,,,bim
approx_diversity_in_neighborhood_q1,0.0006444014319014319,48.0,,one-attack-out,RF,,,bim
approx_diversity_in_neighborhood_minmax,0.0008502886002886002,45.0,,one-attack-out,RF,,,bim
bacc_test_mean,0.11057793186053627,3.0,,one-attack-out,RF,,,bim
bacc_test_q0,0.10491249281093991,4.0,,one-attack-out,RF,,,bim
bacc_test_q25,0.0972012084738999,5.0,,one-attack-out,RF,,,bim
bacc_test_q50,0.07876735680941746,6.0,,one-attack-out,RF,,,bim
bacc_test_q75,0.12832891787722756,1.0,,one-attack-out,RF,,,bim
bacc_test_q1,0.11410697482855832,2.0,,one-attack-out,RF,,,bim
bacc_test_minmax,0.0,59.0,,one-attack-out,RF,,,bim
n_test,0.0007873791621911924,43.0,,one-attack-out,RF,,,fgm
n_classes,0.0,59.5,,one-attack-out,RF,,,fgm
neighborhood_size_mean,0.011644444711954059,15.0,,one-attack-out,RF,,,fgm
neighborhood_size_q0,0.0,59.5,,one-attack-out,RF,,,fgm
neighborhood_size_q25,0.005655139954532537,29.0,,one-attack-out,RF,,,fgm
neighborhood_size_q50,0.018821593590960722,11.0,,one-attack-out,RF,,,fgm
neighborhood_size_q75,0.006527545968440184,27.0,,one-attack-out,RF,,,fgm
neighborhood_size_q1,0.0,59.5,,one-attack-out,RF,,,fgm
neighborhood_size_minmax,0.0,59.5,,one-attack-out,RF,,,fgm
uncertainty_mean,0.007935637413495034,20.0,,one-attack-out,RF,,,fgm
uncertainty_q0,0.0064732097478474296,28.0,,one-attack-out,RF,,,fgm
uncertainty_q25,0.005596735744254674,30.0,,one-attack-out,RF,,,fgm
uncertainty_q50,0.007834722149414802,21.0,,one-attack-out,RF,,,fgm
uncertainty_q75,0.008693219023327717,18.0,,one-attack-out,RF,,,fgm
uncertainty_q1,0.008631050277205265,19.0,,one-attack-out,RF,,,fgm
uncertainty_minmax,0.007251467489432685,25.0,,one-attack-out,RF,,,fgm
target_approx_consistency_in_neighborhood_mean,0.01593510763736753,13.0,,one-attack-out,RF,,,fgm
target_approx_consistency_in_neighborhood_q0,0.0031379310344827587,34.0,,one-attack-out,RF,,,fgm
target_approx_consistency_in_neighborhood_q25,0.008721639267117854,17.0,,one-attack-out,RF,,,fgm
target_approx_consistency_in_neighborhood_q50,0.007304117647058825,24.0,,one-attack-out,RF,,,fgm
target_approx_consistency_in_neighborhood_q75,0.007305575202829209,23.0,,one-attack-out,RF,,,fgm
target_approx_consistency_in_neighborhood_q1,0.0,59.5,,one-attack-out,RF,,,fgm
target_approx_consistency_in_neighborhood_minmax,0.0016250000000000001,38.0,,one-attack-out,RF,,,fgm
pred_targets_consistency_in_neighborhood_mean,0.04041223490098437,7.0,,one-attack-out,RF,,,fgm
pred_targets_consistency_in_neighborhood_q0,0.005189123225785468,31.0,,one-attack-out,RF,,,fgm
pred_targets_consistency_in_neighborhood_q25,0.0348698936262348,8.0,,one-attack-out,RF,,,fgm
pred_targets_consistency_in_neighborhood_q50,0.028640352399676296,10.0,,one-attack-out,RF,,,fgm
pred_targets_consistency_in_neighborhood_q75,0.018326030091190274,12.0,,one-attack-out,RF,,,fgm
pred_targets_consistency_in_neighborhood_q1,0.0010714285714285717,40.0,,one-attack-out,RF,,,fgm
pred_targets_consistency_in_neighborhood_minmax,0.0024702887230727217,37.0,,one-attack-out,RF,,,fgm
target_targets_consistency_in_neighborhood_mean,0.0031884816150033533,33.0,,one-attack-out,RF,,,fgm
target_targets_consistency_in_neighborhood_q0,0.014704508648786762,14.0,,one-attack-out,RF,,,fgm
target_targets_consistency_in_neighborhood_q25,0.011125661838161837,16.0,,one-attack-out,RF,,,fgm
target_targets_consistency_in_neighborhood_q50,0.007619323685691972,22.0,,one-attack-out,RF,,,fgm
target_targets_consistency_in_neighborhood_q75,0.0,59.5,,one-attack-out,RF,,,fgm
target_targets_consistency_in_neighborhood_q1,0.0,59.5,,one-attack-out,RF,,,fgm
target_targets_consistency_in_neighborhood_minmax,0.03425894700646417,9.0,,one-attack-out,RF,,,fgm
targets_and_approxs_consistency_in_neighborhood_mean,0.0012256410256410255,39.0,,one-attack-out,RF,,,fgm
targets_and_approxs_consistency_in_neighborhood_q0,0.00013186813186813202,53.0,,one-attack-out,RF,,,fgm
targets_and_approxs_consistency_in_neighborhood_q25,0.0008747246111376546,42.0,,one-attack-out,RF,,,fgm
targets_and_approxs_consistency_in_neighborhood_q50,0.0009462791650968992,41.0,,one-attack-out,RF,,,fgm
targets_and_approxs_consistency_in_neighborhood_q75,0.0006164529914529912,48.0,,one-attack-out,RF,,,fgm
targets_and_approxs_consistency_in_neighborhood_q1,0.0,59.5,,one-attack-out,RF,,,fgm
targets_and_approxs_consistency_in_neighborhood_minmax,0.0007287147634973723,45.0,,one-attack-out,RF,,,fgm
target_diversity_in_neighborhood_mean,0.00047091412742382254,50.0,,one-attack-out,RF,,,fgm
target_diversity_in_neighborhood_q0,0.0,59.5,,one-attack-out,RF,,,fgm
target_diversity_in_neighborhood_q25,0.0004615384615384615,51.0,,one-attack-out,RF,,,fgm
target_diversity_in_neighborhood_q50,0.0006737040133779263,47.0,,one-attack-out,RF,,,fgm
target_diversity_in_neighborhood_q75,0.0029007079876645085,35.0,,one-attack-out,RF,,,fgm
target_diversity_in_neighborhood_q1,0.00042809364548494956,52.0,,one-attack-out,RF,,,fgm
target_diversity_in_neighborhood_minmax,0.0006020066889632105,49.0,,one-attack-out,RF,,,fgm
approx_diversity_in_neighborhood_mean,0.006873226672683194,26.0,,one-attack-out,RF,,,fgm
approx_diversity_in_neighborhood_q0,0.0,59.5,,one-attack-out,RF,,,fgm
approx_diversity_in_neighborhood_q25,0.0,59.5,,one-attack-out,RF,,,fgm
approx_diversity_in_neighborhood_q50,0.0025119047619047625,36.0,,one-attack-out,RF,,,fgm
approx_diversity_in_neighborhood_q75,0.005165567041653999,32.0,,one-attack-out,RF,,,fgm
approx_diversity_in_neighborhood_q1,0.0007190809190809191,46.0,,one-attack-out,RF,,,fgm
approx_diversity_in_neighborhood_minmax,0.0007762145262145263,44.0,,one-attack-out,RF,,,fgm
bacc_test_mean,0.11270492904098742,3.0,,one-attack-out,RF,,,fgm
bacc_test_q0,0.10273745085990466,4.0,,one-attack-out,RF,,,fgm
bacc_test_q25,0.09509254185051598,5.0,,one-attack-out,RF,,,fgm
bacc_test_q50,0.08660828407785853,6.0,,one-attack-out,RF,,,fgm
bacc_test_q75,0.12209700728003303,1.0,,one-attack-out,RF,,,fgm
bacc_test_q1,0.11289535700162298,2.0,,one-attack-out,RF,,,fgm
bacc_test_minmax,0.0,59.5,,one-attack-out,RF,,,fgm
n_test,0.0,54.0,,one-attack-out,RF,,,hsj
n_classes,0.0,54.0,,one-attack-out,RF,,,hsj
neighborhood_size_mean,0.04027569204447752,10.0,,one-attack-out,RF,,,hsj
neighborhood_size_q0,0.0,54.0,,one-attack-out,RF,,,hsj
neighborhood_size_q25,0.03502976237012615,11.0,,one-attack-out,RF,,,hsj
neighborhood_size_q50,0.0855920193684361,5.0,,one-attack-out,RF,,,hsj
neighborhood_size_q75,0.003472165089812149,28.0,,one-attack-out,RF,,,hsj
neighborhood_size_q1,0.0,54.0,,one-attack-out,RF,,,hsj
neighborhood_size_minmax,0.0,54.0,,one-attack-out,RF,,,hsj
uncertainty_mean,0.0011764705882352942,37.0,,one-attack-out,RF,,,hsj
uncertainty_q0,0.0032559980513944707,30.0,,one-attack-out,RF,,,hsj
uncertainty_q25,0.004375655594405595,25.0,,one-attack-out,RF,,,hsj
uncertainty_q50,0.00034722222222222224,41.0,,one-attack-out,RF,,,hsj
uncertainty_q75,0.001141025641025641,38.0,,one-attack-out,RF,,,hsj
uncertainty_q1,0.0010146103896103895,40.0,,one-attack-out,RF,,,hsj
uncertainty_minmax,0.0,54.0,,one-attack-out,RF,,,hsj
target_approx_consistency_in_neighborhood_mean,0.002668275996449371,33.0,,one-attack-out,RF,,,hsj
target_approx_consistency_in_neighborhood_q0,0.004007711038961038,26.0,,one-attack-out,RF,,,hsj
target_approx_consistency_in_neighborhood_q25,0.00400665124349335,27.0,,one-attack-out,RF,,,hsj
target_approx_consistency_in_neighborhood_q50,0.009249646187146188,18.0,,one-attack-out,RF,,,hsj
target_approx_consistency_in_neighborhood_q75,0.010899122807017542,17.0,,one-attack-out,RF,,,hsj
target_approx_consistency_in_neighborhood_q1,0.0,54.0,,one-attack-out,RF,,,hsj
target_approx_consistency_in_neighborhood_minmax,0.00225,35.0,,one-attack-out,RF,,,hsj
pred_targets_consistency_in_neighborhood_mean,0.02985677227107126,12.0,,one-attack-out,RF,,,hsj
pred_targets_consistency_in_neighborhood_q0,0.0064628035008469815,22.0,,one-attack-out,RF,,,hsj
pred_targets_consistency_in_neighborhood_q25,0.015113566988566989,15.0,,one-attack-out,RF,,,hsj
pred_targets_consistency_in_neighborhood_q50,0.016519351971557853,14.0,,one-attack-out,RF,,,hsj
pred_targets_consistency_in_neighborhood_q75,0.006740748931151408,21.0,,one-attack-out,RF,,,hsj
pred_targets_consistency_in_neighborhood_q1,0.0,54.0,,one-attack-out,RF,,,hsj
pred_targets_consistency_in_neighborhood_minmax,0.006333250988142294,23.0,,one-attack-out,RF,,,hsj
target_targets_consistency_in_neighborhood_mean,0.0143703437515357,16.0,,one-attack-out,RF,,,hsj
target_targets_consistency_in_neighborhood_q0,0.05895390419693825,8.0,,one-attack-out,RF,,,hsj
target_targets_consistency_in_neighborhood_q25,0.020220162104837028,13.0,,one-attack-out,RF,,,hsj
target_targets_consistency_in_neighborhood_q50,0.0060710181201667265,24.0,,one-attack-out,RF,,,hsj
target_targets_consistency_in_neighborhood_q75,0.0,54.0,,one-attack-out,RF,,,hsj
target_targets_consistency_in_neighborhood_q1,0.0,54.0,,one-attack-out,RF,,,hsj
target_targets_consistency_in_neighborhood_minmax,0.04441865667871859,9.0,,one-attack-out,RF,,,hsj
targets_and_approxs_consistency_in_neighborhood_mean,0.0027863777089783288,32.0,,one-attack-out,RF,,,hsj
targets_and_approxs_consistency_in_neighborhood_q0,0.0,54.0,,one-attack-out,RF,,,hsj
targets_and_approxs_consistency_in_neighborhood_q25,0.007878855977088692,19.0,,one-attack-out,RF,,,hsj
targets_and_approxs_consistency_in_neighborhood_q50,0.0,54.0,,one-attack-out,RF,,,hsj
targets_and_approxs_consistency_in_neighborhood_q75,0.0,54.0,,one-attack-out,RF,,,hsj
targets_and_approxs_consistency_in_neighborhood_q1,0.0,54.0,,one-attack-out,RF,,,hsj
targets_and_approxs_consistency_in_neighborhood_minmax,0.0,54.0,,one-attack-out,RF,,,hsj
target_diversity_in_neighborhood_mean,0.0034188131774448914,29.0,,one-attack-out,RF,,,hsj
target_diversity_in_neighborhood_q0,0.0,54.0,,one-attack-out,RF,,,hsj
target_diversity_in_neighborhood_q25,0.0,54.0,,one-attack-out,RF,,,hsj
target_diversity_in_neighborhood_q50,0.0010227272727272726,39.0,,one-attack-out,RF,,,hsj
target_diversity_in_neighborhood_q75,0.007335873203770673,20.0,,one-attack-out,RF,,,hsj
target_diversity_in_neighborhood_q1,0.0,54.0,,one-attack-out,RF,,,hsj
target_diversity_in_neighborhood_minmax,0.0,54.0,,one-attack-out,RF,,,hsj
approx_diversity_in_neighborhood_mean,0.0024671052631578946,34.0,,one-attack-out,RF,,,hsj
approx_diversity_in_neighborhood_q0,0.0,54.0,,one-attack-out,RF,,,hsj
approx_diversity_in_neighborhood_q25,0.0,54.0,,one-attack-out,RF,,,hsj
approx_diversity_in_neighborhood_q50,0.0012987012987012985,36.0,,one-attack-out,RF,,,hsj
approx_diversity_in_neighborhood_q75,0.0029256895065718595,31.0,,one-attack-out,RF,,,hsj
approx_diversity_in_neighborhood_q1,0.0,54.0,,one-attack-out,RF,,,hsj
approx_diversity_in_neighborhood_minmax,0.00018055555555555557,42.0,,one-attack-out,RF,,,hsj
bacc_test_mean,0.0762703828338987,6.0,,one-attack-out,RF,,,hsj
bacc_test_q0,0.1006026191300959,2.0,,one-attack-out,RF,,,hsj
bacc_test_q25,0.08713171877142464,4.0,,one-attack-out,RF,,,hsj
bacc_test_q50,0.07508545762802729,7.0,,one-attack-out,RF,,,hsj
bacc_test_q75,0.10859779091102283,1.0,,one-attack-out,RF,,,hsj
bacc_test_q1,0.08917472362518802,3.0,,one-attack-out,RF,,,hsj
bacc_test_minmax,0.0,54.0,,one-attack-out,RF,,,hsj
n_test,0.0007503558759686212,44.0,,one-attack-out,RF,,,pgd
n_classes,0.0,58.5,,one-attack-out,RF,,,pgd
neighborhood_size_mean,0.014776722113804496,14.0,,one-attack-out,RF,,,pgd
neighborhood_size_q0,0.0,58.5,,one-attack-out,RF,,,pgd
neighborhood_size_q25,0.0018736467236467236,37.0,,one-attack-out,RF,,,pgd
neighborhood_size_q50,0.018517009042320842,11.0,,one-attack-out,RF,,,pgd
neighborhood_size_q75,0.009135124493190127,18.0,,one-attack-out,RF,,,pgd
neighborhood_size_q1,0.0,58.5,,one-attack-out,RF,,,pgd
neighborhood_size_minmax,0.0,58.5,,one-attack-out,RF,,,pgd
uncertainty_mean,0.008507396554268666,19.0,,one-attack-out,RF,,,pgd
uncertainty_q0,0.007225466975633327,22.0,,one-attack-out,RF,,,pgd
uncertainty_q25,0.005954905837922142,26.0,,one-attack-out,RF,,,pgd
uncertainty_q50,0.0073130769123522735,21.0,,one-attack-out,RF,,,pgd
uncertainty_q75,0.010597085550720687,16.0,,one-attack-out,RF,,,pgd
uncertainty_q1,0.006760083895778469,24.0,,one-attack-out,RF,,,pgd
uncertainty_minmax,0.009398815359702353,17.0,,one-attack-out,RF,,,pgd
target_approx_consistency_in_neighborhood_mean,0.015536640020134676,12.0,,one-attack-out,RF,,,pgd
target_approx_consistency_in_neighborhood_q0,0.0,58.5,,one-attack-out,RF,,,pgd
target_approx_consistency_in_neighborhood_q25,0.004251191705779303,32.0,,one-attack-out,RF,,,pgd
target_approx_consistency_in_neighborhood_q50,0.006465417305806322,25.0,,one-attack-out,RF,,,pgd
target_approx_consistency_in_neighborhood_q75,0.004018600325505698,33.0,,one-attack-out,RF,,,pgd
target_approx_consistency_in_neighborhood_q1,0.0,58.5,,one-attack-out,RF,,,pgd
target_approx_consistency_in_neighborhood_minmax,0.0017692307692307701,38.0,,one-attack-out,RF,,,pgd
pred_targets_consistency_in_neighborhood_mean,0.03922860999507738,9.0,,one-attack-out,RF,,,pgd
pred_targets_consistency_in_neighborhood_q0,0.004747107899223762,27.0,,one-attack-out,RF,,,pgd
pred_targets_consistency_in_neighborhood_q25,0.04235101042202739,7.0,,one-attack-out,RF,,,pgd
pred_targets_consistency_in_neighborhood_q50,0.031877026837119446,10.0,,one-attack-out,RF,,,pgd
pred_targets_consistency_in_neighborhood_q75,0.014826425592148982,13.0,,one-attack-out,RF,,,pgd
pred_targets_consistency_in_neighborhood_q1,0.0011076923076923078,41.0,,one-attack-out,RF,,,pgd
pred_targets_consistency_in_neighborhood_minmax,0.004441341756361918,31.0,,one-attack-out,RF,,,pgd
target_targets_consistency_in_neighborhood_mean,0.0034448147967169706,34.0,,one-attack-out,RF,,,pgd
target_targets_consistency_in_neighborhood_q0,0.012652529312369128,15.0,,one-attack-out,RF,,,pgd
target_targets_consistency_in_neighborhood_q25,0.0074863895753369426,20.0,,one-attack-out,RF,,,pgd
target_targets_consistency_in_neighborhood_q50,0.0044676596886741825,30.0,,one-attack-out,RF,,,pgd
target_targets_consistency_in_neighborhood_q75,0.0069031954887218035,23.0,,one-attack-out,RF,,,pgd
target_targets_consistency_in_neighborhood_q1,0.0,58.5,,one-attack-out,RF,,,pgd
target_targets_consistency_in_neighborhood_minmax,0.04044049328117361,8.0,,one-attack-out,RF,,,pgd
targets_and_approxs_consistency_in_neighborhood_mean,0.0012431528582221108,40.0,,one-attack-out,RF,,,pgd
targets_and_approxs_consistency_in_neighborhood_q0,0.000582560917343526,46.0,,one-attack-out,RF,,,pgd
targets_and_approxs_consistency_in_neighborhood_q25,0.0009267718694349131,43.0,,one-attack-out,RF,,,pgd
targets_and_approxs_consistency_in_neighborhood_q50,0.00020137886804553462,50.0,,one-attack-out,RF,,,pgd
targets_and_approxs_consistency_in_neighborhood_q75,0.0005555555555555556,47.0,,one-attack-out,RF,,,pgd
targets_and_approxs_consistency_in_neighborhood_q1,0.0,58.5,,one-attack-out,RF,,,pgd
targets_and_approxs_consistency_in_neighborhood_minmax,0.00019925047778308647,51.0,,one-attack-out,RF,,,pgd
target_diversity_in_neighborhood_mean,0.0005941558441558443,45.0,,one-attack-out,RF,,,pgd
target_diversity_in_neighborhood_q0,0.0,58.5,,one-attack-out,RF,,,pgd
target_diversity_in_neighborhood_q25,0.0004938271604938272,48.0,,one-attack-out,RF,,,pgd
target_diversity_in_neighborhood_q50,0.0,58.5,,one-attack-out,RF,,,pgd
target_diversity_in_neighborhood_q75,0.002831439393939394,36.0,,one-attack-out,RF,,,pgd
target_diversity_in_neighborhood_q1,0.0016149068322981362,39.0,,one-attack-out,RF,,,pgd
target_diversity_in_neighborhood_minmax,0.0,58.5,,one-attack-out,RF,,,pgd
approx_diversity_in_neighborhood_mean,0.0031343665412292866,35.0,,one-attack-out,RF,,,pgd
approx_diversity_in_neighborhood_q0,0.0,58.5,,one-attack-out,RF,,,pgd
approx_diversity_in_neighborhood_q25,0.0,58.5,,one-attack-out,RF,,,pgd
approx_diversity_in_neighborhood_q50,0.0002857142857142857,49.0,,one-attack-out,RF,,,pgd
approx_diversity_in_neighborhood_q75,0.004711333558082784,28.0,,one-attack-out,RF,,,pgd
approx_diversity_in_neighborhood_q1,0.0009366427922587343,42.0,,one-attack-out,RF,,,pgd
approx_diversity_in_neighborhood_minmax,0.00464395060027244,29.0,,one-attack-out,RF,,,pgd
bacc_test_mean,0.10551316522352329,3.0,,one-attack-out,RF,,,pgd
bacc_test_q0,0.09980629288922929,5.0,,one-attack-out,RF,,,pgd
bacc_test_q25,0.10462146036576384,4.0,,one-attack-out,RF,,,pgd
bacc_test_q50,0.08595172275619443,6.0,,one-attack-out,RF,,,pgd
bacc_test_q75,0.11841752623244091,1.0,,one-attack-out,RF,,,pgd
bacc_test_q1,0.11590975856360954,2.0,,one-attack-out,RF,,,pgd
bacc_test_minmax,0.0,58.5,,one-attack-out,RF,,,pgd
n_test,0.0009980523129312052,41.0,,one-attack-out,RF,,,zoo
n_classes,0.0,57.0,,one-attack-out,RF,,,zoo
neighborhood_size_mean,0.010922092708728418,15.0,,one-attack-out,RF,,,zoo
neighborhood_size_q0,0.0,57.0,,one-attack-out,RF,,,zoo
neighborhood_size_q25,0.01018845285149633,17.0,,one-attack-out,RF,,,zoo
neighborhood_size_q50,0.010023167600373481,18.0,,one-attack-out,RF,,,zoo
neighborhood_size_q75,0.0008808177468464551,42.0,,one-attack-out,RF,,,zoo
neighborhood_size_q1,0.0,57.0,,one-attack-out,RF,,,zoo
neighborhood_size_minmax,0.0,57.0,,one-attack-out,RF,,,zoo
uncertainty_mean,0.0021346059126631884,38.0,,one-attack-out,RF,,,zoo
uncertainty_q0,0.003886151938590019,31.0,,one-attack-out,RF,,,zoo
uncertainty_q25,0.004909408939014201,29.0,,one-attack-out,RF,,,zoo
uncertainty_q50,0.006363735429956068,25.0,,one-attack-out,RF,,,zoo
uncertainty_q75,0.005568721522572142,28.0,,one-attack-out,RF,,,zoo
uncertainty_q1,0.00738935654773503,24.0,,one-attack-out,RF,,,zoo
uncertainty_minmax,0.011004145492542496,14.0,,one-attack-out,RF,,,zoo
target_approx_consistency_in_neighborhood_mean,0.015145834872465902,12.0,,one-attack-out,RF,,,zoo
target_approx_consistency_in_neighborhood_q0,0.0030007541478129706,34.0,,one-attack-out,RF,,,zoo
target_approx_consistency_in_neighborhood_q25,0.0059634119373516495,27.0,,one-attack-out,RF,,,zoo
target_approx_consistency_in_neighborhood_q50,0.00625187969924812,26.0,,one-attack-out,RF,,,zoo
target_approx_consistency_in_neighborhood_q75,0.00824912781838344,22.0,,one-attack-out,RF,,,zoo
target_approx_consistency_in_neighborhood_q1,0.0,57.0,,one-attack-out,RF,,,zoo
target_approx_consistency_in_neighborhood_minmax,0.0,57.0,,one-attack-out,RF,,,zoo
pred_targets_consistency_in_neighborhood_mean,0.03649170839162107,7.0,,one-attack-out,RF,,,zoo
pred_targets_consistency_in_neighborhood_q0,0.00251907029553121,36.0,,one-attack-out,RF,,,zoo
pred_targets_consistency_in_neighborhood_q25,0.0342165376841003,9.0,,one-attack-out,RF,,,zoo
pred_targets_consistency_in_neighborhood_q50,0.035445694156849346,8.0,,one-attack-out,RF,,,zoo
pred_targets_consistency_in_neighborhood_q75,0.009724587203302373,20.0,,one-attack-out,RF,,,zoo
pred_targets_consistency_in_neighborhood_q1,0.001550056318228873,39.0,,one-attack-out,RF,,,zoo
pred_targets_consistency_in_neighborhood_minmax,0.0005382012254662633,44.0,,one-attack-out,RF,,,zoo
target_targets_consistency_in_neighborhood_mean,0.012597320310108932,13.0,,one-attack-out,RF,,,zoo
target_targets_consistency_in_neighborhood_q0,0.026639871463619614,11.0,,one-attack-out,RF,,,zoo
target_targets_consistency_in_neighborhood_q25,0.01057577838827839,16.0,,one-attack-out,RF,,,zoo
target_targets_consistency_in_neighborhood_q50,0.00786160395332222,23.0,,one-attack-out,RF,,,zoo
target_targets_consistency_in_neighborhood_q75,0.008444708765859286,21.0,,one-attack-out,RF,,,zoo
target_targets_consistency_in_neighborhood_q1,0.0,57.0,,one-attack-out,RF,,,zoo
target_targets_consistency_in_neighborhood_minmax,0.028738674291010534,10.0,,one-attack-out,RF,,,zoo
targets_and_approxs_consistency_in_neighborhood_mean,0.0003588516746411483,45.0,,one-attack-out,RF,,,zoo
targets_and_approxs_consistency_in_neighborhood_q0,0.0,57.0,,one-attack-out,RF,,,zoo
targets_and_approxs_consistency_in_neighborhood_q25,0.0,57.0,,one-attack-out,RF,,,zoo
targets_and_approxs_consistency_in_neighborhood_q50,0.00028571428571428574,48.0,,one-attack-out,RF,,,zoo
targets_and_approxs_consistency_in_neighborhood_q75,0.0,57.0,,one-attack-out,RF,,,zoo
targets_and_approxs_consistency_in_neighborhood_q1,0.0,57.0,,one-attack-out,RF,,,zoo
targets_and_approxs_consistency_in_neighborhood_minmax,0.0,57.0,,one-attack-out,RF,,,zoo
target_diversity_in_neighborhood_mean,0.0027337271861265673,35.0,,one-attack-out,RF,,,zoo
target_diversity_in_neighborhood_q0,0.0,57.0,,one-attack-out,RF,,,zoo
target_diversity_in_neighborhood_q25,0.0,57.0,,one-attack-out,RF,,,zoo
target_diversity_in_neighborhood_q50,0.0006087662337662339,43.0,,one-attack-out,RF,,,zoo
target_diversity_in_neighborhood_q75,0.00035121741004093916,46.0,,one-attack-out,RF,,,zoo
target_diversity_in_neighborhood_q1,0.002199074074074074,37.0,,one-attack-out,RF,,,zoo
target_diversity_in_neighborhood_minmax,0.0,57.0,,one-attack-out,RF,,,zoo
approx_diversity_in_neighborhood_mean,0.00982439047987616,19.0,,one-attack-out,RF,,,zoo
approx_diversity_in_neighborhood_q0,0.0,57.0,,one-attack-out,RF,,,zoo
approx_diversity_in_neighborhood_q25,0.00033936651583710395,47.0,,one-attack-out,RF,,,zoo
approx_diversity_in_neighborhood_q50,0.0014240072979472634,40.0,,one-attack-out,RF,,,zoo
approx_diversity_in_neighborhood_q75,0.003330104349841192,32.0,,one-attack-out,RF,,,zoo
approx_diversity_in_neighborhood_q1,0.003001909153224942,33.0,,one-attack-out,RF,,,zoo
approx_diversity_in_neighborhood_minmax,0.0040237098427887905,30.0,,one-attack-out,RF,,,zoo
bacc_test_mean,0.11221628088651114,3.0,,one-attack-out,RF,,,zoo
bacc_test_q0,0.10980714012693778,4.0,,one-attack-out,RF,,,zoo
bacc_test_q25,0.09645422205503476,5.0,,one-attack-out,RF,,,zoo
bacc_test_q50,0.09350941706514625,6.0,,one-attack-out,RF,,,zoo
bacc_test_q75,0.11755367692065305,1.0,,one-attack-out,RF,,,zoo
bacc_test_q1,0.11375489451582882,2.0,,one-attack-out,RF,,,zoo
bacc_test_minmax,0.0,57.0,,one-attack-out,RF,,,zoo
